﻿FUND_ACCT,CUST_NAME,CERT_TYPE,CERT_NO,FUND_CODE,FUND_NAME,APP_MONEY,ACK_MONEY,ACK_SHARE,INVITECODE,COMPANY_INVITE,BRANCH_INVITE_NEW,REFERID,CUSTNAME_REFER,COMPANY_REFER,BRANCH_REFER_NEW,CT_REFER,CR_REFER,COMPANY_ORG,ORGNAME,SALE_COMPANY_NAME_DTL,SALE_BRANCH_NAME,SALE_CT_NAME,SALE_CR_NAME,ACCEPT_METHOD,AGENCY_NAME,ACK_DATE,SALE_COMPANY_NAME_FEE,SALE_BRANCH_NAME_FEE1,SALE_CT_NAME_FEE,SALE_CR_NAME_FEE
CL1000122143,陈国民,身份证,340404********0217,CL9012,福寿嘉年01期,"3,000.00","3,000.00","3,000.18", ,,,34011371000001,,寿险团险,安徽,合肥,团险拓展部,养老险公司,总部,寿险团险,安徽,合肥,团险拓展部,网上交易,国寿养老险,2015-06-24,寿险团险,安徽,合肥,团险拓展部
CL1000540483,王平,身份证,340721********005X,CL9012,福寿嘉年01期,"100,000.00","100,000.00","100,005.83", ,,,34011371000001,,寿险团险,安徽,合肥,团险拓展部,养老险公司,总部,寿险团险,安徽,合肥,团险拓展部,网上交易,国寿养老险,2015-06-24,寿险团险,安徽,合肥,团险拓展部
CL1000147888,黄德英,身份证,342425********0022,CL9012,福寿嘉年01期,"20,000.00","20,000.00","20,000.19", ,,,34242579000011,,寿险团险,安徽,六安,舒城,养老险公司,总部,寿险团险,安徽,六安,舒城,网上交易,国寿养老险,2015-06-24,寿险团险,安徽,六安,舒城
CL1000147888,黄德英,身份证,342425********0022,CL9012,福寿嘉年01期,"50,000.00","50,000.00","50,000.49", ,,,34242579000011,,寿险团险,安徽,六安,舒城,养老险公司,总部,寿险团险,安徽,六安,舒城,网上交易,国寿养老险,2015-06-24,寿险团险,安徽,六安,舒城
CL1000034875,张慧,身份证,341002********0028,CL9012,福寿嘉年01期,"20,000.00","20,000.00","20,000.39", ,,,34100279000003,,寿险团险,安徽,黄山,黄山市团拓部,养老险公司,总部,寿险团险,安徽,黄山,黄山市团拓部,网上交易,国寿养老险,2015-06-24,寿险团险,安徽,黄山,黄山市团拓部
CL1000249361,张静,身份证,342701********042X,CL9012,福寿嘉年01期,"50,000.00","50,000.00","50,002.92", ,,,34100279000003,,寿险团险,安徽,黄山,黄山市团拓部,养老险公司,总部,寿险团险,安徽,黄山,黄山市团拓部,网上交易,国寿养老险,2015-06-24,寿险团险,安徽,黄山,黄山市团拓部
CL1000541582,武慧,身份证,342221********0165,CL9012,福寿嘉年01期,"32,000.00","32,000.00","32,000.62", ,,,34222179002172,,寿险团险,安徽,宿州,砀山县支公司,养老险公司,总部,寿险团险,安徽,宿州,砀山县支公司,网上交易,国寿养老险,2015-06-24,寿险团险,安徽,宿州,砀山县支公司
CL1000148487,吴康琴,身份证,342425********0224,CL9012,福寿嘉年01期,"60,000.00","60,000.00","60,000.58", ,,,34242579000011,,寿险团险,安徽,六安,舒城,养老险公司,总部,寿险团险,安徽,六安,舒城,网上交易,国寿养老险,2015-06-24,寿险团险,安徽,六安,舒城
CL1000541782,齐敏,身份证,342221********0043,CL9012,福寿嘉年01期,"44,000.00","44,000.00","44,000.86", ,,,34222179002172,,寿险团险,安徽,宿州,砀山县支公司,养老险公司,总部,寿险团险,安徽,宿州,砀山县支公司,网上交易,国寿养老险,2015-06-24,寿险团险,安徽,宿州,砀山县支公司

