﻿FUND_ACCT,CUST_NAME,CERT_TYPE,CERT_NO,FUND_CODE,FUND_NAME,APP_MONEY,ACK_MONEY,ACK_SHARE,INVITECODE,COMPANY_INVITE,BRANCH_INVITE_NEW,REFERID,CUSTNAME_REFER,COMPANY_REFER,BRANCH_REFER_NEW,CT_REFER,CR_REFER,COMPANY_ORG,ORGNAME,SALE_COMPANY_NAME_DTL,SALE_BRANCH_NAME,SALE_CT_NAME,SALE_CR_NAME,ACCEPT_METHOD,AGENCY_NAME,ACK_DATE,SALE_COMPANY_NAME_FEE,SALE_BRANCH_NAME_FEE1,SALE_CT_NAME_FEE,SALE_CR_NAME_FEE
CL1000786805,高厚侠,身份证,340603********0228,CL9022,福寿嘉年10期,"150,000.00","150,000.00","150,007.29",458794,养老险公司,安徽,34060279000066,,寿险团险,安徽,淮北,团拓,养老险公司,总部,养老险公司,安徽,,,网上交易,国寿养老险,2016-01-15,寿险团险,安徽,淮北,团拓
CL1000717520,吴雪荞,身份证,340702********1046,CL9022,福寿嘉年10期,"50,000.00","50,000.00","50,002.92",458794,养老险公司,安徽,34070379001002,,寿险团险,安徽,铜陵,团拓部（城区）,养老险公司,总部,养老险公司,安徽,,,网上交易,国寿养老险,2016-01-15,寿险团险,安徽,铜陵,团拓部（城区）
CL1000717520,吴雪荞,身份证,340702********1046,CL9022,福寿嘉年10期,"30,000.00","30,000.00","30,001.75",458794,养老险公司,安徽,34070379001002,,寿险团险,安徽,铜陵,团拓部（城区）,养老险公司,总部,养老险公司,安徽,,,网上交易,国寿养老险,2016-01-15,寿险团险,安徽,铜陵,团拓部（城区）
CL1000041087,高建琴,身份证,340702********7608,CL9022,福寿嘉年10期,"200,000.00","200,000.00","200,009.72",458794,养老险公司,安徽,34070379001002,,寿险团险,安徽,铜陵,团拓部（城区）,养老险公司,总部,养老险公司,安徽,,,网上交易,国寿养老险,2016-01-15,寿险团险,安徽,铜陵,团拓部（城区）
CL1000041087,高建琴,身份证,340702********7608,CL9022,福寿嘉年10期,"200,000.00","200,000.00","200,009.72",458794,养老险公司,安徽,34070379001002,,寿险团险,安徽,铜陵,团拓部（城区）,养老险公司,总部,养老险公司,安徽,,,网上交易,国寿养老险,2016-01-15,寿险团险,安徽,铜陵,团拓部（城区）
CL1000041087,高建琴,身份证,340702********7608,CL9022,福寿嘉年10期,"200,000.00","200,000.00","200,009.72",458794,养老险公司,安徽,34070379001002,,寿险团险,安徽,铜陵,团拓部（城区）,养老险公司,总部,养老险公司,安徽,,,网上交易,国寿养老险,2016-01-15,寿险团险,安徽,铜陵,团拓部（城区）
CL1000041087,高建琴,身份证,340702********7608,CL9022,福寿嘉年10期,"200,000.00","200,000.00","200,009.72",458794,养老险公司,安徽,34070379001002,,寿险团险,安徽,铜陵,团拓部（城区）,养老险公司,总部,养老险公司,安徽,,,网上交易,国寿养老险,2016-01-15,寿险团险,安徽,铜陵,团拓部（城区）
CL1000041087,高建琴,身份证,340702********7608,CL9022,福寿嘉年10期,"200,000.00","200,000.00","200,009.72",458794,养老险公司,安徽,34070379001002,,寿险团险,安徽,铜陵,团拓部（城区）,养老险公司,总部,养老险公司,安徽,,,网上交易,国寿养老险,2016-01-15,寿险团险,安徽,铜陵,团拓部（城区）
CL1000041087,高建琴,身份证,340702********7608,CL9022,福寿嘉年10期,"200,000.00","200,000.00","200,009.72",458794,养老险公司,安徽,34070379001002,,寿险团险,安徽,铜陵,团拓部（城区）,养老险公司,总部,养老险公司,安徽,,,网上交易,国寿养老险,2016-01-15,寿险团险,安徽,铜陵,团拓部（城区）
CL1000041087,高建琴,身份证,340702********7608,CL9022,福寿嘉年10期,"100,000.00","100,000.00","100,004.86",458794,养老险公司,安徽,34070379001002,,寿险团险,安徽,铜陵,团拓部（城区）,养老险公司,总部,养老险公司,安徽,,,网上交易,国寿养老险,2016-01-15,寿险团险,安徽,铜陵,团拓部（城区）
CL1000427938,张跃庭,身份证,340223********0016,CL9022,福寿嘉年10期,"200,000.00","200,000.00","200,011.67",458794,养老险公司,安徽,YL34000005,张哲,养老险公司,安徽,,,养老险公司,总部,养老险公司,安徽,,,网上交易,国寿养老险,2016-01-15,养老险公司,安徽,,
CL1000427938,张跃庭,身份证,340223********0016,CL9022,福寿嘉年10期,"100,000.00","100,000.00","100,005.83",458794,养老险公司,安徽,YL34000005,张哲,养老险公司,安徽,,,养老险公司,总部,养老险公司,安徽,,,网上交易,国寿养老险,2016-01-15,养老险公司,安徽,,
CL1000767964,吴仲然,身份证,342721********001X,CL9022,福寿嘉年10期,"10,000.00","10,000.00","10,000.58",458794,养老险公司,安徽,34100279000003,,寿险团险,安徽,黄山,黄山市团拓部,养老险公司,总部,养老险公司,安徽,,,网上交易,国寿养老险,2016-01-15,寿险团险,安徽,黄山,黄山市团拓部
CL1000767964,吴仲然,身份证,342721********001X,CL9022,福寿嘉年10期,"30,000.00","30,000.00","30,001.75",458794,养老险公司,安徽,34100279000003,,寿险团险,安徽,黄山,黄山市团拓部,养老险公司,总部,养老险公司,安徽,,,网上交易,国寿养老险,2016-01-15,寿险团险,安徽,黄山,黄山市团拓部
CL1000787037,朱承平,身份证,342421********2047,CL9022,福寿嘉年10期,"50,000.00","50,000.00","50,002.43",458794,养老险公司,安徽,34240179000022,,寿险团险,安徽,六安,团拓,养老险公司,总部,养老险公司,安徽,,,网上交易,国寿养老险,2016-01-15,寿险团险,安徽,六安,团拓
CL1000008399,汪晓红,身份证,342524********0068,CL9022,福寿嘉年10期,"50,000.00","50,000.00","50,002.92",458794,养老险公司,安徽,34250179001007,,寿险团险,安徽,宣城,团拓,养老险公司,总部,养老险公司,安徽,,,网上交易,国寿养老险,2016-01-15,寿险团险,安徽,宣城,团拓
CL1000008399,汪晓红,身份证,342524********0068,CL9022,福寿嘉年10期,"50,000.00","50,000.00","50,002.92",458794,养老险公司,安徽,34250179001007,,寿险团险,安徽,宣城,团拓,养老险公司,总部,养老险公司,安徽,,,网上交易,国寿养老险,2016-01-15,寿险团险,安徽,宣城,团拓
CL1000008399,汪晓红,身份证,342524********0068,CL9022,福寿嘉年10期,"30,000.00","30,000.00","30,001.75",458794,养老险公司,安徽,34250179001007,,寿险团险,安徽,宣城,团拓,养老险公司,总部,养老险公司,安徽,,,网上交易,国寿养老险,2016-01-15,寿险团险,安徽,宣城,团拓
CL1000008399,汪晓红,身份证,342524********0068,CL9022,福寿嘉年10期,"50,000.00","50,000.00","50,002.92",458794,养老险公司,安徽,34250179001007,,寿险团险,安徽,宣城,团拓,养老险公司,总部,养老险公司,安徽,,,网上交易,国寿养老险,2016-01-15,寿险团险,安徽,宣城,团拓
CL1000094073,华甜,身份证,341002********1023,CL9022,福寿嘉年10期,"50,000.00","50,000.00","50,002.92",458794,养老险公司,安徽,34100279000003,,寿险团险,安徽,黄山,黄山市团拓部,养老险公司,总部,养老险公司,安徽,,,网上交易,国寿养老险,2016-01-15,寿险团险,安徽,黄山,黄山市团拓部
CL1000094073,华甜,身份证,341002********1023,CL9022,福寿嘉年10期,"50,000.00","50,000.00","50,002.92",458794,养老险公司,安徽,34100279000003,,寿险团险,安徽,黄山,黄山市团拓部,养老险公司,总部,养老险公司,安徽,,,网上交易,国寿养老险,2016-01-15,寿险团险,安徽,黄山,黄山市团拓部
CL1000094073,华甜,身份证,341002********1023,CL9022,福寿嘉年10期,"50,000.00","50,000.00","50,002.92",458794,养老险公司,安徽,34100279000003,,寿险团险,安徽,黄山,黄山市团拓部,养老险公司,总部,养老险公司,安徽,,,网上交易,国寿养老险,2016-01-15,寿险团险,安徽,黄山,黄山市团拓部
CL1000767064,叶红梅,身份证,342401********2264,CL9022,福寿嘉年10期,"90,000.00","90,000.00","90,005.25",458794,养老险公司,安徽,34240179000022,,寿险团险,安徽,六安,团拓,养老险公司,总部,养老险公司,安徽,,,网上交易,国寿养老险,2016-01-15,寿险团险,安徽,六安,团拓
CL1000757499,陈龙,身份证,342425********0814,CL9022,福寿嘉年10期,"35,000.00","35,000.00","35,001.70",458794,养老险公司,安徽,34011379000004,,寿险团险,安徽,合肥,团险拓展部,养老险公司,总部,养老险公司,安徽,,,网上交易,国寿养老险,2016-01-15,寿险团险,安徽,合肥,团险拓展部
CL1000779815,刘运琴,身份证,342401********1683,CL9022,福寿嘉年10期,"20,000.00","20,000.00","20,001.17",458794,养老险公司,安徽,34240179000022,,寿险团险,安徽,六安,团拓,养老险公司,总部,养老险公司,安徽,,,网上交易,国寿养老险,2016-01-15,寿险团险,安徽,六安,团拓
CL1000768129,龙宏霞,身份证,342422********0362,CL9022,福寿嘉年10期,"190,000.00","190,000.00","190,011.08",458794,养老险公司,安徽,34242279000011,,寿险团险,安徽,,,养老险公司,总部,养老险公司,安徽,,,网上交易,国寿养老险,2016-01-15,寿险团险,安徽,,
CL1000045527,陈朝阳,身份证,340104********1516,CL9022,福寿嘉年10期,"35,000.00","35,000.00","35,002.04",458794,养老险公司,安徽,YL34000005,张哲,养老险公司,安徽,,,养老险公司,总部,养老险公司,安徽,,,网上交易,国寿养老险,2016-01-15,养老险公司,安徽,,
CL1000045527,陈朝阳,身份证,340104********1516,CL9022,福寿嘉年10期,"50,000.00","50,000.00","50,002.92",458794,养老险公司,安徽,YL34000005,张哲,养老险公司,安徽,,,养老险公司,总部,养老险公司,安徽,,,网上交易,国寿养老险,2016-01-15,养老险公司,安徽,,
CL1000045527,陈朝阳,身份证,340104********1516,CL9022,福寿嘉年10期,"50,000.00","50,000.00","50,002.92",458794,养老险公司,安徽,YL34000005,张哲,养老险公司,安徽,,,养老险公司,总部,养老险公司,安徽,,,网上交易,国寿养老险,2016-01-15,养老险公司,安徽,,
CL1000766665,冯浩,身份证,342401********5674,CL9022,福寿嘉年10期,"100,000.00","100,000.00","100,005.83",458794,养老险公司,安徽,34240179000022,,寿险团险,安徽,六安,团拓,养老险公司,总部,养老险公司,安徽,,,网上交易,国寿养老险,2016-01-15,寿险团险,安徽,六安,团拓
CL1000582605,陈晓霞,身份证,341024********6525,CL9022,福寿嘉年10期,"30,000.00","30,000.00","30,001.75",458794,养老险公司,安徽,34100279000003,,寿险团险,安徽,黄山,黄山市团拓部,养老险公司,总部,养老险公司,安徽,,,网上交易,国寿养老险,2016-01-15,寿险团险,安徽,黄山,黄山市团拓部
CL1000780867,王鹏,其他,342221********0036,CL9022,福寿嘉年10期,"100,000.00","100,000.00","100,005.83",458794,养老险公司,安徽,34011379000004,,寿险团险,安徽,合肥,团险拓展部,养老险公司,总部,养老险公司,安徽,,,网上交易,国寿养老险,2016-01-15,寿险团险,安徽,合肥,团险拓展部
CL1000777728,李霞,身份证,342622********0621,CL9022,福寿嘉年10期,"50,000.00","50,000.00","50,002.92",458794,养老险公司,安徽,34262279000122,,寿险团险,安徽,,,养老险公司,总部,养老险公司,安徽,,,网上交易,国寿养老险,2016-01-15,寿险团险,安徽,,
CL1000777728,李霞,身份证,342622********0621,CL9022,福寿嘉年10期,"50,000.00","50,000.00","50,002.92",458794,养老险公司,安徽,34262279000122,,寿险团险,安徽,,,养老险公司,总部,养老险公司,安徽,,,网上交易,国寿养老险,2016-01-15,寿险团险,安徽,,
CL1000427194,聂宗华,身份证,340111********1562,CL9022,福寿嘉年10期,"200,000.00","200,000.00","200,011.67",458794,养老险公司,安徽,YL34000008,李娟娟,养老险公司,安徽,,,养老险公司,总部,养老险公司,安徽,,,网上交易,国寿养老险,2016-01-15,养老险公司,安徽,,
CL1000783508,殷康海,身份证,342423********0114,CL9022,福寿嘉年10期,"200,000.00","200,000.00","200,011.67",458794,养老险公司,安徽,34240179000022,,寿险团险,安徽,六安,团拓,养老险公司,总部,养老险公司,安徽,,,网上交易,国寿养老险,2016-01-15,寿险团险,安徽,六安,团拓
CL1000091943,刘新侠,身份证,342223********1346,CL9022,福寿嘉年10期,"100,000.00","100,000.00","100,005.83",458794,养老险公司,安徽,34011371000001,,寿险团险,安徽,合肥,团险拓展部,养老险公司,总部,养老险公司,安徽,,,网上交易,国寿养老险,2016-01-15,寿险团险,安徽,合肥,团险拓展部
CL1000091943,刘新侠,身份证,342223********1346,CL9022,福寿嘉年10期,"50,000.00","50,000.00","50,002.92",458794,养老险公司,安徽,34011371000001,,寿险团险,安徽,合肥,团险拓展部,养老险公司,总部,养老险公司,安徽,,,网上交易,国寿养老险,2016-01-15,寿险团险,安徽,合肥,团险拓展部
CL1000149586,张伟,身份证,342422********0161,CL9022,福寿嘉年10期,"200,000.00","200,000.00","200,011.67",458794,养老险公司,安徽,34242279000006,,寿险团险,安徽,,,养老险公司,总部,养老险公司,安徽,,,网上交易,国寿养老险,2016-01-15,寿险团险,安徽,,
CL1000149586,张伟,身份证,342422********0161,CL9022,福寿嘉年10期,"140,000.00","140,000.00","140,008.17",458794,养老险公司,安徽,34242279000006,,寿险团险,安徽,,,养老险公司,总部,养老险公司,安徽,,,网上交易,国寿养老险,2016-01-15,寿险团险,安徽,,
CL1000191440,孟华伟,身份证,342201********0014,CL9022,福寿嘉年10期,"30,000.00","30,000.00","30,001.46",458794,养老险公司,安徽,34222279000006,,寿险团险,安徽,宿州,萧县支公司,养老险公司,总部,养老险公司,安徽,,,网上交易,国寿养老险,2016-01-15,寿险团险,安徽,宿州,萧县支公司
CL1000705179,檀望德,身份证,342921********441X,CL9022,福寿嘉年10期,"10,000.00","10,000.00","10,000.58",458794,养老险公司,安徽,34080179000010,,寿险团险,安徽,安庆,城区团拓部,养老险公司,总部,养老险公司,安徽,,,网上交易,国寿养老险,2016-01-15,寿险团险,安徽,安庆,城区团拓部
CL1000191440,孟华伟,身份证,342201********0014,CL9022,福寿嘉年10期,"50,000.00","50,000.00","50,002.43",458794,养老险公司,安徽,34222279000006,,寿险团险,安徽,宿州,萧县支公司,养老险公司,总部,养老险公司,安徽,,,网上交易,国寿养老险,2016-01-15,寿险团险,安徽,宿州,萧县支公司
CL1000147355,张素梅,身份证,342426********0025,CL9022,福寿嘉年10期,"20,000.00","20,000.00","20,000.97",458794,养老险公司,安徽,34242679000024,,寿险团险,安徽,六安,金寨,养老险公司,总部,养老险公司,安徽,,,网上交易,国寿养老险,2016-01-15,寿险团险,安徽,六安,金寨
CL1000147355,张素梅,身份证,342426********0025,CL9022,福寿嘉年10期,"50,000.00","50,000.00","50,002.43",458794,养老险公司,安徽,34242679000024,,寿险团险,安徽,六安,金寨,养老险公司,总部,养老险公司,安徽,,,网上交易,国寿养老险,2016-01-15,寿险团险,安徽,六安,金寨
CL1000709375,黄文艳,身份证,340803********2149,CL9022,福寿嘉年10期,"50,000.00","50,000.00","50,002.92",458794,养老险公司,安徽, ,,,,,,养老险公司,总部,养老险公司,安徽,,,网上交易,国寿养老险,2016-01-15,养老险公司,安徽,,
CL1000100649,汪金秀,身份证,340803********2342,CL9022,福寿嘉年10期,"10,000.00","10,000.00","10,000.58",458794,养老险公司,安徽,34080179000010,,寿险团险,安徽,安庆,城区团拓部,养老险公司,总部,养老险公司,安徽,,,网上交易,国寿养老险,2016-01-15,寿险团险,安徽,安庆,城区团拓部
CL1000032166,盛红艳,身份证,342726********0061,CL9022,福寿嘉年10期,"200,000.00","200,000.00","200,011.67",458794,养老险公司,安徽,34100279000003,,寿险团险,安徽,黄山,黄山市团拓部,养老险公司,总部,养老险公司,安徽,,,网上交易,国寿养老险,2016-01-15,寿险团险,安徽,黄山,黄山市团拓部
CL1000040688,方宏玲,身份证,340703********4525,CL9022,福寿嘉年10期,"50,000.00","50,000.00","50,002.43",458794,养老险公司,安徽,340703197309094525, ,财险公司,安徽,,,养老险公司,总部,养老险公司,安徽,,,网上交易,国寿养老险,2016-01-15,财险公司,安徽,,
CL1000040688,方宏玲,身份证,340703********4525,CL9022,福寿嘉年10期,"50,000.00","50,000.00","50,002.43",458794,养老险公司,安徽,34070379001002,,寿险团险,安徽,铜陵,团拓部（城区）,养老险公司,总部,养老险公司,安徽,,,网上交易,国寿养老险,2016-01-15,寿险团险,安徽,铜陵,团拓部（城区）
CL1000040688,方宏玲,身份证,340703********4525,CL9022,福寿嘉年10期,"50,000.00","50,000.00","50,002.43",458794,养老险公司,安徽,34070379001002,,寿险团险,安徽,铜陵,团拓部（城区）,养老险公司,总部,养老险公司,安徽,,,网上交易,国寿养老险,2016-01-15,寿险团险,安徽,铜陵,团拓部（城区）
CL1000040688,方宏玲,身份证,340703********4525,CL9022,福寿嘉年10期,"50,000.00","50,000.00","50,002.43",458794,养老险公司,安徽,34070379001002,,寿险团险,安徽,铜陵,团拓部（城区）,养老险公司,总部,养老险公司,安徽,,,网上交易,国寿养老险,2016-01-15,寿险团险,安徽,铜陵,团拓部（城区）
CL1000040688,方宏玲,身份证,340703********4525,CL9022,福寿嘉年10期,"50,000.00","50,000.00","50,002.43",458794,养老险公司,安徽,34070379001002,,寿险团险,安徽,铜陵,团拓部（城区）,养老险公司,总部,养老险公司,安徽,,,网上交易,国寿养老险,2016-01-15,寿险团险,安徽,铜陵,团拓部（城区）
CL1000040688,方宏玲,身份证,340703********4525,CL9022,福寿嘉年10期,"50,000.00","50,000.00","50,002.43",458794,养老险公司,安徽,34070379001002,,寿险团险,安徽,铜陵,团拓部（城区）,养老险公司,总部,养老险公司,安徽,,,网上交易,国寿养老险,2016-01-15,寿险团险,安徽,铜陵,团拓部（城区）
CL1000040688,方宏玲,身份证,340703********4525,CL9022,福寿嘉年10期,"50,000.00","50,000.00","50,002.43",458794,养老险公司,安徽,34070379001002,,寿险团险,安徽,铜陵,团拓部（城区）,养老险公司,总部,养老险公司,安徽,,,网上交易,国寿养老险,2016-01-15,寿险团险,安徽,铜陵,团拓部（城区）
CL1000040688,方宏玲,身份证,340703********4525,CL9022,福寿嘉年10期,"50,000.00","50,000.00","50,002.43",458794,养老险公司,安徽,34070379001002,,寿险团险,安徽,铜陵,团拓部（城区）,养老险公司,总部,养老险公司,安徽,,,网上交易,国寿养老险,2016-01-15,寿险团险,安徽,铜陵,团拓部（城区）
CL1000040688,方宏玲,身份证,340703********4525,CL9022,福寿嘉年10期,"50,000.00","50,000.00","50,002.43",458794,养老险公司,安徽,34070379001002,,寿险团险,安徽,铜陵,团拓部（城区）,养老险公司,总部,养老险公司,安徽,,,网上交易,国寿养老险,2016-01-15,寿险团险,安徽,铜陵,团拓部（城区）
CL1000046704,陈朝军,身份证,340223********0020,CL9022,福寿嘉年10期,"10,000.00","10,000.00","10,000.58",458794,养老险公司,安徽,yl34000005,张哲,养老险公司,安徽,,,,,养老险公司,安徽,,,APP,国寿养老险,2016-01-15,养老险公司,安徽,,
CL1000046704,陈朝军,身份证,340223********0020,CL9022,福寿嘉年10期,"10,000.00","10,000.00","10,000.58",458794,养老险公司,安徽,yl34000005,张哲,养老险公司,安徽,,,,,养老险公司,安徽,,,APP,国寿养老险,2016-01-15,养老险公司,安徽,,
CL1000759508,陈宏芳,身份证,340802********0049,CL9022,福寿嘉年10期,"50,000.00","50,000.00","50,002.92",458794,养老险公司,安徽,34080179000010,,寿险团险,安徽,安庆,城区团拓部,养老险公司,总部,养老险公司,安徽,,,网上交易,国寿养老险,2016-01-15,寿险团险,安徽,安庆,城区团拓部
CL1000149142,曹丽,身份证,342422********014X,CL9022,福寿嘉年10期,"60,000.00","60,000.00","60,003.50",458794,养老险公司,安徽,34242279000008,,寿险团险,安徽,,,养老险公司,总部,养老险公司,安徽,,,网上交易,国寿养老险,2016-01-15,寿险团险,安徽,,
CL1000723911,闫桂芝,身份证,342222********0122,CL9022,福寿嘉年10期,"50,000.00","50,000.00","50,002.92",458794,养老险公司,安徽,34222279000006,,寿险团险,安徽,宿州,萧县支公司,养老险公司,总部,养老险公司,安徽,,,网上交易,国寿养老险,2016-01-15,寿险团险,安徽,宿州,萧县支公司
CL1000779437,陈建新,身份证,340224********0019,CL9022,福寿嘉年10期,"50,000.00","50,000.00","50,002.92",458794,养老险公司,安徽,34292313408621,,寿险团险,安徽,池州,青阳支公司,养老险公司,总部,养老险公司,安徽,,,网上交易,国寿养老险,2016-01-15,寿险团险,安徽,池州,青阳支公司
CL1000766109,陆敏,身份证,342421********2766,CL9022,福寿嘉年10期,"70,000.00","70,000.00","70,004.08",458794,养老险公司,安徽,34240179000022,,寿险团险,安徽,六安,团拓,养老险公司,总部,养老险公司,安徽,,,网上交易,国寿养老险,2016-01-15,寿险团险,安徽,六安,团拓
CL1000766398,王燕,身份证,342422********4585,CL9022,福寿嘉年10期,"20,000.00","20,000.00","20,001.17",458794,养老险公司,安徽,34242279000011,,寿险团险,安徽,,,养老险公司,总部,养老险公司,安徽,,,网上交易,国寿养老险,2016-01-15,寿险团险,安徽,,
CL1000148809,舒服,身份证,342426********0031,CL9022,福寿嘉年10期,"50,000.00","50,000.00","50,002.43",458794,养老险公司,安徽,34242679000024,,寿险团险,安徽,六安,金寨,养老险公司,总部,养老险公司,安徽,,,网上交易,国寿养老险,2016-01-15,寿险团险,安徽,六安,金寨
CL1000784818,李阳,身份证,340204********032X,CL9022,福寿嘉年10期,"330,000.00","330,000.00","330,019.25",458794,养老险公司,安徽,34020179000008,,寿险团险,安徽,芜湖,团拓,养老险公司,总部,养老险公司,安徽,,,网上交易,国寿养老险,2016-01-15,寿险团险,安徽,芜湖,团拓
CL1000775131,吴素琴,身份证,342701********0022,CL9022,福寿嘉年10期,"50,000.00","50,000.00","50,002.92",458794,养老险公司,安徽,34100279000003,,寿险团险,安徽,黄山,黄山市团拓部,养老险公司,总部,养老险公司,安徽,,,网上交易,国寿养老险,2016-01-15,寿险团险,安徽,黄山,黄山市团拓部
CL1000147888,黄德英,身份证,342425********0022,CL9022,福寿嘉年10期,"50,000.00","50,000.00","50,002.92",458794,养老险公司,安徽,34242579000011,,寿险团险,安徽,六安,舒城,养老险公司,总部,养老险公司,安徽,,,网上交易,国寿养老险,2016-01-15,寿险团险,安徽,六安,舒城
CL1000147888,黄德英,身份证,342425********0022,CL9022,福寿嘉年10期,"50,000.00","50,000.00","50,002.92",458794,养老险公司,安徽,34242579000011,,寿险团险,安徽,六安,舒城,养老险公司,总部,养老险公司,安徽,,,网上交易,国寿养老险,2016-01-15,寿险团险,安徽,六安,舒城
CL1000148532,程岚,身份证,342426********0067,CL9022,福寿嘉年10期,"50,000.00","50,000.00","50,002.43",458794,养老险公司,安徽,34242679000024,,寿险团险,安徽,六安,金寨,养老险公司,总部,养老险公司,安徽,,,网上交易,国寿养老险,2016-01-15,寿险团险,安徽,六安,金寨
CL1000766421,张蕾,身份证,340403********0825,CL9022,福寿嘉年10期,"10,000.00","10,000.00","10,000.58",458794,养老险公司,安徽,34041179000019,,寿险团险,安徽,淮南,团拓部,养老险公司,总部,养老险公司,安徽,,,网上交易,国寿养老险,2016-01-15,寿险团险,安徽,淮南,团拓部
CL1000766421,张蕾,身份证,340403********0825,CL9022,福寿嘉年10期,"30,000.00","30,000.00","30,001.75",458794,养老险公司,安徽,34041179000019,,寿险团险,安徽,淮南,团拓部,养老险公司,总部,养老险公司,安徽,,,网上交易,国寿养老险,2016-01-15,寿险团险,安徽,淮南,团拓部
CL1000016333,陈俊,身份证,440511********0723,CL9022,福寿嘉年10期,"100,000.00","100,000.00","100,005.83",458794,养老险公司,安徽,YL34000003,陈俊,养老险公司,安徽,,,养老险公司,总部,养老险公司,安徽,,,网上交易,国寿养老险,2016-01-15,养老险公司,安徽,,
CL1000700096,张晚珍,身份证,342700********0023,CL9022,福寿嘉年10期,"50,000.00","50,000.00","50,002.92",458794,养老险公司,安徽,34100279000003,,寿险团险,安徽,黄山,黄山市团拓部,养老险公司,总部,养老险公司,安徽,,,网上交易,国寿养老险,2016-01-15,寿险团险,安徽,黄山,黄山市团拓部
CL1000016333,陈俊,身份证,440511********0723,CL9022,福寿嘉年10期,"200,000.00","200,000.00","200,011.67",458794,养老险公司,安徽,YL34000003,陈俊,养老险公司,安徽,,,养老险公司,总部,养老险公司,安徽,,,网上交易,国寿养老险,2016-01-15,养老险公司,安徽,,
CL1000028695,杨竞,身份证,342426********004X,CL9022,福寿嘉年10期,"10,000.00","10,000.00","10,000.58",458794,养老险公司,安徽,yl34000002,杨竞,养老险公司,安徽,,,,,养老险公司,安徽,,,APP,国寿养老险,2016-01-15,养老险公司,安徽,,
CL1000028695,杨竞,身份证,342426********004X,CL9022,福寿嘉年10期,"10,000.00","10,000.00","10,000.58",458794,养老险公司,安徽,yl34000002,杨竞,养老险公司,安徽,,,,,养老险公司,安徽,,,APP,国寿养老险,2016-01-15,养老险公司,安徽,,
CL1000028695,杨竞,身份证,342426********004X,CL9022,福寿嘉年10期,"30,000.00","30,000.00","30,001.75",458794,养老险公司,安徽,YL34000002,杨竞,养老险公司,安徽,,,养老险公司,总部,养老险公司,安徽,,,网上交易,国寿养老险,2016-01-15,养老险公司,安徽,,
CL1000200802,张羡,身份证,340102********2546,CL9022,福寿嘉年10期,"60,000.00","60,000.00","60,003.50",458794,养老险公司,安徽,34011371000001,,寿险团险,安徽,合肥,团险拓展部,养老险公司,总部,养老险公司,安徽,,,网上交易,国寿养老险,2016-01-15,寿险团险,安徽,合肥,团险拓展部
CL1000232804,孙琴,身份证,341124********0020,CL9022,福寿嘉年10期,"10,000.00","10,000.00","10,000.49",458794,养老险公司,安徽,YL34000003,陈俊,养老险公司,安徽,,,养老险公司,总部,养老险公司,安徽,,,网上交易,国寿养老险,2016-01-15,养老险公司,安徽,,
CL1000232804,孙琴,身份证,341124********0020,CL9022,福寿嘉年10期,"30,000.00","30,000.00","30,001.75",458794,养老险公司,安徽,YL34000003,陈俊,养老险公司,安徽,,,养老险公司,总部,养老险公司,安徽,,,网上交易,国寿养老险,2016-01-15,养老险公司,安徽,,
CL1000787459,王晓雯,身份证,340104********0063,CL9022,福寿嘉年10期,"100,000.00","100,000.00","100,004.86",458794,养老险公司,安徽,34010571000104,,寿险团险,安徽,合肥,团险支公司,养老险公司,总部,养老险公司,安徽,,,网上交易,国寿养老险,2016-01-15,寿险团险,安徽,合肥,团险支公司
CL1000787459,王晓雯,身份证,340104********0063,CL9022,福寿嘉年10期,"200,000.00","200,000.00","200,009.72",458794,养老险公司,安徽,34010571000104,,寿险团险,安徽,合肥,团险支公司,养老险公司,总部,养老险公司,安徽,,,网上交易,国寿养老险,2016-01-15,寿险团险,安徽,合肥,团险支公司
CL1000790943,卜梅,身份证,342201********102X,CL9022,福寿嘉年10期,"30,000.00","30,000.00","30,001.46",458794,养老险公司,安徽,34222279000006,,寿险团险,安徽,宿州,萧县支公司,养老险公司,总部,养老险公司,安徽,,,网上交易,国寿养老险,2016-01-15,寿险团险,安徽,宿州,萧县支公司
CL1000787315,高媛,身份证,342401********0028,CL9022,福寿嘉年10期,"100,000.00","100,000.00","100,004.86",458794,养老险公司,安徽,34240179000022,,寿险团险,安徽,六安,团拓,养老险公司,总部,养老险公司,安徽,,,网上交易,国寿养老险,2016-01-15,寿险团险,安徽,六安,团拓
CL1000786049,张传霞,身份证,342401********3421,CL9022,福寿嘉年10期,"60,000.00","60,000.00","60,002.92",458794,养老险公司,安徽,34240179000022,,寿险团险,安徽,六安,团拓,养老险公司,总部,养老险公司,安徽,,,网上交易,国寿养老险,2016-01-15,寿险团险,安徽,六安,团拓
CL1000038626,刘红卫,身份证,340702********0525,CL9022,福寿嘉年10期,"50,000.00","50,000.00","50,002.43",458794,养老险公司,安徽,34070379001002,,寿险团险,安徽,铜陵,团拓部（城区）,养老险公司,总部,养老险公司,安徽,,,网上交易,国寿养老险,2016-01-15,寿险团险,安徽,铜陵,团拓部（城区）
CL1000038626,刘红卫,身份证,340702********0525,CL9022,福寿嘉年10期,"50,000.00","50,000.00","50,002.43",458794,养老险公司,安徽,34070379001002,,寿险团险,安徽,铜陵,团拓部（城区）,养老险公司,总部,养老险公司,安徽,,,网上交易,国寿养老险,2016-01-15,寿险团险,安徽,铜陵,团拓部（城区）
CL1000734830,张磊,身份证,340104********2517,CL9022,福寿嘉年10期,"15,000.00","15,000.00","15,000.88",458794,养老险公司,安徽,34240179000022,,寿险团险,安徽,六安,团拓,养老险公司,总部,养老险公司,安徽,,,网上交易,国寿养老险,2016-01-15,寿险团险,安徽,六安,团拓
CL1000786705,朱永霞,身份证,342529********0082,CL9022,福寿嘉年10期,"80,000.00","80,000.00","80,003.89",458794,养老险公司,安徽,34250179001007,,寿险团险,安徽,宣城,团拓,养老险公司,总部,养老险公司,安徽,,,网上交易,国寿养老险,2016-01-15,寿险团险,安徽,宣城,团拓
CL1000760949,李畅,身份证,342422********0142,CL9022,福寿嘉年10期,"70,000.00","70,000.00","70,004.08",458794,养老险公司,安徽,34242279000006,,寿险团险,安徽,,,养老险公司,总部,养老险公司,安徽,,,网上交易,国寿养老险,2016-01-15,寿险团险,安徽,,
CL1000169093,伍和怡,身份证,342501********054X,CL9022,福寿嘉年10期,"20,000.00","20,000.00","20,001.17",458794,养老险公司,安徽,340102196705131531, ,财险公司,安徽,,,养老险公司,总部,养老险公司,安徽,,,网上交易,国寿养老险,2016-01-15,财险公司,安徽,,
CL1000097992,陈军,身份证,342201********0810,CL9022,福寿嘉年10期,"50,000.00","50,000.00","50,002.43",458794,养老险公司,安徽,34220379000008,,寿险团险,安徽,宿州,团拓部,养老险公司,总部,养老险公司,安徽,,,网上交易,国寿养老险,2016-01-15,寿险团险,安徽,宿州,团拓部
CL1000097992,陈军,身份证,342201********0810,CL9022,福寿嘉年10期,"50,000.00","50,000.00","50,002.92",458794,养老险公司,安徽,34220379000008,,寿险团险,安徽,宿州,团拓部,养老险公司,总部,养老险公司,安徽,,,网上交易,国寿养老险,2016-01-15,寿险团险,安徽,宿州,团拓部
CL1000753526,王庆龙,身份证,342322********0095,CL9022,福寿嘉年10期,"40,000.00","40,000.00","40,001.17", ,,,34112279000011,,寿险团险,安徽,滁州,来安,养老险公司,总部,寿险团险,安徽,滁州,来安,网上交易,国寿养老险,2016-01-15,寿险团险,安徽,滁州,来安
CL1000007334,周艳,身份证,340111********1022,CL9022,福寿嘉年10期,"60,000.00","60,000.00","60,003.50",458794,养老险公司,安徽,34011371000001,,寿险团险,安徽,合肥,团险拓展部,养老险公司,总部,养老险公司,安徽,,,网上交易,国寿养老险,2016-01-15,寿险团险,安徽,合肥,团险拓展部
CL1000765100,徐昇,身份证,340403********0621,CL9022,福寿嘉年10期,"40,000.00","40,000.00","40,002.33",458794,养老险公司,安徽,34041179000016,,寿险团险,安徽,淮南,团拓部,养老险公司,总部,养老险公司,安徽,,,网上交易,国寿养老险,2016-01-15,寿险团险,安徽,淮南,团拓部
CL1000765100,徐昇,身份证,340403********0621,CL9022,福寿嘉年10期,"50,000.00","50,000.00","50,002.92",458794,养老险公司,安徽,34041179000016,,寿险团险,安徽,淮南,团拓部,养老险公司,总部,养老险公司,安徽,,,网上交易,国寿养老险,2016-01-15,寿险团险,安徽,淮南,团拓部
CL1000405545,盛炜,身份证,340103********1010,CL9022,福寿嘉年10期,"70,000.00","70,000.00","70,003.40",458794,养老险公司,安徽,34011371000001,,寿险团险,安徽,合肥,团险拓展部,养老险公司,总部,养老险公司,安徽,,,网上交易,国寿养老险,2016-01-15,寿险团险,安徽,合肥,团险拓展部
CL1000405545,盛炜,身份证,340103********1010,CL9022,福寿嘉年10期,"200,000.00","200,000.00","200,011.67",458794,养老险公司,安徽,34011371000001,,寿险团险,安徽,合肥,团险拓展部,养老险公司,总部,养老险公司,安徽,,,网上交易,国寿养老险,2016-01-15,寿险团险,安徽,合肥,团险拓展部
CL1000766432,田开芝,身份证,342401********008X,CL9022,福寿嘉年10期,"60,000.00","60,000.00","60,003.50",458794,养老险公司,安徽,34240179000022,,寿险团险,安徽,六安,团拓,养老险公司,总部,养老险公司,安徽,,,网上交易,国寿养老险,2016-01-15,寿险团险,安徽,六安,团拓
CL1000244199,沈克玲,身份证,342421********3720,CL9022,福寿嘉年10期,"200,000.00","200,000.00","200,011.67",458794,养老险公司,安徽,34240179000022,,寿险团险,安徽,六安,团拓,养老险公司,总部,养老险公司,安徽,,,网上交易,国寿养老险,2016-01-15,寿险团险,安徽,六安,团拓
CL1000410771,杨孝华,身份证,340404********0229,CL9022,福寿嘉年10期,"10,000.00","10,000.00","10,000.39", ,,,34041179000019,,寿险团险,安徽,淮南,团拓部,养老险公司,总部,寿险团险,安徽,淮南,团拓部,网上交易,国寿养老险,2016-01-15,寿险团险,安徽,淮南,团拓部
CL1000765811,刘桂子,身份证,342401********0061,CL9022,福寿嘉年10期,"50,000.00","50,000.00","50,002.92",458794,养老险公司,安徽,34240179000022,,寿险团险,安徽,六安,团拓,养老险公司,总部,养老险公司,安徽,,,网上交易,国寿养老险,2016-01-15,寿险团险,安徽,六安,团拓
CL1000090311,张晓莉,身份证,342401********0020,CL9022,福寿嘉年10期,"100,000.00","100,000.00","100,005.83",458794,养老险公司,安徽,34240179000013,,寿险团险,安徽,六安,团拓,养老险公司,总部,养老险公司,安徽,,,网上交易,国寿养老险,2016-01-15,寿险团险,安徽,六安,团拓
CL1000202999,盛丹丹,身份证,342601********0223,CL9022,福寿嘉年10期,"50,000.00","50,000.00","50,002.43",458794,养老险公司,安徽, ,,,,,,养老险公司,总部,养老险公司,安徽,,,网上交易,国寿养老险,2016-01-15,养老险公司,安徽,,
CL1000028184,胡敬青,身份证,342830********6063,CL9022,福寿嘉年10期,"30,000.00","30,000.00","30,001.75",458794,养老险公司,安徽,34100279000003,,寿险团险,安徽,黄山,黄山市团拓部,养老险公司,总部,养老险公司,安徽,,,网上交易,国寿养老险,2016-01-15,寿险团险,安徽,黄山,黄山市团拓部
CL1000786305,杨峰,身份证,342201********2930,CL9022,福寿嘉年10期,"50,000.00","50,000.00","50,002.43",458794,养老险公司,安徽, ,,,,,,养老险公司,总部,养老险公司,安徽,,,网上交易,国寿养老险,2016-01-15,养老险公司,安徽,,
CL1000011161,左亚新,身份证,342622********1096,CL9022,福寿嘉年10期,"50,000.00","50,000.00","50,002.43",458794,养老险公司,安徽,34070379001002,,寿险团险,安徽,铜陵,团拓部（城区）,养老险公司,总部,养老险公司,安徽,,,网上交易,国寿养老险,2016-01-15,寿险团险,安徽,铜陵,团拓部（城区）
CL1000637607,方勤,身份证,340103********2020,CL9022,福寿嘉年10期,"100,000.00","100,000.00","100,005.83",458794,养老险公司,安徽,YL34000009,平欣丽,养老险公司,安徽,,,养老险公司,总部,养老险公司,安徽,,,网上交易,国寿养老险,2016-01-15,养老险公司,安徽,,
CL1000760850,周文浩,身份证,342422********0192,CL9022,福寿嘉年10期,"30,000.00","30,000.00","30,001.75",458794,养老险公司,安徽,34242279000011,,寿险团险,安徽,,,养老险公司,总部,养老险公司,安徽,,,网上交易,国寿养老险,2016-01-15,寿险团险,安徽,,
CL1000767575,卢晶晶,身份证,340703********0025,CL9022,福寿嘉年10期,"30,000.00","30,000.00","30,001.75",458794,养老险公司,安徽,34070379001002,,寿险团险,安徽,铜陵,团拓部（城区）,养老险公司,总部,养老险公司,安徽,,,网上交易,国寿养老险,2016-01-15,寿险团险,安徽,铜陵,团拓部（城区）
CL1000005825,平欣丽,身份证,340302********0465,CL9022,福寿嘉年10期,"10,000.00","10,000.00","10,000.58",458794,养老险公司,安徽,YL34000009,平欣丽,养老险公司,安徽,,,,,养老险公司,安徽,,,APP,国寿养老险,2016-01-15,养老险公司,安徽,,
CL1000024355,马自丽,身份证,340702********002X,CL9022,福寿嘉年10期,"20,000.00","20,000.00","20,000.97",458794,养老险公司,安徽,34070379001002,,寿险团险,安徽,铜陵,团拓部（城区）,养老险公司,总部,养老险公司,安徽,,,网上交易,国寿养老险,2016-01-15,寿险团险,安徽,铜陵,团拓部（城区）
CL1000005825,平欣丽,身份证,340302********0465,CL9022,福寿嘉年10期,"10,000.00","10,000.00","10,000.58",458794,养老险公司,安徽,YL34000009,平欣丽,养老险公司,安徽,,,,,养老险公司,安徽,,,APP,国寿养老险,2016-01-15,养老险公司,安徽,,
CL1000268191,吴阳,身份证,342401********0328,CL9022,福寿嘉年10期,"100,000.00","100,000.00","100,005.83",458794,养老险公司,安徽,34240179000022,,寿险团险,安徽,六安,团拓,养老险公司,总部,养老险公司,安徽,,,网上交易,国寿养老险,2016-01-15,寿险团险,安徽,六安,团拓
CL1000027785,胡桂菊,身份证,342701********0023,CL9022,福寿嘉年10期,"100,000.00","100,000.00","100,005.83",458794,养老险公司,安徽,34100279000003,,寿险团险,安徽,黄山,黄山市团拓部,养老险公司,总部,养老险公司,安徽,,,网上交易,国寿养老险,2016-01-15,寿险团险,安徽,黄山,黄山市团拓部
CL1000686975,邬再琴,身份证,340404********0224,CL9022,福寿嘉年10期,"20,000.00","20,000.00","20,000.78", ,,,34011379000004,,寿险团险,安徽,合肥,团险拓展部,养老险公司,总部,寿险团险,安徽,合肥,团险拓展部,网上交易,国寿养老险,2016-01-15,寿险团险,安徽,合肥,团险拓展部
CL1000767531,李欢,身份证,340702********0521,CL9022,福寿嘉年10期,"70,000.00","70,000.00","70,004.08",458794,养老险公司,安徽,34070379001002,,寿险团险,安徽,铜陵,团拓部（城区）,养老险公司,总部,养老险公司,安徽,,,网上交易,国寿养老险,2016-01-15,寿险团险,安徽,铜陵,团拓部（城区）
CL1000034875,张慧,身份证,341002********0028,CL9022,福寿嘉年10期,"30,000.00","30,000.00","30,001.75",458794,养老险公司,安徽,34100279000003,,寿险团险,安徽,黄山,黄山市团拓部,养老险公司,总部,养老险公司,安徽,,,网上交易,国寿养老险,2016-01-15,寿险团险,安徽,黄山,黄山市团拓部
CL1000675601,程芳,身份证,341022********0024,CL9022,福寿嘉年10期,"50,000.00","50,000.00","50,002.43",458794,养老险公司,安徽,34100279000003,,寿险团险,安徽,黄山,黄山市团拓部,养老险公司,总部,养老险公司,安徽,,,网上交易,国寿养老险,2016-01-15,寿险团险,安徽,黄山,黄山市团拓部
CL1000675601,程芳,身份证,341022********0024,CL9022,福寿嘉年10期,"50,000.00","50,000.00","50,002.43",458794,养老险公司,安徽,34100279000003,,寿险团险,安徽,黄山,黄山市团拓部,养老险公司,总部,养老险公司,安徽,,,网上交易,国寿养老险,2016-01-15,寿险团险,安徽,黄山,黄山市团拓部
CL1000785173,朱方园,身份证,342423********0104,CL9022,福寿嘉年10期,"140,000.00","140,000.00","140,008.17",458794,养老险公司,安徽,34242379000003,,寿险团险,安徽,六安,霍邱,养老险公司,总部,养老险公司,安徽,,,网上交易,国寿养老险,2016-01-15,寿险团险,安徽,六安,霍邱
CL1000793140,李群,其他,342622********0621,CL9022,福寿嘉年10期,"50,000.00","50,000.00","50,001.94", ,,,34262279000122,,寿险团险,安徽,,,养老险公司,总部,寿险团险,安徽,,,网上交易,国寿养老险,2016-01-15,寿险团险,安徽,,
CL1000767708,陆权,身份证,342401********0039,CL9022,福寿嘉年10期,"50,000.00","50,000.00","50,002.92",458794,养老险公司,安徽,34240179000022,,寿险团险,安徽,六安,团拓,养老险公司,总部,养老险公司,安徽,,,网上交易,国寿养老险,2016-01-15,寿险团险,安徽,六安,团拓
CL1000040344,秦桂凤,身份证,340104********0543,CL9022,福寿嘉年10期,"200,000.00","200,000.00","200,009.72",458794,养老险公司,安徽,YL34000011,殷文懿,养老险公司,安徽,,,养老险公司,总部,养老险公司,安徽,,,网上交易,国寿养老险,2016-01-15,养老险公司,安徽,,
CL1000040344,秦桂凤,身份证,340104********0543,CL9022,福寿嘉年10期,"110,000.00","110,000.00","110,005.35",458794,养老险公司,安徽,YL34000011,殷文懿,养老险公司,安徽,,,养老险公司,总部,养老险公司,安徽,,,网上交易,国寿养老险,2016-01-15,养老险公司,安徽,,
CL1000727040,王芳,身份证,342531********2524,CL9022,福寿嘉年10期,"44,000.00","44,000.00","44,002.57",458794,养老险公司,安徽,34250179001007,,寿险团险,安徽,宣城,团拓,养老险公司,总部,养老险公司,安徽,,,网上交易,国寿养老险,2016-01-15,寿险团险,安徽,宣城,团拓
CL1000758376,夏玲,身份证,342623********0161,CL9022,福寿嘉年10期,"199,000.00","199,000.00","199,011.61",458794,养老险公司,安徽,34020179000008,,寿险团险,安徽,芜湖,团拓,养老险公司,总部,养老险公司,安徽,,,网上交易,国寿养老险,2016-01-15,寿险团险,安徽,芜湖,团拓
CL1000758376,夏玲,身份证,342623********0161,CL9022,福寿嘉年10期,"197,000.00","197,000.00","197,011.49",458794,养老险公司,安徽, ,,,,,,养老险公司,总部,养老险公司,安徽,,,网上交易,国寿养老险,2016-01-15,养老险公司,安徽,,
CL1000768463,侯明明,身份证,341227********8351,CL9022,福寿嘉年10期,"150,000.00","150,000.00","150,008.75",458794,养老险公司,安徽,34011371000001,,寿险团险,安徽,合肥,团险拓展部,养老险公司,总部,养老险公司,安徽,,,网上交易,国寿养老险,2016-01-15,寿险团险,安徽,合肥,团险拓展部
CL1000762670,张君,身份证,342422********0132,CL9022,福寿嘉年10期,"100,000.00","100,000.00","100,005.83",458794,养老险公司,安徽,34242279000006,,寿险团险,安徽,,,养老险公司,总部,养老险公司,安徽,,,网上交易,国寿养老险,2016-01-15,寿险团险,安徽,,
CL1000779237,李云,身份证,342622********0288,CL9022,福寿嘉年10期,"70,000.00","70,000.00","70,004.08",458794,养老险公司,安徽,34262279000122,,寿险团险,安徽,,,养老险公司,总部,养老险公司,安徽,,,网上交易,国寿养老险,2016-01-15,寿险团险,安徽,,

