﻿FUND_ACCT,CUST_NAME,CERT_TYPE,CERT_NO,FUND_CODE,FUND_NAME,APP_MONEY,ACK_MONEY,ACK_SHARE,INVITECODE,COMPANY_INVITE,BRANCH_INVITE_NEW,REFERID,CUSTNAME_REFER,COMPANY_REFER,BRANCH_REFER_NEW,CT_REFER,CR_REFER,COMPANY_ORG,ORGNAME,SALE_COMPANY_NAME_DTL,SALE_BRANCH_NAME,SALE_CT_NAME,SALE_CR_NAME,ACCEPT_METHOD,AGENCY_NAME,ACK_DATE,SALE_COMPANY_NAME_FEE,SALE_BRANCH_NAME_FEE1,SALE_CT_NAME_FEE,SALE_CR_NAME_FEE
CL1002622551,吴亚新,身份证,342700********0028,CL9168,福寿嘉年100期,"20,000.00","20,000.00","20,000.39",129606,养老险公司,安徽,34100479000003,,寿险团险,安徽,黄山,徽州区支公司,,,养老险公司,安徽,,,微信,国寿养老险,2018-06-15,寿险团险,安徽,黄山,徽州区支公司
CL1002622551,吴亚新,身份证,342700********0028,CL9168,福寿嘉年100期,"20,000.00","20,000.00","20,000.39", ,,,34100479000003,,寿险团险,安徽,黄山,徽州区支公司,,,寿险团险,安徽,黄山,徽州区支公司,微信,国寿养老险,2018-06-15,寿险团险,安徽,黄山,徽州区支公司
CL1002622551,吴亚新,身份证,342700********0028,CL9168,福寿嘉年100期,"20,000.00","20,000.00","20,000.39",129606,养老险公司,安徽,34100479000003,,寿险团险,安徽,黄山,徽州区支公司,,,养老险公司,安徽,,,微信,国寿养老险,2018-06-15,寿险团险,安徽,黄山,徽州区支公司
CL1002622551,吴亚新,身份证,342700********0028,CL9168,福寿嘉年100期,"20,000.00","20,000.00","20,000.39", ,,,34100479000003,,寿险团险,安徽,黄山,徽州区支公司,,,寿险团险,安徽,黄山,徽州区支公司,微信,国寿养老险,2018-06-15,寿险团险,安徽,黄山,徽州区支公司
CL1002622551,吴亚新,身份证,342700********0028,CL9168,福寿嘉年100期,"20,000.00","20,000.00","20,000.39",129606,养老险公司,安徽,34100479000003,,寿险团险,安徽,黄山,徽州区支公司,,,养老险公司,安徽,,,微信,国寿养老险,2018-06-15,寿险团险,安徽,黄山,徽州区支公司
CL1002622551,吴亚新,身份证,342700********0028,CL9168,福寿嘉年100期,"20,000.00","20,000.00","20,000.39",129606,养老险公司,安徽,34100479000003,,寿险团险,安徽,黄山,徽州区支公司,,,养老险公司,安徽,,,微信,国寿养老险,2018-06-15,寿险团险,安徽,黄山,徽州区支公司
CL1002622551,吴亚新,身份证,342700********0028,CL9168,福寿嘉年100期,"20,000.00","20,000.00","20,000.39",129606,养老险公司,安徽,34100479000003,,寿险团险,安徽,黄山,徽州区支公司,,,养老险公司,安徽,,,微信,国寿养老险,2018-06-15,寿险团险,安徽,黄山,徽州区支公司
CL1000200979,余芳,身份证,341004********0021,CL9168,福寿嘉年100期,"50,000.00","50,000.00","50,000.97", ,,,34100279000003,,寿险团险,安徽,黄山,黄山市团拓部,,,寿险团险,安徽,黄山,黄山市团拓部,微信,国寿养老险,2018-06-15,寿险团险,安徽,黄山,黄山市团拓部
CL1135625700,王守昌,身份证,342623********7718,CL9168,福寿嘉年100期,"50,000.00","50,000.00","50,000.97", ,,,34070379000040,,寿险团险,安徽,铜陵,团拓部（城区）,养老险公司,总部,寿险团险,安徽,铜陵,团拓部（城区）,网上交易,国寿养老险,2018-06-15,寿险团险,安徽,铜陵,团拓部（城区）
CL1135627831,王松玲,身份证,342201********0021,CL9168,福寿嘉年100期,"50,000.00","50,000.00","50,000.97", ,,,34222179000021,,寿险团险,安徽,宿州,砀山县支公司,养老险公司,总部,寿险团险,安徽,宿州,砀山县支公司,网上交易,国寿养老险,2018-06-15,寿险团险,安徽,宿州,砀山县支公司
CL1135627831,王松玲,身份证,342201********0021,CL9168,福寿嘉年100期,"30,000.00","30,000.00","30,000.58", ,,,34222179000021,,寿险团险,安徽,宿州,砀山县支公司,养老险公司,总部,寿险团险,安徽,宿州,砀山县支公司,网上交易,国寿养老险,2018-06-15,寿险团险,安徽,宿州,砀山县支公司
CL1009715304,王晓光,身份证,340302********082X,CL9168,福寿嘉年100期,"50,000.00","50,000.00","50,000.97", ,,,34031079000023,,寿险团险,安徽,蚌埠,团拓,养老险公司,总部,寿险团险,安徽,蚌埠,团拓,网上交易,国寿养老险,2018-06-15,寿险团险,安徽,蚌埠,团拓
CL1027316136,汪小云,身份证,342725********002X,CL9168,福寿嘉年100期,"20,000.00","20,000.00","20,000.39",129606,养老险公司,安徽,34102371000003,,寿险团险,安徽,黄山,黟县支公司,,,养老险公司,安徽,,,APP,国寿养老险,2018-06-15,寿险团险,安徽,黄山,黟县支公司
CL1010718757,许书兰,身份证,340504********0244,CL9168,福寿嘉年100期,"50,000.00","50,000.00","50,000.97", ,,,34050279000030,,寿险团险,安徽,马鞍山市,马鞍山市团拓部,养老险公司,总部,寿险团险,安徽,马鞍山市,马鞍山市团拓部,网上交易,国寿养老险,2018-06-15,寿险团险,安徽,马鞍山市,马鞍山市团拓部
CL1127096288,陈立珍,身份证,342623********0046,CL9168,福寿嘉年100期,"30,000.00",0.00,0.00, ,,,34021379000028,,寿险团险,安徽,芜湖,无为县支公司,养老险公司,总部,寿险团险,安徽,芜湖,无为县支公司,网上交易,国寿养老险,2018-06-15,寿险团险,安徽,芜湖,无为县支公司
CL1135622670,凌克花,身份证,340521********4220,CL9168,福寿嘉年100期,"15,000.00","15,000.00","15,000.29",129606,养老险公司,安徽,34050279000030,,寿险团险,安徽,马鞍山市,马鞍山市团拓部,养老险公司,总部,养老险公司,安徽,,,网上交易,国寿养老险,2018-06-15,寿险团险,安徽,马鞍山市,马鞍山市团拓部
CL1135622670,凌克花,身份证,340521********4220,CL9168,福寿嘉年100期,"40,000.00","40,000.00","40,000.78",129606,养老险公司,安徽,34050279000030,,寿险团险,安徽,马鞍山市,马鞍山市团拓部,养老险公司,总部,养老险公司,安徽,,,网上交易,国寿养老险,2018-06-15,寿险团险,安徽,马鞍山市,马鞍山市团拓部
CL1135622670,凌克花,身份证,340521********4220,CL9168,福寿嘉年100期,"50,000.00","50,000.00","50,000.97",129606,养老险公司,安徽,34050279000030,,寿险团险,安徽,马鞍山市,马鞍山市团拓部,养老险公司,总部,养老险公司,安徽,,,网上交易,国寿养老险,2018-06-15,寿险团险,安徽,马鞍山市,马鞍山市团拓部
CL1003564749,杨代凤,身份证,340222********4423,CL9168,福寿嘉年100期,"50,000.00","50,000.00","50,000.97", ,,,34020179000036,,寿险团险,安徽,芜湖,团拓,养老险公司,总部,寿险团险,安徽,芜湖,团拓,网上交易,国寿养老险,2018-06-15,寿险团险,安徽,芜湖,团拓
CL1135379638,苏绍芳,身份证,340405********0028,CL9168,福寿嘉年100期,"20,000.00","20,000.00","20,000.39", ,,,34040479000030,,寿险团险,安徽,淮南,谢家集支公司,,,寿险团险,安徽,淮南,谢家集支公司,微信,国寿养老险,2018-06-15,寿险团险,安徽,淮南,谢家集支公司
CL1125503793,陈根姐,身份证,340222********052X,CL9168,福寿嘉年100期,"15,000.00","15,000.00","15,000.29", ,,,34020479000044,,寿险团险,安徽,芜湖,繁昌支公司,养老险公司,总部,寿险团险,安徽,芜湖,繁昌支公司,网上交易,国寿养老险,2018-06-15,寿险团险,安徽,芜湖,繁昌支公司
CL1001212726,吴晶,身份证,342721********0225,CL9168,福寿嘉年100期,"10,000.00","10,000.00","10,000.19", ,,,34253179000013,,寿险团险,安徽,宣城,绩溪支公司,,,寿险团险,安徽,宣城,绩溪支公司,APP,国寿养老险,2018-06-15,寿险团险,安徽,宣城,绩溪支公司
CL1135630369,涂祖明,身份证,342422********0815,CL9168,福寿嘉年100期,"50,000.00",0.00,0.00, ,,,34042279000021,,寿险团险,安徽,淮南,寿县支公司,养老险公司,总部,寿险团险,安徽,淮南,寿县支公司,网上交易,国寿养老险,2018-06-15,寿险团险,安徽,淮南,寿县支公司
CL1000724387,王奎,身份证,340602********025X,CL9168,福寿嘉年100期,"30,000.00","30,000.00","30,000.58", ,,,34060279000056,,寿险团险,安徽,淮北,团拓,养老险公司,总部,寿险团险,安徽,淮北,团拓,网上交易,国寿养老险,2018-06-15,寿险团险,安徽,淮北,团拓
CL1000793017,张敏,身份证,342201********1229,CL9168,福寿嘉年100期,"10,000.00","10,000.00","10,000.19",129606,养老险公司,安徽,34222179000021,,寿险团险,安徽,宿州,砀山县支公司,养老险公司,总部,养老险公司,安徽,,,网上交易,国寿养老险,2018-06-15,寿险团险,安徽,宿州,砀山县支公司
CL1000793017,张敏,身份证,342201********1229,CL9168,福寿嘉年100期,"20,000.00","20,000.00","20,000.39",129606,养老险公司,安徽,34222179000021,,寿险团险,安徽,宿州,砀山县支公司,养老险公司,总部,养老险公司,安徽,,,网上交易,国寿养老险,2018-06-15,寿险团险,安徽,宿州,砀山县支公司
CL1000942212,侯彩虹,身份证,340603********0426,CL9168,福寿嘉年100期,"18,000.00",0.00,0.00, ,,,34060279000002,,寿险团险,安徽,淮北,团拓,养老险公司,总部,寿险团险,安徽,淮北,团拓,网上交易,国寿养老险,2018-06-15,寿险团险,安徽,淮北,团拓
CL1015469688,王红霞,身份证,342725********1023,CL9168,福寿嘉年100期,"10,000.00","10,000.00","10,000.19",129606,养老险公司,安徽,34102371000003,,寿险团险,安徽,黄山,黟县支公司,,,养老险公司,安徽,,,APP,国寿养老险,2018-06-15,寿险团险,安徽,黄山,黟县支公司
CL1000942212,侯彩虹,身份证,340603********0426,CL9168,福寿嘉年100期,"20,000.00","20,000.00","20,000.39", ,,,34060279000002,,寿险团险,安徽,淮北,团拓,养老险公司,总部,寿险团险,安徽,淮北,团拓,网上交易,国寿养老险,2018-06-15,寿险团险,安徽,淮北,团拓
CL1000942212,侯彩虹,身份证,340603********0426,CL9168,福寿嘉年100期,"20,000.00","20,000.00","20,000.39", ,,,34060279000002,,寿险团险,安徽,淮北,团拓,养老险公司,总部,寿险团险,安徽,淮北,团拓,网上交易,国寿养老险,2018-06-15,寿险团险,安徽,淮北,团拓
CL1008632699,袁红英,身份证,341023********0025,CL9168,福寿嘉年100期,"10,000.00","10,000.00","10,000.19",129606,养老险公司,安徽,34102371000003,,寿险团险,安徽,黄山,黟县支公司,,,养老险公司,安徽,,,APP,国寿养老险,2018-06-15,寿险团险,安徽,黄山,黟县支公司
CL1000765633,余红,身份证,342901********6022,CL9168,福寿嘉年100期,"50,000.00","50,000.00","50,000.97", ,,,34220379000008,,寿险团险,安徽,宿州,团拓部,养老险公司,总部,寿险团险,安徽,宿州,团拓部,网上交易,国寿养老险,2018-06-15,寿险团险,安徽,宿州,团拓部
CL1000765633,余红,身份证,342901********6022,CL9168,福寿嘉年100期,"50,000.00",0.00,0.00, ,,,34220379000008,,寿险团险,安徽,宿州,团拓部,养老险公司,总部,寿险团险,安徽,宿州,团拓部,网上交易,国寿养老险,2018-06-15,寿险团险,安徽,宿州,团拓部
CL1000765633,余红,身份证,342901********6022,CL9168,福寿嘉年100期,"50,000.00","50,000.00","50,000.97", ,,,34220379000008,,寿险团险,安徽,宿州,团拓部,养老险公司,总部,寿险团险,安徽,宿州,团拓部,网上交易,国寿养老险,2018-06-15,寿险团险,安徽,宿州,团拓部
CL1000429803,韦正芹,身份证,342427********3761,CL9168,福寿嘉年100期,"50,000.00","50,000.00","50,000.97", ,,,34242779000023,,寿险团险,安徽,六安,霍山,养老险公司,总部,寿险团险,安徽,六安,霍山,网上交易,国寿养老险,2018-06-15,寿险团险,安徽,六安,霍山
CL1009593673,葛绍敏,身份证,342125********5615,CL9168,福寿嘉年100期,"10,000.00","10,000.00","10,000.19", ,,,34212579001007,,寿险团险,安徽,亳州,蒙城县公司,养老险公司,总部,寿险团险,安徽,亳州,蒙城县公司,网上交易,国寿养老险,2018-06-15,寿险团险,安徽,亳州,蒙城县公司
CL1011119805,沐育芝,身份证,340521********464X,CL9168,福寿嘉年100期,"10,000.00","10,000.00","10,000.19", ,,,34052179000026,,寿险团险,安徽,马鞍山市,当涂县团险部,养老险公司,总部,寿险团险,安徽,马鞍山市,当涂县团险部,网上交易,国寿养老险,2018-06-15,寿险团险,安徽,马鞍山市,当涂县团险部
CL1118517634,汪建平,身份证,342700********0015,CL9168,福寿嘉年100期,"50,000.00","50,000.00","50,000.97", ,,,34100279000003,,寿险团险,安徽,黄山,黄山市团拓部,,,寿险团险,安徽,黄山,黄山市团拓部,微信,国寿养老险,2018-06-15,寿险团险,安徽,黄山,黄山市团拓部
CL1118517634,汪建平,身份证,342700********0015,CL9168,福寿嘉年100期,"50,000.00","50,000.00","50,000.97",129606,养老险公司,安徽,34100279000014,,寿险团险,安徽,黄山,黄山市团拓部,养老险公司,总部,养老险公司,安徽,,,网上交易,国寿养老险,2018-06-15,寿险团险,安徽,黄山,黄山市团拓部
CL1118517634,汪建平,身份证,342700********0015,CL9168,福寿嘉年100期,"50,000.00","50,000.00","50,000.97",129606,养老险公司,安徽,34100279000014,,寿险团险,安徽,黄山,黄山市团拓部,养老险公司,总部,养老险公司,安徽,,,网上交易,国寿养老险,2018-06-15,寿险团险,安徽,黄山,黄山市团拓部
CL1002798170,吴文嘉,身份证,342327********0036,CL9168,福寿嘉年100期,"50,000.00","50,000.00","50,000.97", ,,,34112479000011,,寿险团险,安徽,滁州,全椒,养老险公司,总部,寿险团险,安徽,滁州,全椒,网上交易,国寿养老险,2018-06-15,寿险团险,安徽,滁州,全椒
CL1002709166,方欢乐,身份证,342530********0016,CL9168,福寿嘉年100期,"10,000.00","10,000.00","10,000.19", ,,,34253079006001,,寿险团险,安徽,宣城,旌德支公司,养老险公司,总部,寿险团险,安徽,宣城,旌德支公司,网上交易,国寿养老险,2018-06-15,寿险团险,安徽,宣城,旌德支公司
CL1002709166,方欢乐,身份证,342530********0016,CL9168,福寿嘉年100期,"14,000.00","14,000.00","14,000.27", ,,,34253079006001,,寿险团险,安徽,宣城,旌德支公司,养老险公司,总部,寿险团险,安徽,宣城,旌德支公司,网上交易,国寿养老险,2018-06-15,寿险团险,安徽,宣城,旌德支公司
CL1002709166,方欢乐,身份证,342530********0016,CL9168,福寿嘉年100期,"20,000.00","20,000.00","20,000.39", ,,,34253079006001,,寿险团险,安徽,宣城,旌德支公司,养老险公司,总部,寿险团险,安徽,宣城,旌德支公司,网上交易,国寿养老险,2018-06-15,寿险团险,安徽,宣城,旌德支公司
CL1000148532,程岚,身份证,342426********0067,CL9168,福寿嘉年100期,"12,000.00","12,000.00","12,000.23", ,,,34242679000001,,寿险团险,安徽,六安,金寨,养老险公司,总部,寿险团险,安徽,六安,金寨,网上交易,国寿养老险,2018-06-15,寿险团险,安徽,六安,金寨
CL1008105375,汪执中,身份证,342401********4918,CL9168,福寿嘉年100期,"50,000.00","50,000.00","50,000.97", ,,,341226196805050111, ,财险公司,安徽,,,养老险公司,总部,财险公司,安徽,,,网上交易,国寿养老险,2018-06-15,财险公司,安徽,,
CL1011253655,马素珍,身份证,340304********0444,CL9168,福寿嘉年100期,"10,000.00","10,000.00","10,000.19",129606,养老险公司,安徽,34031079000023,,寿险团险,安徽,蚌埠,团拓,养老险公司,总部,养老险公司,安徽,,,网上交易,国寿养老险,2018-06-15,寿险团险,安徽,蚌埠,团拓
CL1000700096,张晚珍,身份证,342700********0023,CL9168,福寿嘉年100期,"50,000.00","50,000.00","50,000.97", ,,,34100279000003,,寿险团险,安徽,黄山,黄山市团拓部,,,寿险团险,安徽,黄山,黄山市团拓部,微信,国寿养老险,2018-06-15,寿险团险,安徽,黄山,黄山市团拓部
CL1080086340,吴桂梅,身份证,342823********2321,CL9168,福寿嘉年100期,"10,000.00","10,000.00","10,000.19", ,,,YL34000025,方雪萍,养老险公司,安徽,,,,,养老险公司,安徽,,,微信,国寿养老险,2018-06-15,养老险公司,安徽,,
CL1135889375,季娥,身份证,340321********6189,CL9168,福寿嘉年100期,"100,000.00","100,000.00","100,001.94", ,,,34032179000017,,寿险团险,安徽,蚌埠,怀远县支公司,养老险公司,总部,寿险团险,安徽,蚌埠,怀远县支公司,网上交易,国寿养老险,2018-06-15,寿险团险,安徽,蚌埠,怀远县支公司
CL1013245335,杜新,身份证,340603********1266,CL9168,福寿嘉年100期,"10,000.00","10,000.00","10,000.19",129606,养老险公司,安徽,34222179000021,,寿险团险,安徽,宿州,砀山县支公司,养老险公司,总部,养老险公司,安徽,,,网上交易,国寿养老险,2018-06-15,寿险团险,安徽,宿州,砀山县支公司
CL1013245335,杜新,身份证,340603********1266,CL9168,福寿嘉年100期,"18,000.00","18,000.00","18,000.35",129606,养老险公司,安徽,34222179000021,,寿险团险,安徽,宿州,砀山县支公司,养老险公司,总部,养老险公司,安徽,,,网上交易,国寿养老险,2018-06-15,寿险团险,安徽,宿州,砀山县支公司
CL1134746673,雷长明,身份证,342401********9136,CL9168,福寿嘉年100期,"20,000.00","20,000.00","20,000.39", ,,,34240179000022,,寿险团险,安徽,六安,团拓,养老险公司,总部,寿险团险,安徽,六安,团拓,网上交易,国寿养老险,2018-06-15,寿险团险,安徽,六安,团拓
CL1077209433,胡进世,身份证,340302********1219,CL9168,福寿嘉年100期,"80,000.00","80,000.00","80,001.56", ,,,34031079000023,,寿险团险,安徽,蚌埠,团拓,养老险公司,总部,寿险团险,安徽,蚌埠,团拓,网上交易,国寿养老险,2018-06-15,寿险团险,安徽,蚌埠,团拓
CL1049340905,周月梅,身份证,340304********0828,CL9168,福寿嘉年100期,"60,000.00","60,000.00","60,001.17", ,,,34031079000041,,寿险团险,安徽,蚌埠,团拓,养老险公司,总部,寿险团险,安徽,蚌埠,团拓,网上交易,国寿养老险,2018-06-15,寿险团险,安徽,蚌埠,团拓
CL1127765040,丁素珍,身份证,342529********3225,CL9168,福寿嘉年100期,"50,000.00","50,000.00","50,000.97",129606,养老险公司,安徽,34050279000030,,寿险团险,安徽,马鞍山市,马鞍山市团拓部,养老险公司,总部,养老险公司,安徽,,,网上交易,国寿养老险,2018-06-15,寿险团险,安徽,马鞍山市,马鞍山市团拓部
CL1001068948,丁国芳,身份证,342321********1665,CL9168,福寿嘉年100期,"20,000.00","20,000.00","20,000.39", ,,,34118179000059,,寿险团险,安徽,滁州,天长,养老险公司,总部,寿险团险,安徽,滁州,天长,网上交易,国寿养老险,2018-06-15,寿险团险,安徽,滁州,天长
CL1000979197,胡利青,身份证,342701********0441,CL9168,福寿嘉年100期,"20,000.00","20,000.00","20,000.39", ,,,34100279000003,,寿险团险,安徽,黄山,黄山市团拓部,养老险公司,总部,寿险团险,安徽,黄山,黄山市团拓部,网上交易,国寿养老险,2018-06-15,寿险团险,安徽,黄山,黄山市团拓部
CL1000979197,胡利青,身份证,342701********0441,CL9168,福寿嘉年100期,"50,000.00","50,000.00","50,000.97",129606,养老险公司,安徽,34100279000003,,寿险团险,安徽,黄山,黄山市团拓部,养老险公司,总部,养老险公司,安徽,,,网上交易,国寿养老险,2018-06-15,寿险团险,安徽,黄山,黄山市团拓部
CL1007112092,方健飞,身份证,341004********0029,CL9168,福寿嘉年100期,"20,000.00","20,000.00","20,000.39",129606,养老险公司,安徽,34100479000003,,寿险团险,安徽,黄山,徽州区支公司,,,养老险公司,安徽,,,微信,国寿养老险,2018-06-15,寿险团险,安徽,黄山,徽州区支公司
CL1007112092,方健飞,身份证,341004********0029,CL9168,福寿嘉年100期,"20,000.00","20,000.00","20,000.39",129606,养老险公司,安徽,34100479000003,,寿险团险,安徽,黄山,徽州区支公司,,,养老险公司,安徽,,,微信,国寿养老险,2018-06-15,寿险团险,安徽,黄山,徽州区支公司
CL1133115772,何希贵,身份证,342827********0511,CL9168,福寿嘉年100期,"23,000.00","23,000.00","23,000.45", ,,,34082779000003,,寿险团险,安徽,安庆,望江,养老险公司,总部,寿险团险,安徽,安庆,望江,网上交易,国寿养老险,2018-06-15,寿险团险,安徽,安庆,望江
CL1135464076,沈春芳,身份证,342224********1328,CL9168,福寿嘉年100期,"10,000.00",0.00,0.00, ,,,34222479002415,,寿险团险,安徽,宿州,灵璧县支公司,养老险公司,总部,寿险团险,安徽,宿州,灵璧县支公司,网上交易,国寿养老险,2018-06-15,寿险团险,安徽,宿州,灵璧县支公司
CL1135464076,沈春芳,身份证,342224********1328,CL9168,福寿嘉年100期,"190,000.00","190,000.00","190,003.69", ,,,34222479002415,,寿险团险,安徽,宿州,灵璧县支公司,养老险公司,总部,寿险团险,安徽,宿州,灵璧县支公司,网上交易,国寿养老险,2018-06-15,寿险团险,安徽,宿州,灵璧县支公司
CL1068067663,李毕绘,身份证,342421********1024,CL9168,福寿嘉年100期,"100,000.00","100,000.00","100,001.94", ,,,34240179000022,,寿险团险,安徽,六安,团拓,养老险公司,总部,寿险团险,安徽,六安,团拓,网上交易,国寿养老险,2018-06-15,寿险团险,安徽,六安,团拓
CL1017794468,印朝林,身份证,341121********0059,CL9168,福寿嘉年100期,"50,000.00","50,000.00","50,000.97",129606,养老险公司,安徽,34118179000059,,寿险团险,安徽,滁州,天长,养老险公司,总部,养老险公司,安徽,,,网上交易,国寿养老险,2018-06-15,寿险团险,安徽,滁州,天长
CL1000753748,冯彬,身份证,341181********0035,CL9168,福寿嘉年100期,"30,000.00","30,000.00","30,000.58", ,,,34110179000047,,寿险团险,安徽,滁州,团拓,养老险公司,总部,寿险团险,安徽,滁州,团拓,网上交易,国寿养老险,2018-06-15,寿险团险,安徽,滁州,团拓
CL1012869322,程素云,身份证,340403********0446,CL9168,福寿嘉年100期,"30,000.00","30,000.00","30,000.58", ,,,34041079000001,,寿险团险,安徽,淮南,潘集支公司,养老险公司,总部,寿险团险,安徽,淮南,潘集支公司,网上交易,国寿养老险,2018-06-15,寿险团险,安徽,淮南,潘集支公司
CL1135891471,刘闯,身份证,340323********693X,CL9168,福寿嘉年100期,"20,000.00","20,000.00","20,000.39", ,,,34032379000004,,寿险团险,安徽,蚌埠,固镇县支公司,,,寿险团险,安徽,蚌埠,固镇县支公司,微信,国寿养老险,2018-06-15,寿险团险,安徽,蚌埠,固镇县支公司
CL1014007066,张立新,身份证,340822********6213,CL9168,福寿嘉年100期,"50,000.00","50,000.00","50,000.97", ,,,34082279000004,,寿险团险,安徽,安庆,怀宁,养老险公司,总部,寿险团险,安徽,安庆,怀宁,网上交易,国寿养老险,2018-06-15,寿险团险,安徽,安庆,怀宁
CL1000927711,桂爱萍,身份证,342529********0046,CL9168,福寿嘉年100期,"50,000.00","50,000.00","50,000.97", ,,,34252979000011,,寿险团险,安徽,宣城,泾县支公司,养老险公司,总部,寿险团险,安徽,宣城,泾县支公司,网上交易,国寿养老险,2018-06-15,寿险团险,安徽,宣城,泾县支公司
CL1117105812,刘迎春,身份证,340602********2420,CL9168,福寿嘉年100期,"100,000.00","100,000.00","100,001.94", ,,,34060279000036,,寿险团险,安徽,淮北,团拓,养老险公司,总部,寿险团险,安徽,淮北,团拓,网上交易,国寿养老险,2018-06-15,寿险团险,安徽,淮北,团拓
CL1045798278,杨玲,身份证,342426********422X,CL9168,福寿嘉年100期,"50,000.00","50,000.00","50,000.97", ,,,34242679000001,,寿险团险,安徽,六安,金寨,养老险公司,总部,寿险团险,安徽,六安,金寨,网上交易,国寿养老险,2018-06-15,寿险团险,安徽,六安,金寨
CL1000144436,李敏,身份证,342401********0028,CL9168,福寿嘉年100期,"40,000.00","40,000.00","40,000.78", ,,,34240179000073,,寿险团险,安徽,六安,团拓,养老险公司,总部,寿险团险,安徽,六安,团拓,网上交易,国寿养老险,2018-06-15,寿险团险,安徽,六安,团拓
CL1033146548,李茂琴,身份证,342522********0025,CL9168,福寿嘉年100期,"50,000.00",0.00,0.00, ,,,34252279002005,,寿险团险,安徽,宣城,郎溪支公司,养老险公司,总部,寿险团险,安徽,宣城,郎溪支公司,网上交易,国寿养老险,2018-06-15,寿险团险,安徽,宣城,郎溪支公司
CL1000749933,朱泉霞,身份证,340403********1846,CL9168,福寿嘉年100期,"300,000.00","300,000.00","300,005.83", ,,,34041079000001,,寿险团险,安徽,淮南,潘集支公司,养老险公司,总部,寿险团险,安徽,淮南,潘集支公司,网上交易,国寿养老险,2018-06-15,寿险团险,安徽,淮南,潘集支公司
CL1009270080,郭传芳,身份证,340322********0042,CL9168,福寿嘉年100期,"50,000.00","50,000.00","50,000.97", ,,,34032279000021,,寿险团险,安徽,蚌埠,五河县支公司,养老险公司,总部,寿险团险,安徽,蚌埠,五河县支公司,网上交易,国寿养老险,2018-06-15,寿险团险,安徽,蚌埠,五河县支公司
CL1009270080,郭传芳,身份证,340322********0042,CL9168,福寿嘉年100期,"20,000.00","20,000.00","20,000.39", ,,,34032279000021,,寿险团险,安徽,蚌埠,五河县支公司,养老险公司,总部,寿险团险,安徽,蚌埠,五河县支公司,网上交易,国寿养老险,2018-06-15,寿险团险,安徽,蚌埠,五河县支公司
CL1009270080,郭传芳,身份证,340322********0042,CL9168,福寿嘉年100期,"20,000.00","20,000.00","20,000.39", ,,,34032279000021,,寿险团险,安徽,蚌埠,五河县支公司,养老险公司,总部,寿险团险,安徽,蚌埠,五河县支公司,网上交易,国寿养老险,2018-06-15,寿险团险,安徽,蚌埠,五河县支公司
CL1009270080,郭传芳,身份证,340322********0042,CL9168,福寿嘉年100期,"20,000.00","20,000.00","20,000.39", ,,,34032279000021,,寿险团险,安徽,蚌埠,五河县支公司,养老险公司,总部,寿险团险,安徽,蚌埠,五河县支公司,网上交易,国寿养老险,2018-06-15,寿险团险,安徽,蚌埠,五河县支公司
CL1009270080,郭传芳,身份证,340322********0042,CL9168,福寿嘉年100期,"20,000.00","20,000.00","20,000.39", ,,,34032279000021,,寿险团险,安徽,蚌埠,五河县支公司,养老险公司,总部,寿险团险,安徽,蚌埠,五河县支公司,网上交易,国寿养老险,2018-06-15,寿险团险,安徽,蚌埠,五河县支公司
CL1009270080,郭传芳,身份证,340322********0042,CL9168,福寿嘉年100期,"20,000.00","20,000.00","20,000.39", ,,,34032279000021,,寿险团险,安徽,蚌埠,五河县支公司,养老险公司,总部,寿险团险,安徽,蚌埠,五河县支公司,网上交易,国寿养老险,2018-06-15,寿险团险,安徽,蚌埠,五河县支公司
CL1002671529,毛荷胜,身份证,342530********2535,CL9168,福寿嘉年100期,"20,000.00","20,000.00","20,000.39", ,,,34253079006001,,寿险团险,安徽,宣城,旌德支公司,养老险公司,总部,寿险团险,安徽,宣城,旌德支公司,网上交易,国寿养老险,2018-06-15,寿险团险,安徽,宣城,旌德支公司
CL1135626410,俞淑慧,身份证,340721********3028,CL9168,福寿嘉年100期,"20,000.00","20,000.00","20,000.39", ,,,34070379000031,,寿险团险,安徽,铜陵,团拓部（城区）,养老险公司,总部,寿险团险,安徽,铜陵,团拓部（城区）,网上交易,国寿养老险,2018-06-15,寿险团险,安徽,铜陵,团拓部（城区）
CL1135626410,俞淑慧,身份证,340721********3028,CL9168,福寿嘉年100期,"20,000.00","20,000.00","20,000.39", ,,,34070379000031,,寿险团险,安徽,铜陵,团拓部（城区）,养老险公司,总部,寿险团险,安徽,铜陵,团拓部（城区）,网上交易,国寿养老险,2018-06-15,寿险团险,安徽,铜陵,团拓部（城区）
CL1002080171,陈及萍,身份证,340204********2022,CL9168,福寿嘉年100期,"150,000.00","150,000.00","150,002.92", ,,,34020179000036,,寿险团险,安徽,芜湖,团拓,养老险公司,总部,寿险团险,安徽,芜湖,团拓,网上交易,国寿养老险,2018-06-15,寿险团险,安徽,芜湖,团拓
CL1129849716,盛妍妍,身份证,342201********322X,CL9168,福寿嘉年100期,"50,000.00","50,000.00","50,000.97",129606,养老险公司,安徽,34222179000021,,寿险团险,安徽,宿州,砀山县支公司,养老险公司,总部,养老险公司,安徽,,,网上交易,国寿养老险,2018-06-15,寿险团险,安徽,宿州,砀山县支公司
CL1129849716,盛妍妍,身份证,342201********322X,CL9168,福寿嘉年100期,"50,000.00","50,000.00","50,000.97", ,,,34222179000021,,寿险团险,安徽,宿州,砀山县支公司,养老险公司,总部,寿险团险,安徽,宿州,砀山县支公司,网上交易,国寿养老险,2018-06-15,寿险团险,安徽,宿州,砀山县支公司
CL1000112023,凌荣,身份证,342401********4921,CL9168,福寿嘉年100期,"50,000.00","50,000.00","50,000.97", ,,,341226196805050111, ,财险公司,安徽,,,养老险公司,总部,财险公司,安徽,,,网上交易,国寿养老险,2018-06-15,财险公司,安徽,,
CL1004910269,齐晓燕,身份证,342830********5629,CL9168,福寿嘉年100期,"50,000.00",0.00,0.00, ,,,34290179000078,,寿险团险,安徽,池州,城区团拓部,养老险公司,总部,寿险团险,安徽,池州,城区团拓部,网上交易,国寿养老险,2018-06-15,寿险团险,安徽,池州,城区团拓部
CL1021098731,邬家银,身份证,340121********0029,CL9168,福寿嘉年100期,"50,000.00",0.00,0.00, ,,,34012179000038,,寿险团险,安徽,合肥,长丰支公司,养老险公司,总部,寿险团险,安徽,合肥,长丰支公司,网上交易,国寿养老险,2018-06-15,寿险团险,安徽,合肥,长丰支公司
CL1123149022,曹明侠,身份证,340602********0089,CL9168,福寿嘉年100期,"30,000.00","30,000.00","30,000.58", ,,,34060279000036,,寿险团险,安徽,淮北,团拓,养老险公司,总部,寿险团险,安徽,淮北,团拓,网上交易,国寿养老险,2018-06-15,寿险团险,安徽,淮北,团拓
CL1135889497,邱金凤,身份证,342522********0028,CL9168,福寿嘉年100期,"20,000.00","20,000.00","20,000.39", ,,,34252279000010,,寿险团险,安徽,宣城,郎溪支公司,养老险公司,总部,寿险团险,安徽,宣城,郎溪支公司,网上交易,国寿养老险,2018-06-15,寿险团险,安徽,宣城,郎溪支公司
CL1016924259,刘蕾,身份证,342601********4683,CL9168,福寿嘉年100期,"20,000.00",0.00,0.00, ,,,34020179000036,,寿险团险,安徽,芜湖,团拓,养老险公司,总部,寿险团险,安徽,芜湖,团拓,网上交易,国寿养老险,2018-06-15,寿险团险,安徽,芜湖,团拓
CL1003941099,陈杏琴,身份证,340204********2621,CL9168,福寿嘉年100期,"20,000.00","20,000.00","20,000.39", ,,,34020179000036,,寿险团险,安徽,芜湖,团拓,养老险公司,总部,寿险团险,安徽,芜湖,团拓,网上交易,国寿养老险,2018-06-15,寿险团险,安徽,芜湖,团拓
CL1134445595,何世环,身份证,340822********3720,CL9168,福寿嘉年100期,"50,000.00",0.00,0.00, ,,,34082279000004,,寿险团险,安徽,安庆,怀宁,养老险公司,总部,寿险团险,安徽,安庆,怀宁,网上交易,国寿养老险,2018-06-15,寿险团险,安徽,安庆,怀宁
CL1081269152,彭莉丽,身份证,340603********004X,CL9168,福寿嘉年100期,"50,000.00","50,000.00","50,000.97", ,,,34060279000036,,寿险团险,安徽,淮北,团拓,养老险公司,总部,寿险团险,安徽,淮北,团拓,网上交易,国寿养老险,2018-06-15,寿险团险,安徽,淮北,团拓
CL1000234579,孙耘初,身份证,342725********6023,CL9168,福寿嘉年100期,"20,000.00","20,000.00","20,000.39",129606,养老险公司,安徽,34102371000003,,寿险团险,安徽,黄山,黟县支公司,养老险公司,总部,养老险公司,安徽,,,网上交易,国寿养老险,2018-06-15,寿险团险,安徽,黄山,黟县支公司
CL1000234579,孙耘初,身份证,342725********6023,CL9168,福寿嘉年100期,"20,000.00","20,000.00","20,000.39",129606,养老险公司,安徽,34102371000003,,寿险团险,安徽,黄山,黟县支公司,养老险公司,总部,养老险公司,安徽,,,网上交易,国寿养老险,2018-06-15,寿险团险,安徽,黄山,黟县支公司
CL1000234579,孙耘初,身份证,342725********6023,CL9168,福寿嘉年100期,"50,000.00","50,000.00","50,000.97",129606,养老险公司,安徽,34102371000003,,寿险团险,安徽,黄山,黟县支公司,养老险公司,总部,养老险公司,安徽,,,网上交易,国寿养老险,2018-06-15,寿险团险,安徽,黄山,黟县支公司
CL1008632888,姜玉梅,身份证,340621********0326,CL9168,福寿嘉年100期,"50,000.00","50,000.00","50,000.97", ,,,34062179000030,,寿险团险,安徽,淮北,濉溪县公司,养老险公司,总部,寿险团险,安徽,淮北,濉溪县公司,网上交易,国寿养老险,2018-06-15,寿险团险,安徽,淮北,濉溪县公司
CL1008632888,姜玉梅,身份证,340621********0326,CL9168,福寿嘉年100期,"50,000.00","50,000.00","50,000.97", ,,,34062179000030,,寿险团险,安徽,淮北,濉溪县公司,养老险公司,总部,寿险团险,安徽,淮北,濉溪县公司,网上交易,国寿养老险,2018-06-15,寿险团险,安徽,淮北,濉溪县公司
CL1009647332,刘国海,身份证,320111********9510,CL9168,福寿嘉年100期,"10,000.00","10,000.00","10,000.19",129606,养老险公司,安徽,34031079000023,,寿险团险,安徽,蚌埠,团拓,养老险公司,总部,养老险公司,安徽,,,网上交易,国寿养老险,2018-06-15,寿险团险,安徽,蚌埠,团拓
CL1135890316,方盈盈,身份证,340321********4367,CL9168,福寿嘉年100期,"50,000.00","50,000.00","50,000.97", ,,,34031079000041,,寿险团险,安徽,蚌埠,团拓,,,寿险团险,安徽,蚌埠,团拓,微信,国寿养老险,2018-06-15,寿险团险,安徽,蚌埠,团拓
CL1000693843,张淑芳,身份证,342422********0184,CL9168,福寿嘉年100期,"50,000.00","50,000.00","50,000.97", ,,,34242279000019,,寿险团险,安徽,,,养老险公司,总部,寿险团险,安徽,,,网上交易,国寿养老险,2018-06-15,寿险团险,安徽,,
CL1000946652,汪年强,身份证,342531********3719,CL9168,福寿嘉年100期,"30,000.00","30,000.00","30,000.58", ,,,34253179000013,,寿险团险,安徽,宣城,绩溪支公司,养老险公司,总部,寿险团险,安徽,宣城,绩溪支公司,网上交易,国寿养老险,2018-06-15,寿险团险,安徽,宣城,绩溪支公司
CL1000946652,汪年强,身份证,342531********3719,CL9168,福寿嘉年100期,"50,000.00","50,000.00","50,000.97", ,,,34253179000013,,寿险团险,安徽,宣城,绩溪支公司,养老险公司,总部,寿险团险,安徽,宣城,绩溪支公司,网上交易,国寿养老险,2018-06-15,寿险团险,安徽,宣城,绩溪支公司
CL1103684713,张蕊蕊,身份证,340202********2046,CL9168,福寿嘉年100期,"30,000.00","30,000.00","30,000.58", ,,,34020179000078,,寿险团险,安徽,芜湖,团拓,,,寿险团险,安徽,芜湖,团拓,微信,国寿养老险,2018-06-15,寿险团险,安徽,芜湖,团拓
CL1000703504,朱久云,身份证,341126********022X,CL9168,福寿嘉年100期,"20,000.00","20,000.00","20,000.39",129606,养老险公司,安徽,34112679000003,,寿险团险,安徽,滁州,凤阳,养老险公司,总部,养老险公司,安徽,,,网上交易,国寿养老险,2018-06-15,寿险团险,安徽,滁州,凤阳
CL1000703504,朱久云,身份证,341126********022X,CL9168,福寿嘉年100期,"20,000.00","20,000.00","20,000.39",129606,养老险公司,安徽,34112679000003,,寿险团险,安徽,滁州,凤阳,养老险公司,总部,养老险公司,安徽,,,网上交易,国寿养老险,2018-06-15,寿险团险,安徽,滁州,凤阳
CL1000703504,朱久云,身份证,341126********022X,CL9168,福寿嘉年100期,"20,000.00","20,000.00","20,000.39",129606,养老险公司,安徽,34112679000003,,寿险团险,安徽,滁州,凤阳,养老险公司,总部,养老险公司,安徽,,,网上交易,国寿养老险,2018-06-15,寿险团险,安徽,滁州,凤阳
CL1000703504,朱久云,身份证,341126********022X,CL9168,福寿嘉年100期,"20,000.00","20,000.00","20,000.39",129606,养老险公司,安徽,34112679000003,,寿险团险,安徽,滁州,凤阳,养老险公司,总部,养老险公司,安徽,,,网上交易,国寿养老险,2018-06-15,寿险团险,安徽,滁州,凤阳
CL1135630692,魏蓉,身份证,340504********0228,CL9168,福寿嘉年100期,"50,000.00","50,000.00","50,000.97", ,,,34050279000030,,寿险团险,安徽,马鞍山市,马鞍山市团拓部,养老险公司,总部,寿险团险,安徽,马鞍山市,马鞍山市团拓部,网上交易,国寿养老险,2018-06-15,寿险团险,安徽,马鞍山市,马鞍山市团拓部
CL1009304009,冯明嫣,身份证,340104********3529,CL9168,福寿嘉年100期,"50,000.00","50,000.00","50,000.97", ,,,34010579000031,,寿险团险,安徽,合肥,团险支公司,养老险公司,总部,寿险团险,安徽,合肥,团险支公司,网上交易,国寿养老险,2018-06-15,寿险团险,安徽,合肥,团险支公司
CL1110775763,解正聪,身份证,340122********3344,CL9168,福寿嘉年100期,"20,000.00","20,000.00","20,000.39", ,,,34012379000031,,寿险团险,安徽,合肥,肥西支公司,,,寿险团险,安徽,合肥,肥西支公司,微信,国寿养老险,2018-06-15,寿险团险,安徽,合肥,肥西支公司
CL1011435417,袁名桥,身份证,342501********027X,CL9168,福寿嘉年100期,"50,000.00","50,000.00","50,000.97", ,,,34250179000009,,寿险团险,安徽,宣城,团拓,养老险公司,总部,寿险团险,安徽,宣城,团拓,网上交易,国寿养老险,2018-06-15,寿险团险,安徽,宣城,团拓
CL1038792666,汪思善,身份证,342723********0530,CL9168,福寿嘉年100期,"20,000.00","20,000.00","20,000.39", ,,,34102179002102,,寿险团险,安徽,黄山,歙县支公司,,,寿险团险,安徽,黄山,歙县支公司,微信,国寿养老险,2018-06-15,寿险团险,安徽,黄山,歙县支公司
CL1014129090,朱占友,身份证,342127********1399,CL9168,福寿嘉年100期,"50,000.00","50,000.00","50,000.97", ,,,34212779000011,,寿险团险,安徽,阜阳,阜南支公司,养老险公司,总部,寿险团险,安徽,阜阳,阜南支公司,网上交易,国寿养老险,2018-06-15,寿险团险,安徽,阜阳,阜南支公司
CL1135889942,刘俊侠,身份证,341227********4948,CL9168,福寿嘉年100期,"50,000.00","50,000.00","50,000.97", ,,,34213079001089,,寿险团险,安徽,亳州,利辛县公司,养老险公司,总部,寿险团险,安徽,亳州,利辛县公司,网上交易,国寿养老险,2018-06-15,寿险团险,安徽,亳州,利辛县公司
CL1135889942,刘俊侠,身份证,341227********4948,CL9168,福寿嘉年100期,"20,000.00","20,000.00","20,000.39", ,,,34213079001089,,寿险团险,安徽,亳州,利辛县公司,养老险公司,总部,寿险团险,安徽,亳州,利辛县公司,网上交易,国寿养老险,2018-06-15,寿险团险,安徽,亳州,利辛县公司
CL1091007379,程玉霞,身份证,340702********7524,CL9168,福寿嘉年100期,"40,000.00","40,000.00","40,000.78", ,,,34070379000031,,寿险团险,安徽,铜陵,团拓部（城区）,养老险公司,总部,寿险团险,安徽,铜陵,团拓部（城区）,网上交易,国寿养老险,2018-06-15,寿险团险,安徽,铜陵,团拓部（城区）
CL1125506345,肖文彩,身份证,341282********0146,CL9168,福寿嘉年100期,"30,000.00","30,000.00","30,000.58", ,,,34210379000025,,寿险团险,安徽,,,养老险公司,总部,寿险团险,安徽,,,网上交易,国寿养老险,2018-06-15,寿险团险,安徽,,
CL1010398408,凌萍,身份证,342723********9644,CL9168,福寿嘉年100期,"10,000.00","10,000.00","10,000.19",129606,养老险公司,安徽,34102179002102,,寿险团险,安徽,黄山,歙县支公司,,,养老险公司,安徽,,,微信,国寿养老险,2018-06-15,寿险团险,安徽,黄山,歙县支公司
CL1010398408,凌萍,身份证,342723********9644,CL9168,福寿嘉年100期,"20,000.00","20,000.00","20,000.39",129606,养老险公司,安徽,34102179002102,,寿险团险,安徽,黄山,歙县支公司,,,养老险公司,安徽,,,微信,国寿养老险,2018-06-15,寿险团险,安徽,黄山,歙县支公司
CL1001004677,徐嵘,身份证,340821********0028,CL9168,福寿嘉年100期,"150,000.00","150,000.00","150,002.92", ,,,34082179000003,,寿险团险,安徽,安庆,桐城,养老险公司,总部,寿险团险,安徽,安庆,桐城,网上交易,国寿养老险,2018-06-15,寿险团险,安徽,安庆,桐城
CL1001004677,徐嵘,身份证,340821********0028,CL9168,福寿嘉年100期,"150,000.00",0.00,0.00, ,,,34082179000003,,寿险团险,安徽,安庆,桐城,养老险公司,总部,寿险团险,安徽,安庆,桐城,网上交易,国寿养老险,2018-06-15,寿险团险,安徽,安庆,桐城
CL1005483896,吴萍香,身份证,342724********1520,CL9168,福寿嘉年100期,"20,000.00","20,000.00","20,000.39",129606,养老险公司,安徽,34100279000003,,寿险团险,安徽,黄山,黄山市团拓部,,,养老险公司,安徽,,,微信,国寿养老险,2018-06-15,寿险团险,安徽,黄山,黄山市团拓部
CL1005483896,吴萍香,身份证,342724********1520,CL9168,福寿嘉年100期,"50,000.00","50,000.00","50,000.97",129606,养老险公司,安徽,34100279000003,,寿险团险,安徽,黄山,黄山市团拓部,,,养老险公司,安徽,,,微信,国寿养老险,2018-06-15,寿险团险,安徽,黄山,黄山市团拓部
CL1119498792,胡美玉,身份证,342700********0023,CL9168,福寿嘉年100期,"20,000.00","20,000.00","20,000.39", ,,,34100479000003,,寿险团险,安徽,黄山,徽州区支公司,,,寿险团险,安徽,黄山,徽州区支公司,微信,国寿养老险,2018-06-15,寿险团险,安徽,黄山,徽州区支公司
CL1122338978,程家新,身份证,340602********023X,CL9168,福寿嘉年100期,"50,000.00","50,000.00","50,000.97", ,,,34060279000027,,寿险团险,安徽,淮北,团拓,养老险公司,总部,寿险团险,安徽,淮北,团拓,网上交易,国寿养老险,2018-06-15,寿险团险,安徽,淮北,团拓
CL1122338978,程家新,身份证,340602********023X,CL9168,福寿嘉年100期,"50,000.00","50,000.00","50,000.97", ,,,34060279000027,,寿险团险,安徽,淮北,团拓,养老险公司,总部,寿险团险,安徽,淮北,团拓,网上交易,国寿养老险,2018-06-15,寿险团险,安徽,淮北,团拓
CL1122338978,程家新,身份证,340602********023X,CL9168,福寿嘉年100期,"30,000.00",0.00,0.00, ,,,34060279000027,,寿险团险,安徽,淮北,团拓,养老险公司,总部,寿险团险,安徽,淮北,团拓,网上交易,国寿养老险,2018-06-15,寿险团险,安徽,淮北,团拓
CL1119498792,胡美玉,身份证,342700********0023,CL9168,福寿嘉年100期,"20,000.00","20,000.00","20,000.39", ,,,34100479000003,,寿险团险,安徽,黄山,徽州区支公司,,,寿险团险,安徽,黄山,徽州区支公司,微信,国寿养老险,2018-06-15,寿险团险,安徽,黄山,徽州区支公司
CL1119498792,胡美玉,身份证,342700********0023,CL9168,福寿嘉年100期,"10,000.00","10,000.00","10,000.19", ,,,34100479000003,,寿险团险,安徽,黄山,徽州区支公司,,,寿险团险,安徽,黄山,徽州区支公司,微信,国寿养老险,2018-06-15,寿险团险,安徽,黄山,徽州区支公司
CL1012340764,陈久章,身份证,342421********0710,CL9168,福寿嘉年100期,"15,000.00","15,000.00","15,000.29", ,,,34240179000022,,寿险团险,安徽,六安,团拓,养老险公司,总部,寿险团险,安徽,六安,团拓,网上交易,国寿养老险,2018-06-15,寿险团险,安徽,六安,团拓
CL1018501516,江观月,身份证,342700********0426,CL9168,福寿嘉年100期,"20,000.00","20,000.00","20,000.39", ,,,34100479000003,,寿险团险,安徽,黄山,徽州区支公司,,,寿险团险,安徽,黄山,徽州区支公司,微信,国寿养老险,2018-06-15,寿险团险,安徽,黄山,徽州区支公司
CL1046698066,陈龙琴,身份证,342201********1063,CL9168,福寿嘉年100期,"50,000.00","50,000.00","50,000.97",129606,养老险公司,安徽,34222179000022,,寿险团险,安徽,宿州,砀山县支公司,养老险公司,总部,养老险公司,安徽,,,网上交易,国寿养老险,2018-06-15,寿险团险,安徽,宿州,砀山县支公司
CL1046698066,陈龙琴,身份证,342201********1063,CL9168,福寿嘉年100期,"50,000.00","50,000.00","50,000.97",129606,养老险公司,安徽,34222179000022,,寿险团险,安徽,宿州,砀山县支公司,养老险公司,总部,养老险公司,安徽,,,网上交易,国寿养老险,2018-06-15,寿险团险,安徽,宿州,砀山县支公司
CL1005231494,罗桂花,身份证,340803********2221,CL9168,福寿嘉年100期,"50,000.00","50,000.00","50,000.97", ,,,34072279000020,,寿险团险,安徽,铜陵,铜陵枞阳支公司（县支）,养老险公司,总部,寿险团险,安徽,铜陵,铜陵枞阳支公司（县支）,网上交易,国寿养老险,2018-06-15,寿险团险,安徽,铜陵,铜陵枞阳支公司（县支）
CL1005231494,罗桂花,身份证,340803********2221,CL9168,福寿嘉年100期,"50,000.00","50,000.00","50,000.97", ,,,34072279000020,,寿险团险,安徽,铜陵,铜陵枞阳支公司（县支）,养老险公司,总部,寿险团险,安徽,铜陵,铜陵枞阳支公司（县支）,网上交易,国寿养老险,2018-06-15,寿险团险,安徽,铜陵,铜陵枞阳支公司（县支）
CL1005231494,罗桂花,身份证,340803********2221,CL9168,福寿嘉年100期,"50,000.00","50,000.00","50,000.97", ,,,34072279000020,,寿险团险,安徽,铜陵,铜陵枞阳支公司（县支）,养老险公司,总部,寿险团险,安徽,铜陵,铜陵枞阳支公司（县支）,网上交易,国寿养老险,2018-06-15,寿险团险,安徽,铜陵,铜陵枞阳支公司（县支）
CL1005231494,罗桂花,身份证,340803********2221,CL9168,福寿嘉年100期,"50,000.00",0.00,0.00, ,,,34072279000020,,寿险团险,安徽,铜陵,铜陵枞阳支公司（县支）,养老险公司,总部,寿险团险,安徽,铜陵,铜陵枞阳支公司（县支）,网上交易,国寿养老险,2018-06-15,寿险团险,安徽,铜陵,铜陵枞阳支公司（县支）
CL1123150229,李德平,身份证,342401********1645,CL9168,福寿嘉年100期,"10,000.00","10,000.00","10,000.19", ,,,34240179000022,,寿险团险,安徽,六安,团拓,养老险公司,总部,寿险团险,安徽,六安,团拓,网上交易,国寿养老险,2018-06-15,寿险团险,安徽,六安,团拓
CL1079275602,洪丽丽,身份证,341022********8128,CL9168,福寿嘉年100期,"10,000.00","10,000.00","10,000.19",129606,养老险公司,安徽,34102271000003,,寿险团险,安徽,黄山,休宁县支公司,,,养老险公司,安徽,,,微信,国寿养老险,2018-06-15,寿险团险,安徽,黄山,休宁县支公司
CL1030828652,谢侠,身份证,342127********0025,CL9168,福寿嘉年100期,"20,000.00","20,000.00","20,000.39", ,,,34212779000011,,寿险团险,安徽,阜阳,阜南支公司,养老险公司,总部,寿险团险,安徽,阜阳,阜南支公司,网上交易,国寿养老险,2018-06-15,寿险团险,安徽,阜阳,阜南支公司
CL1030828652,谢侠,身份证,342127********0025,CL9168,福寿嘉年100期,"20,000.00","20,000.00","20,000.39", ,,,34212779000011,,寿险团险,安徽,阜阳,阜南支公司,养老险公司,总部,寿险团险,安徽,阜阳,阜南支公司,网上交易,国寿养老险,2018-06-15,寿险团险,安徽,阜阳,阜南支公司
CL1030828652,谢侠,身份证,342127********0025,CL9168,福寿嘉年100期,"10,000.00","10,000.00","10,000.19", ,,,34212779000011,,寿险团险,安徽,阜阳,阜南支公司,养老险公司,总部,寿险团险,安徽,阜阳,阜南支公司,网上交易,国寿养老险,2018-06-15,寿险团险,安徽,阜阳,阜南支公司
CL1129849605,范恒飞,身份证,342123********709X,CL9168,福寿嘉年100期,"50,000.00",0.00,0.00, ,,,34212379000030,,寿险团险,安徽,阜阳,太和支公司,养老险公司,总部,寿险团险,安徽,阜阳,太和支公司,网上交易,国寿养老险,2018-06-15,寿险团险,安徽,阜阳,太和支公司
CL1129849605,范恒飞,身份证,342123********709X,CL9168,福寿嘉年100期,"50,000.00","50,000.00","50,000.97", ,,,34212379000030,,寿险团险,安徽,阜阳,太和支公司,养老险公司,总部,寿险团险,安徽,阜阳,太和支公司,网上交易,国寿养老险,2018-06-15,寿险团险,安徽,阜阳,太和支公司
CL1135627075,欧元海,身份证,340322********8816,CL9168,福寿嘉年100期,"50,000.00","50,000.00","50,000.97", ,,,34032279000021,,寿险团险,安徽,蚌埠,五河县支公司,养老险公司,总部,寿险团险,安徽,蚌埠,五河县支公司,网上交易,国寿养老险,2018-06-15,寿险团险,安徽,蚌埠,五河县支公司
CL1052390575,王雪仪,身份证,340304********1026,CL9168,福寿嘉年100期,"50,000.00","50,000.00","50,000.97", ,,,34031079000041,,寿险团险,安徽,蚌埠,团拓,,,寿险团险,安徽,蚌埠,团拓,微信,国寿养老险,2018-06-15,寿险团险,安徽,蚌埠,团拓
CL1009353188,蒋明,身份证,340304********1012,CL9168,福寿嘉年100期,"20,000.00","20,000.00","20,000.39",129606,养老险公司,安徽,34031079000023,,寿险团险,安徽,蚌埠,团拓,,,养老险公司,安徽,,,微信,国寿养老险,2018-06-15,寿险团险,安徽,蚌埠,团拓
CL1009353188,蒋明,身份证,340304********1012,CL9168,福寿嘉年100期,"20,000.00","20,000.00","20,000.39", ,,,34031079000023,,寿险团险,安徽,蚌埠,团拓,,,寿险团险,安徽,蚌埠,团拓,微信,国寿养老险,2018-06-15,寿险团险,安徽,蚌埠,团拓
CL1010716159,蔡继光,身份证,341182********5616,CL9168,福寿嘉年100期,"20,000.00","20,000.00","20,000.39",129606,养老险公司,安徽,34112779000019,,寿险团险,安徽,滁州,明光,养老险公司,总部,养老险公司,安徽,,,网上交易,国寿养老险,2018-06-15,寿险团险,安徽,滁州,明光
CL1000020448,韩龄,身份证,340202********2517,CL9168,福寿嘉年100期,"50,000.00","50,000.00","50,000.97", ,,,34020679000015,,寿险团险,安徽,芜湖,开发区支公司,养老险公司,总部,寿险团险,安徽,芜湖,开发区支公司,网上交易,国寿养老险,2018-06-15,寿险团险,安徽,芜湖,开发区支公司
CL1006045990,胡少平,身份证,341023********0510,CL9168,福寿嘉年100期,"50,000.00","50,000.00","50,000.97", ,,,34102371000003,,寿险团险,安徽,黄山,黟县支公司,,,寿险团险,安徽,黄山,黟县支公司,APP,国寿养老险,2018-06-15,寿险团险,安徽,黄山,黟县支公司
CL1004535573,宣红,身份证,341002********042X,CL9168,福寿嘉年100期,"20,000.00","20,000.00","20,000.39",129606,养老险公司,安徽,34102179002102,,寿险团险,安徽,黄山,歙县支公司,,,养老险公司,安徽,,,微信,国寿养老险,2018-06-15,寿险团险,安徽,黄山,歙县支公司
CL1003966267,姚兰香,身份证,342529********5029,CL9168,福寿嘉年100期,"20,000.00","20,000.00","20,000.39",129606,养老险公司,安徽,34102371000003,,寿险团险,安徽,黄山,黟县支公司,养老险公司,总部,养老险公司,安徽,,,网上交易,国寿养老险,2018-06-15,寿险团险,安徽,黄山,黟县支公司
CL1134744597,查长武,身份证,342821********241X,CL9168,福寿嘉年100期,"50,000.00","50,000.00","50,000.97", ,,,34082279000004,,寿险团险,安徽,安庆,怀宁,养老险公司,总部,寿险团险,安徽,安庆,怀宁,网上交易,国寿养老险,2018-06-15,寿险团险,安徽,安庆,怀宁
CL1134744597,查长武,身份证,342821********241X,CL9168,福寿嘉年100期,"50,000.00","50,000.00","50,000.97", ,,,34082279000004,,寿险团险,安徽,安庆,怀宁,养老险公司,总部,寿险团险,安徽,安庆,怀宁,网上交易,国寿养老险,2018-06-15,寿险团险,安徽,安庆,怀宁
CL1134744597,查长武,身份证,342821********241X,CL9168,福寿嘉年100期,"20,000.00","20,000.00","20,000.39", ,,,34082279000004,,寿险团险,安徽,安庆,怀宁,养老险公司,总部,寿险团险,安徽,安庆,怀宁,网上交易,国寿养老险,2018-06-15,寿险团险,安徽,安庆,怀宁
CL1001204826,王爱学,身份证,340104********2033,CL9168,福寿嘉年100期,"50,000.00","50,000.00","50,000.97", ,,,YL34000008,李娟娟,养老险公司,安徽,,,养老险公司,总部,养老险公司,安徽,,,网上交易,国寿养老险,2018-06-15,养老险公司,安徽,,
CL1127474759,靳昌翠,身份证,320123********0428,CL9168,福寿嘉年100期,"20,000.00","20,000.00","20,000.39", ,,,34118179000059,,寿险团险,安徽,滁州,天长,养老险公司,总部,寿险团险,安徽,滁州,天长,网上交易,国寿养老险,2018-06-15,寿险团险,安徽,滁州,天长
CL1110752826,李连,身份证,342327********0020,CL9168,福寿嘉年100期,"50,000.00","50,000.00","50,000.97",129606,养老险公司,安徽,34112779000019,,寿险团险,安徽,滁州,明光,,,养老险公司,安徽,,,APP,国寿养老险,2018-06-15,寿险团险,安徽,滁州,明光
CL1110752826,李连,身份证,342327********0020,CL9168,福寿嘉年100期,"50,000.00","50,000.00","50,000.97",129606,养老险公司,安徽,34112779000019,,寿险团险,安徽,滁州,明光,,,养老险公司,安徽,,,APP,国寿养老险,2018-06-15,寿险团险,安徽,滁州,明光
CL1103686433,钱惠萍,身份证,342523********0066,CL9168,福寿嘉年100期,"50,000.00","50,000.00","50,000.97", ,,,34252379000001,,寿险团险,安徽,宣城,广德支公司,养老险公司,总部,寿险团险,安徽,宣城,广德支公司,网上交易,国寿养老险,2018-06-15,寿险团险,安徽,宣城,广德支公司
CL1135629551,高燕平,身份证,340222********0524,CL9168,福寿嘉年100期,"12,000.00","12,000.00","12,000.23", ,,,34020479000044,,寿险团险,安徽,芜湖,繁昌支公司,养老险公司,总部,寿险团险,安徽,芜湖,繁昌支公司,网上交易,国寿养老险,2018-06-15,寿险团险,安徽,芜湖,繁昌支公司
CL1003203030,张静,身份证,340323********0062,CL9168,福寿嘉年100期,"50,000.00","50,000.00","50,000.97", ,,,34032379000004,,寿险团险,安徽,蚌埠,固镇县支公司,,,寿险团险,安徽,蚌埠,固镇县支公司,微信,国寿养老险,2018-06-15,寿险团险,安徽,蚌埠,固镇县支公司
CL1003203030,张静,身份证,340323********0062,CL9168,福寿嘉年100期,"50,000.00",0.00,0.00, ,,,34032379000004,,寿险团险,安徽,蚌埠,固镇县支公司,,,寿险团险,安徽,蚌埠,固镇县支公司,微信,国寿养老险,2018-06-15,寿险团险,安徽,蚌埠,固镇县支公司
CL1003203030,张静,身份证,340323********0062,CL9168,福寿嘉年100期,"50,000.00","50,000.00","50,000.97", ,,,34032379000004,,寿险团险,安徽,蚌埠,固镇县支公司,,,寿险团险,安徽,蚌埠,固镇县支公司,微信,国寿养老险,2018-06-15,寿险团险,安徽,蚌埠,固镇县支公司
CL1011254898,汤琼,身份证,342601********0224,CL9168,福寿嘉年100期,"50,000.00",0.00,0.00, ,,,34012679000032,,寿险团险,安徽,合肥,巢湖支公司,养老险公司,总部,寿险团险,安徽,合肥,巢湖支公司,网上交易,国寿养老险,2018-06-15,寿险团险,安徽,合肥,巢湖支公司
CL1013179805,杨涛,身份证,340822********6225,CL9168,福寿嘉年100期,"10,000.00",0.00,0.00, ,,,34082279000004,,寿险团险,安徽,安庆,怀宁,养老险公司,总部,寿险团险,安徽,安庆,怀宁,网上交易,国寿养老险,2018-06-15,寿险团险,安徽,安庆,怀宁
CL1030829306,李多兰,身份证,340403********1229,CL9168,福寿嘉年100期,"30,000.00","30,000.00","30,000.58", ,,,34041079000001,,寿险团险,安徽,淮南,潘集支公司,养老险公司,总部,寿险团险,安徽,淮南,潘集支公司,网上交易,国寿养老险,2018-06-15,寿险团险,安徽,淮南,潘集支公司
CL1135256249,张倩君,身份证,341002********0424,CL9168,福寿嘉年100期,"50,000.00","50,000.00","50,000.97",129606,养老险公司,安徽,34100279000014,,寿险团险,安徽,黄山,黄山市团拓部,养老险公司,总部,养老险公司,安徽,,,网上交易,国寿养老险,2018-06-15,寿险团险,安徽,黄山,黄山市团拓部
CL1135256249,张倩君,身份证,341002********0424,CL9168,福寿嘉年100期,"50,000.00","50,000.00","50,000.97",129606,养老险公司,安徽,34100279000014,,寿险团险,安徽,黄山,黄山市团拓部,养老险公司,总部,养老险公司,安徽,,,网上交易,国寿养老险,2018-06-15,寿险团险,安徽,黄山,黄山市团拓部
CL1135256249,张倩君,身份证,341002********0424,CL9168,福寿嘉年100期,"50,000.00","50,000.00","50,000.97",129606,养老险公司,安徽,34100279000014,,寿险团险,安徽,黄山,黄山市团拓部,养老险公司,总部,养老险公司,安徽,,,网上交易,国寿养老险,2018-06-15,寿险团险,安徽,黄山,黄山市团拓部
CL1135256249,张倩君,身份证,341002********0424,CL9168,福寿嘉年100期,"50,000.00","50,000.00","50,000.97",129606,养老险公司,安徽,34100279000014,,寿险团险,安徽,黄山,黄山市团拓部,养老险公司,总部,养老险公司,安徽,,,网上交易,国寿养老险,2018-06-15,寿险团险,安徽,黄山,黄山市团拓部
CL1008600720,邬家荣,身份证,342326********4023,CL9168,福寿嘉年100期,"80,000.00","80,000.00","80,001.56",129606,养老险公司,安徽,34112679000003,,寿险团险,安徽,滁州,凤阳,养老险公司,总部,养老险公司,安徽,,,网上交易,国寿养老险,2018-06-15,寿险团险,安徽,滁州,凤阳
CL1008600720,邬家荣,身份证,342326********4023,CL9168,福寿嘉年100期,"30,000.00","30,000.00","30,000.58",129606,养老险公司,安徽,34112679000003,,寿险团险,安徽,滁州,凤阳,养老险公司,总部,养老险公司,安徽,,,网上交易,国寿养老险,2018-06-15,寿险团险,安徽,滁州,凤阳
CL1008600720,邬家荣,身份证,342326********4023,CL9168,福寿嘉年100期,"50,000.00","50,000.00","50,000.97",129606,养老险公司,安徽,34112679000003,,寿险团险,安徽,滁州,凤阳,养老险公司,总部,养老险公司,安徽,,,网上交易,国寿养老险,2018-06-15,寿险团险,安徽,滁州,凤阳
CL1039095948,陈冬梅,身份证,340404********0246,CL9168,福寿嘉年100期,"50,000.00","50,000.00","50,000.97", ,,,34041179000019,,寿险团险,安徽,淮南,团拓部,养老险公司,总部,寿险团险,安徽,淮南,团拓部,网上交易,国寿养老险,2018-06-15,寿险团险,安徽,淮南,团拓部
CL1039095948,陈冬梅,身份证,340404********0246,CL9168,福寿嘉年100期,"50,000.00","50,000.00","50,000.97", ,,,34041179000019,,寿险团险,安徽,淮南,团拓部,养老险公司,总部,寿险团险,安徽,淮南,团拓部,网上交易,国寿养老险,2018-06-15,寿险团险,安徽,淮南,团拓部
CL1014007411,张钦玉,身份证,340421********0814,CL9168,福寿嘉年100期,"20,000.00","20,000.00","20,000.39", ,,,34042179000010,,寿险团险,安徽,淮南,凤台县支公司,养老险公司,总部,寿险团险,安徽,淮南,凤台县支公司,网上交易,国寿养老险,2018-06-15,寿险团险,安徽,淮南,凤台县支公司
CL1014007411,张钦玉,身份证,340421********0814,CL9168,福寿嘉年100期,"20,000.00","20,000.00","20,000.39", ,,,34042179000010,,寿险团险,安徽,淮南,凤台县支公司,养老险公司,总部,寿险团险,安徽,淮南,凤台县支公司,网上交易,国寿养老险,2018-06-15,寿险团险,安徽,淮南,凤台县支公司
CL1125688533,金安发,身份证,342522********3612,CL9168,福寿嘉年100期,"20,000.00","20,000.00","20,000.39", ,,,34252279000010,,寿险团险,安徽,宣城,郎溪支公司,养老险公司,总部,寿险团险,安徽,宣城,郎溪支公司,网上交易,国寿养老险,2018-06-15,寿险团险,安徽,宣城,郎溪支公司
CL1000779815,刘运琴,身份证,342401********1683,CL9168,福寿嘉年100期,"10,000.00",0.00,0.00, ,,,34240179000073,,寿险团险,安徽,六安,团拓,养老险公司,总部,寿险团险,安徽,六安,团拓,网上交易,国寿养老险,2018-06-15,寿险团险,安徽,六安,团拓
CL1010719067,史先梅,身份证,342622********0025,CL9168,福寿嘉年100期,"30,000.00","30,000.00","30,000.58", ,,,34012779000057,,寿险团险,安徽,合肥,庐江支公司,,,寿险团险,安徽,合肥,庐江支公司,微信,国寿养老险,2018-06-15,寿险团险,安徽,合肥,庐江支公司
CL1003946572,黄萍,身份证,342725********6024,CL9168,福寿嘉年100期,"40,000.00","40,000.00","40,000.78", ,,,34102371000003,,寿险团险,安徽,黄山,黟县支公司,,,寿险团险,安徽,黄山,黟县支公司,APP,国寿养老险,2018-06-15,寿险团险,安徽,黄山,黟县支公司
CL1000034964,周雪飞,身份证,340702********0526,CL9168,福寿嘉年100期,"40,000.00",0.00,0.00, ,,,34070379001002,,寿险团险,安徽,铜陵,团拓部（城区）,养老险公司,总部,寿险团险,安徽,铜陵,团拓部（城区）,网上交易,国寿养老险,2018-06-15,寿险团险,安徽,铜陵,团拓部（城区）
CL1000686631,张仁华,身份证,341121********1024,CL9168,福寿嘉年100期,"40,000.00","40,000.00","40,000.78",129606,养老险公司,安徽,34118179000059,,寿险团险,安徽,滁州,天长,养老险公司,总部,养老险公司,安徽,,,网上交易,国寿养老险,2018-06-15,寿险团险,安徽,滁州,天长
CL1000062848,徐磊,身份证,340702********2025,CL9168,福寿嘉年100期,"40,000.00","40,000.00","40,000.78", ,,,34070379000040,,寿险团险,安徽,铜陵,团拓部（城区）,养老险公司,总部,寿险团险,安徽,铜陵,团拓部（城区）,网上交易,国寿养老险,2018-06-15,寿险团险,安徽,铜陵,团拓部（城区）
CL1008461634,徐芳,身份证,340323********0021,CL9168,福寿嘉年100期,"10,000.00","10,000.00","10,000.19", ,,,34032379000016,,寿险团险,安徽,蚌埠,固镇县支公司,,,寿险团险,安徽,蚌埠,固镇县支公司,微信,国寿养老险,2018-06-15,寿险团险,安徽,蚌埠,固镇县支公司
CL1004260159,时斌,身份证,340322********0037,CL9168,福寿嘉年100期,"20,000.00","20,000.00","20,000.39", ,,,34032279000030,,寿险团险,安徽,蚌埠,五河县支公司,,,寿险团险,安徽,蚌埠,五河县支公司,微信,国寿养老险,2018-06-15,寿险团险,安徽,蚌埠,五河县支公司
CL1030830847,汪淑英,身份证,342725********6021,CL9168,福寿嘉年100期,"30,000.00","30,000.00","30,000.58", ,,,34102371000003,,寿险团险,安徽,黄山,黟县支公司,,,寿险团险,安徽,黄山,黟县支公司,APP,国寿养老险,2018-06-15,寿险团险,安徽,黄山,黟县支公司
CL1125275441,彭美华,身份证,340827********432X,CL9168,福寿嘉年100期,"37,000.00","37,000.00","37,000.72", ,,,34082779000003,,寿险团险,安徽,安庆,望江,养老险公司,总部,寿险团险,安徽,安庆,望江,网上交易,国寿养老险,2018-06-15,寿险团险,安徽,安庆,望江
CL1000330192,王大庆,身份证,342222********4718,CL9168,福寿嘉年100期,"20,000.00","20,000.00","20,000.39", ,,,34220379000008,,寿险团险,安徽,宿州,团拓部,养老险公司,总部,寿险团险,安徽,宿州,团拓部,网上交易,国寿养老险,2018-06-15,寿险团险,安徽,宿州,团拓部
CL1000758754,冯梅,身份证,342201********0845,CL9168,福寿嘉年100期,"50,000.00","50,000.00","50,000.97",129606,养老险公司,安徽,34222179000022,,寿险团险,安徽,宿州,砀山县支公司,养老险公司,总部,养老险公司,安徽,,,网上交易,国寿养老险,2018-06-15,寿险团险,安徽,宿州,砀山县支公司
CL1002798570,叶培娟,身份证,340403********1840,CL9168,福寿嘉年100期,"100,000.00","100,000.00","100,001.94", ,,,34041079000001,,寿险团险,安徽,淮南,潘集支公司,养老险公司,总部,寿险团险,安徽,淮南,潘集支公司,网上交易,国寿养老险,2018-06-15,寿险团险,安徽,淮南,潘集支公司
CL1000935577,王琴,身份证,340403********0488,CL9168,福寿嘉年100期,"50,000.00","50,000.00","50,000.97", ,,,34041179000028,,寿险团险,安徽,淮南,团拓部,养老险公司,总部,寿险团险,安徽,淮南,团拓部,网上交易,国寿养老险,2018-06-15,寿险团险,安徽,淮南,团拓部
CL1103674804,杨小丽,身份证,342601********070X,CL9168,福寿嘉年100期,"40,000.00","40,000.00","40,000.78", ,,,34012679000032,,寿险团险,安徽,合肥,巢湖支公司,养老险公司,总部,寿险团险,安徽,合肥,巢湖支公司,网上交易,国寿养老险,2018-06-15,寿险团险,安徽,合肥,巢湖支公司
CL1103674804,杨小丽,身份证,342601********070X,CL9168,福寿嘉年100期,"50,000.00","50,000.00","50,000.97", ,,,34012679000032,,寿险团险,安徽,合肥,巢湖支公司,养老险公司,总部,寿险团险,安徽,合肥,巢湖支公司,网上交易,国寿养老险,2018-06-15,寿险团险,安徽,合肥,巢湖支公司
CL1103674804,杨小丽,身份证,342601********070X,CL9168,福寿嘉年100期,"50,000.00","50,000.00","50,000.97", ,,,34012679000032,,寿险团险,安徽,合肥,巢湖支公司,养老险公司,总部,寿险团险,安徽,合肥,巢湖支公司,网上交易,国寿养老险,2018-06-15,寿险团险,安徽,合肥,巢湖支公司
CL1008586165,谢敏,身份证,341024********0023,CL9168,福寿嘉年100期,"20,000.00","20,000.00","20,000.39", ,,,34102479000701,,寿险团险,安徽,黄山,祁门支公司,,,寿险团险,安徽,黄山,祁门支公司,微信,国寿养老险,2018-06-15,寿险团险,安徽,黄山,祁门支公司
CL1013243282,李梦,身份证,342222********4469,CL9168,福寿嘉年100期,"20,000.00","20,000.00","20,000.39", ,,,34222279000006,,寿险团险,安徽,宿州,萧县支公司,养老险公司,总部,寿险团险,安徽,宿州,萧县支公司,网上交易,国寿养老险,2018-06-15,寿险团险,安徽,宿州,萧县支公司
CL1135124639,陈俊如,身份证,340404********0262,CL9168,福寿嘉年100期,"50,000.00","50,000.00","50,000.97", ,,,34041179000019,,寿险团险,安徽,淮南,团拓部,养老险公司,总部,寿险团险,安徽,淮南,团拓部,网上交易,国寿养老险,2018-06-15,寿险团险,安徽,淮南,团拓部
CL1004904434,纪莉芳,身份证,340224********782X,CL9168,福寿嘉年100期,"50,000.00","50,000.00","50,000.97", ,,,34292179000078,,寿险团险,安徽,池州,东至支公司,养老险公司,总部,寿险团险,安徽,池州,东至支公司,网上交易,国寿养老险,2018-06-15,寿险团险,安徽,池州,东至支公司
CL1000979064,洪燕,身份证,341002********0421,CL9168,福寿嘉年100期,"30,000.00","30,000.00","30,000.58",129606,养老险公司,安徽,34100379000010,,寿险团险,安徽,黄山,黄山区支公司,,,养老险公司,安徽,,,微信,国寿养老险,2018-06-15,寿险团险,安徽,黄山,黄山区支公司
CL1080658180,许光贵,身份证,340121********0416,CL9168,福寿嘉年100期,"50,000.00","50,000.00","50,000.97", ,,,34012179000038,,寿险团险,安徽,合肥,长丰支公司,养老险公司,总部,寿险团险,安徽,合肥,长丰支公司,网上交易,国寿养老险,2018-06-15,寿险团险,安徽,合肥,长丰支公司
CL1080658180,许光贵,身份证,340121********0416,CL9168,福寿嘉年100期,"50,000.00","50,000.00","50,000.97", ,,,34012179000038,,寿险团险,安徽,合肥,长丰支公司,养老险公司,总部,寿险团险,安徽,合肥,长丰支公司,网上交易,国寿养老险,2018-06-15,寿险团险,安徽,合肥,长丰支公司
CL1000264239,吴金余,身份证,342421********2115,CL9168,福寿嘉年100期,"50,000.00","50,000.00","50,000.97", ,,,34240179000022,,寿险团险,安徽,六安,团拓,养老险公司,总部,寿险团险,安徽,六安,团拓,网上交易,国寿养老险,2018-06-15,寿险团险,安徽,六安,团拓
CL1000041554,马红英,身份证,342701********1224,CL9168,福寿嘉年100期,"20,000.00","20,000.00","20,000.39", ,,,34100279000003,,寿险团险,安徽,黄山,黄山市团拓部,养老险公司,总部,寿险团险,安徽,黄山,黄山市团拓部,网上交易,国寿养老险,2018-06-15,寿险团险,安徽,黄山,黄山市团拓部
CL1135463011,葛雪君,身份证,341224********9900,CL9168,福寿嘉年100期,"50,000.00","50,000.00","50,000.97", ,,,34212579001007,,寿险团险,安徽,亳州,蒙城县公司,养老险公司,总部,寿险团险,安徽,亳州,蒙城县公司,网上交易,国寿养老险,2018-06-15,寿险团险,安徽,亳州,蒙城县公司
CL1135463011,葛雪君,身份证,341224********9900,CL9168,福寿嘉年100期,"50,000.00","50,000.00","50,000.97", ,,,34212579001007,,寿险团险,安徽,亳州,蒙城县公司,养老险公司,总部,寿险团险,安徽,亳州,蒙城县公司,网上交易,国寿养老险,2018-06-15,寿险团险,安徽,亳州,蒙城县公司
CL1135463011,葛雪君,身份证,341224********9900,CL9168,福寿嘉年100期,"20,000.00","20,000.00","20,000.39", ,,,34212579001007,,寿险团险,安徽,亳州,蒙城县公司,养老险公司,总部,寿险团险,安徽,亳州,蒙城县公司,网上交易,国寿养老险,2018-06-15,寿险团险,安徽,亳州,蒙城县公司
CL1017264525,丁德霞,身份证,342401********6944,CL9168,福寿嘉年100期,"22,000.00",0.00,0.00, ,,,34240179000022,,寿险团险,安徽,六安,团拓,养老险公司,总部,寿险团险,安徽,六安,团拓,网上交易,国寿养老险,2018-06-15,寿险团险,安徽,六安,团拓
CL1135628752,王颖,身份证,340311********0627,CL9168,福寿嘉年100期,"170,000.00","170,000.00","170,003.31",129606,养老险公司,安徽,34031079000004,,寿险团险,安徽,蚌埠,团拓,,,养老险公司,安徽,,,微信,国寿养老险,2018-06-15,寿险团险,安徽,蚌埠,团拓
CL1067043798,刘莉,身份证,341181********0627,CL9168,福寿嘉年100期,"15,000.00","15,000.00","15,000.29", ,,,34118179000059,,寿险团险,安徽,滁州,天长,养老险公司,总部,寿险团险,安徽,滁州,天长,网上交易,国寿养老险,2018-06-15,寿险团险,安徽,滁州,天长
CL1135463011,葛雪君,身份证,341224********9900,CL9168,福寿嘉年100期,"20,000.00",0.00,0.00, ,,,34212579001007,,寿险团险,安徽,亳州,蒙城县公司,养老险公司,总部,寿险团险,安徽,亳州,蒙城县公司,网上交易,国寿养老险,2018-06-15,寿险团险,安徽,亳州,蒙城县公司
CL1135463011,葛雪君,身份证,341224********9900,CL9168,福寿嘉年100期,"50,000.00","50,000.00","50,000.97", ,,,34212579001007,,寿险团险,安徽,亳州,蒙城县公司,养老险公司,总部,寿险团险,安徽,亳州,蒙城县公司,网上交易,国寿养老险,2018-06-15,寿险团险,安徽,亳州,蒙城县公司
CL1000649403,刘芸,身份证,340521********0041,CL9168,福寿嘉年100期,"50,000.00","50,000.00","50,000.97", ,,,34052179000028,,寿险团险,安徽,马鞍山市,当涂县团险部,养老险公司,总部,寿险团险,安徽,马鞍山市,当涂县团险部,网上交易,国寿养老险,2018-06-15,寿险团险,安徽,马鞍山市,当涂县团险部
CL1135891560,柯仲晋,身份证,341021********0011,CL9168,福寿嘉年100期,"20,000.00","20,000.00","20,000.39", ,,,34100479000003,,寿险团险,安徽,黄山,徽州区支公司,,,寿险团险,安徽,黄山,徽州区支公司,微信,国寿养老险,2018-06-15,寿险团险,安徽,黄山,徽州区支公司
CL1135891560,柯仲晋,身份证,341021********0011,CL9168,福寿嘉年100期,"20,000.00","20,000.00","20,000.39", ,,,34100479000003,,寿险团险,安徽,黄山,徽州区支公司,,,寿险团险,安徽,黄山,徽州区支公司,微信,国寿养老险,2018-06-15,寿险团险,安徽,黄山,徽州区支公司
CL1135891560,柯仲晋,身份证,341021********0011,CL9168,福寿嘉年100期,"20,000.00","20,000.00","20,000.39", ,,,34100479000003,,寿险团险,安徽,黄山,徽州区支公司,,,寿险团险,安徽,黄山,徽州区支公司,微信,国寿养老险,2018-06-15,寿险团险,安徽,黄山,徽州区支公司
CL1135891560,柯仲晋,身份证,341021********0011,CL9168,福寿嘉年100期,"20,000.00","20,000.00","20,000.39", ,,,34100479000003,,寿险团险,安徽,黄山,徽州区支公司,,,寿险团险,安徽,黄山,徽州区支公司,微信,国寿养老险,2018-06-15,寿险团险,安徽,黄山,徽州区支公司
CL1005491507,王瑞玲,身份证,342529********0020,CL9168,福寿嘉年100期,"30,000.00","30,000.00","30,000.58", ,,,34252979000011,,寿险团险,安徽,宣城,泾县支公司,养老险公司,总部,寿险团险,安徽,宣城,泾县支公司,网上交易,国寿养老险,2018-06-15,寿险团险,安徽,宣城,泾县支公司
CL1000929642,徐光宏,身份证,340223********2533,CL9168,福寿嘉年100期,"50,000.00","50,000.00","50,000.97", ,,,34020579000042,,寿险团险,安徽,芜湖,南陵支公司,,,寿险团险,安徽,芜湖,南陵支公司,APP,国寿养老险,2018-06-15,寿险团险,安徽,芜湖,南陵支公司
CL1000929642,徐光宏,身份证,340223********2533,CL9168,福寿嘉年100期,"50,000.00","50,000.00","50,000.97", ,,,34020579000042,,寿险团险,安徽,芜湖,南陵支公司,,,寿险团险,安徽,芜湖,南陵支公司,APP,国寿养老险,2018-06-15,寿险团险,安徽,芜湖,南陵支公司
CL1000929642,徐光宏,身份证,340223********2533,CL9168,福寿嘉年100期,"50,000.00","50,000.00","50,000.97", ,,,34020579000042,,寿险团险,安徽,芜湖,南陵支公司,,,寿险团险,安徽,芜湖,南陵支公司,APP,国寿养老险,2018-06-15,寿险团险,安徽,芜湖,南陵支公司
CL1000929642,徐光宏,身份证,340223********2533,CL9168,福寿嘉年100期,"100,000.00","100,000.00","100,001.94", ,,,34020579000042,,寿险团险,安徽,芜湖,南陵支公司,,,寿险团险,安徽,芜湖,南陵支公司,APP,国寿养老险,2018-06-15,寿险团险,安徽,芜湖,南陵支公司
CL1009219994,赵尧峰,身份证,342222********0381,CL9168,福寿嘉年100期,"40,000.00","40,000.00","40,000.78", ,,,34222279000006,,寿险团险,安徽,宿州,萧县支公司,养老险公司,总部,寿险团险,安徽,宿州,萧县支公司,网上交易,国寿养老险,2018-06-15,寿险团险,安徽,宿州,萧县支公司
CL1008569588,杨吉秀,身份证,340121********0024,CL9168,福寿嘉年100期,"20,000.00","20,000.00","20,000.39", ,,,34012179000038,,寿险团险,安徽,合肥,长丰支公司,养老险公司,总部,寿险团险,安徽,合肥,长丰支公司,网上交易,国寿养老险,2018-06-15,寿险团险,安徽,合肥,长丰支公司
CL1008569588,杨吉秀,身份证,340121********0024,CL9168,福寿嘉年100期,"20,000.00","20,000.00","20,000.39", ,,,34012179000038,,寿险团险,安徽,合肥,长丰支公司,养老险公司,总部,寿险团险,安徽,合肥,长丰支公司,网上交易,国寿养老险,2018-06-15,寿险团险,安徽,合肥,长丰支公司
CL1008569588,杨吉秀,身份证,340121********0024,CL9168,福寿嘉年100期,"10,000.00","10,000.00","10,000.19", ,,,34012179000038,,寿险团险,安徽,合肥,长丰支公司,养老险公司,总部,寿险团险,安徽,合肥,长丰支公司,网上交易,国寿养老险,2018-06-15,寿险团险,安徽,合肥,长丰支公司
CL1005223916,方玉萍,身份证,342701********2222,CL9168,福寿嘉年100期,"50,000.00",0.00,0.00, ,,,34110179000051,,寿险团险,安徽,滁州,团拓,养老险公司,总部,寿险团险,安徽,滁州,团拓,网上交易,国寿养老险,2018-06-15,寿险团险,安徽,滁州,团拓
CL1004284062,钱少华,身份证,342700********0022,CL9168,福寿嘉年100期,"10,000.00","10,000.00","10,000.19", ,,,34100479000003,,寿险团险,安徽,黄山,徽州区支公司,,,寿险团险,安徽,黄山,徽州区支公司,微信,国寿养老险,2018-06-15,寿险团险,安徽,黄山,徽州区支公司
CL1004284062,钱少华,身份证,342700********0022,CL9168,福寿嘉年100期,"20,000.00","20,000.00","20,000.39", ,,,34100479000003,,寿险团险,安徽,黄山,徽州区支公司,,,寿险团险,安徽,黄山,徽州区支公司,微信,国寿养老险,2018-06-15,寿险团险,安徽,黄山,徽州区支公司
CL1000718596,洪丽秀,身份证,342531********0227,CL9168,福寿嘉年100期,"50,000.00","50,000.00","50,000.97", ,,,34253179000011,,寿险团险,安徽,宣城,绩溪支公司,养老险公司,总部,寿险团险,安徽,宣城,绩溪支公司,网上交易,国寿养老险,2018-06-15,寿险团险,安徽,宣城,绩溪支公司
CL1135891860,胡德利,身份证,342700********0413,CL9168,福寿嘉年100期,"50,000.00","50,000.00","50,000.97", ,,,34100279000014,,寿险团险,安徽,黄山,黄山市团拓部,养老险公司,总部,寿险团险,安徽,黄山,黄山市团拓部,网上交易,国寿养老险,2018-06-15,寿险团险,安徽,黄山,黄山市团拓部
CL1004284062,钱少华,身份证,342700********0022,CL9168,福寿嘉年100期,"20,000.00","20,000.00","20,000.39", ,,,34100479000003,,寿险团险,安徽,黄山,徽州区支公司,,,寿险团险,安徽,黄山,徽州区支公司,微信,国寿养老险,2018-06-15,寿险团险,安徽,黄山,徽州区支公司
CL1011428261,吴宏霞,身份证,340503********0021,CL9168,福寿嘉年100期,"20,000.00","20,000.00","20,000.39", ,,,34050279000030,,寿险团险,安徽,马鞍山市,马鞍山市团拓部,养老险公司,总部,寿险团险,安徽,马鞍山市,马鞍山市团拓部,网上交易,国寿养老险,2018-06-15,寿险团险,安徽,马鞍山市,马鞍山市团拓部
CL1135256294,江俊杰,身份证,340822********2231,CL9168,福寿嘉年100期,"50,000.00","50,000.00","50,000.97", ,,,34082279000004,,寿险团险,安徽,安庆,怀宁,养老险公司,总部,寿险团险,安徽,安庆,怀宁,网上交易,国寿养老险,2018-06-15,寿险团险,安徽,安庆,怀宁
CL1135256294,江俊杰,身份证,340822********2231,CL9168,福寿嘉年100期,"50,000.00","50,000.00","50,000.97", ,,,34082279000004,,寿险团险,安徽,安庆,怀宁,养老险公司,总部,寿险团险,安徽,安庆,怀宁,网上交易,国寿养老险,2018-06-15,寿险团险,安徽,安庆,怀宁
CL1000761482,徐丽,身份证,342201********0603,CL9168,福寿嘉年100期,"50,000.00","50,000.00","50,000.97",129606,养老险公司,安徽,34222179000021,,寿险团险,安徽,宿州,砀山县支公司,养老险公司,总部,养老险公司,安徽,,,网上交易,国寿养老险,2018-06-15,寿险团险,安徽,宿州,砀山县支公司
CL1000761482,徐丽,身份证,342201********0603,CL9168,福寿嘉年100期,"30,000.00","30,000.00","30,000.58",129606,养老险公司,安徽,34222179000021,,寿险团险,安徽,宿州,砀山县支公司,养老险公司,总部,养老险公司,安徽,,,网上交易,国寿养老险,2018-06-15,寿险团险,安徽,宿州,砀山县支公司
CL1000761482,徐丽,身份证,342201********0603,CL9168,福寿嘉年100期,"50,000.00","50,000.00","50,000.97",129606,养老险公司,安徽,34222179000021,,寿险团险,安徽,宿州,砀山县支公司,养老险公司,总部,养老险公司,安徽,,,网上交易,国寿养老险,2018-06-15,寿险团险,安徽,宿州,砀山县支公司

