﻿FUND_ACCT,CUST_NAME,CERT_TYPE,CERT_NO,FUND_CODE,FUND_NAME,APP_MONEY,ACK_MONEY,ACK_SHARE,INVITECODE,COMPANY_INVITE,BRANCH_INVITE_NEW,REFERID,CUSTNAME_REFER,COMPANY_REFER,BRANCH_REFER_NEW,CT_REFER,CR_REFER,COMPANY_ORG,ORGNAME,SALE_COMPANY_NAME_DTL,SALE_BRANCH_NAME,SALE_CT_NAME,SALE_CR_NAME,ACCEPT_METHOD,AGENCY_NAME,ACK_DATE,SALE_COMPANY_NAME_FEE,SALE_BRANCH_NAME_FEE1,SALE_CT_NAME_FEE,SALE_CR_NAME_FEE
CL1139382382,陈艳,身份证,342222********0146,CL9171,福寿嘉年103期,"30,000.00",0.00,0.00, ,,,34222279000006,,寿险团险,安徽,宿州,萧县支公司,养老险公司,总部,寿险团险,安徽,宿州,萧县支公司,网上交易,国寿养老险,2018-07-11,寿险团险,安徽,宿州,萧县支公司
CL1139382382,陈艳,身份证,342222********0146,CL9171,福寿嘉年103期,"50,000.00","50,000.00","50,000.49", ,,,34222279000006,,寿险团险,安徽,宿州,萧县支公司,养老险公司,总部,寿险团险,安徽,宿州,萧县支公司,网上交易,国寿养老险,2018-07-11,寿险团险,安徽,宿州,萧县支公司
CL1069612411,万军,身份证,340222********2037,CL9171,福寿嘉年103期,"50,000.00","50,000.00","50,000.49", ,,,34020479000044,,寿险团险,安徽,芜湖,繁昌支公司,养老险公司,总部,寿险团险,安徽,芜湖,繁昌支公司,网上交易,国寿养老险,2018-07-11,寿险团险,安徽,芜湖,繁昌支公司
CL1043179144,王昌松,身份证,342529********1414,CL9171,福寿嘉年103期,"43,000.00","43,000.00","43,000.42", ,,,34252979000011,,寿险团险,安徽,宣城,泾县支公司,养老险公司,总部,寿险团险,安徽,宣城,泾县支公司,网上交易,国寿养老险,2018-07-11,寿险团险,安徽,宣城,泾县支公司
CL1009266053,王奇志,身份证,340204********2626,CL9171,福寿嘉年103期,"23,000.00","23,000.00","23,000.22", ,,,34020179000036,,寿险团险,安徽,芜湖,团拓,养老险公司,总部,寿险团险,安徽,芜湖,团拓,网上交易,国寿养老险,2018-07-11,寿险团险,安徽,芜湖,团拓
CL1011962442,张玉群,身份证,342529********5024,CL9171,福寿嘉年103期,"40,000.00","40,000.00","40,000.39", ,,,34252979000011,,寿险团险,安徽,宣城,泾县支公司,养老险公司,总部,寿险团险,安徽,宣城,泾县支公司,网上交易,国寿养老险,2018-07-11,寿险团险,安徽,宣城,泾县支公司
CL1003441694,涂菊华,身份证,340122********0161,CL9171,福寿嘉年103期,"160,000.00","160,000.00","160,001.56", ,,,34012379000018,,寿险团险,安徽,合肥,肥西支公司,养老险公司,总部,寿险团险,安徽,合肥,肥西支公司,网上交易,国寿养老险,2018-07-11,寿险团险,安徽,合肥,肥西支公司
CL1000090700,殷安莉,身份证,342401********382X,CL9171,福寿嘉年103期,"50,000.00",0.00,0.00, ,,,34240179000073,,寿险团险,安徽,六安,团拓,养老险公司,总部,寿险团险,安徽,六安,团拓,网上交易,国寿养老险,2018-07-11,寿险团险,安徽,六安,团拓
CL1139973341,吴军英,身份证,341004********0020,CL9171,福寿嘉年103期,"20,000.00","20,000.00","20,000.19", ,,,34100479000003,,寿险团险,安徽,黄山,徽州区支公司,,,寿险团险,安徽,黄山,徽州区支公司,微信,国寿养老险,2018-07-11,寿险团险,安徽,黄山,徽州区支公司
CL1025011305,李贞,身份证,511025********2700,CL9171,福寿嘉年103期,"50,000.00",0.00,0.00, ,,,34012379000039,,寿险团险,安徽,合肥,肥西支公司,养老险公司,总部,寿险团险,安徽,合肥,肥西支公司,网上交易,国寿养老险,2018-07-11,寿险团险,安徽,合肥,肥西支公司
CL1025011305,李贞,身份证,511025********2700,CL9171,福寿嘉年103期,"50,000.00","50,000.00","50,000.49", ,,,34012379000039,,寿险团险,安徽,合肥,肥西支公司,养老险公司,总部,寿险团险,安徽,合肥,肥西支公司,网上交易,国寿养老险,2018-07-11,寿险团险,安徽,合肥,肥西支公司
CL1139380040,蒋彩华,身份证,340322********7449,CL9171,福寿嘉年103期,"20,000.00","20,000.00","20,000.19", ,,,34032279000019,,寿险团险,安徽,蚌埠,五河县支公司,,,寿险团险,安徽,蚌埠,五河县支公司,微信,国寿养老险,2018-07-11,寿险团险,安徽,蚌埠,五河县支公司
CL1000942212,侯彩虹,身份证,340603********0426,CL9171,福寿嘉年103期,"20,000.00","20,000.00","20,000.19", ,,,34060279000027,,寿险团险,安徽,淮北,团拓,养老险公司,总部,寿险团险,安徽,淮北,团拓,网上交易,国寿养老险,2018-07-11,寿险团险,安徽,淮北,团拓
CL1070806770,陈治安,身份证,342830********2211,CL9171,福寿嘉年103期,"50,000.00","50,000.00","50,000.49", ,,,34290179000078,,寿险团险,安徽,池州,城区团拓部,养老险公司,总部,寿险团险,安徽,池州,城区团拓部,网上交易,国寿养老险,2018-07-11,寿险团险,安徽,池州,城区团拓部
CL1000920085,王云,身份证,342222********0024,CL9171,福寿嘉年103期,"20,000.00","20,000.00","20,000.19", ,,,34222279000006,,寿险团险,安徽,宿州,萧县支公司,养老险公司,总部,寿险团险,安徽,宿州,萧县支公司,网上交易,国寿养老险,2018-07-11,寿险团险,安徽,宿州,萧县支公司
CL1049712674,鲍建立,身份证,342700********0436,CL9171,福寿嘉年103期,"20,000.00","20,000.00","20,000.19", ,,,34100479000003,,寿险团险,安徽,黄山,徽州区支公司,,,寿险团险,安徽,黄山,徽州区支公司,微信,国寿养老险,2018-07-11,寿险团险,安徽,黄山,徽州区支公司
CL1139200705,金晶,身份证,342901********562X,CL9171,福寿嘉年103期,"50,000.00","50,000.00","50,000.49", ,,,34290179000078,,寿险团险,安徽,池州,城区团拓部,养老险公司,总部,寿险团险,安徽,池州,城区团拓部,网上交易,国寿养老险,2018-07-11,寿险团险,安徽,池州,城区团拓部
CL1000674168,陈红,身份证,340103********0021,CL9171,福寿嘉年103期,"30,000.00",0.00,0.00, ,,,34011379000004,,寿险团险,安徽,合肥,团险拓展部,养老险公司,总部,寿险团险,安徽,合肥,团险拓展部,网上交易,国寿养老险,2018-07-11,寿险团险,安徽,合肥,团险拓展部
CL1000674168,陈红,身份证,340103********0021,CL9171,福寿嘉年103期,"50,000.00","50,000.00","50,000.49", ,,,34011379000031,,寿险团险,安徽,合肥,团险拓展部,养老险公司,总部,寿险团险,安徽,合肥,团险拓展部,网上交易,国寿养老险,2018-07-11,寿险团险,安徽,合肥,团险拓展部
CL1000674168,陈红,身份证,340103********0021,CL9171,福寿嘉年103期,"50,000.00",0.00,0.00, ,,,34011379000031,,寿险团险,安徽,合肥,团险拓展部,养老险公司,总部,寿险团险,安徽,合肥,团险拓展部,网上交易,国寿养老险,2018-07-11,寿险团险,安徽,合肥,团险拓展部
CL1000674168,陈红,身份证,340103********0021,CL9171,福寿嘉年103期,"50,000.00","50,000.00","50,000.49", ,,,34011379000004,,寿险团险,安徽,合肥,团险拓展部,养老险公司,总部,寿险团险,安徽,合肥,团险拓展部,网上交易,国寿养老险,2018-07-11,寿险团险,安徽,合肥,团险拓展部
CL1000674168,陈红,身份证,340103********0021,CL9171,福寿嘉年103期,"50,000.00","50,000.00","50,000.49", ,,,34011379000031,,寿险团险,安徽,合肥,团险拓展部,养老险公司,总部,寿险团险,安徽,合肥,团险拓展部,网上交易,国寿养老险,2018-07-11,寿险团险,安徽,合肥,团险拓展部
CL1000931137,石洁洁,身份证,341126********5025,CL9171,福寿嘉年103期,"10,000.00","10,000.00","10,000.10", ,,,34252379000001,,寿险团险,安徽,宣城,广德支公司,养老险公司,总部,寿险团险,安徽,宣城,广德支公司,网上交易,国寿养老险,2018-07-11,寿险团险,安徽,宣城,广德支公司
CL1110785083,凌齐友,身份证,342723********1470,CL9171,福寿嘉年103期,"10,000.00","10,000.00","10,000.10", ,,,34100479000003,,寿险团险,安徽,黄山,徽州区支公司,,,寿险团险,安徽,黄山,徽州区支公司,微信,国寿养老险,2018-07-11,寿险团险,安徽,黄山,徽州区支公司
CL1000700096,张晚珍,身份证,342700********0023,CL9171,福寿嘉年103期,"50,000.00","50,000.00","50,000.49", ,,,34100279000003,,寿险团险,安徽,黄山,黄山市团拓部,,,寿险团险,安徽,黄山,黄山市团拓部,微信,国寿养老险,2018-07-11,寿险团险,安徽,黄山,黄山市团拓部
CL1004665463,董玮,身份证,130185********0024,CL9171,福寿嘉年103期,"50,000.00",0.00,0.00, ,,,34060279000027,,寿险团险,安徽,淮北,团拓,养老险公司,总部,寿险团险,安徽,淮北,团拓,网上交易,国寿养老险,2018-07-11,寿险团险,安徽,淮北,团拓
CL1000354172,陈志鸿,身份证,341022********2121,CL9171,福寿嘉年103期,"20,000.00","20,000.00","20,000.19", ,,,34100279000014,,寿险团险,安徽,黄山,黄山市团拓部,,,寿险团险,安徽,黄山,黄山市团拓部,微信,国寿养老险,2018-07-11,寿险团险,安徽,黄山,黄山市团拓部
CL1003939504,李民,身份证,342222********0074,CL9171,福寿嘉年103期,"20,000.00",0.00,0.00, ,,,34222279000006,,寿险团险,安徽,宿州,萧县支公司,养老险公司,总部,寿险团险,安徽,宿州,萧县支公司,网上交易,国寿养老险,2018-07-11,寿险团险,安徽,宿州,萧县支公司
CL1003939504,李民,身份证,342222********0074,CL9171,福寿嘉年103期,"20,000.00","20,000.00","20,000.19", ,,,34222279000006,,寿险团险,安徽,宿州,萧县支公司,养老险公司,总部,寿险团险,安徽,宿州,萧县支公司,网上交易,国寿养老险,2018-07-11,寿险团险,安徽,宿州,萧县支公司
CL1133114284,胡爱云,身份证,342622********0400,CL9171,福寿嘉年103期,"50,000.00",0.00,0.00, ,,,34012779000059,,寿险团险,安徽,合肥,庐江支公司,,,寿险团险,安徽,合肥,庐江支公司,微信,国寿养老险,2018-07-11,寿险团险,安徽,合肥,庐江支公司
CL1021371099,孙玲玲,身份证,340103********0527,CL9171,福寿嘉年103期,"20,000.00",0.00,0.00, ,,,34012179000038,,寿险团险,安徽,合肥,长丰支公司,养老险公司,总部,寿险团险,安徽,合肥,长丰支公司,网上交易,国寿养老险,2018-07-11,寿险团险,安徽,合肥,长丰支公司
CL1139199212,董明勤,身份证,342427********0926,CL9171,福寿嘉年103期,"50,000.00","50,000.00","50,000.49", ,,,34242779000023,,寿险团险,安徽,六安,霍山,养老险公司,总部,寿险团险,安徽,六安,霍山,网上交易,国寿养老险,2018-07-11,寿险团险,安徽,六安,霍山
CL1139199212,董明勤,身份证,342427********0926,CL9171,福寿嘉年103期,"50,000.00",0.00,0.00, ,,,34242779000023,,寿险团险,安徽,六安,霍山,养老险公司,总部,寿险团险,安徽,六安,霍山,网上交易,国寿养老险,2018-07-11,寿险团险,安徽,六安,霍山
CL1139199212,董明勤,身份证,342427********0926,CL9171,福寿嘉年103期,"50,000.00","50,000.00","50,000.49", ,,,34242779000023,,寿险团险,安徽,六安,霍山,养老险公司,总部,寿险团险,安徽,六安,霍山,网上交易,国寿养老险,2018-07-11,寿险团险,安徽,六安,霍山
CL1139199212,董明勤,身份证,342427********0926,CL9171,福寿嘉年103期,"50,000.00","50,000.00","50,000.49", ,,,34242779000023,,寿险团险,安徽,六安,霍山,养老险公司,总部,寿险团险,安徽,六安,霍山,网上交易,国寿养老险,2018-07-11,寿险团险,安徽,六安,霍山
CL1004283529,李景龙,身份证,342423********0012,CL9171,福寿嘉年103期,"20,000.00","20,000.00","20,000.19", ,,,34242379000046,,寿险团险,安徽,六安,霍邱,,,寿险团险,安徽,六安,霍邱,APP,国寿养老险,2018-07-11,寿险团险,安徽,六安,霍邱
CL1004283529,李景龙,身份证,342423********0012,CL9171,福寿嘉年103期,"20,000.00","20,000.00","20,000.19", ,,,34242379000046,,寿险团险,安徽,六安,霍邱,,,寿险团险,安徽,六安,霍邱,APP,国寿养老险,2018-07-11,寿险团险,安徽,六安,霍邱
CL1004283529,李景龙,身份证,342423********0012,CL9171,福寿嘉年103期,"50,000.00","50,000.00","50,000.49", ,,,34242379000046,,寿险团险,安徽,六安,霍邱,,,寿险团险,安徽,六安,霍邱,APP,国寿养老险,2018-07-11,寿险团险,安徽,六安,霍邱
CL1009387511,李文君,身份证,342523********0047,CL9171,福寿嘉年103期,"50,000.00",0.00,0.00, ,,,34252379000001,,寿险团险,安徽,宣城,广德支公司,养老险公司,总部,寿险团险,安徽,宣城,广德支公司,网上交易,国寿养老险,2018-07-11,寿险团险,安徽,宣城,广德支公司
CL1138553785,程宏斌,身份证,340123********8250,CL9171,福寿嘉年103期,"50,000.00","50,000.00","50,000.49", ,,,34010579000140,,寿险团险,安徽,合肥,团险支公司,养老险公司,总部,寿险团险,安徽,合肥,团险支公司,网上交易,国寿养老险,2018-07-11,寿险团险,安徽,合肥,团险支公司
CL1139972731,李冰,身份证,340323********0022,CL9171,福寿嘉年103期,"10,000.00",0.00,0.00, ,,,34032379000034,,寿险团险,安徽,蚌埠,固镇县支公司,,,寿险团险,安徽,蚌埠,固镇县支公司,微信,国寿养老险,2018-07-11,寿险团险,安徽,蚌埠,固镇县支公司
CL1000360763,潘敬竹,身份证,342201********022X,CL9171,福寿嘉年103期,"50,000.00",0.00,0.00, ,,,34220379001340,,寿险团险,安徽,宿州,团拓部,养老险公司,总部,寿险团险,安徽,宿州,团拓部,网上交易,国寿养老险,2018-07-11,寿险团险,安徽,宿州,团拓部
CL1000360763,潘敬竹,身份证,342201********022X,CL9171,福寿嘉年103期,"50,000.00","50,000.00","50,000.49", ,,,34220379001340,,寿险团险,安徽,宿州,团拓部,养老险公司,总部,寿险团险,安徽,宿州,团拓部,网上交易,国寿养老险,2018-07-11,寿险团险,安徽,宿州,团拓部
CL1139736764,孟祥玲,身份证,342201********1248,CL9171,福寿嘉年103期,"50,000.00","50,000.00","50,000.49", ,,,34222179000021,,寿险团险,安徽,宿州,砀山县支公司,养老险公司,总部,寿险团险,安徽,宿州,砀山县支公司,网上交易,国寿养老险,2018-07-11,寿险团险,安徽,宿州,砀山县支公司
CL1013115978,张爱华,身份证,342923********4421,CL9171,福寿嘉年103期,"38,000.00",0.00,0.00, ,,,34292379000035,,寿险团险,安徽,池州,青阳支公司,养老险公司,总部,寿险团险,安徽,池州,青阳支公司,网上交易,国寿养老险,2018-07-11,寿险团险,安徽,池州,青阳支公司
CL1139382260,张艳云,身份证,342222********4841,CL9171,福寿嘉年103期,"50,000.00","50,000.00","50,000.49", ,,,34222279000006,,寿险团险,安徽,宿州,萧县支公司,养老险公司,总部,寿险团险,安徽,宿州,萧县支公司,网上交易,国寿养老险,2018-07-11,寿险团险,安徽,宿州,萧县支公司
CL1139382260,张艳云,身份证,342222********4841,CL9171,福寿嘉年103期,"50,000.00","50,000.00","50,000.49", ,,,34222279000006,,寿险团险,安徽,宿州,萧县支公司,养老险公司,总部,寿险团险,安徽,宿州,萧县支公司,网上交易,国寿养老险,2018-07-11,寿险团险,安徽,宿州,萧县支公司
CL1000749933,朱泉霞,身份证,340403********1846,CL9171,福寿嘉年103期,"60,000.00","60,000.00","60,000.58", ,,,34041079000001,,寿险团险,安徽,淮南,潘集支公司,养老险公司,总部,寿险团险,安徽,淮南,潘集支公司,网上交易,国寿养老险,2018-07-11,寿险团险,安徽,淮南,潘集支公司
CL1027318467,杨景中,身份证,342224********0019,CL9171,福寿嘉年103期,"20,000.00",0.00,0.00, ,,,34222479002415,,寿险团险,安徽,宿州,灵璧县支公司,养老险公司,总部,寿险团险,安徽,宿州,灵璧县支公司,网上交易,国寿养老险,2018-07-11,寿险团险,安徽,宿州,灵璧县支公司
CL1018032136,沈成霞,身份证,340222********2048,CL9171,福寿嘉年103期,"50,000.00","50,000.00","50,000.49", ,,,34020479000044,,寿险团险,安徽,芜湖,繁昌支公司,养老险公司,总部,寿险团险,安徽,芜湖,繁昌支公司,网上交易,国寿养老险,2018-07-11,寿险团险,安徽,芜湖,繁昌支公司
CL1018032136,沈成霞,身份证,340222********2048,CL9171,福寿嘉年103期,"50,000.00","50,000.00","50,000.49", ,,,34020479000044,,寿险团险,安徽,芜湖,繁昌支公司,养老险公司,总部,寿险团险,安徽,芜湖,繁昌支公司,网上交易,国寿养老险,2018-07-11,寿险团险,安徽,芜湖,繁昌支公司
CL1018032136,沈成霞,身份证,340222********2048,CL9171,福寿嘉年103期,"50,000.00",0.00,0.00, ,,,34020479000044,,寿险团险,安徽,芜湖,繁昌支公司,养老险公司,总部,寿险团险,安徽,芜湖,繁昌支公司,网上交易,国寿养老险,2018-07-11,寿险团险,安徽,芜湖,繁昌支公司
CL1009270080,郭传芳,身份证,340322********0042,CL9171,福寿嘉年103期,"20,000.00",0.00,0.00, ,,,34032279000021,,寿险团险,安徽,蚌埠,五河县支公司,养老险公司,总部,寿险团险,安徽,蚌埠,五河县支公司,网上交易,国寿养老险,2018-07-11,寿险团险,安徽,蚌埠,五河县支公司
CL1009270080,郭传芳,身份证,340322********0042,CL9171,福寿嘉年103期,"20,000.00",0.00,0.00, ,,,34032279000021,,寿险团险,安徽,蚌埠,五河县支公司,养老险公司,总部,寿险团险,安徽,蚌埠,五河县支公司,网上交易,国寿养老险,2018-07-11,寿险团险,安徽,蚌埠,五河县支公司
CL1009270080,郭传芳,身份证,340322********0042,CL9171,福寿嘉年103期,"20,000.00","20,000.00","20,000.19", ,,,34032279000021,,寿险团险,安徽,蚌埠,五河县支公司,养老险公司,总部,寿险团险,安徽,蚌埠,五河县支公司,网上交易,国寿养老险,2018-07-11,寿险团险,安徽,蚌埠,五河县支公司
CL1009647332,刘国海,身份证,320111********9510,CL9171,福寿嘉年103期,"40,000.00",0.00,0.00, ,,,34031079000023,,寿险团险,安徽,蚌埠,团拓,养老险公司,总部,寿险团险,安徽,蚌埠,团拓,网上交易,国寿养老险,2018-07-11,寿险团险,安徽,蚌埠,团拓
CL1013181034,余结鹏,身份证,340825********0238,CL9171,福寿嘉年103期,"50,000.00","50,000.00","50,000.49", ,,,34082579000002,,寿险团险,安徽,安庆,太湖,养老险公司,总部,寿险团险,安徽,安庆,太湖,网上交易,国寿养老险,2018-07-11,寿险团险,安徽,安庆,太湖
CL1013181034,余结鹏,身份证,340825********0238,CL9171,福寿嘉年103期,"50,000.00","50,000.00","50,000.49", ,,,34082579000002,,寿险团险,安徽,安庆,太湖,养老险公司,总部,寿险团险,安徽,安庆,太湖,网上交易,国寿养老险,2018-07-11,寿险团险,安徽,安庆,太湖
CL1013181034,余结鹏,身份证,340825********0238,CL9171,福寿嘉年103期,"50,000.00",0.00,0.00, ,,,34082579000002,,寿险团险,安徽,安庆,太湖,养老险公司,总部,寿险团险,安徽,安庆,太湖,网上交易,国寿养老险,2018-07-11,寿险团险,安徽,安庆,太湖
CL1004183100,赵莉,身份证,340403********266X,CL9171,福寿嘉年103期,"40,000.00",0.00,0.00, ,,,34041079000001,,寿险团险,安徽,淮南,潘集支公司,养老险公司,总部,寿险团险,安徽,淮南,潘集支公司,网上交易,国寿养老险,2018-07-11,寿险团险,安徽,淮南,潘集支公司
CL1002721559,程红连,身份证,340822********1164,CL9171,福寿嘉年103期,"50,000.00",0.00,0.00, ,,,34082279000004,,寿险团险,安徽,安庆,怀宁,养老险公司,总部,寿险团险,安徽,安庆,怀宁,网上交易,国寿养老险,2018-07-11,寿险团险,安徽,安庆,怀宁
CL1014080101,郑蓓蓓,身份证,342728********376X,CL9171,福寿嘉年103期,"20,000.00","20,000.00","20,000.19", ,,,34290179000078,,寿险团险,安徽,池州,城区团拓部,养老险公司,总部,寿险团险,安徽,池州,城区团拓部,网上交易,国寿养老险,2018-07-11,寿险团险,安徽,池州,城区团拓部
CL1014080101,郑蓓蓓,身份证,342728********376X,CL9171,福寿嘉年103期,"20,000.00",0.00,0.00, ,,,34290179000078,,寿险团险,安徽,池州,城区团拓部,养老险公司,总部,寿险团险,安徽,池州,城区团拓部,网上交易,国寿养老险,2018-07-11,寿险团险,安徽,池州,城区团拓部
CL1002080171,陈及萍,身份证,340204********2022,CL9171,福寿嘉年103期,"50,000.00","50,000.00","50,000.49", ,,,34020179000036,,寿险团险,安徽,芜湖,团拓,养老险公司,总部,寿险团险,安徽,芜湖,团拓,网上交易,国寿养老险,2018-07-11,寿险团险,安徽,芜湖,团拓
CL1008462166,金正岭,身份证,340406********161X,CL9171,福寿嘉年103期,"50,000.00","50,000.00","50,000.49", ,,,34041079000001,,寿险团险,安徽,淮南,潘集支公司,养老险公司,总部,寿险团险,安徽,淮南,潘集支公司,网上交易,国寿养老险,2018-07-11,寿险团险,安徽,淮南,潘集支公司
CL1080662073,朱守莲,身份证,342625********1004,CL9171,福寿嘉年103期,"10,000.00","10,000.00","10,000.10", ,,,34020179000127,,寿险团险,安徽,芜湖,团拓,养老险公司,总部,寿险团险,安徽,芜湖,团拓,网上交易,国寿养老险,2018-07-11,寿险团险,安徽,芜湖,团拓
CL1080662073,朱守莲,身份证,342625********1004,CL9171,福寿嘉年103期,"20,000.00","20,000.00","20,000.19", ,,,34020179000127,,寿险团险,安徽,芜湖,团拓,养老险公司,总部,寿险团险,安徽,芜湖,团拓,网上交易,国寿养老险,2018-07-11,寿险团险,安徽,芜湖,团拓
CL1014005413,王静,身份证,342201********0626,CL9171,福寿嘉年103期,"20,000.00",0.00,0.00, ,,,34222179000022,,寿险团险,安徽,宿州,砀山县支公司,养老险公司,总部,寿险团险,安徽,宿州,砀山县支公司,网上交易,国寿养老险,2018-07-11,寿险团险,安徽,宿州,砀山县支公司
CL1000278522,周美凤,身份证,340702********1044,CL9171,福寿嘉年103期,"10,000.00","10,000.00","10,000.10", ,,,34070379001002,,寿险团险,安徽,铜陵,团拓部（城区）,养老险公司,总部,寿险团险,安徽,铜陵,团拓部（城区）,网上交易,国寿养老险,2018-07-11,寿险团险,安徽,铜陵,团拓部（城区）
CL1004837083,戚莉,身份证,340404********102X,CL9171,福寿嘉年103期,"20,000.00",0.00,0.00, ,,,34040479000014,,寿险团险,安徽,淮南,谢家集支公司,养老险公司,总部,寿险团险,安徽,淮南,谢家集支公司,网上交易,国寿养老险,2018-07-11,寿险团险,安徽,淮南,谢家集支公司
CL1016924259,刘蕾,身份证,342601********4683,CL9171,福寿嘉年103期,"20,000.00","20,000.00","20,000.19", ,,,34020179000036,,寿险团险,安徽,芜湖,团拓,养老险公司,总部,寿险团险,安徽,芜湖,团拓,网上交易,国寿养老险,2018-07-11,寿险团险,安徽,芜湖,团拓
CL1011119872,鲍亚敏,身份证,342623********0167,CL9171,福寿嘉年103期,"10,000.00","10,000.00","10,000.10", ,,,34021379000025,,寿险团险,安徽,芜湖,无为县支公司,养老险公司,总部,寿险团险,安徽,芜湖,无为县支公司,网上交易,国寿养老险,2018-07-11,寿险团险,安徽,芜湖,无为县支公司
CL1008071012,丁玉美,身份证,340604********0228,CL9171,福寿嘉年103期,"30,000.00","30,000.00","30,000.29", ,,,34060279000056,,寿险团险,安徽,淮北,团拓,养老险公司,总部,寿险团险,安徽,淮北,团拓,网上交易,国寿养老险,2018-07-11,寿险团险,安徽,淮北,团拓
CL1000723911,闫桂芝,身份证,342222********0122,CL9171,福寿嘉年103期,"37,000.00","37,000.00","37,000.36", ,,,34222279000009,,寿险团险,安徽,宿州,萧县支公司,,,寿险团险,安徽,宿州,萧县支公司,APP,国寿养老险,2018-07-11,寿险团险,安徽,宿州,萧县支公司
CL1138555483,杨开峰,身份证,340403********0812,CL9171,福寿嘉年103期,"50,000.00",0.00,0.00, ,,,34041079000001,,寿险团险,安徽,淮南,潘集支公司,养老险公司,总部,寿险团险,安徽,淮南,潘集支公司,网上交易,国寿养老险,2018-07-11,寿险团险,安徽,淮南,潘集支公司
CL1000695830,王芝,身份证,340604********0420,CL9171,福寿嘉年103期,"30,000.00","30,000.00","30,000.29", ,,,34032279000021,,寿险团险,安徽,蚌埠,五河县支公司,,,寿险团险,安徽,蚌埠,五河县支公司,APP,国寿养老险,2018-07-11,寿险团险,安徽,蚌埠,五河县支公司
CL1001212460,陈玲,身份证,342201********042X,CL9171,福寿嘉年103期,"50,000.00","50,000.00","50,000.49", ,,,34222179000022,,寿险团险,安徽,宿州,砀山县支公司,养老险公司,总部,寿险团险,安徽,宿州,砀山县支公司,网上交易,国寿养老险,2018-07-11,寿险团险,安徽,宿州,砀山县支公司
CL1001212460,陈玲,身份证,342201********042X,CL9171,福寿嘉年103期,"50,000.00","50,000.00","50,000.49", ,,,34222179000022,,寿险团险,安徽,宿州,砀山县支公司,养老险公司,总部,寿险团险,安徽,宿州,砀山县支公司,网上交易,国寿养老险,2018-07-11,寿险团险,安徽,宿州,砀山县支公司
CL1001212460,陈玲,身份证,342201********042X,CL9171,福寿嘉年103期,"50,000.00","50,000.00","50,000.49", ,,,34222179000022,,寿险团险,安徽,宿州,砀山县支公司,养老险公司,总部,寿险团险,安徽,宿州,砀山县支公司,网上交易,国寿养老险,2018-07-11,寿险团险,安徽,宿州,砀山县支公司
CL1000955073,马静,身份证,340603********0241,CL9171,福寿嘉年103期,"50,000.00","50,000.00","50,000.49", ,,,34060279000027,,寿险团险,安徽,淮北,团拓,养老险公司,总部,寿险团险,安徽,淮北,团拓,网上交易,国寿养老险,2018-07-11,寿险团险,安徽,淮北,团拓
CL1004278815,朱晓峰,身份证,340223********001X,CL9171,福寿嘉年103期,"50,000.00","50,000.00","50,000.49", ,,,34020579000042,,寿险团险,安徽,芜湖,南陵支公司,,,寿险团险,安徽,芜湖,南陵支公司,APP,国寿养老险,2018-07-11,寿险团险,安徽,芜湖,南陵支公司
CL1004278815,朱晓峰,身份证,340223********001X,CL9171,福寿嘉年103期,"20,000.00","20,000.00","20,000.19", ,,,34020579000042,,寿险团险,安徽,芜湖,南陵支公司,,,寿险团险,安徽,芜湖,南陵支公司,APP,国寿养老险,2018-07-11,寿险团险,安徽,芜湖,南陵支公司
CL1014005413,王静,身份证,342201********0626,CL9171,福寿嘉年103期,"20,000.00","20,000.00","20,000.19", ,,,34222179000022,,寿险团险,安徽,宿州,砀山县支公司,养老险公司,总部,寿险团险,安徽,宿州,砀山县支公司,网上交易,国寿养老险,2018-07-11,寿险团险,安徽,宿州,砀山县支公司
CL1020737593,郑红鸣,身份证,340121********9124,CL9171,福寿嘉年103期,"30,000.00","30,000.00","30,000.29", ,,,34012179000038,,寿险团险,安徽,合肥,长丰支公司,养老险公司,总部,寿险团险,安徽,合肥,长丰支公司,网上交易,国寿养老险,2018-07-11,寿险团险,安徽,合肥,长丰支公司
CL1020737593,郑红鸣,身份证,340121********9124,CL9171,福寿嘉年103期,"50,000.00","50,000.00","50,000.49", ,,,34012179000038,,寿险团险,安徽,合肥,长丰支公司,养老险公司,总部,寿险团险,安徽,合肥,长丰支公司,网上交易,国寿养老险,2018-07-11,寿险团险,安徽,合肥,长丰支公司
CL1000295276,张玲玲,身份证,340702********002X,CL9171,福寿嘉年103期,"50,000.00",0.00,0.00, ,,,34070379001003,,寿险团险,安徽,铜陵,团拓部（城区）,养老险公司,总部,寿险团险,安徽,铜陵,团拓部（城区）,网上交易,国寿养老险,2018-07-11,寿险团险,安徽,铜陵,团拓部（城区）
CL1000295276,张玲玲,身份证,340702********002X,CL9171,福寿嘉年103期,"50,000.00","50,000.00","50,000.49", ,,,34070379001003,,寿险团险,安徽,铜陵,团拓部（城区）,养老险公司,总部,寿险团险,安徽,铜陵,团拓部（城区）,网上交易,国寿养老险,2018-07-11,寿险团险,安徽,铜陵,团拓部（城区）
CL1000295276,张玲玲,身份证,340702********002X,CL9171,福寿嘉年103期,"50,000.00","50,000.00","50,000.49", ,,,34070379001003,,寿险团险,安徽,铜陵,团拓部（城区）,养老险公司,总部,寿险团险,安徽,铜陵,团拓部（城区）,网上交易,国寿养老险,2018-07-11,寿险团险,安徽,铜陵,团拓部（城区）
CL1139973518,方世胄,身份证,342723********5058,CL9171,福寿嘉年103期,"20,000.00","20,000.00","20,000.19", ,,,34102179002102,,寿险团险,安徽,黄山,歙县支公司,,,寿险团险,安徽,黄山,歙县支公司,微信,国寿养老险,2018-07-11,寿险团险,安徽,黄山,歙县支公司
CL1000157119,翟大庆,身份证,340202********0518,CL9171,福寿嘉年103期,"75,000.00","75,000.00","75,000.73", ,,,34020179000036,,寿险团险,安徽,芜湖,团拓,养老险公司,总部,寿险团险,安徽,芜湖,团拓,网上交易,国寿养老险,2018-07-11,寿险团险,安徽,芜湖,团拓
CL1009429230,翟莲花,身份证,342623********6823,CL9171,福寿嘉年103期,"50,000.00","50,000.00","50,000.49", ,,,34021379000028,,寿险团险,安徽,芜湖,无为县支公司,养老险公司,总部,寿险团险,安徽,芜湖,无为县支公司,网上交易,国寿养老险,2018-07-11,寿险团险,安徽,芜湖,无为县支公司
CL1067056626,洪雪良,身份证,342723********1480,CL9171,福寿嘉年103期,"10,000.00",0.00,0.00, ,,,34100479000003,,寿险团险,安徽,黄山,徽州区支公司,,,寿险团险,安徽,黄山,徽州区支公司,微信,国寿养老险,2018-07-11,寿险团险,安徽,黄山,徽州区支公司
CL1067056626,洪雪良,身份证,342723********1480,CL9171,福寿嘉年103期,"20,000.00","20,000.00","20,000.19", ,,,34100479000003,,寿险团险,安徽,黄山,徽州区支公司,,,寿险团险,安徽,黄山,徽州区支公司,微信,国寿养老险,2018-07-11,寿险团险,安徽,黄山,徽州区支公司
CL1067056626,洪雪良,身份证,342723********1480,CL9171,福寿嘉年103期,"20,000.00","20,000.00","20,000.19", ,,,34100479000003,,寿险团险,安徽,黄山,徽州区支公司,,,寿险团险,安徽,黄山,徽州区支公司,微信,国寿养老险,2018-07-11,寿险团险,安徽,黄山,徽州区支公司
CL1000034120,江栋梁,身份证,342723********0017,CL9171,福寿嘉年103期,"50,000.00","50,000.00","50,000.49", ,,,34100279000003,,寿险团险,安徽,黄山,黄山市团拓部,,,寿险团险,安徽,黄山,黄山市团拓部,微信,国寿养老险,2018-07-11,寿险团险,安徽,黄山,黄山市团拓部
CL1000034120,江栋梁,身份证,342723********0017,CL9171,福寿嘉年103期,"50,000.00",0.00,0.00, ,,,34100279000003,,寿险团险,安徽,黄山,黄山市团拓部,,,寿险团险,安徽,黄山,黄山市团拓部,微信,国寿养老险,2018-07-11,寿险团险,安徽,黄山,黄山市团拓部
CL1113340320,方林,身份证,341102********2433,CL9171,福寿嘉年103期,"20,000.00","20,000.00","20,000.19", ,,,34110179000050,,寿险团险,安徽,滁州,团拓,养老险公司,总部,寿险团险,安徽,滁州,团拓,网上交易,国寿养老险,2018-07-11,寿险团险,安徽,滁州,团拓
CL1002722247,苏静,身份证,340403********0625,CL9171,福寿嘉年103期,"30,000.00","30,000.00","30,000.29", ,,,34041079000001,,寿险团险,安徽,淮南,潘集支公司,养老险公司,总部,寿险团险,安徽,淮南,潘集支公司,网上交易,国寿养老险,2018-07-11,寿险团险,安徽,淮南,潘集支公司
CL1013291306,程德群,身份证,342401********2220,CL9171,福寿嘉年103期,"50,000.00","50,000.00","50,000.49", ,,,34240179000073,,寿险团险,安徽,六安,团拓,养老险公司,总部,寿险团险,安徽,六安,团拓,网上交易,国寿养老险,2018-07-11,寿险团险,安徽,六安,团拓
CL1002843183,王忠明,身份证,342822********203X,CL9171,福寿嘉年103期,"20,000.00",0.00,0.00, ,,,34082179000003,,寿险团险,安徽,安庆,桐城,养老险公司,总部,寿险团险,安徽,安庆,桐城,网上交易,国寿养老险,2018-07-11,寿险团险,安徽,安庆,桐城
CL1002796350,范薇懿,身份证,340221********0020,CL9171,福寿嘉年103期,"100,000.00","100,000.00","100,000.97", ,,,34020379000014,,寿险团险,安徽,芜湖,芜湖县支公司,养老险公司,总部,寿险团险,安徽,芜湖,芜湖县支公司,网上交易,国寿养老险,2018-07-11,寿险团险,安徽,芜湖,芜湖县支公司
CL1011026732,吴小玲,身份证,340222********164X,CL9171,福寿嘉年103期,"50,000.00",0.00,0.00, ,,,34020479000044,,寿险团险,安徽,芜湖,繁昌支公司,养老险公司,总部,寿险团险,安徽,芜湖,繁昌支公司,网上交易,国寿养老险,2018-07-11,寿险团险,安徽,芜湖,繁昌支公司
CL1073932317,谢如月,身份证,342701********0423,CL9171,福寿嘉年103期,"20,000.00",0.00,0.00, ,,,34100379000010,,寿险团险,安徽,黄山,黄山区支公司,养老险公司,总部,寿险团险,安徽,黄山,黄山区支公司,网上交易,国寿养老险,2018-07-11,寿险团险,安徽,黄山,黄山区支公司
CL1073932317,谢如月,身份证,342701********0423,CL9171,福寿嘉年103期,"50,000.00","50,000.00","50,000.49", ,,,34100379000010,,寿险团险,安徽,黄山,黄山区支公司,养老险公司,总部,寿险团险,安徽,黄山,黄山区支公司,网上交易,国寿养老险,2018-07-11,寿险团险,安徽,黄山,黄山区支公司
CL1073932317,谢如月,身份证,342701********0423,CL9171,福寿嘉年103期,"50,000.00","50,000.00","50,000.49", ,,,34100379000010,,寿险团险,安徽,黄山,黄山区支公司,养老险公司,总部,寿险团险,安徽,黄山,黄山区支公司,网上交易,国寿养老险,2018-07-11,寿险团险,安徽,黄山,黄山区支公司
CL1139592240,张梦艺,身份证,342224********2022,CL9171,福寿嘉年103期,"50,000.00","50,000.00","50,000.49", ,,,34222479002415,,寿险团险,安徽,宿州,灵璧县支公司,养老险公司,总部,寿险团险,安徽,宿州,灵璧县支公司,网上交易,国寿养老险,2018-07-11,寿险团险,安徽,宿州,灵璧县支公司
CL1003061270,李强,身份证,340403********0455,CL9171,福寿嘉年103期,"50,000.00",0.00,0.00, ,,,34041179000035,,寿险团险,安徽,淮南,团拓部,养老险公司,总部,寿险团险,安徽,淮南,团拓部,网上交易,国寿养老险,2018-07-11,寿险团险,安徽,淮南,团拓部
CL1139973252,方万九,身份证,342723********5053,CL9171,福寿嘉年103期,"20,000.00","20,000.00","20,000.19", ,,,34100479000003,,寿险团险,安徽,黄山,徽州区支公司,,,寿险团险,安徽,黄山,徽州区支公司,微信,国寿养老险,2018-07-11,寿险团险,安徽,黄山,徽州区支公司
CL1139973252,方万九,身份证,342723********5053,CL9171,福寿嘉年103期,"20,000.00","20,000.00","20,000.19", ,,,34100479000003,,寿险团险,安徽,黄山,徽州区支公司,,,寿险团险,安徽,黄山,徽州区支公司,微信,国寿养老险,2018-07-11,寿险团险,安徽,黄山,徽州区支公司
CL1013113269,李向荣,身份证,342421********0622,CL9171,福寿嘉年103期,"20,000.00","20,000.00","20,000.19", ,,,34240179000073,,寿险团险,安徽,六安,团拓,养老险公司,总部,寿险团险,安徽,六安,团拓,网上交易,国寿养老险,2018-07-11,寿险团险,安徽,六安,团拓
CL1013113269,李向荣,身份证,342421********0622,CL9171,福寿嘉年103期,"20,000.00","20,000.00","20,000.19", ,,,34240179000073,,寿险团险,安徽,六安,团拓,养老险公司,总部,寿险团险,安徽,六安,团拓,网上交易,国寿养老险,2018-07-11,寿险团险,安徽,六安,团拓
CL1138723874,费甜甜,身份证,340402********0043,CL9171,福寿嘉年103期,"50,000.00","50,000.00","50,000.49", ,,,34041079000001,,寿险团险,安徽,淮南,潘集支公司,养老险公司,总部,寿险团险,安徽,淮南,潘集支公司,网上交易,国寿养老险,2018-07-11,寿险团险,安徽,淮南,潘集支公司
CL1065890906,周玉芬,身份证,340603********4420,CL9171,福寿嘉年103期,"10,000.00","10,000.00","10,000.10", ,,,34060279000036,,寿险团险,安徽,淮北,团拓,养老险公司,总部,寿险团险,安徽,淮北,团拓,网上交易,国寿养老险,2018-07-11,寿险团险,安徽,淮北,团拓
CL1008601363,黄竞辉,身份证,342529********0615,CL9171,福寿嘉年103期,"50,000.00","50,000.00","50,000.49", ,,,34252979000011,,寿险团险,安徽,宣城,泾县支公司,养老险公司,总部,寿险团险,安徽,宣城,泾县支公司,网上交易,国寿养老险,2018-07-11,寿险团险,安徽,宣城,泾县支公司
CL1018028587,董仕荣,身份证,340821********0046,CL9171,福寿嘉年103期,"50,000.00","50,000.00","50,000.49", ,,,34082179000003,,寿险团险,安徽,安庆,桐城,养老险公司,总部,寿险团险,安徽,安庆,桐城,网上交易,国寿养老险,2018-07-11,寿险团险,安徽,安庆,桐城
CL1135621137,李红玲,身份证,342623********8344,CL9171,福寿嘉年103期,"50,000.00",0.00,0.00, ,,,34021379000028,,寿险团险,安徽,芜湖,无为县支公司,养老险公司,总部,寿险团险,安徽,芜湖,无为县支公司,网上交易,国寿养老险,2018-07-11,寿险团险,安徽,芜湖,无为县支公司
CL1135621137,李红玲,身份证,342623********8344,CL9171,福寿嘉年103期,"50,000.00","50,000.00","50,000.49", ,,,34021379000028,,寿险团险,安徽,芜湖,无为县支公司,养老险公司,总部,寿险团险,安徽,芜湖,无为县支公司,网上交易,国寿养老险,2018-07-11,寿险团险,安徽,芜湖,无为县支公司
CL1000144858,马树林,身份证,342422********0201,CL9171,福寿嘉年103期,"450,000.00",0.00,0.00, ,,,34042279000019,,寿险团险,安徽,淮南,寿县支公司,养老险公司,总部,寿险团险,安徽,淮南,寿县支公司,网上交易,国寿养老险,2018-07-11,寿险团险,安徽,淮南,寿县支公司
CL1001075194,徐冬青,身份证,342222********0086,CL9171,福寿嘉年103期,"50,000.00","50,000.00","50,000.49", ,,,34222279000006,,寿险团险,安徽,宿州,萧县支公司,养老险公司,总部,寿险团险,安徽,宿州,萧县支公司,网上交易,国寿养老险,2018-07-11,寿险团险,安徽,宿州,萧县支公司
CL1000833283,孙方林,身份证,320322********0326,CL9171,福寿嘉年103期,"50,000.00",0.00,0.00, ,,,34060279000056,,寿险团险,安徽,淮北,团拓,养老险公司,总部,寿险团险,安徽,淮北,团拓,网上交易,国寿养老险,2018-07-11,寿险团险,安徽,淮北,团拓
CL1002705715,江敏,身份证,340403********0429,CL9171,福寿嘉年103期,"40,000.00",0.00,0.00, ,,,34041179000035,,寿险团险,安徽,淮南,团拓部,养老险公司,总部,寿险团险,安徽,淮南,团拓部,网上交易,国寿养老险,2018-07-11,寿险团险,安徽,淮南,团拓部
CL1001204826,王爱学,身份证,340104********2033,CL9171,福寿嘉年103期,"50,000.00",0.00,0.00, ,,,YL34000008,李娟娟,养老险公司,安徽,,,养老险公司,总部,养老险公司,安徽,,,网上交易,国寿养老险,2018-07-11,养老险公司,安徽,,
CL1001204826,王爱学,身份证,340104********2033,CL9171,福寿嘉年103期,"50,000.00",0.00,0.00, ,,,YL34000008,李娟娟,养老险公司,安徽,,,养老险公司,总部,养老险公司,安徽,,,网上交易,国寿养老险,2018-07-11,养老险公司,安徽,,
CL1000897576,杨道凤,身份证,340103********254X,CL9171,福寿嘉年103期,"150,000.00","150,000.00","150,001.46", ,,,34010579000002,,寿险团险,安徽,合肥,团险支公司,养老险公司,总部,寿险团险,安徽,合肥,团险支公司,网上交易,国寿养老险,2018-07-11,寿险团险,安徽,合肥,团险支公司
CL1014005724,黄凤珍,身份证,340503********0021,CL9171,福寿嘉年103期,"50,000.00","50,000.00","50,000.49", ,,,34050279000030,,寿险团险,安徽,马鞍山市,马鞍山市团拓部,养老险公司,总部,寿险团险,安徽,马鞍山市,马鞍山市团拓部,网上交易,国寿养老险,2018-07-11,寿险团险,安徽,马鞍山市,马鞍山市团拓部
CL1000841916,卞晓雯,身份证,342623********0046,CL9171,福寿嘉年103期,"50,000.00",0.00,0.00, ,,,34021379000028,,寿险团险,安徽,芜湖,无为县支公司,养老险公司,总部,寿险团险,安徽,芜湖,无为县支公司,网上交易,国寿养老险,2018-07-11,寿险团险,安徽,芜湖,无为县支公司
CL1069616751,姚升祥,身份证,340222********1332,CL9171,福寿嘉年103期,"27,000.00","27,000.00","27,000.26", ,,,34020479000044,,寿险团险,安徽,芜湖,繁昌支公司,养老险公司,总部,寿险团险,安徽,芜湖,繁昌支公司,网上交易,国寿养老险,2018-07-11,寿险团险,安徽,芜湖,繁昌支公司
CL1135256249,张倩君,身份证,341002********0424,CL9171,福寿嘉年103期,"50,000.00",0.00,0.00, ,,,34100279000014,,寿险团险,安徽,黄山,黄山市团拓部,养老险公司,总部,寿险团险,安徽,黄山,黄山市团拓部,网上交易,国寿养老险,2018-07-11,寿险团险,安徽,黄山,黄山市团拓部
CL1139383558,高红焕,身份证,340406********3245,CL9171,福寿嘉年103期,"500,000.00","500,000.00","500,004.86", ,,,34040471000022,,寿险团险,安徽,淮南,谢家集支公司,养老险公司,总部,寿险团险,安徽,淮南,谢家集支公司,网上交易,国寿养老险,2018-07-11,寿险团险,安徽,淮南,谢家集支公司
CL1139736808,周昌文,身份证,340721********3915,CL9171,福寿嘉年103期,"10,000.00","10,000.00","10,000.10", ,,,34070379001002,,寿险团险,安徽,铜陵,团拓部（城区）,养老险公司,总部,寿险团险,安徽,铜陵,团拓部（城区）,网上交易,国寿养老险,2018-07-11,寿险团险,安徽,铜陵,团拓部（城区）
CL1118525101,陈菽艳,身份证,342523********0020,CL9171,福寿嘉年103期,"30,000.00","30,000.00","30,000.29", ,,,34252379000001,,寿险团险,安徽,宣城,广德支公司,养老险公司,总部,寿险团险,安徽,宣城,广德支公司,网上交易,国寿养老险,2018-07-11,寿险团险,安徽,宣城,广德支公司
CL1118525101,陈菽艳,身份证,342523********0020,CL9171,福寿嘉年103期,"50,000.00","50,000.00","50,000.49", ,,,34252379000001,,寿险团险,安徽,宣城,广德支公司,养老险公司,总部,寿险团险,安徽,宣城,广德支公司,网上交易,国寿养老险,2018-07-11,寿险团险,安徽,宣城,广德支公司
CL1008561831,段东梅,身份证,340406********0045,CL9171,福寿嘉年103期,"250,000.00",0.00,0.00, ,,,34041179000019,,寿险团险,安徽,淮南,团拓部,养老险公司,总部,寿险团险,安徽,淮南,团拓部,网上交易,国寿养老险,2018-07-11,寿险团险,安徽,淮南,团拓部
CL1002794474,余凤玲,身份证,342726********2044,CL9171,福寿嘉年103期,"30,000.00","30,000.00","30,000.29", ,,,34102479000017,,寿险团险,安徽,黄山,祁门支公司,,,寿险团险,安徽,黄山,祁门支公司,微信,国寿养老险,2018-07-11,寿险团险,安徽,黄山,祁门支公司
CL1003098077,桂祥梅,身份证,340702********0024,CL9171,福寿嘉年103期,"50,000.00","50,000.00","50,000.49", ,,,34070379001002,,寿险团险,安徽,铜陵,团拓部（城区）,养老险公司,总部,寿险团险,安徽,铜陵,团拓部（城区）,网上交易,国寿养老险,2018-07-11,寿险团险,安徽,铜陵,团拓部（城区）
CL1008837543,李明,身份证,340121********002X,CL9171,福寿嘉年103期,"10,000.00",0.00,0.00, ,,,34012179000035,,寿险团险,安徽,合肥,长丰支公司,养老险公司,总部,寿险团险,安徽,合肥,长丰支公司,网上交易,国寿养老险,2018-07-11,寿险团险,安徽,合肥,长丰支公司
CL1139973552,傅春英,身份证,342725********6045,CL9171,福寿嘉年103期,"50,000.00",0.00,0.00, ,,,34102371000003,,寿险团险,安徽,黄山,黟县支公司,,,寿险团险,安徽,黄山,黟县支公司,APP,国寿养老险,2018-07-11,寿险团险,安徽,黄山,黟县支公司
CL1004276551,于文君,身份证,340322********0028,CL9171,福寿嘉年103期,"50,000.00",0.00,0.00, ,,,34032279000019,,寿险团险,安徽,蚌埠,五河县支公司,,,寿险团险,安徽,蚌埠,五河县支公司,APP,国寿养老险,2018-07-11,寿险团险,安徽,蚌埠,五河县支公司
CL1004276551,于文君,身份证,340322********0028,CL9171,福寿嘉年103期,"50,000.00",0.00,0.00, ,,,34032279000019,,寿险团险,安徽,蚌埠,五河县支公司,,,寿险团险,安徽,蚌埠,五河县支公司,APP,国寿养老险,2018-07-11,寿险团险,安徽,蚌埠,五河县支公司
CL1138301016,范咏,身份证,341021********0027,CL9171,福寿嘉年103期,"50,000.00","50,000.00","50,000.49", ,,,34100279000014,,寿险团险,安徽,黄山,黄山市团拓部,养老险公司,总部,寿险团险,安徽,黄山,黄山市团拓部,网上交易,国寿养老险,2018-07-11,寿险团险,安徽,黄山,黄山市团拓部
CL1009308272,叶明亮,身份证,340821********3514,CL9171,福寿嘉年103期,"50,000.00","50,000.00","50,000.49", ,,,34082179000003,,寿险团险,安徽,安庆,桐城,,,寿险团险,安徽,安庆,桐城,APP,国寿养老险,2018-07-11,寿险团险,安徽,安庆,桐城
CL1009308272,叶明亮,身份证,340821********3514,CL9171,福寿嘉年103期,"50,000.00",0.00,0.00, ,,,34082179000003,,寿险团险,安徽,安庆,桐城,,,寿险团险,安徽,安庆,桐城,APP,国寿养老险,2018-07-11,寿险团险,安徽,安庆,桐城
CL1139200161,余望之,身份证,340204********2646,CL9171,福寿嘉年103期,"50,000.00","50,000.00","50,000.49", ,,,34020679000027,,寿险团险,安徽,芜湖,开发区支公司,养老险公司,总部,寿险团险,安徽,芜湖,开发区支公司,网上交易,国寿养老险,2018-07-11,寿险团险,安徽,芜湖,开发区支公司
CL1000678386,凌香云,身份证,340102********3520,CL9171,福寿嘉年103期,"30,000.00","30,000.00","30,000.29", ,,,34010579000140,,寿险团险,安徽,合肥,团险支公司,养老险公司,总部,寿险团险,安徽,合肥,团险支公司,网上交易,国寿养老险,2018-07-11,寿险团险,安徽,合肥,团险支公司
CL1009589735,朱怀英,身份证,340222********0029,CL9171,福寿嘉年103期,"50,000.00","50,000.00","50,000.49", ,,,34020479000044,,寿险团险,安徽,芜湖,繁昌支公司,养老险公司,总部,寿险团险,安徽,芜湖,繁昌支公司,网上交易,国寿养老险,2018-07-11,寿险团险,安徽,芜湖,繁昌支公司
CL1009589735,朱怀英,身份证,340222********0029,CL9171,福寿嘉年103期,"50,000.00",0.00,0.00, ,,,34020479000044,,寿险团险,安徽,芜湖,繁昌支公司,养老险公司,总部,寿险团险,安徽,芜湖,繁昌支公司,网上交易,国寿养老险,2018-07-11,寿险团险,安徽,芜湖,繁昌支公司
CL1009589735,朱怀英,身份证,340222********0029,CL9171,福寿嘉年103期,"50,000.00","50,000.00","50,000.49", ,,,34020479000044,,寿险团险,安徽,芜湖,繁昌支公司,养老险公司,总部,寿险团险,安徽,芜湖,繁昌支公司,网上交易,国寿养老险,2018-07-11,寿险团险,安徽,芜湖,繁昌支公司
CL1009589735,朱怀英,身份证,340222********0029,CL9171,福寿嘉年103期,"50,000.00","50,000.00","50,000.49", ,,,34020479000044,,寿险团险,安徽,芜湖,繁昌支公司,养老险公司,总部,寿险团险,安徽,芜湖,繁昌支公司,网上交易,国寿养老险,2018-07-11,寿险团险,安徽,芜湖,繁昌支公司
CL1002796450,宋永辉,身份证,342700********0837,CL9171,福寿嘉年103期,"20,000.00","20,000.00","20,000.19", ,,,34100479000003,,寿险团险,安徽,黄山,徽州区支公司,,,寿险团险,安徽,黄山,徽州区支公司,微信,国寿养老险,2018-07-11,寿险团险,安徽,黄山,徽州区支公司
CL1139198024,包策,身份证,342901********7429,CL9171,福寿嘉年103期,"20,000.00","20,000.00","20,000.19", ,,,34290179000078,,寿险团险,安徽,池州,城区团拓部,养老险公司,总部,寿险团险,安徽,池州,城区团拓部,网上交易,国寿养老险,2018-07-11,寿险团险,安徽,池州,城区团拓部
CL1000052739,周桃云,身份证,340702********7520,CL9171,福寿嘉年103期,"50,000.00","50,000.00","50,000.49", ,,,34070379000031,,寿险团险,安徽,铜陵,团拓部（城区）,养老险公司,总部,寿险团险,安徽,铜陵,团拓部（城区）,网上交易,国寿养老险,2018-07-11,寿险团险,安徽,铜陵,团拓部（城区）
CL1003332598,张小玲,身份证,340828********2025,CL9171,福寿嘉年103期,"50,000.00","50,000.00","50,000.49", ,,,34082879008009,,寿险团险,安徽,安庆,岳西,养老险公司,总部,寿险团险,安徽,安庆,岳西,网上交易,国寿养老险,2018-07-11,寿险团险,安徽,安庆,岳西
CL1003332598,张小玲,身份证,340828********2025,CL9171,福寿嘉年103期,"20,000.00","20,000.00","20,000.19", ,,,34082879008009,,寿险团险,安徽,安庆,岳西,养老险公司,总部,寿险团险,安徽,安庆,岳西,网上交易,国寿养老险,2018-07-11,寿险团险,安徽,安庆,岳西

