﻿FUND_ACCT,CUST_NAME,CERT_TYPE,CERT_NO,FUND_CODE,FUND_NAME,APP_MONEY,ACK_MONEY,ACK_SHARE,INVITECODE,COMPANY_INVITE,BRANCH_INVITE_NEW,REFERID,CUSTNAME_REFER,COMPANY_REFER,BRANCH_REFER_NEW,CT_REFER,CR_REFER,COMPANY_ORG,ORGNAME,SALE_COMPANY_NAME_DTL,SALE_BRANCH_NAME,SALE_CT_NAME,SALE_CR_NAME,ACCEPT_METHOD,AGENCY_NAME,ACK_DATE,SALE_COMPANY_NAME_FEE,SALE_BRANCH_NAME_FEE1,SALE_CT_NAME_FEE,SALE_CR_NAME_FEE
CL1144233712,王本芳,身份证,342422********0364,CL9173,福寿嘉年105期,"20,000.00","20,000.00","20,000.00", ,,,34042279000036,,寿险团险,安徽,淮南,寿县支公司,养老险公司,总部,寿险团险,安徽,淮南,寿县支公司,网上交易,国寿养老险,2018-08-30,寿险团险,安徽,淮南,寿县支公司
CL1003413132,张惠武,身份证,340123********0022,CL9173,福寿嘉年105期,"50,000.00","50,000.00","50,000.49",902556,养老险公司,安徽,34011379000001,,寿险团险,安徽,合肥,团险拓展部,养老险公司,总部,养老险公司,安徽,,,网上交易,国寿养老险,2018-08-30,寿险团险,安徽,合肥,团险拓展部
CL1137219979,毛慧英,身份证,342326********002X,CL9173,福寿嘉年105期,"20,000.00","20,000.00","20,000.00", ,,,34110179000050,,寿险团险,安徽,滁州,团拓,养老险公司,总部,寿险团险,安徽,滁州,团拓,网上交易,国寿养老险,2018-08-30,寿险团险,安徽,滁州,团拓
CL1000016477,许萍,身份证,342425********0188,CL9173,福寿嘉年105期,"50,000.00","50,000.00","50,000.49",902556,养老险公司,安徽,34240179000022,,寿险团险,安徽,六安,团拓,养老险公司,总部,养老险公司,安徽,,,网上交易,国寿养老险,2018-08-30,寿险团险,安徽,六安,团拓
CL1000044895,李惠芬,身份证,340702********0029,CL9173,福寿嘉年105期,"10,000.00","10,000.00","10,000.10",902556,养老险公司,安徽,34070379001002,,寿险团险,安徽,铜陵,团拓部（城区）,养老险公司,总部,养老险公司,安徽,,,网上交易,国寿养老险,2018-08-30,寿险团险,安徽,铜陵,团拓部（城区）
CL1009637323,曹国芝,身份证,342426********0023,CL9173,福寿嘉年105期,"20,000.00","20,000.00","20,000.19",902556,养老险公司,安徽,34242679000001,,寿险团险,安徽,六安,金寨,养老险公司,总部,养老险公司,安徽,,,网上交易,国寿养老险,2018-08-30,寿险团险,安徽,六安,金寨
CL1015342237,汪秀萍,身份证,341021********2268,CL9173,福寿嘉年105期,"30,000.00","30,000.00","30,000.00",902556,养老险公司,安徽,34102179002102,,寿险团险,安徽,黄山,歙县支公司,养老险公司,总部,养老险公司,安徽,,,网上交易,国寿养老险,2018-08-30,寿险团险,安徽,黄山,歙县支公司
CL1144513306,方智,身份证,342401********0064,CL9173,福寿嘉年105期,"50,000.00","50,000.00","50,000.49",902556,养老险公司,安徽,34240179000022,,寿险团险,安徽,六安,团拓,养老险公司,总部,养老险公司,安徽,,,网上交易,国寿养老险,2018-08-30,寿险团险,安徽,六安,团拓
CL1144513306,方智,身份证,342401********0064,CL9173,福寿嘉年105期,"50,000.00","50,000.00","50,000.49",902556,养老险公司,安徽,34240179000022,,寿险团险,安徽,六安,团拓,养老险公司,总部,养老险公司,安徽,,,网上交易,国寿养老险,2018-08-30,寿险团险,安徽,六安,团拓
CL1144513306,方智,身份证,342401********0064,CL9173,福寿嘉年105期,"40,000.00","40,000.00","40,000.39",902556,养老险公司,安徽,34240179000022,,寿险团险,安徽,六安,团拓,养老险公司,总部,养老险公司,安徽,,,网上交易,国寿养老险,2018-08-30,寿险团险,安徽,六安,团拓
CL1144513306,方智,身份证,342401********0064,CL9173,福寿嘉年105期,"50,000.00","50,000.00","50,000.49",902556,养老险公司,安徽,34240179000022,,寿险团险,安徽,六安,团拓,养老险公司,总部,养老险公司,安徽,,,网上交易,国寿养老险,2018-08-30,寿险团险,安徽,六安,团拓
CL1144513306,方智,身份证,342401********0064,CL9173,福寿嘉年105期,"10,000.00","10,000.00","10,000.10",902556,养老险公司,安徽,34240179000022,,寿险团险,安徽,六安,团拓,养老险公司,总部,养老险公司,安徽,,,网上交易,国寿养老险,2018-08-30,寿险团险,安徽,六安,团拓
CL1144515337,朱良堂,身份证,342529********0011,CL9173,福寿嘉年105期,"50,000.00","50,000.00","50,000.00", ,,,34252979000011,,寿险团险,安徽,宣城,泾县支公司,养老险公司,总部,寿险团险,安徽,宣城,泾县支公司,网上交易,国寿养老险,2018-08-30,寿险团险,安徽,宣城,泾县支公司
CL1144641009,杨新平,身份证,342130********0427,CL9173,福寿嘉年105期,"20,000.00","20,000.00","20,000.00", ,,,34213079001089,,寿险团险,安徽,亳州,利辛县公司,养老险公司,总部,寿险团险,安徽,亳州,利辛县公司,网上交易,国寿养老险,2018-08-30,寿险团险,安徽,亳州,利辛县公司
CL1144641009,杨新平,身份证,342130********0427,CL9173,福寿嘉年105期,"20,000.00","20,000.00","20,000.00", ,,,34213079001089,,寿险团险,安徽,亳州,利辛县公司,养老险公司,总部,寿险团险,安徽,亳州,利辛县公司,网上交易,国寿养老险,2018-08-30,寿险团险,安徽,亳州,利辛县公司
CL1144514672,洪秋芬,身份证,342701********0026,CL9173,福寿嘉年105期,"20,000.00","20,000.00","20,000.19",902556,养老险公司,安徽,34100279000003,,寿险团险,安徽,黄山,黄山市团拓部,,,养老险公司,安徽,,,微信,国寿养老险,2018-08-30,寿险团险,安徽,黄山,黄山市团拓部
CL1144514672,洪秋芬,身份证,342701********0026,CL9173,福寿嘉年105期,"20,000.00","20,000.00","20,000.19",902556,养老险公司,安徽,34100279000003,,寿险团险,安徽,黄山,黄山市团拓部,,,养老险公司,安徽,,,微信,国寿养老险,2018-08-30,寿险团险,安徽,黄山,黄山市团拓部
CL1144514672,洪秋芬,身份证,342701********0026,CL9173,福寿嘉年105期,"20,000.00","20,000.00","20,000.19",902556,养老险公司,安徽,34100279000003,,寿险团险,安徽,黄山,黄山市团拓部,,,养老险公司,安徽,,,微信,国寿养老险,2018-08-30,寿险团险,安徽,黄山,黄山市团拓部
CL1144514672,洪秋芬,身份证,342701********0026,CL9173,福寿嘉年105期,"20,000.00","20,000.00","20,000.19",902556,养老险公司,安徽,34100279000003,,寿险团险,安徽,黄山,黄山市团拓部,,,养老险公司,安徽,,,微信,国寿养老险,2018-08-30,寿险团险,安徽,黄山,黄山市团拓部
CL1144514672,洪秋芬,身份证,342701********0026,CL9173,福寿嘉年105期,"20,000.00","20,000.00","20,000.19",902556,养老险公司,安徽,34100279000003,,寿险团险,安徽,黄山,黄山市团拓部,,,养老险公司,安徽,,,微信,国寿养老险,2018-08-30,寿险团险,安徽,黄山,黄山市团拓部
CL1144514672,洪秋芬,身份证,342701********0026,CL9173,福寿嘉年105期,"20,000.00","20,000.00","20,000.19",902556,养老险公司,安徽,34100279000003,,寿险团险,安徽,黄山,黄山市团拓部,,,养老险公司,安徽,,,微信,国寿养老险,2018-08-30,寿险团险,安徽,黄山,黄山市团拓部
CL1144514672,洪秋芬,身份证,342701********0026,CL9173,福寿嘉年105期,"20,000.00","20,000.00","20,000.19",902556,养老险公司,安徽,34100279000003,,寿险团险,安徽,黄山,黄山市团拓部,,,养老险公司,安徽,,,微信,国寿养老险,2018-08-30,寿险团险,安徽,黄山,黄山市团拓部
CL1144514672,洪秋芬,身份证,342701********0026,CL9173,福寿嘉年105期,"20,000.00","20,000.00","20,000.19",902556,养老险公司,安徽,34100279000003,,寿险团险,安徽,黄山,黄山市团拓部,,,养老险公司,安徽,,,微信,国寿养老险,2018-08-30,寿险团险,安徽,黄山,黄山市团拓部
CL1144514672,洪秋芬,身份证,342701********0026,CL9173,福寿嘉年105期,"20,000.00","20,000.00","20,000.19",902556,养老险公司,安徽,34100279000003,,寿险团险,安徽,黄山,黄山市团拓部,,,养老险公司,安徽,,,微信,国寿养老险,2018-08-30,寿险团险,安徽,黄山,黄山市团拓部
CL1144514672,洪秋芬,身份证,342701********0026,CL9173,福寿嘉年105期,"20,000.00","20,000.00","20,000.19",902556,养老险公司,安徽,34100279000003,,寿险团险,安徽,黄山,黄山市团拓部,,,养老险公司,安徽,,,微信,国寿养老险,2018-08-30,寿险团险,安徽,黄山,黄山市团拓部
CL1144514672,洪秋芬,身份证,342701********0026,CL9173,福寿嘉年105期,"20,000.00","20,000.00","20,000.19",902556,养老险公司,安徽,34100279000003,,寿险团险,安徽,黄山,黄山市团拓部,,,养老险公司,安徽,,,微信,国寿养老险,2018-08-30,寿险团险,安徽,黄山,黄山市团拓部
CL1144514672,洪秋芬,身份证,342701********0026,CL9173,福寿嘉年105期,"20,000.00","20,000.00","20,000.19",902556,养老险公司,安徽,34100279000003,,寿险团险,安徽,黄山,黄山市团拓部,,,养老险公司,安徽,,,微信,国寿养老险,2018-08-30,寿险团险,安徽,黄山,黄山市团拓部
CL1144514672,洪秋芬,身份证,342701********0026,CL9173,福寿嘉年105期,"20,000.00","20,000.00","20,000.19",902556,养老险公司,安徽,34100279000003,,寿险团险,安徽,黄山,黄山市团拓部,,,养老险公司,安徽,,,微信,国寿养老险,2018-08-30,寿险团险,安徽,黄山,黄山市团拓部
CL1144514672,洪秋芬,身份证,342701********0026,CL9173,福寿嘉年105期,"20,000.00","20,000.00","20,000.19",902556,养老险公司,安徽,34100279000003,,寿险团险,安徽,黄山,黄山市团拓部,,,养老险公司,安徽,,,微信,国寿养老险,2018-08-30,寿险团险,安徽,黄山,黄山市团拓部
CL1144514672,洪秋芬,身份证,342701********0026,CL9173,福寿嘉年105期,"20,000.00","20,000.00","20,000.19",902556,养老险公司,安徽,34100279000003,,寿险团险,安徽,黄山,黄山市团拓部,,,养老险公司,安徽,,,微信,国寿养老险,2018-08-30,寿险团险,安徽,黄山,黄山市团拓部
CL1122322709,李继锋,身份证,340621********0362,CL9173,福寿嘉年105期,"47,000.00","47,000.00","47,000.00", ,,,34060279000036,,寿险团险,安徽,淮北,团拓,养老险公司,总部,寿险团险,安徽,淮北,团拓,网上交易,国寿养老险,2018-08-30,寿险团险,安徽,淮北,团拓
CL1027312107,熊仲金,身份证,342321********0016,CL9173,福寿嘉年105期,"50,000.00",0.00,0.00, ,,,34118179000073,,寿险团险,安徽,滁州,天长,养老险公司,总部,寿险团险,安徽,滁州,天长,网上交易,国寿养老险,2018-08-30,寿险团险,安徽,滁州,天长
CL1002668257,王歆冉,身份证,342401********0328,CL9173,福寿嘉年105期,"50,000.00","50,000.00","50,000.49",902556,养老险公司,安徽,34240179000073,,寿险团险,安徽,六安,团拓,养老险公司,总部,养老险公司,安徽,,,网上交易,国寿养老险,2018-08-30,寿险团险,安徽,六安,团拓
CL1125272677,王玉,身份证,340304********0028,CL9173,福寿嘉年105期,"20,000.00","20,000.00","20,000.19",902556,养老险公司,安徽,34031079000023,,寿险团险,安徽,蚌埠,团拓,养老险公司,总部,养老险公司,安徽,,,网上交易,国寿养老险,2018-08-30,寿险团险,安徽,蚌埠,团拓
CL1006325940,陈莉,身份证,340102********2561,CL9173,福寿嘉年105期,"150,000.00","150,000.00","150,001.46",902556,养老险公司,安徽,34010579000141,,寿险团险,安徽,合肥,团险支公司,养老险公司,总部,养老险公司,安徽,,,网上交易,国寿养老险,2018-08-30,寿险团险,安徽,合肥,团险支公司
CL1009646366,李明忠,身份证,340304********0432,CL9173,福寿嘉年105期,"50,000.00","50,000.00","50,000.49",902556,养老险公司,安徽,34031079000023,,寿险团险,安徽,蚌埠,团拓,养老险公司,总部,养老险公司,安徽,,,网上交易,国寿养老险,2018-08-30,寿险团险,安徽,蚌埠,团拓
CL1113342962,胡婧雯,身份证,342401********1525,CL9173,福寿嘉年105期,"20,000.00","20,000.00","20,000.00",902556,养老险公司,安徽,34240179000073,,寿险团险,安徽,六安,团拓,养老险公司,总部,养老险公司,安徽,,,网上交易,国寿养老险,2018-08-30,寿险团险,安徽,六安,团拓
CL1113342962,胡婧雯,身份证,342401********1525,CL9173,福寿嘉年105期,"180,000.00","180,000.00","180,000.00",902556,养老险公司,安徽,34240179000073,,寿险团险,安徽,六安,团拓,养老险公司,总部,养老险公司,安徽,,,网上交易,国寿养老险,2018-08-30,寿险团险,安徽,六安,团拓
CL1000084386,高松,身份证,342401********1111,CL9173,福寿嘉年105期,"50,000.00","50,000.00","50,000.49",902556,养老险公司,安徽,34240179000022,,寿险团险,安徽,六安,团拓,养老险公司,总部,养老险公司,安徽,,,网上交易,国寿养老险,2018-08-30,寿险团险,安徽,六安,团拓
CL1024205545,张皊,身份证,340603********1029,CL9173,福寿嘉年105期,"30,000.00","30,000.00","30,000.00", ,,,34062179000030,,寿险团险,安徽,淮北,濉溪县公司,养老险公司,总部,寿险团险,安徽,淮北,濉溪县公司,网上交易,国寿养老险,2018-08-30,寿险团险,安徽,淮北,濉溪县公司
CL1000084386,高松,身份证,342401********1111,CL9173,福寿嘉年105期,"50,000.00","50,000.00","50,000.49",902556,养老险公司,安徽,34240179000022,,寿险团险,安徽,六安,团拓,养老险公司,总部,养老险公司,安徽,,,网上交易,国寿养老险,2018-08-30,寿险团险,安徽,六安,团拓
CL1144513240,方芳,身份证,342401********3926,CL9173,福寿嘉年105期,"150,000.00","150,000.00","150,001.46",902556,养老险公司,安徽,34240179000073,,寿险团险,安徽,六安,团拓,养老险公司,总部,养老险公司,安徽,,,网上交易,国寿养老险,2018-08-30,寿险团险,安徽,六安,团拓
CL1144513240,方芳,身份证,342401********3926,CL9173,福寿嘉年105期,"150,000.00","150,000.00","150,001.46",902556,养老险公司,安徽,34240179000073,,寿险团险,安徽,六安,团拓,养老险公司,总部,养老险公司,安徽,,,网上交易,国寿养老险,2018-08-30,寿险团险,安徽,六安,团拓
CL1144513240,方芳,身份证,342401********3926,CL9173,福寿嘉年105期,"50,000.00","50,000.00","50,000.49",902556,养老险公司,安徽,34240179000073,,寿险团险,安徽,六安,团拓,养老险公司,总部,养老险公司,安徽,,,网上交易,国寿养老险,2018-08-30,寿险团险,安徽,六安,团拓
CL1144513240,方芳,身份证,342401********3926,CL9173,福寿嘉年105期,"150,000.00","150,000.00","150,001.46",902556,养老险公司,安徽,34240179000073,,寿险团险,安徽,六安,团拓,养老险公司,总部,养老险公司,安徽,,,网上交易,国寿养老险,2018-08-30,寿险团险,安徽,六安,团拓
CL1011254765,余少敏,身份证,341122********0222,CL9173,福寿嘉年105期,"50,000.00","50,000.00","50,000.00", ,,,34110179000050,,寿险团险,安徽,滁州,团拓,养老险公司,总部,寿险团险,安徽,滁州,团拓,网上交易,国寿养老险,2018-08-30,寿险团险,安徽,滁州,团拓
CL1144233934,盛玉梅,身份证,340224********0729,CL9173,福寿嘉年105期,"50,000.00",0.00,0.00, ,,,34292313401493,,寿险团险,安徽,池州,青阳支公司,养老险公司,总部,寿险团险,安徽,池州,青阳支公司,网上交易,国寿养老险,2018-08-30,寿险团险,安徽,池州,青阳支公司
CL1021374307,张允允,身份证,342222********0425,CL9173,福寿嘉年105期,"10,000.00","10,000.00","10,000.10",902556,养老险公司,安徽,34240179000022,,寿险团险,安徽,六安,团拓,养老险公司,总部,养老险公司,安徽,,,网上交易,国寿养老险,2018-08-30,寿险团险,安徽,六安,团拓
CL1021374307,张允允,身份证,342222********0425,CL9173,福寿嘉年105期,"20,000.00","20,000.00","20,000.19",902556,养老险公司,安徽,34240179000022,,寿险团险,安徽,六安,团拓,养老险公司,总部,养老险公司,安徽,,,网上交易,国寿养老险,2018-08-30,寿险团险,安徽,六安,团拓
CL1021374307,张允允,身份证,342222********0425,CL9173,福寿嘉年105期,"30,000.00","30,000.00","30,000.29",902556,养老险公司,安徽,34240179000022,,寿险团险,安徽,六安,团拓,养老险公司,总部,养老险公司,安徽,,,网上交易,国寿养老险,2018-08-30,寿险团险,安徽,六安,团拓
CL1138553785,程宏斌,身份证,340123********8250,CL9173,福寿嘉年105期,"10,000.00","10,000.00","10,000.10",902556,养老险公司,安徽,34010579000140,,寿险团险,安徽,合肥,团险支公司,养老险公司,总部,养老险公司,安徽,,,网上交易,国寿养老险,2018-08-30,寿险团险,安徽,合肥,团险支公司
CL1138553785,程宏斌,身份证,340123********8250,CL9173,福寿嘉年105期,"10,000.00","10,000.00","10,000.00",902556,养老险公司,安徽,34010579000140,,寿险团险,安徽,合肥,团险支公司,养老险公司,总部,养老险公司,安徽,,,网上交易,国寿养老险,2018-08-30,寿险团险,安徽,合肥,团险支公司
CL1072457617,方柏英,身份证,342723********0547,CL9173,福寿嘉年105期,"50,000.00","50,000.00","50,000.49",902556,养老险公司,安徽,34100279000014,,寿险团险,安徽,黄山,黄山市团拓部,养老险公司,总部,养老险公司,安徽,,,网上交易,国寿养老险,2018-08-30,寿险团险,安徽,黄山,黄山市团拓部
CL1009356985,朱丽陵,身份证,340223********0027,CL9173,福寿嘉年105期,"12,000.00","12,000.00","12,000.00", ,,,34020579000042,,寿险团险,安徽,芜湖,南陵支公司,,,寿险团险,安徽,芜湖,南陵支公司,APP,国寿养老险,2018-08-30,寿险团险,安徽,芜湖,南陵支公司
CL1108346385,李云兰,身份证,340302********0227,CL9173,福寿嘉年105期,"50,000.00","50,000.00","50,000.49",902556,养老险公司,安徽,34031079000016,,寿险团险,安徽,蚌埠,团拓,养老险公司,总部,养老险公司,安徽,,,网上交易,国寿养老险,2018-08-30,寿险团险,安徽,蚌埠,团拓
CL1108346385,李云兰,身份证,340302********0227,CL9173,福寿嘉年105期,"30,000.00","30,000.00","30,000.29",902556,养老险公司,安徽,34031079000016,,寿险团险,安徽,蚌埠,团拓,养老险公司,总部,养老险公司,安徽,,,网上交易,国寿养老险,2018-08-30,寿险团险,安徽,蚌埠,团拓
CL1000244222,鲍玮玮,身份证,342425********0223,CL9173,福寿嘉年105期,"21,000.00","21,000.00","21,000.20",902556,养老险公司,安徽,34242579000011,,寿险团险,安徽,六安,舒城,养老险公司,总部,养老险公司,安徽,,,网上交易,国寿养老险,2018-08-30,寿险团险,安徽,六安,舒城
CL1009647332,刘国海,身份证,320111********9510,CL9173,福寿嘉年105期,"10,000.00","10,000.00","10,000.10",902556,养老险公司,安徽,34031079000023,,寿险团险,安徽,蚌埠,团拓,养老险公司,总部,养老险公司,安徽,,,网上交易,国寿养老险,2018-08-30,寿险团险,安徽,蚌埠,团拓
CL1000668277,花明,身份证,342529********3010,CL9173,福寿嘉年105期,"50,000.00","50,000.00","50,000.00", ,,,34252979000011,,寿险团险,安徽,宣城,泾县支公司,养老险公司,总部,寿险团险,安徽,宣城,泾县支公司,网上交易,国寿养老险,2018-08-30,寿险团险,安徽,宣城,泾县支公司
CL1144235121,张虹,身份证,342401********0060,CL9173,福寿嘉年105期,"50,000.00","50,000.00","50,000.49",902556,养老险公司,安徽,34240179000022,,寿险团险,安徽,六安,团拓,养老险公司,总部,养老险公司,安徽,,,网上交易,国寿养老险,2018-08-30,寿险团险,安徽,六安,团拓
CL1144235121,张虹,身份证,342401********0060,CL9173,福寿嘉年105期,"50,000.00","50,000.00","50,000.49",902556,养老险公司,安徽,34240179000022,,寿险团险,安徽,六安,团拓,养老险公司,总部,养老险公司,安徽,,,网上交易,国寿养老险,2018-08-30,寿险团险,安徽,六安,团拓
CL1014927632,陈敏,身份证,342401********2280,CL9173,福寿嘉年105期,"20,000.00","20,000.00","20,000.19",902556,养老险公司,安徽,34242279000073,,寿险团险,安徽,,,养老险公司,总部,养老险公司,安徽,,,网上交易,国寿养老险,2018-08-30,寿险团险,安徽,,
CL1000243823,郑莉,身份证,342427********442X,CL9173,福寿嘉年105期,"50,000.00","50,000.00","50,000.49",902556,养老险公司,安徽,34242779000032,,寿险团险,安徽,六安,霍山,养老险公司,总部,养老险公司,安徽,,,网上交易,国寿养老险,2018-08-30,寿险团险,安徽,六安,霍山
CL1000243823,郑莉,身份证,342427********442X,CL9173,福寿嘉年105期,"50,000.00","50,000.00","50,000.00",902556,养老险公司,安徽,34242779000023,,寿险团险,安徽,六安,霍山,养老险公司,总部,养老险公司,安徽,,,网上交易,国寿养老险,2018-08-30,寿险团险,安徽,六安,霍山
CL1008671192,闫光辉,身份证,340121********0071,CL9173,福寿嘉年105期,"50,000.00","50,000.00","50,000.49",902556,养老险公司,安徽,34012179000038,,寿险团险,安徽,合肥,长丰支公司,养老险公司,总部,养老险公司,安徽,,,网上交易,国寿养老险,2018-08-30,寿险团险,安徽,合肥,长丰支公司
CL1002630673,蒋玲,身份证,340222********004X,CL9173,福寿嘉年105期,"50,000.00","50,000.00","50,000.00", ,,,34020479000040,,寿险团险,安徽,芜湖,繁昌支公司,养老险公司,总部,寿险团险,安徽,芜湖,繁昌支公司,网上交易,国寿养老险,2018-08-30,寿险团险,安徽,芜湖,繁昌支公司
CL1144513506,王璐璐,身份证,342426********0024,CL9173,福寿嘉年105期,"25,000.00","25,000.00","25,000.24",902556,养老险公司,安徽,YL34000026,何李,养老险公司,安徽,,,,,养老险公司,安徽,,,微信,国寿养老险,2018-08-30,养老险公司,安徽,,
CL1000234579,孙耘初,身份证,342725********6023,CL9173,福寿嘉年105期,"50,000.00","50,000.00","50,000.49",902556,养老险公司,安徽,34102371000003,,寿险团险,安徽,黄山,黟县支公司,养老险公司,总部,养老险公司,安徽,,,网上交易,国寿养老险,2018-08-30,寿险团险,安徽,黄山,黟县支公司
CL1008632888,姜玉梅,身份证,340621********0326,CL9173,福寿嘉年105期,"30,000.00","30,000.00","30,000.00", ,,,34062179000030,,寿险团险,安徽,淮北,濉溪县公司,养老险公司,总部,寿险团险,安徽,淮北,濉溪县公司,网上交易,国寿养老险,2018-08-30,寿险团险,安徽,淮北,濉溪县公司
CL1144233156,王申琴,身份证,342427********2823,CL9173,福寿嘉年105期,"50,000.00","50,000.00","50,000.49",902556,养老险公司,安徽,34242779000023,,寿险团险,安徽,六安,霍山,养老险公司,总部,养老险公司,安徽,,,网上交易,国寿养老险,2018-08-30,寿险团险,安徽,六安,霍山
CL1014085462,李海燕,身份证,340603********1048,CL9173,福寿嘉年105期,"20,000.00",0.00,0.00, ,,,34060279000036,,寿险团险,安徽,淮北,团拓,养老险公司,总部,寿险团险,安徽,淮北,团拓,网上交易,国寿养老险,2018-08-30,寿险团险,安徽,淮北,团拓
CL1009646799,王继玲,身份证,342224********1948,CL9173,福寿嘉年105期,"50,000.00","50,000.00","50,000.00", ,,,34222479002415,,寿险团险,安徽,宿州,灵璧县支公司,养老险公司,总部,寿险团险,安徽,宿州,灵璧县支公司,网上交易,国寿养老险,2018-08-30,寿险团险,安徽,宿州,灵璧县支公司
CL1000941635,李文军,身份证,342201********0637,CL9173,福寿嘉年105期,"50,000.00",0.00,0.00, ,,,34220379000008,,寿险团险,安徽,宿州,团拓部,养老险公司,总部,寿险团险,安徽,宿州,团拓部,网上交易,国寿养老险,2018-08-30,寿险团险,安徽,宿州,团拓部
CL1131041248,张艳,身份证,340603********0063,CL9173,福寿嘉年105期,"50,000.00","50,000.00","50,000.00", ,,,34060279000036,,寿险团险,安徽,淮北,团拓,养老险公司,总部,寿险团险,安徽,淮北,团拓,网上交易,国寿养老险,2018-08-30,寿险团险,安徽,淮北,团拓
CL1036825895,胡贝贝,身份证,340111********3540,CL9173,福寿嘉年105期,"30,000.00","30,000.00","30,000.29",902556,养老险公司,安徽,34012279000056,,寿险团险,安徽,合肥,肥东支公司,养老险公司,总部,养老险公司,安徽,,,网上交易,国寿养老险,2018-08-30,寿险团险,安徽,合肥,肥东支公司
CL1047808442,张勤,身份证,340122********0638,CL9173,福寿嘉年105期,"20,000.00","20,000.00","20,000.00", ,,,34012379000031,,寿险团险,安徽,合肥,肥西支公司,,,寿险团险,安徽,合肥,肥西支公司,微信,国寿养老险,2018-08-30,寿险团险,安徽,合肥,肥西支公司
CL1118692241,陈德珍,身份证,342401********2224,CL9173,福寿嘉年105期,"10,000.00","10,000.00","10,000.00",902556,养老险公司,安徽,34240179000022,,寿险团险,安徽,六安,团拓,养老险公司,总部,养老险公司,安徽,,,网上交易,国寿养老险,2018-08-30,寿险团险,安徽,六安,团拓
CL1018029875,代赞梅,身份证,342129********0020,CL9173,福寿嘉年105期,"20,000.00","20,000.00","20,000.00", ,,,34210379000025,,寿险团险,安徽,,,养老险公司,总部,寿险团险,安徽,,,网上交易,国寿养老险,2018-08-30,寿险团险,安徽,,
CL1014005424,徐凤,身份证,340222********0040,CL9173,福寿嘉年105期,"50,000.00",0.00,0.00, ,,,34020479000044,,寿险团险,安徽,芜湖,繁昌支公司,养老险公司,总部,寿险团险,安徽,芜湖,繁昌支公司,网上交易,国寿养老险,2018-08-30,寿险团险,安徽,芜湖,繁昌支公司
CL1020737593,郑红鸣,身份证,340121********9124,CL9173,福寿嘉年105期,"50,000.00","50,000.00","50,000.49",902556,养老险公司,安徽,34012179000038,,寿险团险,安徽,合肥,长丰支公司,养老险公司,总部,养老险公司,安徽,,,网上交易,国寿养老险,2018-08-30,寿险团险,安徽,合肥,长丰支公司
CL1003093205,朱正朝,身份证,342724********0027,CL9173,福寿嘉年105期,"50,000.00","50,000.00","50,000.00", ,,,34050579000003,,寿险团险,安徽,马鞍山市,含山县团险部,养老险公司,总部,寿险团险,安徽,马鞍山市,含山县团险部,网上交易,国寿养老险,2018-08-30,寿险团险,安徽,马鞍山市,含山县团险部
CL1119498792,胡美玉,身份证,342700********0023,CL9173,福寿嘉年105期,"20,000.00","20,000.00","20,000.19",902556,养老险公司,安徽,34100479000003,,寿险团险,安徽,黄山,徽州区支公司,,,养老险公司,安徽,,,微信,国寿养老险,2018-08-30,寿险团险,安徽,黄山,徽州区支公司
CL1014621759,潘海仙,身份证,341021********7581,CL9173,福寿嘉年105期,"40,000.00","40,000.00","40,000.39",902556,养老险公司,安徽,34102179002102,,寿险团险,安徽,黄山,歙县支公司,,,养老险公司,安徽,,,微信,国寿养老险,2018-08-30,寿险团险,安徽,黄山,歙县支公司
CL1012340764,陈久章,身份证,342421********0710,CL9173,福寿嘉年105期,"20,000.00","20,000.00","20,000.19",902556,养老险公司,安徽,34240179000022,,寿险团险,安徽,六安,团拓,养老险公司,总部,养老险公司,安徽,,,网上交易,国寿养老险,2018-08-30,寿险团险,安徽,六安,团拓
CL1012340764,陈久章,身份证,342421********0710,CL9173,福寿嘉年105期,"20,000.00","20,000.00","20,000.19",902556,养老险公司,安徽,34240179000022,,寿险团险,安徽,六安,团拓,养老险公司,总部,养老险公司,安徽,,,网上交易,国寿养老险,2018-08-30,寿险团险,安徽,六安,团拓
CL1012340764,陈久章,身份证,342421********0710,CL9173,福寿嘉年105期,"20,000.00","20,000.00","20,000.19",902556,养老险公司,安徽,34240179000022,,寿险团险,安徽,六安,团拓,养老险公司,总部,养老险公司,安徽,,,网上交易,国寿养老险,2018-08-30,寿险团险,安徽,六安,团拓
CL1012340764,陈久章,身份证,342421********0710,CL9173,福寿嘉年105期,"10,000.00","10,000.00","10,000.10",902556,养老险公司,安徽,34240179000022,,寿险团险,安徽,六安,团拓,养老险公司,总部,养老险公司,安徽,,,网上交易,国寿养老险,2018-08-30,寿险团险,安徽,六安,团拓
CL1000091087,阳惠,身份证,342401********3423,CL9173,福寿嘉年105期,"50,000.00","50,000.00","50,000.49",902556,养老险公司,安徽,34240179000073,,寿险团险,安徽,六安,团拓,养老险公司,总部,养老险公司,安徽,,,网上交易,国寿养老险,2018-08-30,寿险团险,安徽,六安,团拓
CL1010400390,戚宏兵,身份证,342401********0015,CL9173,福寿嘉年105期,"50,000.00","50,000.00","50,000.00", ,,,34240179000073,,寿险团险,安徽,六安,团拓,养老险公司,总部,寿险团险,安徽,六安,团拓,网上交易,国寿养老险,2018-08-30,寿险团险,安徽,六安,团拓
CL1018504102,陈友青,身份证,342425********7913,CL9173,福寿嘉年105期,"10,000.00","10,000.00","10,000.10",902556,养老险公司,安徽,34242579000045,,寿险团险,安徽,六安,舒城,养老险公司,总部,养老险公司,安徽,,,网上交易,国寿养老险,2018-08-30,寿险团险,安徽,六安,舒城
CL1000540483,王平,身份证,340721********005X,CL9173,福寿嘉年105期,"50,000.00","50,000.00","50,000.00", ,,,34010579000139,,寿险团险,安徽,合肥,团险支公司,养老险公司,总部,寿险团险,安徽,合肥,团险支公司,网上交易,国寿养老险,2018-08-30,寿险团险,安徽,合肥,团险支公司
CL1000243345,叶翠莲,身份证,342427********3121,CL9173,福寿嘉年105期,"50,000.00","50,000.00","50,000.49",902556,养老险公司,安徽,34242779000023,,寿险团险,安徽,六安,霍山,养老险公司,总部,养老险公司,安徽,,,网上交易,国寿养老险,2018-08-30,寿险团险,安徽,六安,霍山
CL1000243345,叶翠莲,身份证,342427********3121,CL9173,福寿嘉年105期,"20,000.00","20,000.00","20,000.19",902556,养老险公司,安徽,34242779000023,,寿险团险,安徽,六安,霍山,养老险公司,总部,养老险公司,安徽,,,网上交易,国寿养老险,2018-08-30,寿险团险,安徽,六安,霍山
CL1000243345,叶翠莲,身份证,342427********3121,CL9173,福寿嘉年105期,"50,000.00","50,000.00","50,000.00",902556,养老险公司,安徽,34242779000023,,寿险团险,安徽,六安,霍山,养老险公司,总部,养老险公司,安徽,,,网上交易,国寿养老险,2018-08-30,寿险团险,安徽,六安,霍山
CL1006045990,胡少平,身份证,341023********0510,CL9173,福寿嘉年105期,"45,000.00","45,000.00","45,000.00", ,,,34102371000003,,寿险团险,安徽,黄山,黟县支公司,,,寿险团险,安徽,黄山,黟县支公司,APP,国寿养老险,2018-08-30,寿险团险,安徽,黄山,黟县支公司
CL1144234200,郭锦松,身份证,340303********081X,CL9173,福寿嘉年105期,"100,000.00","100,000.00","100,000.97",902556,养老险公司,安徽,34031079000023,,寿险团险,安徽,蚌埠,团拓,养老险公司,总部,养老险公司,安徽,,,网上交易,国寿养老险,2018-08-30,寿险团险,安徽,蚌埠,团拓
CL1133297926,叶宗霞,身份证,342426********0047,CL9173,福寿嘉年105期,"50,000.00","50,000.00","50,000.00",902556,养老险公司,安徽,34242779000023,,寿险团险,安徽,六安,霍山,养老险公司,总部,养老险公司,安徽,,,网上交易,国寿养老险,2018-08-30,寿险团险,安徽,六安,霍山
CL1000026119,吴拥军,身份证,342401********0011,CL9173,福寿嘉年105期,"50,000.00","50,000.00","50,000.49",902556,养老险公司,安徽,34240179000022,,寿险团险,安徽,六安,团拓,养老险公司,总部,养老险公司,安徽,,,网上交易,国寿养老险,2018-08-30,寿险团险,安徽,六安,团拓
CL1000767064,叶红梅,身份证,342401********2264,CL9173,福寿嘉年105期,"20,000.00","20,000.00","20,000.19",902556,养老险公司,安徽,34240179000073,,寿险团险,安徽,六安,团拓,养老险公司,总部,养老险公司,安徽,,,网上交易,国寿养老险,2018-08-30,寿险团险,安徽,六安,团拓
CL1002705715,江敏,身份证,340403********0429,CL9173,福寿嘉年105期,"50,000.00","50,000.00","50,000.00", ,,,34041079000001,,寿险团险,安徽,淮南,潘集支公司,养老险公司,总部,寿险团险,安徽,淮南,潘集支公司,网上交易,国寿养老险,2018-08-30,寿险团险,安徽,淮南,潘集支公司
CL1018030427,强恒利,身份证,340323********0035,CL9173,福寿嘉年105期,"20,000.00",0.00,0.00, ,,,34032379000017,,寿险团险,安徽,蚌埠,固镇县支公司,养老险公司,总部,寿险团险,安徽,蚌埠,固镇县支公司,网上交易,国寿养老险,2018-08-30,寿险团险,安徽,蚌埠,固镇县支公司
CL1013115790,张秀喜,身份证,342427********0036,CL9173,福寿嘉年105期,"10,000.00","10,000.00","10,000.00",902556,养老险公司,安徽,34242779000023,,寿险团险,安徽,六安,霍山,养老险公司,总部,养老险公司,安徽,,,网上交易,国寿养老险,2018-08-30,寿险团险,安徽,六安,霍山
CL1121407109,郭亚萍,身份证,340303********0623,CL9173,福寿嘉年105期,"150,000.00","150,000.00","150,001.46",902556,养老险公司,安徽,34031079000023,,寿险团险,安徽,蚌埠,团拓,养老险公司,总部,养老险公司,安徽,,,网上交易,国寿养老险,2018-08-30,寿险团险,安徽,蚌埠,团拓
CL1000431276,朱道楠,身份证,340702********5017,CL9173,福寿嘉年105期,"40,000.00","40,000.00","40,000.39",902556,养老险公司,安徽,34070379001002,,寿险团险,安徽,铜陵,团拓部（城区）,养老险公司,总部,养老险公司,安徽,,,网上交易,国寿养老险,2018-08-30,寿险团险,安徽,铜陵,团拓部（城区）
CL1139970400,赵奇,身份证,340602********0419,CL9173,福寿嘉年105期,"300,000.00","300,000.00","300,000.00", ,,,34060279000036,,寿险团险,安徽,淮北,团拓,养老险公司,总部,寿险团险,安徽,淮北,团拓,网上交易,国寿养老险,2018-08-30,寿险团险,安徽,淮北,团拓
CL1000087749,黄遵羲,身份证,342426********1611,CL9173,福寿嘉年105期,"50,000.00","50,000.00","50,000.00",902556,养老险公司,安徽,34242779000023,,寿险团险,安徽,六安,霍山,养老险公司,总部,养老险公司,安徽,,,网上交易,国寿养老险,2018-08-30,寿险团险,安徽,六安,霍山
CL1000087749,黄遵羲,身份证,342426********1611,CL9173,福寿嘉年105期,"50,000.00","50,000.00","50,000.49",902556,养老险公司,安徽,34242779000032,,寿险团险,安徽,六安,霍山,养老险公司,总部,养老险公司,安徽,,,网上交易,国寿养老险,2018-08-30,寿险团险,安徽,六安,霍山
CL1114102440,叶贻芬,身份证,342401********2243,CL9173,福寿嘉年105期,"20,000.00","20,000.00","20,000.19",902556,养老险公司,安徽,34240179000022,,寿险团险,安徽,六安,团拓,养老险公司,总部,养老险公司,安徽,,,网上交易,国寿养老险,2018-08-30,寿险团险,安徽,六安,团拓
CL1024202526,王淑文,身份证,341021********0022,CL9173,福寿嘉年105期,"30,000.00","30,000.00","30,000.29",902556,养老险公司,安徽,34102179002102,,寿险团险,安徽,黄山,歙县支公司,,,养老险公司,安徽,,,微信,国寿养老险,2018-08-30,寿险团险,安徽,黄山,歙县支公司
CL1127763297,刘红,身份证,340403********1428,CL9173,福寿嘉年105期,"20,000.00","20,000.00","20,000.00", ,,,34041079000001,,寿险团险,安徽,淮南,潘集支公司,养老险公司,总部,寿险团险,安徽,淮南,潘集支公司,网上交易,国寿养老险,2018-08-30,寿险团险,安徽,淮南,潘集支公司
CL1127763297,刘红,身份证,340403********1428,CL9173,福寿嘉年105期,"20,000.00",0.00,0.00, ,,,34041079000001,,寿险团险,安徽,淮南,潘集支公司,养老险公司,总部,寿险团险,安徽,淮南,潘集支公司,网上交易,国寿养老险,2018-08-30,寿险团险,安徽,淮南,潘集支公司
CL1144515960,吴永红,身份证,342401********2240,CL9173,福寿嘉年105期,"40,000.00","40,000.00","40,000.00",902556,养老险公司,安徽,34240179000022,,寿险团险,安徽,六安,团拓,养老险公司,总部,养老险公司,安徽,,,网上交易,国寿养老险,2018-08-30,寿险团险,安徽,六安,团拓
CL1000158196,鄢云翠,身份证,340202********1029,CL9173,福寿嘉年105期,"160,000.00","160,000.00","160,000.00", ,,,34020179000036,,寿险团险,安徽,芜湖,团拓,养老险公司,总部,寿险团险,安徽,芜湖,团拓,网上交易,国寿养老险,2018-08-30,寿险团险,安徽,芜湖,团拓
CL1015474047,王金兰,身份证,340304********0027,CL9173,福寿嘉年105期,"30,000.00","30,000.00","30,000.29",902556,养老险公司,安徽,34032179000051,,寿险团险,安徽,蚌埠,怀远县支公司,养老险公司,总部,养老险公司,安徽,,,网上交易,国寿养老险,2018-08-30,寿险团险,安徽,蚌埠,怀远县支公司
CL1000034964,周雪飞,身份证,340702********0526,CL9173,福寿嘉年105期,"10,000.00","10,000.00","10,000.10",902556,养老险公司,安徽,34070379001002,,寿险团险,安徽,铜陵,团拓部（城区）,养老险公司,总部,养老险公司,安徽,,,网上交易,国寿养老险,2018-08-30,寿险团险,安徽,铜陵,团拓部（城区）
CL1000767653,方俊,身份证,340803********2334,CL9173,福寿嘉年105期,"50,000.00","50,000.00","50,000.49",902556,养老险公司,安徽,34100279000003,,寿险团险,安徽,黄山,黄山市团拓部,养老险公司,总部,养老险公司,安徽,,,网上交易,国寿养老险,2018-08-30,寿险团险,安徽,黄山,黄山市团拓部
CL1144163908,代仁芝,身份证,342421********3223,CL9173,福寿嘉年105期,"20,000.00","20,000.00","20,000.19",902556,养老险公司,安徽,34240179000022,,寿险团险,安徽,六安,团拓,养老险公司,总部,养老险公司,安徽,,,网上交易,国寿养老险,2018-08-30,寿险团险,安徽,六安,团拓
CL1144163908,代仁芝,身份证,342421********3223,CL9173,福寿嘉年105期,"20,000.00","20,000.00","20,000.19",902556,养老险公司,安徽,34240179000022,,寿险团险,安徽,六安,团拓,养老险公司,总部,养老险公司,安徽,,,网上交易,国寿养老险,2018-08-30,寿险团险,安徽,六安,团拓
CL1144163908,代仁芝,身份证,342421********3223,CL9173,福寿嘉年105期,"20,000.00","20,000.00","20,000.19",902556,养老险公司,安徽,34240179000022,,寿险团险,安徽,六安,团拓,养老险公司,总部,养老险公司,安徽,,,网上交易,国寿养老险,2018-08-30,寿险团险,安徽,六安,团拓
CL1000689972,王儒飞,身份证,340321********0025,CL9173,福寿嘉年105期,"102,000.00","102,000.00","102,000.99",902556,养老险公司,安徽,34031079000023,,寿险团险,安徽,蚌埠,团拓,养老险公司,总部,养老险公司,安徽,,,网上交易,国寿养老险,2018-08-30,寿险团险,安徽,蚌埠,团拓
CL1074969376,刘书侠,身份证,340402********0065,CL9173,福寿嘉年105期,"50,000.00",0.00,0.00, ,,,34041079000001,,寿险团险,安徽,淮南,潘集支公司,养老险公司,总部,寿险团险,安徽,淮南,潘集支公司,网上交易,国寿养老险,2018-08-30,寿险团险,安徽,淮南,潘集支公司
CL1144513751,胡贞根,身份证,342700********0017,CL9173,福寿嘉年105期,"20,000.00","20,000.00","20,000.19",902556,养老险公司,安徽,34100479000003,,寿险团险,安徽,黄山,徽州区支公司,,,养老险公司,安徽,,,微信,国寿养老险,2018-08-30,寿险团险,安徽,黄山,徽州区支公司
CL1000022679,付绪刚,身份证,342421********2030,CL9173,福寿嘉年105期,"30,000.00","30,000.00","30,000.29",902556,养老险公司,安徽,34240179000022,,寿险团险,安徽,六安,团拓,养老险公司,总部,养老险公司,安徽,,,网上交易,国寿养老险,2018-08-30,寿险团险,安徽,六安,团拓
CL1078685379,汪翠萍,身份证,341021********8404,CL9173,福寿嘉年105期,"20,000.00","20,000.00","20,000.19",902556,养老险公司,安徽,34102271000003,,寿险团险,安徽,黄山,休宁县支公司,,,养老险公司,安徽,,,微信,国寿养老险,2018-08-30,寿险团险,安徽,黄山,休宁县支公司
CL1000423687,郑德友,身份证,340702********0550,CL9173,福寿嘉年105期,"40,000.00","40,000.00","40,000.39",902556,养老险公司,安徽,34070379001002,,寿险团险,安徽,铜陵,团拓部（城区）,养老险公司,总部,养老险公司,安徽,,,网上交易,国寿养老险,2018-08-30,寿险团险,安徽,铜陵,团拓部（城区）
CL1000734830,张磊,身份证,340104********2517,CL9173,福寿嘉年105期,"50,000.00","50,000.00","50,000.49",902556,养老险公司,安徽,34240179000073,,寿险团险,安徽,六安,团拓,养老险公司,总部,养老险公司,安徽,,,网上交易,国寿养老险,2018-08-30,寿险团险,安徽,六安,团拓
CL1000734830,张磊,身份证,340104********2517,CL9173,福寿嘉年105期,"20,000.00","20,000.00","20,000.19",902556,养老险公司,安徽,34240179000073,,寿险团险,安徽,六安,团拓,养老险公司,总部,养老险公司,安徽,,,网上交易,国寿养老险,2018-08-30,寿险团险,安徽,六安,团拓
CL1000071358,许贵红,身份证,340103********2020,CL9173,福寿嘉年105期,"50,000.00","50,000.00","50,000.00", ,,,34010579000140,,寿险团险,安徽,合肥,团险支公司,,,寿险团险,安徽,合肥,团险支公司,微信,国寿养老险,2018-08-30,寿险团险,安徽,合肥,团险支公司
CL1003946427,许元龙,身份证,340503********0419,CL9173,福寿嘉年105期,"70,000.00","70,000.00","70,000.00", ,,,34050579000003,,寿险团险,安徽,马鞍山市,含山县团险部,养老险公司,总部,寿险团险,安徽,马鞍山市,含山县团险部,网上交易,国寿养老险,2018-08-30,寿险团险,安徽,马鞍山市,含山县团险部
CL1144514605,杨诗全,身份证,342427********5216,CL9173,福寿嘉年105期,"40,000.00","40,000.00","40,000.39",902556,养老险公司,安徽,34242779000023,,寿险团险,安徽,六安,霍山,养老险公司,总部,养老险公司,安徽,,,网上交易,国寿养老险,2018-08-30,寿险团险,安徽,六安,霍山
CL1142986727,万传俊,身份证,340111********7511,CL9173,福寿嘉年105期,"50,000.00","50,000.00","50,000.49",902556,养老险公司,安徽,34012179000038,,寿险团险,安徽,合肥,长丰支公司,养老险公司,总部,养老险公司,安徽,,,网上交易,国寿养老险,2018-08-30,寿险团险,安徽,合肥,长丰支公司
CL1142986727,万传俊,身份证,340111********7511,CL9173,福寿嘉年105期,"50,000.00","50,000.00","50,000.49",902556,养老险公司,安徽,34012179000038,,寿险团险,安徽,合肥,长丰支公司,养老险公司,总部,养老险公司,安徽,,,网上交易,国寿养老险,2018-08-30,寿险团险,安徽,合肥,长丰支公司
CL1000016666,魏利,身份证,342401********0046,CL9173,福寿嘉年105期,"50,000.00","50,000.00","50,000.49",902556,养老险公司,安徽,34240179000022,,寿险团险,安徽,六安,团拓,养老险公司,总部,养老险公司,安徽,,,网上交易,国寿养老险,2018-08-30,寿险团险,安徽,六安,团拓

