﻿FUND_ACCT,CUST_NAME,CERT_TYPE,CERT_NO,FUND_CODE,FUND_NAME,APP_MONEY,ACK_MONEY,ACK_SHARE,INVITECODE,COMPANY_INVITE,BRANCH_INVITE_NEW,REFERID,CUSTNAME_REFER,COMPANY_REFER,BRANCH_REFER_NEW,CT_REFER,CR_REFER,COMPANY_ORG,ORGNAME,SALE_COMPANY_NAME_DTL,SALE_BRANCH_NAME,SALE_CT_NAME,SALE_CR_NAME,ACCEPT_METHOD,AGENCY_NAME,ACK_DATE,SALE_COMPANY_NAME_FEE,SALE_BRANCH_NAME_FEE1,SALE_CT_NAME_FEE,SALE_CR_NAME_FEE
CL1000201123,张明,身份证,342222********0035,CL9023,福寿嘉年11期,"15,000.00","15,000.00","15,000.73",140845,养老险公司,安徽,342222196208080035, ,财险公司,安徽,,,养老险公司,总部,养老险公司,安徽,,,网上交易,国寿养老险,2016-01-29,财险公司,安徽,,
CL1000008833,芮青,身份证,342401********1047,CL9023,福寿嘉年11期,"200,000.00","200,000.00","200,011.67",140845,养老险公司,安徽,34240179000022,,寿险团险,安徽,六安,团拓,养老险公司,总部,养老险公司,安徽,,,网上交易,国寿养老险,2016-01-29,寿险团险,安徽,六安,团拓
CL1000008833,芮青,身份证,342401********1047,CL9023,福寿嘉年11期,"100,000.00","100,000.00","100,005.83",140845,养老险公司,安徽,34240179000022,,寿险团险,安徽,六安,团拓,养老险公司,总部,养老险公司,安徽,,,网上交易,国寿养老险,2016-01-29,寿险团险,安徽,六安,团拓
CL1000813332,徐宏保,身份证,340224********0010,CL9023,福寿嘉年11期,"20,000.00","20,000.00","20,000.78", ,,,34292313401493,,寿险团险,安徽,池州,青阳支公司,养老险公司,总部,寿险团险,安徽,池州,青阳支公司,网上交易,国寿养老险,2016-01-29,寿险团险,安徽,池州,青阳支公司
CL1000008833,芮青,身份证,342401********1047,CL9023,福寿嘉年11期,"200,000.00","200,000.00","200,011.67",140845,养老险公司,安徽,34240179000022,,寿险团险,安徽,六安,团拓,养老险公司,总部,养老险公司,安徽,,,网上交易,国寿养老险,2016-01-29,寿险团险,安徽,六安,团拓
CL1000833138,张光芹,身份证,340602********1241,CL9023,福寿嘉年11期,"50,000.00","50,000.00","50,002.43",140845,养老险公司,安徽, ,,,,,,养老险公司,总部,养老险公司,安徽,,,网上交易,国寿养老险,2016-01-29,养老险公司,安徽,,
CL1000812944,肖芝芳,户口本,342426********1825,CL9023,福寿嘉年11期,"100,000.00","100,000.00","100,004.86",140845,养老险公司,安徽,34240179000022,,寿险团险,安徽,六安,团拓,养老险公司,总部,养老险公司,安徽,,,网上交易,国寿养老险,2016-01-29,寿险团险,安徽,六安,团拓
CL1000061761,李昌国,身份证,342201********0436,CL9023,福寿嘉年11期,"20,000.00","20,000.00","20,000.78", ,,,34220379000001,,寿险团险,安徽,宿州,团拓部,养老险公司,总部,寿险团险,安徽,宿州,团拓部,网上交易,国寿养老险,2016-01-29,寿险团险,安徽,宿州,团拓部
CL1000645741,纪霞,身份证,340702********2065,CL9023,福寿嘉年11期,"50,000.00","50,000.00","50,001.94", ,,,34070379001002,,寿险团险,安徽,铜陵,团拓部（城区）,养老险公司,总部,寿险团险,安徽,铜陵,团拓部（城区）,网上交易,国寿养老险,2016-01-29,寿险团险,安徽,铜陵,团拓部（城区）
CL1000645741,纪霞,身份证,340702********2065,CL9023,福寿嘉年11期,"50,000.00","50,000.00","50,001.94", ,,,34070379001002,,寿险团险,安徽,铜陵,团拓部（城区）,养老险公司,总部,寿险团险,安徽,铜陵,团拓部（城区）,网上交易,国寿养老险,2016-01-29,寿险团险,安徽,铜陵,团拓部（城区）
CL1000244288,王雷,身份证,342201********7722,CL9023,福寿嘉年11期,"10,000.00","10,000.00","10,000.49",140845,养老险公司,安徽,342201198405097722, ,财险公司,安徽,,,养老险公司,总部,养老险公司,安徽,,,网上交易,国寿养老险,2016-01-29,财险公司,安徽,,
CL1000832439,王秀玲,身份证,341125********0027,CL9023,福寿嘉年11期,"10,000.00","10,000.00","10,000.49",140845,养老险公司,安徽,34112579000024,,寿险团险,安徽,滁州,定远,养老险公司,总部,养老险公司,安徽,,,网上交易,国寿养老险,2016-01-29,寿险团险,安徽,滁州,定远
CL1000063092,张婷,身份证,341002********0427,CL9023,福寿嘉年11期,"30,000.00","30,000.00","30,001.75",140845,养老险公司,安徽,34100279000003,,寿险团险,安徽,黄山,黄山市团拓部,养老险公司,总部,养老险公司,安徽,,,网上交易,国寿养老险,2016-01-29,寿险团险,安徽,黄山,黄山市团拓部
CL1000835247,蒋玲,身份证,342224********0062,CL9023,福寿嘉年11期,"10,000.00","10,000.00","10,000.49",140845,养老险公司,安徽,342224199107110027, ,财险公司,安徽,,,养老险公司,总部,养老险公司,安徽,,,网上交易,国寿养老险,2016-01-29,财险公司,安徽,,
CL1000268379,蒋玲,身份证,342222********0104,CL9023,福寿嘉年11期,"10,000.00","10,000.00","10,000.49",140845,养老险公司,安徽,342222196902020104, ,财险公司,安徽,,,养老险公司,总部,养老险公司,安徽,,,网上交易,国寿养老险,2016-01-29,财险公司,安徽,,
CL1000767653,方俊,身份证,340803********2334,CL9023,福寿嘉年11期,"40,000.00","40,000.00","40,002.33",140845,养老险公司,安徽,34100279000003,,寿险团险,安徽,黄山,黄山市团拓部,养老险公司,总部,养老险公司,安徽,,,网上交易,国寿养老险,2016-01-29,寿险团险,安徽,黄山,黄山市团拓部
CL1000815718,雷伦忠,身份证,342427********005X,CL9023,福寿嘉年11期,"200,000.00","200,000.00","200,011.67",140845,养老险公司,安徽, ,,,,,,养老险公司,总部,养老险公司,安徽,,,网上交易,国寿养老险,2016-01-29,养老险公司,安徽,,
CL1000815718,雷伦忠,身份证,342427********005X,CL9023,福寿嘉年11期,"200,000.00","200,000.00","200,011.67",140845,养老险公司,安徽, ,,,,,,养老险公司,总部,养老险公司,安徽,,,网上交易,国寿养老险,2016-01-29,养老险公司,安徽,,
CL1000815718,雷伦忠,身份证,342427********005X,CL9023,福寿嘉年11期,"100,000.00","100,000.00","100,005.83",140845,养老险公司,安徽, ,,,,,,养老险公司,总部,养老险公司,安徽,,,网上交易,国寿养老险,2016-01-29,养老险公司,安徽,,
CL1000243590,唐艳华,身份证,342221********3020,CL9023,福寿嘉年11期,"100,000.00","100,000.00","100,005.83",140845,养老险公司,安徽,34220379000003,,寿险团险,安徽,宿州,团拓部,养老险公司,总部,养老险公司,安徽,,,网上交易,国寿养老险,2016-01-29,寿险团险,安徽,宿州,团拓部
CL1000062848,徐磊,身份证,340702********2025,CL9023,福寿嘉年11期,"20,000.00","20,000.00","20,001.17",140845,养老险公司,安徽,34070379001002,,寿险团险,安徽,铜陵,团拓部（城区）,养老险公司,总部,养老险公司,安徽,,,网上交易,国寿养老险,2016-01-29,寿险团险,安徽,铜陵,团拓部（城区）
CL1000243590,唐艳华,身份证,342221********3020,CL9023,福寿嘉年11期,"70,000.00","70,000.00","70,002.72", ,,,34220379000003,,寿险团险,安徽,宿州,团拓部,养老险公司,总部,寿险团险,安徽,宿州,团拓部,网上交易,国寿养老险,2016-01-29,寿险团险,安徽,宿州,团拓部
CL1000167540,李玉萍,身份证,342201********0849,CL9023,福寿嘉年11期,"10,000.00","10,000.00","10,000.49",140845,养老险公司,安徽,342201196712130810, ,财险公司,安徽,,,养老险公司,总部,养老险公司,安徽,,,网上交易,国寿养老险,2016-01-29,财险公司,安徽,,
CL1000835269,江力涛,身份证,342830********5620,CL9023,福寿嘉年11期,"50,000.00","50,000.00","50,002.43",140845,养老险公司,安徽,34290179000011,,寿险团险,安徽,池州,城区团拓部,养老险公司,总部,养老险公司,安徽,,,网上交易,国寿养老险,2016-01-29,寿险团险,安徽,池州,城区团拓部
CL1000835269,江力涛,身份证,342830********5620,CL9023,福寿嘉年11期,"50,000.00","50,000.00","50,002.43",140845,养老险公司,安徽,34290179000011,,寿险团险,安徽,池州,城区团拓部,养老险公司,总部,养老险公司,安徽,,,网上交易,国寿养老险,2016-01-29,寿险团险,安徽,池州,城区团拓部
CL1000023178,杨慧,身份证,340403********0825,CL9023,福寿嘉年11期,"17,000.00","17,000.00","17,000.66", ,,,34041179000020,,寿险团险,安徽,淮南,团拓部,养老险公司,总部,寿险团险,安徽,淮南,团拓部,网上交易,国寿养老险,2016-01-29,寿险团险,安徽,淮南,团拓部
CL1000827670,王娟,身份证,342529********0062,CL9023,福寿嘉年11期,"20,000.00","20,000.00","20,001.17",140845,养老险公司,安徽,34250179001007,,寿险团险,安徽,宣城,团拓,养老险公司,总部,养老险公司,安徽,,,网上交易,国寿养老险,2016-01-29,寿险团险,安徽,宣城,团拓
CL1000507928,胡胜利,身份证,340702********753X,CL9023,福寿嘉年11期,"100,000.00","100,000.00","100,004.86",140845,养老险公司,安徽,34070379001002,,寿险团险,安徽,铜陵,团拓部（城区）,养老险公司,总部,养老险公司,安徽,,,网上交易,国寿养老险,2016-01-29,寿险团险,安徽,铜陵,团拓部（城区）
CL1000835269,江力涛,身份证,342830********5620,CL9023,福寿嘉年11期,"30,000.00","30,000.00","30,001.46",140845,养老险公司,安徽,34290179000011,,寿险团险,安徽,池州,城区团拓部,养老险公司,总部,养老险公司,安徽,,,网上交易,国寿养老险,2016-01-29,寿险团险,安徽,池州,城区团拓部
CL1000835269,江力涛,身份证,342830********5620,CL9023,福寿嘉年11期,"50,000.00","50,000.00","50,002.43",140845,养老险公司,安徽,34290179000011,,寿险团险,安徽,池州,城区团拓部,养老险公司,总部,养老险公司,安徽,,,网上交易,国寿养老险,2016-01-29,寿险团险,安徽,池州,城区团拓部
CL1000010940,李劲松,身份证,422421********0018,CL9023,福寿嘉年11期,"50,000.00","50,000.00","50,002.92",140845,养老险公司,安徽, ,,,,,,养老险公司,总部,养老险公司,安徽,,,网上交易,国寿养老险,2016-01-29,养老险公司,安徽,,
CL1000010940,李劲松,身份证,422421********0018,CL9023,福寿嘉年11期,"50,000.00","50,000.00","50,002.92",140845,养老险公司,安徽, ,,,,,,养老险公司,总部,养老险公司,安徽,,,网上交易,国寿养老险,2016-01-29,养老险公司,安徽,,
CL1000010940,李劲松,身份证,422421********0018,CL9023,福寿嘉年11期,"50,000.00","50,000.00","50,002.92",140845,养老险公司,安徽, ,,,,,,养老险公司,总部,养老险公司,安徽,,,网上交易,国寿养老险,2016-01-29,养老险公司,安徽,,
CL1000010940,李劲松,身份证,422421********0018,CL9023,福寿嘉年11期,"50,000.00","50,000.00","50,002.92",140845,养老险公司,安徽, ,,,,,,养老险公司,总部,养老险公司,安徽,,,网上交易,国寿养老险,2016-01-29,养老险公司,安徽,,
CL1000010940,李劲松,身份证,422421********0018,CL9023,福寿嘉年11期,"50,000.00","50,000.00","50,002.92",140845,养老险公司,安徽, ,,,,,,养老险公司,总部,养老险公司,安徽,,,网上交易,国寿养老险,2016-01-29,养老险公司,安徽,,
CL1000010940,李劲松,身份证,422421********0018,CL9023,福寿嘉年11期,"50,000.00","50,000.00","50,002.92",140845,养老险公司,安徽, ,,,,,,养老险公司,总部,养老险公司,安徽,,,网上交易,国寿养老险,2016-01-29,养老险公司,安徽,,
CL1000010940,李劲松,身份证,422421********0018,CL9023,福寿嘉年11期,"50,000.00","50,000.00","50,002.92",140845,养老险公司,安徽, ,,,,,,养老险公司,总部,养老险公司,安徽,,,网上交易,国寿养老险,2016-01-29,养老险公司,安徽,,
CL1000010940,李劲松,身份证,422421********0018,CL9023,福寿嘉年11期,"50,000.00","50,000.00","50,002.92",140845,养老险公司,安徽, ,,,,,,养老险公司,总部,养老险公司,安徽,,,网上交易,国寿养老险,2016-01-29,养老险公司,安徽,,
CL1000010940,李劲松,身份证,422421********0018,CL9023,福寿嘉年11期,"50,000.00","50,000.00","50,002.92",140845,养老险公司,安徽, ,,,,,,养老险公司,总部,养老险公司,安徽,,,网上交易,国寿养老险,2016-01-29,养老险公司,安徽,,
CL1000010940,李劲松,身份证,422421********0018,CL9023,福寿嘉年11期,"50,000.00","50,000.00","50,002.92",140845,养老险公司,安徽, ,,,,,,养老险公司,总部,养老险公司,安徽,,,网上交易,国寿养老险,2016-01-29,养老险公司,安徽,,
CL1000148798,杨丹林,身份证,342427********004X,CL9023,福寿嘉年11期,"50,000.00","50,000.00","50,002.92",140845,养老险公司,安徽, ,,,,,,养老险公司,总部,养老险公司,安徽,,,网上交易,国寿养老险,2016-01-29,养老险公司,安徽,,
CL1000148798,杨丹林,身份证,342427********004X,CL9023,福寿嘉年11期,"50,000.00","50,000.00","50,002.92",140845,养老险公司,安徽, ,,,,,,养老险公司,总部,养老险公司,安徽,,,网上交易,国寿养老险,2016-01-29,养老险公司,安徽,,
CL1000148798,杨丹林,身份证,342427********004X,CL9023,福寿嘉年11期,"10,000.00","10,000.00","10,000.58",140845,养老险公司,安徽,34242779000023,,寿险团险,安徽,六安,霍山,养老险公司,总部,养老险公司,安徽,,,网上交易,国寿养老险,2016-01-29,寿险团险,安徽,六安,霍山
CL1000148798,杨丹林,身份证,342427********004X,CL9023,福寿嘉年11期,"50,000.00","50,000.00","50,002.92",140845,养老险公司,安徽, ,,,,,,养老险公司,总部,养老险公司,安徽,,,网上交易,国寿养老险,2016-01-29,养老险公司,安徽,,
CL1000148798,杨丹林,身份证,342427********004X,CL9023,福寿嘉年11期,"10,000.00","10,000.00","10,000.58",140845,养老险公司,安徽,34242779000023,,寿险团险,安徽,六安,霍山,养老险公司,总部,养老险公司,安徽,,,网上交易,国寿养老险,2016-01-29,寿险团险,安徽,六安,霍山
CL1000833650,高曙芬,身份证,342830********3224,CL9023,福寿嘉年11期,"30,000.00","30,000.00","30,001.46",140845,养老险公司,安徽,34290179000011,,寿险团险,安徽,池州,城区团拓部,养老险公司,总部,养老险公司,安徽,,,网上交易,国寿养老险,2016-01-29,寿险团险,安徽,池州,城区团拓部
CL1000808928,冯建霞,身份证,340403********0464,CL9023,福寿嘉年11期,"50,000.00","50,000.00","50,002.92",140845,养老险公司,安徽,34041179000016,,寿险团险,安徽,淮南,团拓部,养老险公司,总部,养老险公司,安徽,,,网上交易,国寿养老险,2016-01-29,寿险团险,安徽,淮南,团拓部
CL1000808928,冯建霞,身份证,340403********0464,CL9023,福寿嘉年11期,"20,000.00","20,000.00","20,001.17",140845,养老险公司,安徽,34041179000016,,寿险团险,安徽,淮南,团拓部,养老险公司,总部,养老险公司,安徽,,,网上交易,国寿养老险,2016-01-29,寿险团险,安徽,淮南,团拓部
CL1000808928,冯建霞,身份证,340403********0464,CL9023,福寿嘉年11期,"50,000.00","50,000.00","50,002.92",140845,养老险公司,安徽,34041179000016,,寿险团险,安徽,淮南,团拓部,养老险公司,总部,养老险公司,安徽,,,网上交易,国寿养老险,2016-01-29,寿险团险,安徽,淮南,团拓部
CL1000808928,冯建霞,身份证,340403********0464,CL9023,福寿嘉年11期,"50,000.00","50,000.00","50,002.92",140845,养老险公司,安徽,34041179000016,,寿险团险,安徽,淮南,团拓部,养老险公司,总部,养老险公司,安徽,,,网上交易,国寿养老险,2016-01-29,寿险团险,安徽,淮南,团拓部
CL1000808928,冯建霞,身份证,340403********0464,CL9023,福寿嘉年11期,"50,000.00","50,000.00","50,002.92",140845,养老险公司,安徽,34041179000016,,寿险团险,安徽,淮南,团拓部,养老险公司,总部,养老险公司,安徽,,,网上交易,国寿养老险,2016-01-29,寿险团险,安徽,淮南,团拓部
CL1000812800,滕丽,身份证,340224********0026,CL9023,福寿嘉年11期,"20,000.00","20,000.00","20,001.17",140845,养老险公司,安徽,34292313401489,,寿险团险,安徽,池州,青阳支公司,养老险公司,总部,养老险公司,安徽,,,网上交易,国寿养老险,2016-01-29,寿险团险,安徽,池州,青阳支公司
CL1000091087,阳惠,身份证,342401********3423,CL9023,福寿嘉年11期,"50,000.00","50,000.00","50,002.92",140845,养老险公司,安徽,34240179000022,,寿险团险,安徽,六安,团拓,养老险公司,总部,养老险公司,安徽,,,网上交易,国寿养老险,2016-01-29,寿险团险,安徽,六安,团拓
CL1000009987,张哲,身份证,340223********0010,CL9023,福寿嘉年11期,"10,000.00","10,000.00","10,000.39", ,,,YL34000005,张哲,养老险公司,安徽,,,养老险公司,总部,养老险公司,安徽,,,网上交易,国寿养老险,2016-01-29,养老险公司,安徽,,
CL1000148798,杨丹林,身份证,342427********004X,CL9023,福寿嘉年11期,"50,000.00","50,000.00","50,002.92",140845,养老险公司,安徽, ,,,,,,养老险公司,总部,养老险公司,安徽,,,网上交易,国寿养老险,2016-01-29,养老险公司,安徽,,
CL1000163977,齐园园,身份证,342201********164X,CL9023,福寿嘉年11期,"10,000.00","10,000.00","10,000.49",140845,养老险公司,安徽,342201196710081090, ,财险公司,安徽,,,养老险公司,总部,养老险公司,安徽,,,网上交易,国寿养老险,2016-01-29,财险公司,安徽,,
CL1000091943,刘新侠,身份证,342223********1346,CL9023,福寿嘉年11期,"200,000.00","200,000.00","200,009.72",140845,养老险公司,安徽,34011371000001,,寿险团险,安徽,合肥,团险拓展部,养老险公司,总部,养老险公司,安徽,,,网上交易,国寿养老险,2016-01-29,寿险团险,安徽,合肥,团险拓展部
CL1000166341,陈林,身份证,342124********021X,CL9023,福寿嘉年11期,"15,000.00","15,000.00","15,000.88",140845,养老险公司,安徽, ,,,,,,养老险公司,总部,养老险公司,安徽,,,网上交易,国寿养老险,2016-01-29,养老险公司,安徽,,
CL1000810991,郑孝成,身份证,340403********2215,CL9023,福寿嘉年11期,"20,000.00","20,000.00","20,001.17",140845,养老险公司,安徽,34041179000016,,寿险团险,安徽,淮南,团拓部,养老险公司,总部,养老险公司,安徽,,,网上交易,国寿养老险,2016-01-29,寿险团险,安徽,淮南,团拓部
CL1000573662,史爱华,身份证,342201********1248,CL9023,福寿嘉年11期,"130,000.00","130,000.00","130,007.58",140845,养老险公司,安徽,34220379000003,,寿险团险,安徽,宿州,团拓部,养老险公司,总部,养老险公司,安徽,,,网上交易,国寿养老险,2016-01-29,寿险团险,安徽,宿州,团拓部
CL1000077363,杨奥丹,身份证,340881********0228,CL9023,福寿嘉年11期,"50,000.00","50,000.00","50,002.92",140845,养老险公司,安徽,34011371000001,,寿险团险,安徽,合肥,团险拓展部,养老险公司,总部,养老险公司,安徽,,,网上交易,国寿养老险,2016-01-29,寿险团险,安徽,合肥,团险拓展部
CL1000835336,武继祥,身份证,342222********0037,CL9023,福寿嘉年11期,"10,000.00","10,000.00","10,000.49",140845,养老险公司,安徽,342222197805220037, ,财险公司,安徽,,,养老险公司,总部,养老险公司,安徽,,,网上交易,国寿养老险,2016-01-29,财险公司,安徽,,
CL1000832628,王锦,身份证,342224********062X,CL9023,福寿嘉年11期,"50,000.00","50,000.00","50,002.43",140845,养老险公司,安徽,34070379001002,,寿险团险,安徽,铜陵,团拓部（城区）,养老险公司,总部,养老险公司,安徽,,,网上交易,国寿养老险,2016-01-29,寿险团险,安徽,铜陵,团拓部（城区）
CL1000808839,王水华,身份证,340103********4516,CL9023,福寿嘉年11期,"30,000.00","30,000.00","30,001.75",140845,养老险公司,安徽,34011371000001,,寿险团险,安徽,合肥,团险拓展部,养老险公司,总部,养老险公司,安徽,,,网上交易,国寿养老险,2016-01-29,寿险团险,安徽,合肥,团险拓展部
CL1000835970,汪桂玉,身份证,342921********2727,CL9023,福寿嘉年11期,"50,000.00","50,000.00","50,002.43",140845,养老险公司,安徽,34292179000019,,寿险团险,安徽,池州,东至支公司,养老险公司,总部,养老险公司,安徽,,,网上交易,国寿养老险,2016-01-29,寿险团险,安徽,池州,东至支公司
CL1000808839,王水华,身份证,340103********4516,CL9023,福寿嘉年11期,"40,000.00","40,000.00","40,002.33",140845,养老险公司,安徽,34011371000001,,寿险团险,安徽,合肥,团险拓展部,养老险公司,总部,养老险公司,安徽,,,网上交易,国寿养老险,2016-01-29,寿险团险,安徽,合肥,团险拓展部
CL1000016477,许萍,身份证,342425********0188,CL9023,福寿嘉年11期,"50,000.00","50,000.00","50,002.92",140845,养老险公司,安徽,34240179000022,,寿险团险,安徽,六安,团拓,养老险公司,总部,养老险公司,安徽,,,网上交易,国寿养老险,2016-01-29,寿险团险,安徽,六安,团拓
CL1000821021,张国志,身份证,340711********003X,CL9023,福寿嘉年11期,"200,000.00","200,000.00","200,011.67",140845,养老险公司,安徽,34070379001002,,寿险团险,安徽,铜陵,团拓部（城区）,养老险公司,总部,养老险公司,安徽,,,网上交易,国寿养老险,2016-01-29,寿险团险,安徽,铜陵,团拓部（城区）
CL1000432142,石云,身份证,342422********0168,CL9023,福寿嘉年11期,"150,000.00","150,000.00","150,007.29",140845,养老险公司,安徽,34240179000022,,寿险团险,安徽,六安,团拓,养老险公司,总部,养老险公司,安徽,,,网上交易,国寿养老险,2016-01-29,寿险团险,安徽,六安,团拓
CL1000432142,石云,身份证,342422********0168,CL9023,福寿嘉年11期,"115,000.00","115,000.00","115,005.59",140845,养老险公司,安徽,34240179000022,,寿险团险,安徽,六安,团拓,养老险公司,总部,养老险公司,安徽,,,网上交易,国寿养老险,2016-01-29,寿险团险,安徽,六安,团拓
CL1000147355,张素梅,身份证,342426********0025,CL9023,福寿嘉年11期,"20,000.00","20,000.00","20,000.97",140845,养老险公司,安徽,34242679000024,,寿险团险,安徽,六安,金寨,养老险公司,总部,养老险公司,安徽,,,网上交易,国寿养老险,2016-01-29,寿险团险,安徽,六安,金寨
CL1000016477,许萍,身份证,342425********0188,CL9023,福寿嘉年11期,"100,000.00","100,000.00","100,005.83",140845,养老险公司,安徽,34240179000022,,寿险团险,安徽,六安,团拓,养老险公司,总部,养老险公司,安徽,,,网上交易,国寿养老险,2016-01-29,寿险团险,安徽,六安,团拓
CL1000825649,方萍,身份证,342829********2626,CL9023,福寿嘉年11期,"50,000.00","50,000.00","50,002.43",140845,养老险公司,安徽,34292179000019,,寿险团险,安徽,池州,东至支公司,养老险公司,总部,养老险公司,安徽,,,网上交易,国寿养老险,2016-01-29,寿险团险,安徽,池州,东至支公司
CL1000825649,方萍,身份证,342829********2626,CL9023,福寿嘉年11期,"50,000.00","50,000.00","50,002.43",140845,养老险公司,安徽,34292179000019,,寿险团险,安徽,池州,东至支公司,养老险公司,总部,养老险公司,安徽,,,网上交易,国寿养老险,2016-01-29,寿险团险,安徽,池州,东至支公司
CL1000100649,汪金秀,身份证,340803********2342,CL9023,福寿嘉年11期,"10,000.00","10,000.00","10,000.58",140845,养老险公司,安徽,34080179000010,,寿险团险,安徽,安庆,城区团拓部,养老险公司,总部,养老险公司,安徽,,,网上交易,国寿养老险,2016-01-29,寿险团险,安徽,安庆,城区团拓部
CL1000100649,汪金秀,身份证,340803********2342,CL9023,福寿嘉年11期,"10,000.00","10,000.00","10,000.29", ,,,34080179000010,,寿险团险,安徽,安庆,城区团拓部,养老险公司,总部,寿险团险,安徽,安庆,城区团拓部,网上交易,国寿养老险,2016-01-29,寿险团险,安徽,安庆,城区团拓部
CL1000100649,汪金秀,身份证,340803********2342,CL9023,福寿嘉年11期,"10,000.00","10,000.00","10,000.29", ,,,34080179000010,,寿险团险,安徽,安庆,城区团拓部,养老险公司,总部,寿险团险,安徽,安庆,城区团拓部,网上交易,国寿养老险,2016-01-29,寿险团险,安徽,安庆,城区团拓部
CL1000100649,汪金秀,身份证,340803********2342,CL9023,福寿嘉年11期,"10,000.00","10,000.00","10,000.49",140845,养老险公司,安徽,34080179000010,,寿险团险,安徽,安庆,城区团拓部,养老险公司,总部,养老险公司,安徽,,,网上交易,国寿养老险,2016-01-29,寿险团险,安徽,安庆,城区团拓部
CL1000811856,冯建国,身份证,340403********1417,CL9023,福寿嘉年11期,"50,000.00","50,000.00","50,002.92",140845,养老险公司,安徽,34041179000016,,寿险团险,安徽,淮南,团拓部,养老险公司,总部,养老险公司,安徽,,,网上交易,国寿养老险,2016-01-29,寿险团险,安徽,淮南,团拓部
CL1000811856,冯建国,身份证,340403********1417,CL9023,福寿嘉年11期,"50,000.00","50,000.00","50,002.92",140845,养老险公司,安徽,34041179000016,,寿险团险,安徽,淮南,团拓部,养老险公司,总部,养老险公司,安徽,,,网上交易,国寿养老险,2016-01-29,寿险团险,安徽,淮南,团拓部
CL1000204619,万晓燕,身份证,342523********2826,CL9023,福寿嘉年11期,"40,000.00","40,000.00","40,001.94",140845,养老险公司,安徽,341222198602050270, ,财险公司,安徽,,,养老险公司,总部,养老险公司,安徽,,,网上交易,国寿养老险,2016-01-29,财险公司,安徽,,
CL1000040688,方宏玲,身份证,340703********4525,CL9023,福寿嘉年11期,"50,000.00","50,000.00","50,001.94", ,,,340703197309094525, ,财险公司,安徽,,,养老险公司,总部,财险公司,安徽,,,网上交易,国寿养老险,2016-01-29,财险公司,安徽,,
CL1000040688,方宏玲,身份证,340703********4525,CL9023,福寿嘉年11期,"10,000.00","10,000.00","10,000.39", ,,,340703197309094525, ,财险公司,安徽,,,养老险公司,总部,财险公司,安徽,,,网上交易,国寿养老险,2016-01-29,财险公司,安徽,,
CL1000817894,李永萍,身份证,342701********0446,CL9023,福寿嘉年11期,"20,000.00","20,000.00","20,001.17",140845,养老险公司,安徽,34100279000003,,寿险团险,安徽,黄山,黄山市团拓部,养老险公司,总部,养老险公司,安徽,,,网上交易,国寿养老险,2016-01-29,寿险团险,安徽,黄山,黄山市团拓部
CL1000724387,王奎,身份证,340602********025X,CL9023,福寿嘉年11期,"40,000.00","40,000.00","40,001.94",140845,养老险公司,安徽, ,,,,,,养老险公司,总部,养老险公司,安徽,,,网上交易,国寿养老险,2016-01-29,养老险公司,安徽,,
CL1000821943,汪小翠,身份证,340711********0020,CL9023,福寿嘉年11期,"20,000.00","20,000.00","20,001.17",140845,养老险公司,安徽, ,,,,,,养老险公司,总部,养老险公司,安徽,,,网上交易,国寿养老险,2016-01-29,养老险公司,安徽,,
CL1000821943,汪小翠,身份证,340711********0020,CL9023,福寿嘉年11期,"30,000.00","30,000.00","30,001.75",140845,养老险公司,安徽,34070379001002,,寿险团险,安徽,铜陵,团拓部（城区）,养老险公司,总部,养老险公司,安徽,,,网上交易,国寿养老险,2016-01-29,寿险团险,安徽,铜陵,团拓部（城区）
CL1000278188,周俊,身份证,342426********4723,CL9023,福寿嘉年11期,"40,000.00","40,000.00","40,002.33",140845,养老险公司,安徽,34242679000024,,寿险团险,安徽,六安,金寨,养老险公司,总部,养老险公司,安徽,,,网上交易,国寿养老险,2016-01-29,寿险团险,安徽,六安,金寨
CL1000830875,赵爱侠,身份证,340603********0461,CL9023,福寿嘉年11期,"10,000.00","10,000.00","10,000.49",140845,养老险公司,安徽, ,,,,,,养老险公司,总部,养老险公司,安徽,,,网上交易,国寿养老险,2016-01-29,养老险公司,安徽,,
CL1000258882,盛海蓉,身份证,342701********1029,CL9023,福寿嘉年11期,"50,000.00","50,000.00","50,002.92",140845,养老险公司,安徽,342701196811201036, ,财险公司,安徽,,,养老险公司,总部,养老险公司,安徽,,,网上交易,国寿养老险,2016-01-29,财险公司,安徽,,
CL1000146401,丁胜芳,身份证,342427********0024,CL9023,福寿嘉年11期,"40,000.00","40,000.00","40,002.33",140845,养老险公司,安徽,34242779000023,,寿险团险,安徽,六安,霍山,养老险公司,总部,养老险公司,安徽,,,网上交易,国寿养老险,2016-01-29,寿险团险,安徽,六安,霍山
CL1000819892,李峰,身份证,340224********0046,CL9023,福寿嘉年11期,"70,000.00","70,000.00","70,004.08",140845,养老险公司,安徽,34292313408621,,寿险团险,安徽,池州,青阳支公司,养老险公司,总部,养老险公司,安徽,,,网上交易,国寿养老险,2016-01-29,寿险团险,安徽,池州,青阳支公司
CL1000833749,刘志强,身份证,340603********0212,CL9023,福寿嘉年11期,"50,000.00","50,000.00","50,002.43",140845,养老险公司,安徽, ,,,,,,养老险公司,总部,养老险公司,安徽,,,网上交易,国寿养老险,2016-01-29,养老险公司,安徽,,
CL1000833749,刘志强,身份证,340603********0212,CL9023,福寿嘉年11期,"50,000.00","50,000.00","50,002.43",140845,养老险公司,安徽, ,,,,,,养老险公司,总部,养老险公司,安徽,,,网上交易,国寿养老险,2016-01-29,养老险公司,安徽,,
CL1000833749,刘志强,身份证,340603********0212,CL9023,福寿嘉年11期,"50,000.00","50,000.00","50,002.43",140845,养老险公司,安徽, ,,,,,,养老险公司,总部,养老险公司,安徽,,,网上交易,国寿养老险,2016-01-29,养老险公司,安徽,,
CL1000327808,谢家谨,身份证,340122********0064,CL9023,福寿嘉年11期,"10,000.00","10,000.00","10,000.58",140845,养老险公司,安徽,34011371000001,,寿险团险,安徽,合肥,团险拓展部,养老险公司,总部,养老险公司,安徽,,,网上交易,国寿养老险,2016-01-29,寿险团险,安徽,合肥,团险拓展部
CL1000270331,秦昱,身份证,342701********041X,CL9023,福寿嘉年11期,"35,000.00","35,000.00","35,002.04",140845,养老险公司,安徽,341222198602050270, ,财险公司,安徽,,,养老险公司,总部,养老险公司,安徽,,,网上交易,国寿养老险,2016-01-29,财险公司,安徽,,
CL1000823429,陈哲,身份证,342427********0026,CL9023,福寿嘉年11期,"30,000.00","30,000.00","30,001.75",140845,养老险公司,安徽, ,,,,,,养老险公司,总部,养老险公司,安徽,,,网上交易,国寿养老险,2016-01-29,养老险公司,安徽,,
CL1000248284,焦红华,身份证,342201********0026,CL9023,福寿嘉年11期,"50,000.00","50,000.00","50,002.43",140845,养老险公司,安徽,342201198505230412,,财险公司,安徽,,,养老险公司,总部,养老险公司,安徽,,,网上交易,国寿养老险,2016-01-29,财险公司,安徽,,
CL1000751028,李著红,身份证,341125********0029,CL9023,福寿嘉年11期,"70,000.00","70,000.00","70,004.08",140845,养老险公司,安徽,34112579000024,,寿险团险,安徽,滁州,定远,养老险公司,总部,养老险公司,安徽,,,网上交易,国寿养老险,2016-01-29,寿险团险,安徽,滁州,定远
CL1000824140,聂宜芝,身份证,342427********2424,CL9023,福寿嘉年11期,"50,000.00","50,000.00","50,002.92",140845,养老险公司,安徽,34242779000023,,寿险团险,安徽,六安,霍山,养老险公司,总部,养老险公司,安徽,,,网上交易,国寿养老险,2016-01-29,寿险团险,安徽,六安,霍山
CL1000499409,曹雪,身份证,612133********0963,CL9023,福寿嘉年11期,"20,000.00","20,000.00","20,001.17",140845,养老险公司,安徽,34041179000020,,寿险团险,安徽,淮南,团拓部,养老险公司,总部,养老险公司,安徽,,,网上交易,国寿养老险,2016-01-29,寿险团险,安徽,淮南,团拓部
CL1000822742,褚绪传,身份证,340123********9178,CL9023,福寿嘉年11期,"50,000.00","50,000.00","50,002.92",140845,养老险公司,安徽,34010571000104,,寿险团险,安徽,合肥,团险支公司,养老险公司,总部,养老险公司,安徽,,,网上交易,国寿养老险,2016-01-29,寿险团险,安徽,合肥,团险支公司
CL1000011449,孙元芹,身份证,342422********0262,CL9023,福寿嘉年11期,"50,000.00","50,000.00","50,002.92",140845,养老险公司,安徽,341222198602050270, ,财险公司,安徽,,,养老险公司,总部,养老险公司,安徽,,,网上交易,国寿养老险,2016-01-29,财险公司,安徽,,
CL1000011449,孙元芹,身份证,342422********0262,CL9023,福寿嘉年11期,"50,000.00","50,000.00","50,002.92",140845,养老险公司,安徽,341222198602050270, ,财险公司,安徽,,,养老险公司,总部,养老险公司,安徽,,,网上交易,国寿养老险,2016-01-29,财险公司,安徽,,
CL1000148532,程岚,身份证,342426********0067,CL9023,福寿嘉年11期,"10,000.00","10,000.00","10,000.58",140845,养老险公司,安徽,34242679000024,,寿险团险,安徽,六安,金寨,养老险公司,总部,养老险公司,安徽,,,网上交易,国寿养老险,2016-01-29,寿险团险,安徽,六安,金寨
CL1000148532,程岚,身份证,342426********0067,CL9023,福寿嘉年11期,"50,000.00","50,000.00","50,002.92",140845,养老险公司,安徽,34242679000024,,寿险团险,安徽,六安,金寨,养老险公司,总部,养老险公司,安徽,,,网上交易,国寿养老险,2016-01-29,寿险团险,安徽,六安,金寨
CL1000031423,孙旭光,身份证,340721********0022,CL9023,福寿嘉年11期,"50,000.00","50,000.00","50,002.92",140845,养老险公司,安徽,34070379001002,,寿险团险,安徽,铜陵,团拓部（城区）,养老险公司,总部,养老险公司,安徽,,,网上交易,国寿养老险,2016-01-29,寿险团险,安徽,铜陵,团拓部（城区）
CL1000713324,王思军,身份证,342601********061X,CL9023,福寿嘉年11期,"150,000.00","150,000.00","150,007.29",140845,养老险公司,安徽,34012679000001,,寿险团险,安徽,合肥,巢湖支公司,养老险公司,总部,养老险公司,安徽,,,网上交易,国寿养老险,2016-01-29,寿险团险,安徽,合肥,巢湖支公司
CL1000757444,张璐,身份证,340102********3040,CL9023,福寿嘉年11期,"40,000.00","40,000.00","40,002.33",140845,养老险公司,安徽,34011379000004,,寿险团险,安徽,合肥,团险拓展部,养老险公司,总部,养老险公司,安徽,,,网上交易,国寿养老险,2016-01-29,寿险团险,安徽,合肥,团险拓展部
CL1000022802,胡桂梅,身份证,340900********0022,CL9023,福寿嘉年11期,"50,000.00","50,000.00","50,001.46", ,,,34100279000003,,寿险团险,安徽,黄山,黄山市团拓部,养老险公司,总部,寿险团险,安徽,黄山,黄山市团拓部,网上交易,国寿养老险,2016-01-29,寿险团险,安徽,黄山,黄山市团拓部
CL1000022802,胡桂梅,身份证,340900********0022,CL9023,福寿嘉年11期,"40,000.00","40,000.00","40,002.33",140845,养老险公司,安徽,34100279000003,,寿险团险,安徽,黄山,黄山市团拓部,养老险公司,总部,养老险公司,安徽,,,网上交易,国寿养老险,2016-01-29,寿险团险,安徽,黄山,黄山市团拓部
CL1000753204,徐文琴,身份证,340122********7962,CL9023,福寿嘉年11期,"45,000.00","45,000.00","45,002.19",140845,养老险公司,安徽,34012379000009,,寿险团险,安徽,合肥,肥西支公司,养老险公司,总部,养老险公司,安徽,,,网上交易,国寿养老险,2016-01-29,寿险团险,安徽,合肥,肥西支公司
CL1000048957,张无忌,身份证,340602********0819,CL9023,福寿嘉年11期,"50,000.00","50,000.00","50,002.92",140845,养老险公司,安徽,YL34000006,张子明,养老险公司,安徽,,,养老险公司,总部,养老险公司,安徽,,,网上交易,国寿养老险,2016-01-29,养老险公司,安徽,,
CL1000048957,张无忌,身份证,340602********0819,CL9023,福寿嘉年11期,"50,000.00","50,000.00","50,002.92",140845,养老险公司,安徽,YL34000006,张子明,养老险公司,安徽,,,养老险公司,总部,养老险公司,安徽,,,网上交易,国寿养老险,2016-01-29,养老险公司,安徽,,
CL1000827247,张萍,身份证,342201********0223,CL9023,福寿嘉年11期,"480,000.00","480,000.00","480,028.00",140845,养老险公司,安徽,34220379000008,,寿险团险,安徽,宿州,团拓部,养老险公司,总部,养老险公司,安徽,,,网上交易,国寿养老险,2016-01-29,寿险团险,安徽,宿州,团拓部
CL1000048957,张无忌,身份证,340602********0819,CL9023,福寿嘉年11期,"50,000.00","50,000.00","50,002.92",140845,养老险公司,安徽,YL34000006,张子明,养老险公司,安徽,,,养老险公司,总部,养老险公司,安徽,,,网上交易,国寿养老险,2016-01-29,养老险公司,安徽,,
CL1000048957,张无忌,身份证,340602********0819,CL9023,福寿嘉年11期,"50,000.00","50,000.00","50,002.92",140845,养老险公司,安徽,YL34000006,张子明,养老险公司,安徽,,,养老险公司,总部,养老险公司,安徽,,,网上交易,国寿养老险,2016-01-29,养老险公司,安徽,,
CL1000048957,张无忌,身份证,340602********0819,CL9023,福寿嘉年11期,"50,000.00","50,000.00","50,002.92",140845,养老险公司,安徽,YL34000006,张子明,养老险公司,安徽,,,养老险公司,总部,养老险公司,安徽,,,网上交易,国寿养老险,2016-01-29,养老险公司,安徽,,
CL1000048957,张无忌,身份证,340602********0819,CL9023,福寿嘉年11期,"50,000.00","50,000.00","50,002.92",140845,养老险公司,安徽,YL34000006,张子明,养老险公司,安徽,,,养老险公司,总部,养老险公司,安徽,,,网上交易,国寿养老险,2016-01-29,养老险公司,安徽,,
CL1000048957,张无忌,身份证,340602********0819,CL9023,福寿嘉年11期,"50,000.00","50,000.00","50,002.92",140845,养老险公司,安徽,YL34000006,张子明,养老险公司,安徽,,,养老险公司,总部,养老险公司,安徽,,,网上交易,国寿养老险,2016-01-29,养老险公司,安徽,,
CL1000717086,潘毅峰,身份证,342531********0222,CL9023,福寿嘉年11期,"30,000.00","30,000.00","30,001.75",140845,养老险公司,安徽,34250179001007,,寿险团险,安徽,宣城,团拓,养老险公司,总部,养老险公司,安徽,,,网上交易,国寿养老险,2016-01-29,寿险团险,安徽,宣城,团拓
CL1000029872,秦凤霞,身份证,340721********484X,CL9023,福寿嘉年11期,"200,000.00","200,000.00","200,011.67",140845,养老险公司,安徽,34070379001002,,寿险团险,安徽,铜陵,团拓部（城区）,养老险公司,总部,养老险公司,安徽,,,网上交易,国寿养老险,2016-01-29,寿险团险,安徽,铜陵,团拓部（城区）
CL1000007734,孙进,身份证,340103********3027,CL9023,福寿嘉年11期,"100,000.00","100,000.00","100,004.86",140845,养老险公司,安徽,34011371000001,,寿险团险,安徽,合肥,团险拓展部,养老险公司,总部,养老险公司,安徽,,,网上交易,国寿养老险,2016-01-29,寿险团险,安徽,合肥,团险拓展部
CL1000007734,孙进,身份证,340103********3027,CL9023,福寿嘉年11期,"200,000.00","200,000.00","200,009.72",140845,养老险公司,安徽,34011371000001,,寿险团险,安徽,合肥,团险拓展部,养老险公司,总部,养老险公司,安徽,,,网上交易,国寿养老险,2016-01-29,寿险团险,安徽,合肥,团险拓展部
CL1000801469,吴怀贞,身份证,342923********0024,CL9023,福寿嘉年11期,"80,000.00","80,000.00","80,004.67",140845,养老险公司,安徽,34292313401489,,寿险团险,安徽,池州,青阳支公司,养老险公司,总部,养老险公司,安徽,,,网上交易,国寿养老险,2016-01-29,寿险团险,安徽,池州,青阳支公司
CL1000166263,邵明亮,身份证,342222********0231,CL9023,福寿嘉年11期,"10,000.00","10,000.00","10,000.49",140845,养老险公司,安徽,342222197110020231, ,财险公司,安徽,,,养老险公司,总部,养老险公司,安徽,,,网上交易,国寿养老险,2016-01-29,财险公司,安徽,,
CL1000814686,盛海虹,身份证,342701********1025,CL9023,福寿嘉年11期,"50,000.00","50,000.00","50,002.92",140845,养老险公司,安徽,342701196811201036, ,财险公司,安徽,,,养老险公司,总部,养老险公司,安徽,,,网上交易,国寿养老险,2016-01-29,财险公司,安徽,,
CL1000812177,陈风宁,身份证,342524********0039,CL9023,福寿嘉年11期,"40,000.00","40,000.00","40,002.33",140845,养老险公司,安徽,34100279000003,,寿险团险,安徽,黄山,黄山市团拓部,养老险公司,总部,养老险公司,安徽,,,网上交易,国寿养老险,2016-01-29,寿险团险,安徽,黄山,黄山市团拓部
CL1000813232,武成兰,身份证,342201********8285,CL9023,福寿嘉年11期,"20,000.00","20,000.00","20,001.17",140845,养老险公司,安徽,34220379000008,,寿险团险,安徽,宿州,团拓部,养老险公司,总部,养老险公司,安徽,,,网上交易,国寿养老险,2016-01-29,寿险团险,安徽,宿州,团拓部
CL1000833405,宋珊,身份证,342201********1046,CL9023,福寿嘉年11期,"30,000.00","30,000.00","30,001.46",140845,养老险公司,安徽,342201198307101046, ,财险公司,安徽,,,养老险公司,总部,养老险公司,安徽,,,网上交易,国寿养老险,2016-01-29,财险公司,安徽,,
CL1000347948,胡娟,身份证,342201********102X,CL9023,福寿嘉年11期,"50,000.00","50,000.00","50,001.94", ,,,34220379000008,,寿险团险,安徽,宿州,团拓部,养老险公司,总部,寿险团险,安徽,宿州,团拓部,网上交易,国寿养老险,2016-01-29,寿险团险,安徽,宿州,团拓部
CL1000347948,胡娟,身份证,342201********102X,CL9023,福寿嘉年11期,"30,000.00","30,000.00","30,001.17", ,,,34220379000008,,寿险团险,安徽,宿州,团拓部,养老险公司,总部,寿险团险,安徽,宿州,团拓部,网上交易,国寿养老险,2016-01-29,寿险团险,安徽,宿州,团拓部
CL1000354172,陈志鸿,身份证,341022********2121,CL9023,福寿嘉年11期,"50,000.00","50,000.00","50,002.92",140845,养老险公司,安徽,34100279000003,,寿险团险,安徽,黄山,黄山市团拓部,养老险公司,总部,养老险公司,安徽,,,网上交易,国寿养老险,2016-01-29,寿险团险,安徽,黄山,黄山市团拓部
CL1000354172,陈志鸿,身份证,341022********2121,CL9023,福寿嘉年11期,"20,000.00","20,000.00","20,001.17",140845,养老险公司,安徽,34100279000003,,寿险团险,安徽,黄山,黄山市团拓部,养老险公司,总部,养老险公司,安徽,,,网上交易,国寿养老险,2016-01-29,寿险团险,安徽,黄山,黄山市团拓部
CL1000786705,朱永霞,身份证,342529********0082,CL9023,福寿嘉年11期,"70,000.00","70,000.00","70,003.40",140845,养老险公司,安徽,34250179001007,,寿险团险,安徽,宣城,团拓,养老险公司,总部,养老险公司,安徽,,,网上交易,国寿养老险,2016-01-29,寿险团险,安徽,宣城,团拓
CL1000169093,伍和怡,身份证,342501********054X,CL9023,福寿嘉年11期,"50,000.00","50,000.00","50,001.46", ,,,34250179001007,,寿险团险,安徽,宣城,团拓,养老险公司,总部,寿险团险,安徽,宣城,团拓,网上交易,国寿养老险,2016-01-29,寿险团险,安徽,宣城,团拓
CL1000835792,钱林艳,身份证,340702********0567,CL9023,福寿嘉年11期,"50,000.00","50,000.00","50,002.43",140845,养老险公司,安徽,34011379000004,,寿险团险,安徽,合肥,团险拓展部,养老险公司,总部,养老险公司,安徽,,,网上交易,国寿养老险,2016-01-29,寿险团险,安徽,合肥,团险拓展部
CL1000814742,见新生,身份证,342700********0017,CL9023,福寿嘉年11期,"100,000.00","100,000.00","100,005.83",140845,养老险公司,安徽,34100279000003,,寿险团险,安徽,黄山,黄山市团拓部,养老险公司,总部,养老险公司,安徽,,,网上交易,国寿养老险,2016-01-29,寿险团险,安徽,黄山,黄山市团拓部
CL1000814742,见新生,身份证,342700********0017,CL9023,福寿嘉年11期,"200,000.00","200,000.00","200,011.67",140845,养老险公司,安徽,34100279000003,,寿险团险,安徽,黄山,黄山市团拓部,养老险公司,总部,养老险公司,安徽,,,网上交易,国寿养老险,2016-01-29,寿险团险,安徽,黄山,黄山市团拓部
CL1000097992,陈军,身份证,342201********0810,CL9023,福寿嘉年11期,"50,000.00","50,000.00","50,002.92",140845,养老险公司,安徽,34220379000008,,寿险团险,安徽,宿州,团拓部,养老险公司,总部,养老险公司,安徽,,,网上交易,国寿养老险,2016-01-29,寿险团险,安徽,宿州,团拓部
CL1000097992,陈军,身份证,342201********0810,CL9023,福寿嘉年11期,"50,000.00","50,000.00","50,002.92",140845,养老险公司,安徽,34220379000008,,寿险团险,安徽,宿州,团拓部,养老险公司,总部,养老险公司,安徽,,,网上交易,国寿养老险,2016-01-29,寿险团险,安徽,宿州,团拓部
CL1000828024,蔡广菊,身份证,342421********1429,CL9023,福寿嘉年11期,"20,000.00","20,000.00","20,000.97",140845,养老险公司,安徽,34240179000022,,寿险团险,安徽,六安,团拓,养老险公司,总部,养老险公司,安徽,,,网上交易,国寿养老险,2016-01-29,寿险团险,安徽,六安,团拓
CL1000828024,蔡广菊,身份证,342421********1429,CL9023,福寿嘉年11期,"60,000.00","60,000.00","60,003.50",140845,养老险公司,安徽,34240179000022,,寿险团险,安徽,六安,团拓,养老险公司,总部,养老险公司,安徽,,,网上交易,国寿养老险,2016-01-29,寿险团险,安徽,六安,团拓
CL1000026919,王祺,身份证,342601********0062,CL9023,福寿嘉年11期,"30,000.00","30,000.00","30,001.75",140845,养老险公司,安徽,34011371000001,,寿险团险,安徽,合肥,团险拓展部,养老险公司,总部,养老险公司,安徽,,,网上交易,国寿养老险,2016-01-29,寿险团险,安徽,合肥,团险拓展部
CL1000273238,张媛媛,身份证,342201********1226,CL9023,福寿嘉年11期,"50,000.00","50,000.00","50,002.43",140845,养老险公司,安徽,342201198305231226, ,财险公司,安徽,,,养老险公司,总部,养老险公司,安徽,,,网上交易,国寿养老险,2016-01-29,财险公司,安徽,,
CL1000840439,吴安明,身份证,342426********0010,CL9023,福寿嘉年11期,"50,000.00","50,000.00","50,001.94", ,,,34242679000024,,寿险团险,安徽,六安,金寨,养老险公司,总部,寿险团险,安徽,六安,金寨,网上交易,国寿养老险,2016-01-29,寿险团险,安徽,六安,金寨
CL1000836768,亢美荣,身份证,342224********0042,CL9023,福寿嘉年11期,"10,000.00","10,000.00","10,000.49",140845,养老险公司,安徽,342224196512290013, ,财险公司,安徽,,,养老险公司,总部,养老险公司,安徽,,,网上交易,国寿养老险,2016-01-29,财险公司,安徽,,
CL1000405545,盛炜,身份证,340103********1010,CL9023,福寿嘉年11期,"150,000.00","150,000.00","150,008.75",140845,养老险公司,安徽,34011371000001,,寿险团险,安徽,合肥,团险拓展部,养老险公司,总部,养老险公司,安徽,,,网上交易,国寿养老险,2016-01-29,寿险团险,安徽,合肥,团险拓展部
CL1000834926,程建平,身份证,342425********3727,CL9023,福寿嘉年11期,"50,000.00","50,000.00","50,002.43",140845,养老险公司,安徽,34242579000011,,寿险团险,安徽,六安,舒城,养老险公司,总部,养老险公司,安徽,,,网上交易,国寿养老险,2016-01-29,寿险团险,安徽,六安,舒城
CL1000834926,程建平,身份证,342425********3727,CL9023,福寿嘉年11期,"50,000.00","50,000.00","50,002.43",140845,养老险公司,安徽,34242579000011,,寿险团险,安徽,六安,舒城,养老险公司,总部,养老险公司,安徽,,,网上交易,国寿养老险,2016-01-29,寿险团险,安徽,六安,舒城
CL1000834926,程建平,身份证,342425********3727,CL9023,福寿嘉年11期,"50,000.00","50,000.00","50,002.43",140845,养老险公司,安徽,34242579000011,,寿险团险,安徽,六安,舒城,养老险公司,总部,养老险公司,安徽,,,网上交易,国寿养老险,2016-01-29,寿险团险,安徽,六安,舒城
CL1000834926,程建平,身份证,342425********3727,CL9023,福寿嘉年11期,"50,000.00","50,000.00","50,002.43",140845,养老险公司,安徽,34242579000011,,寿险团险,安徽,六安,舒城,养老险公司,总部,养老险公司,安徽,,,网上交易,国寿养老险,2016-01-29,寿险团险,安徽,六安,舒城
CL1000810713,刘明,身份证,340405********1049,CL9023,福寿嘉年11期,"50,000.00","50,000.00","50,002.92",140845,养老险公司,安徽,34041179000020,,寿险团险,安徽,淮南,团拓部,养老险公司,总部,养老险公司,安徽,,,网上交易,国寿养老险,2016-01-29,寿险团险,安徽,淮南,团拓部
CL1000810713,刘明,身份证,340405********1049,CL9023,福寿嘉年11期,"10,000.00","10,000.00","10,000.58",140845,养老险公司,安徽,34041179000020,,寿险团险,安徽,淮南,团拓部,养老险公司,总部,养老险公司,安徽,,,网上交易,国寿养老险,2016-01-29,寿险团险,安徽,淮南,团拓部
CL1000810713,刘明,身份证,340405********1049,CL9023,福寿嘉年11期,"50,000.00","50,000.00","50,002.92",140845,养老险公司,安徽,34041179000020,,寿险团险,安徽,淮南,团拓部,养老险公司,总部,养老险公司,安徽,,,网上交易,国寿养老险,2016-01-29,寿险团险,安徽,淮南,团拓部
CL1000273949,汤晓岚,身份证,342921********2786,CL9023,福寿嘉年11期,"50,000.00","50,000.00","50,002.43",140845,养老险公司,安徽,34290179000011,,寿险团险,安徽,池州,城区团拓部,养老险公司,总部,养老险公司,安徽,,,网上交易,国寿养老险,2016-01-29,寿险团险,安徽,池州,城区团拓部
CL1000363548,杨艾曼,身份证,342201********0426,CL9023,福寿嘉年11期,"100,000.00","100,000.00","100,004.86",140845,养老险公司,安徽,34011379000004,,寿险团险,安徽,合肥,团险拓展部,养老险公司,总部,养老险公司,安徽,,,网上交易,国寿养老险,2016-01-29,寿险团险,安徽,合肥,团险拓展部
CL1000826004,朱金萍,身份证,340702********3527,CL9023,福寿嘉年11期,"50,000.00","50,000.00","50,002.92",140845,养老险公司,安徽,34070379001002,,寿险团险,安徽,铜陵,团拓部（城区）,养老险公司,总部,养老险公司,安徽,,,网上交易,国寿养老险,2016-01-29,寿险团险,安徽,铜陵,团拓部（城区）
CL1000826004,朱金萍,身份证,340702********3527,CL9023,福寿嘉年11期,"50,000.00","50,000.00","50,002.92",140845,养老险公司,安徽,34070379001002,,寿险团险,安徽,铜陵,团拓部（城区）,养老险公司,总部,养老险公司,安徽,,,网上交易,国寿养老险,2016-01-29,寿险团险,安徽,铜陵,团拓部（城区）
CL1000826004,朱金萍,身份证,340702********3527,CL9023,福寿嘉年11期,"50,000.00","50,000.00","50,002.92",140845,养老险公司,安徽,34070379001002,,寿险团险,安徽,铜陵,团拓部（城区）,养老险公司,总部,养老险公司,安徽,,,网上交易,国寿养老险,2016-01-29,寿险团险,安徽,铜陵,团拓部（城区）
CL1000833538,朱永明,身份证,342529********0030,CL9023,福寿嘉年11期,"30,000.00","30,000.00","30,001.46",140845,养老险公司,安徽,34250179001007,,寿险团险,安徽,宣城,团拓,养老险公司,总部,养老险公司,安徽,,,网上交易,国寿养老险,2016-01-29,寿险团险,安徽,宣城,团拓
CL1000826004,朱金萍,身份证,340702********3527,CL9023,福寿嘉年11期,"50,000.00","50,000.00","50,002.92",140845,养老险公司,安徽,34070379001002,,寿险团险,安徽,铜陵,团拓部（城区）,养老险公司,总部,养老险公司,安徽,,,网上交易,国寿养老险,2016-01-29,寿险团险,安徽,铜陵,团拓部（城区）
CL1000826060,陈明凤,身份证,340122********2489,CL9023,福寿嘉年11期,"90,000.00","90,000.00","90,005.25",140845,养老险公司,安徽,34012379000009,,寿险团险,安徽,合肥,肥西支公司,养老险公司,总部,养老险公司,安徽,,,网上交易,国寿养老险,2016-01-29,寿险团险,安徽,合肥,肥西支公司
CL1000268268,潘伟娟,身份证,342501********2824,CL9023,福寿嘉年11期,"50,000.00","50,000.00","50,001.94", ,,,342501198510272824, ,财险公司,安徽,,,养老险公司,总部,财险公司,安徽,,,网上交易,国寿养老险,2016-01-29,财险公司,安徽,,
CL1000268268,潘伟娟,身份证,342501********2824,CL9023,福寿嘉年11期,"50,000.00","50,000.00","50,002.43",140845,养老险公司,安徽,342501198510272824, ,财险公司,安徽,,,养老险公司,总部,养老险公司,安徽,,,网上交易,国寿养老险,2016-01-29,财险公司,安徽,,
CL1000796658,李家华,身份证,342422********0188,CL9023,福寿嘉年11期,"35,000.00","35,000.00","35,002.04",140845,养老险公司,安徽,34242279000006,,寿险团险,安徽,,,养老险公司,总部,养老险公司,安徽,,,网上交易,国寿养老险,2016-01-29,寿险团险,安徽,,
CL1000198543,殷明玲,身份证,342501********0304,CL9023,福寿嘉年11期,"350,000.00","350,000.00","350,010.21", ,,,34250179001007,,寿险团险,安徽,宣城,团拓,养老险公司,总部,寿险团险,安徽,宣城,团拓,网上交易,国寿养老险,2016-01-29,寿险团险,安徽,宣城,团拓
CL1000156187,王金锋,身份证,342201********0454,CL9023,福寿嘉年11期,"350,000.00","350,000.00","350,017.01",140845,养老险公司,安徽,341222198602050270, ,财险公司,安徽,,,养老险公司,总部,养老险公司,安徽,,,网上交易,国寿养老险,2016-01-29,财险公司,安徽,,
CL1000086362,刘芳,身份证,340104********2521,CL9023,福寿嘉年11期,"50,000.00","50,000.00","50,002.43",140845,养老险公司,安徽,341222198602050270, ,财险公司,安徽,,,养老险公司,总部,养老险公司,安徽,,,网上交易,国寿养老险,2016-01-29,财险公司,安徽,,
CL1000809983,钱小燕,身份证,340900********0041,CL9023,福寿嘉年11期,"20,000.00","20,000.00","20,001.17",140845,养老险公司,安徽,34100279000003,,寿险团险,安徽,黄山,黄山市团拓部,养老险公司,总部,养老险公司,安徽,,,网上交易,国寿养老险,2016-01-29,寿险团险,安徽,黄山,黄山市团拓部
CL1000187968,黄丙霞,身份证,342421********7388,CL9023,福寿嘉年11期,"50,000.00","50,000.00","50,002.43",140845,养老险公司,安徽,34240179000022,,寿险团险,安徽,六安,团拓,养老险公司,总部,养老险公司,安徽,,,网上交易,国寿养老险,2016-01-29,寿险团险,安徽,六安,团拓
CL1000836668,王慧,身份证,341003********0222,CL9023,福寿嘉年11期,"30,000.00","30,000.00","30,001.46",140845,养老险公司,安徽,341003198508030222, ,财险公司,安徽,,,养老险公司,总部,养老险公司,安徽,,,网上交易,国寿养老险,2016-01-29,财险公司,安徽,,
CL1000143059,鲍德红,身份证,340403********0629,CL9023,福寿嘉年11期,"20,000.00","20,000.00","20,000.58", ,,,340403197010070629, ,财险公司,安徽,,,养老险公司,总部,财险公司,安徽,,,网上交易,国寿养老险,2016-01-29,财险公司,安徽,,
CL1000143059,鲍德红,身份证,340403********0629,CL9023,福寿嘉年11期,"40,000.00","40,000.00","40,001.94",140845,养老险公司,安徽,340403197010070629, ,财险公司,安徽,,,养老险公司,总部,养老险公司,安徽,,,网上交易,国寿养老险,2016-01-29,财险公司,安徽,,
CL1000143059,鲍德红,身份证,340403********0629,CL9023,福寿嘉年11期,"50,000.00","50,000.00","50,002.43",140845,养老险公司,安徽,340403197010070629, ,财险公司,安徽,,,养老险公司,总部,养老险公司,安徽,,,网上交易,国寿养老险,2016-01-29,财险公司,安徽,,
CL1000791531,周义斌,身份证,340123********1370,CL9023,福寿嘉年11期,"50,000.00","50,000.00","50,002.92",140845,养老险公司,安徽,34012279000034,,寿险团险,安徽,合肥,肥东支公司,养老险公司,总部,养老险公司,安徽,,,网上交易,国寿养老险,2016-01-29,寿险团险,安徽,合肥,肥东支公司
CL1000090311,张晓莉,身份证,342401********0020,CL9023,福寿嘉年11期,"50,000.00","50,000.00","50,002.92",140845,养老险公司,安徽,34240179000022,,寿险团险,安徽,六安,团拓,养老险公司,总部,养老险公司,安徽,,,网上交易,国寿养老险,2016-01-29,寿险团险,安徽,六安,团拓
CL1000090311,张晓莉,身份证,342401********0020,CL9023,福寿嘉年11期,"20,000.00","20,000.00","20,001.17",140845,养老险公司,安徽,34240179000022,,寿险团险,安徽,六安,团拓,养老险公司,总部,养老险公司,安徽,,,网上交易,国寿养老险,2016-01-29,寿险团险,安徽,六安,团拓
CL1000090311,张晓莉,身份证,342401********0020,CL9023,福寿嘉年11期,"50,000.00","50,000.00","50,002.92",140845,养老险公司,安徽,34240179000022,,寿险团险,安徽,六安,团拓,养老险公司,总部,养老险公司,安徽,,,网上交易,国寿养老险,2016-01-29,寿险团险,安徽,六安,团拓
CL1000090311,张晓莉,身份证,342401********0020,CL9023,福寿嘉年11期,"50,000.00","50,000.00","50,002.92",140845,养老险公司,安徽,34240179000022,,寿险团险,安徽,六安,团拓,养老险公司,总部,养老险公司,安徽,,,网上交易,国寿养老险,2016-01-29,寿险团险,安徽,六安,团拓
CL1000090311,张晓莉,身份证,342401********0020,CL9023,福寿嘉年11期,"50,000.00","50,000.00","50,002.92",140845,养老险公司,安徽,34240179000022,,寿险团险,安徽,六安,团拓,养老险公司,总部,养老险公司,安徽,,,网上交易,国寿养老险,2016-01-29,寿险团险,安徽,六安,团拓
CL1000517493,凌丽红,身份证,342700********0027,CL9023,福寿嘉年11期,"100,000.00","100,000.00","100,003.89", ,,,34100279000003,,寿险团险,安徽,黄山,黄山市团拓部,养老险公司,总部,寿险团险,安徽,黄山,黄山市团拓部,网上交易,国寿养老险,2016-01-29,寿险团险,安徽,黄山,黄山市团拓部
CL1000812577,陈元生,身份证,340222********0091,CL9023,福寿嘉年11期,"50,000.00","50,000.00","50,002.92",140845,养老险公司,安徽,34020179000028,,寿险团险,安徽,芜湖,团拓,养老险公司,总部,养老险公司,安徽,,,网上交易,国寿养老险,2016-01-29,寿险团险,安徽,芜湖,团拓
CL1000812577,陈元生,身份证,340222********0091,CL9023,福寿嘉年11期,"30,000.00","30,000.00","30,001.75",140845,养老险公司,安徽,34020179000028,,寿险团险,安徽,芜湖,团拓,养老险公司,总部,养老险公司,安徽,,,网上交易,国寿养老险,2016-01-29,寿险团险,安徽,芜湖,团拓
CL1000832651,于伟,身份证,342222********0460,CL9023,福寿嘉年11期,"10,000.00","10,000.00","10,000.49",140845,养老险公司,安徽,342222197808290460, ,财险公司,安徽,,,养老险公司,总部,养老险公司,安徽,,,网上交易,国寿养老险,2016-01-29,财险公司,安徽,,
CL1000828146,臧曼曼,身份证,340603********4221,CL9023,福寿嘉年11期,"10,000.00","10,000.00","10,000.49",140845,养老险公司,安徽, ,,,,,,养老险公司,总部,养老险公司,安徽,,,网上交易,国寿养老险,2016-01-29,养老险公司,安徽,,
CL1000829889,张爱平,身份证,340123********3107,CL9023,福寿嘉年11期,"50,000.00","50,000.00","50,002.43",140845,养老险公司,安徽,34012279000021,,寿险团险,安徽,合肥,肥东支公司,养老险公司,总部,养老险公司,安徽,,,网上交易,国寿养老险,2016-01-29,寿险团险,安徽,合肥,肥东支公司
CL1000829889,张爱平,身份证,340123********3107,CL9023,福寿嘉年11期,"50,000.00","50,000.00","50,002.43",140845,养老险公司,安徽,34012279000021,,寿险团险,安徽,合肥,肥东支公司,养老险公司,总部,养老险公司,安徽,,,网上交易,国寿养老险,2016-01-29,寿险团险,安徽,合肥,肥东支公司
CL1000829889,张爱平,身份证,340123********3107,CL9023,福寿嘉年11期,"50,000.00","50,000.00","50,002.43",140845,养老险公司,安徽,34012279000021,,寿险团险,安徽,合肥,肥东支公司,养老险公司,总部,养老险公司,安徽,,,网上交易,国寿养老险,2016-01-29,寿险团险,安徽,合肥,肥东支公司
CL1000827658,黎元年,身份证,342425********5117,CL9023,福寿嘉年11期,"58,000.00","58,000.00","58,003.38",140845,养老险公司,安徽,34242579000027,,寿险团险,安徽,六安,舒城,养老险公司,总部,养老险公司,安徽,,,网上交易,国寿养老险,2016-01-29,寿险团险,安徽,六安,舒城
CL1000835070,杨文文,身份证,342201********0024,CL9023,福寿嘉年11期,"20,000.00","20,000.00","20,000.97",140845,养老险公司,安徽,342201198710230024, ,财险公司,安徽,,,养老险公司,总部,养老险公司,安徽,,,网上交易,国寿养老险,2016-01-29,财险公司,安徽,,
CL1000758410,潘小惠,身份证,340111********456X,CL9023,福寿嘉年11期,"180,000.00","180,000.00","180,010.50",140845,养老险公司,安徽,YL34000009,平欣丽,养老险公司,安徽,,,养老险公司,总部,养老险公司,安徽,,,网上交易,国寿养老险,2016-01-29,养老险公司,安徽,,
CL1000758410,潘小惠,身份证,340111********456X,CL9023,福寿嘉年11期,"200,000.00","200,000.00","200,011.67",140845,养老险公司,安徽,YL34000009,平欣丽,养老险公司,安徽,,,养老险公司,总部,养老险公司,安徽,,,网上交易,国寿养老险,2016-01-29,养老险公司,安徽,,
CL1000812577,陈元生,身份证,340222********0091,CL9023,福寿嘉年11期,"40,000.00","40,000.00","40,002.33",140845,养老险公司,安徽,34020179000028,,寿险团险,安徽,芜湖,团拓,养老险公司,总部,养老险公司,安徽,,,网上交易,国寿养老险,2016-01-29,寿险团险,安徽,芜湖,团拓
CL1000812577,陈元生,身份证,340222********0091,CL9023,福寿嘉年11期,"40,000.00","40,000.00","40,002.33",140845,养老险公司,安徽,34020179000028,,寿险团险,安徽,芜湖,团拓,养老险公司,总部,养老险公司,安徽,,,网上交易,国寿养老险,2016-01-29,寿险团险,安徽,芜湖,团拓
CL1000812577,陈元生,身份证,340222********0091,CL9023,福寿嘉年11期,"40,000.00","40,000.00","40,002.33",140845,养老险公司,安徽,34020179000028,,寿险团险,安徽,芜湖,团拓,养老险公司,总部,养老险公司,安徽,,,网上交易,国寿养老险,2016-01-29,寿险团险,安徽,芜湖,团拓
CL1000828646,赵永利,身份证,340603********0640,CL9023,福寿嘉年11期,"10,000.00","10,000.00","10,000.49",140845,养老险公司,安徽, ,,,,,,养老险公司,总部,养老险公司,安徽,,,网上交易,国寿养老险,2016-01-29,养老险公司,安徽,,
CL1000836468,唐文强,身份证,342221********4518,CL9023,福寿嘉年11期,"40,000.00","40,000.00","40,001.94",140845,养老险公司,安徽,342221198603214518, ,财险公司,安徽,,,养老险公司,总部,养老险公司,安徽,,,网上交易,国寿养老险,2016-01-29,财险公司,安徽,,
CL1000716710,章艳,身份证,340811********472X,CL9023,福寿嘉年11期,"40,000.00","40,000.00","40,002.33",140845,养老险公司,安徽,34081179000010,,寿险团险,安徽,,,养老险公司,总部,养老险公司,安徽,,,网上交易,国寿养老险,2016-01-29,寿险团险,安徽,,
CL1000716710,章艳,身份证,340811********472X,CL9023,福寿嘉年11期,"30,000.00","30,000.00","30,001.46",140845,养老险公司,安徽,34081179000010,,寿险团险,安徽,,,养老险公司,总部,养老险公司,安徽,,,网上交易,国寿养老险,2016-01-29,寿险团险,安徽,,
CL1000637607,方勤,身份证,340103********2020,CL9023,福寿嘉年11期,"70,000.00","70,000.00","70,004.08",140845,养老险公司,安徽,YL34000009,平欣丽,养老险公司,安徽,,,养老险公司,总部,养老险公司,安徽,,,网上交易,国寿养老险,2016-01-29,养老险公司,安徽,,
CL1000821932,茆建玲,身份证,340104********2523,CL9023,福寿嘉年11期,"70,000.00","70,000.00","70,004.08",140845,养老险公司,安徽,34011379000004,,寿险团险,安徽,合肥,团险拓展部,养老险公司,总部,养老险公司,安徽,,,网上交易,国寿养老险,2016-01-29,寿险团险,安徽,合肥,团险拓展部
CL1000830064,宗洁,身份证,340603********4289,CL9023,福寿嘉年11期,"30,000.00","30,000.00","30,001.46",140845,养老险公司,安徽,34060279000059,,寿险团险,安徽,淮北,团拓,养老险公司,总部,养老险公司,安徽,,,网上交易,国寿养老险,2016-01-29,寿险团险,安徽,淮北,团拓
CL1000795282,何文娟,身份证,342601********3625,CL9023,福寿嘉年11期,"50,000.00","50,000.00","50,002.92",140845,养老险公司,安徽,34070379001002,,寿险团险,安徽,铜陵,团拓部（城区）,养老险公司,总部,养老险公司,安徽,,,网上交易,国寿养老险,2016-01-29,寿险团险,安徽,铜陵,团拓部（城区）
CL1000795282,何文娟,身份证,342601********3625,CL9023,福寿嘉年11期,"50,000.00","50,000.00","50,002.43",140845,养老险公司,安徽,34070379001002,,寿险团险,安徽,铜陵,团拓部（城区）,养老险公司,总部,养老险公司,安徽,,,网上交易,国寿养老险,2016-01-29,寿险团险,安徽,铜陵,团拓部（城区）
CL1000800571,陈伟,身份证,510102********7497,CL9023,福寿嘉年11期,"20,000.00","20,000.00","20,000.97",140845,养老险公司,安徽,34250179001007,,寿险团险,安徽,宣城,团拓,养老险公司,总部,养老险公司,安徽,,,网上交易,国寿养老险,2016-01-29,寿险团险,安徽,宣城,团拓
CL1000822919,齐向阳,身份证,342201********1231,CL9023,福寿嘉年11期,"50,000.00","50,000.00","50,002.92",140845,养老险公司,安徽,34220379000008,,寿险团险,安徽,宿州,团拓部,养老险公司,总部,养老险公司,安徽,,,网上交易,国寿养老险,2016-01-29,寿险团险,安徽,宿州,团拓部
CL1000822919,齐向阳,身份证,342201********1231,CL9023,福寿嘉年11期,"50,000.00","50,000.00","50,002.92",140845,养老险公司,安徽,34220379000008,,寿险团险,安徽,宿州,团拓部,养老险公司,总部,养老险公司,安徽,,,网上交易,国寿养老险,2016-01-29,寿险团险,安徽,宿州,团拓部
CL1000822720,胡晓霞,身份证,342529********0024,CL9023,福寿嘉年11期,"22,000.00","22,000.00","22,001.28",140845,养老险公司,安徽,34250179001007,,寿险团险,安徽,宣城,团拓,养老险公司,总部,养老险公司,安徽,,,网上交易,国寿养老险,2016-01-29,寿险团险,安徽,宣城,团拓
CL1000767531,李欢,身份证,340702********0521,CL9023,福寿嘉年11期,"15,000.00","15,000.00","15,000.73",140845,养老险公司,安徽,34070379001002,,寿险团险,安徽,铜陵,团拓部（城区）,养老险公司,总部,养老险公司,安徽,,,网上交易,国寿养老险,2016-01-29,寿险团险,安徽,铜陵,团拓部（城区）
CL1000120867,肖琼霞,身份证,432427********3920,CL9023,福寿嘉年11期,"200,000.00","200,000.00","200,011.67",140845,养老险公司,安徽,YL34000003,陈俊,养老险公司,安徽,,,养老险公司,总部,养老险公司,安徽,,,网上交易,国寿养老险,2016-01-29,养老险公司,安徽,,
CL1000224015,许旭梅,身份证,342501********0282,CL9023,福寿嘉年11期,"30,000.00","30,000.00","30,001.17", ,,,34250179001007,,寿险团险,安徽,宣城,团拓,养老险公司,总部,寿险团险,安徽,宣城,团拓,网上交易,国寿养老险,2016-01-29,寿险团险,安徽,宣城,团拓
CL1000034875,张慧,身份证,341002********0028,CL9023,福寿嘉年11期,"15,000.00","15,000.00","15,000.88",140845,养老险公司,安徽,34100279000003,,寿险团险,安徽,黄山,黄山市团拓部,养老险公司,总部,养老险公司,安徽,,,网上交易,国寿养老险,2016-01-29,寿险团险,安徽,黄山,黄山市团拓部
CL1000034875,张慧,身份证,341002********0028,CL9023,福寿嘉年11期,"15,000.00","15,000.00","15,000.88",140845,养老险公司,安徽,34100279000003,,寿险团险,安徽,黄山,黄山市团拓部,养老险公司,总部,养老险公司,安徽,,,网上交易,国寿养老险,2016-01-29,寿险团险,安徽,黄山,黄山市团拓部
CL1000827781,徐德年,身份证,342425********5166,CL9023,福寿嘉年11期,"30,000.00","30,000.00","30,001.75",140845,养老险公司,安徽,34242579000011,,寿险团险,安徽,六安,舒城,养老险公司,总部,养老险公司,安徽,,,网上交易,国寿养老险,2016-01-29,寿险团险,安徽,六安,舒城
CL1000796070,方雪萍,身份证,340823********2167,CL9023,福寿嘉年11期,"30,000.00","30,000.00","30,001.46",140845,养老险公司,安徽,341222198602050270, ,财险公司,安徽,,,养老险公司,总部,养老险公司,安徽,,,网上交易,国寿养老险,2016-01-29,财险公司,安徽,,
CL1000691201,赵瑞红,身份证,342623********032X,CL9023,福寿嘉年11期,"50,000.00","50,000.00","50,002.43",140845,养老险公司,安徽,34020179000027,,寿险团险,安徽,芜湖,团拓,养老险公司,总部,养老险公司,安徽,,,网上交易,国寿养老险,2016-01-29,寿险团险,安徽,芜湖,团拓
CL1000167606,徐勇,身份证,342201********0011,CL9023,福寿嘉年11期,"10,000.00","10,000.00","10,000.49",140845,养老险公司,安徽,342201197012010011, ,财险公司,安徽,,,养老险公司,总部,养老险公司,安徽,,,网上交易,国寿养老险,2016-01-29,财险公司,安徽,,
CL1000077552,汪萍,身份证,342501********0565,CL9023,福寿嘉年11期,"50,000.00","50,000.00","50,002.43",140845,养老险公司,安徽,341222198602050270, ,财险公司,安徽,,,养老险公司,总部,养老险公司,安徽,,,网上交易,国寿养老险,2016-01-29,财险公司,安徽,,
CL1000168038,李梦,身份证,342423********0026,CL9023,福寿嘉年11期,"30,000.00","30,000.00","30,001.75",140845,养老险公司,安徽,341222198602050270, ,财险公司,安徽,,,养老险公司,总部,养老险公司,安徽,,,网上交易,国寿养老险,2016-01-29,财险公司,安徽,,
CL1000703193,唐婷,身份证,340702********0526,CL9023,福寿嘉年11期,"20,000.00","20,000.00","20,001.17",140845,养老险公司,安徽,34070379001002,,寿险团险,安徽,铜陵,团拓部（城区）,养老险公司,总部,养老险公司,安徽,,,网上交易,国寿养老险,2016-01-29,寿险团险,安徽,铜陵,团拓部（城区）
CL1000703193,唐婷,身份证,340702********0526,CL9023,福寿嘉年11期,"30,000.00","30,000.00","30,001.75",140845,养老险公司,安徽,34070379001002,,寿险团险,安徽,铜陵,团拓部（城区）,养老险公司,总部,养老险公司,安徽,,,网上交易,国寿养老险,2016-01-29,寿险团险,安徽,铜陵,团拓部（城区）
CL1000833283,孙方林,身份证,320322********0326,CL9023,福寿嘉年11期,"50,000.00","50,000.00","50,002.43",140845,养老险公司,安徽, ,,,,,,养老险公司,总部,养老险公司,安徽,,,网上交易,国寿养老险,2016-01-29,养老险公司,安徽,,
CL1000833283,孙方林,身份证,320322********0326,CL9023,福寿嘉年11期,"50,000.00","50,000.00","50,002.43",140845,养老险公司,安徽, ,,,,,,养老险公司,总部,养老险公司,安徽,,,网上交易,国寿养老险,2016-01-29,养老险公司,安徽,,
CL1000833283,孙方林,身份证,320322********0326,CL9023,福寿嘉年11期,"40,000.00","40,000.00","40,001.94",140845,养老险公司,安徽, ,,,,,,养老险公司,总部,养老险公司,安徽,,,网上交易,国寿养老险,2016-01-29,养老险公司,安徽,,
CL1000836624,董翠侠,身份证,342222********0981,CL9023,福寿嘉年11期,"10,000.00","10,000.00","10,000.49",140845,养老险公司,安徽,342222196705100981, ,财险公司,安徽,,,养老险公司,总部,养老险公司,安徽,,,网上交易,国寿养老险,2016-01-29,财险公司,安徽,,
CL1000811067,马国霞,身份证,340104********2549,CL9023,福寿嘉年11期,"50,000.00","50,000.00","50,002.92",140845,养老险公司,安徽,34070379001002,,寿险团险,安徽,铜陵,团拓部（城区）,养老险公司,总部,养老险公司,安徽,,,网上交易,国寿养老险,2016-01-29,寿险团险,安徽,铜陵,团拓部（城区）
CL1000811067,马国霞,身份证,340104********2549,CL9023,福寿嘉年11期,"50,000.00","50,000.00","50,002.92",140845,养老险公司,安徽,34070379001002,,寿险团险,安徽,铜陵,团拓部（城区）,养老险公司,总部,养老险公司,安徽,,,网上交易,国寿养老险,2016-01-29,寿险团险,安徽,铜陵,团拓部（城区）
CL1000833894,伍巧玉,身份证,342623********0362,CL9023,福寿嘉年11期,"100,000.00","100,000.00","100,004.86",140845,养老险公司,安徽,341222198602050270, ,财险公司,安徽,,,养老险公司,总部,养老险公司,安徽,,,网上交易,国寿养老险,2016-01-29,财险公司,安徽,,
CL1000040444,裴金娣,身份证,340711********006X,CL9023,福寿嘉年11期,"150,000.00","150,000.00","150,007.29",140845,养老险公司,安徽,34070379001002,,寿险团险,安徽,铜陵,团拓部（城区）,养老险公司,总部,养老险公司,安徽,,,网上交易,国寿养老险,2016-01-29,寿险团险,安徽,铜陵,团拓部（城区）
CL1000821409,陈振林,身份证,342530********0016,CL9023,福寿嘉年11期,"100,000.00","100,000.00","100,005.83",140845,养老险公司,安徽,34250179001007,,寿险团险,安徽,宣城,团拓,养老险公司,总部,养老险公司,安徽,,,网上交易,国寿养老险,2016-01-29,寿险团险,安徽,宣城,团拓
CL1000834337,丁世英,身份证,340703********4524,CL9023,福寿嘉年11期,"30,000.00","30,000.00","30,001.46",140845,养老险公司,安徽,34070379001002,,寿险团险,安徽,铜陵,团拓部（城区）,养老险公司,总部,养老险公司,安徽,,,网上交易,国寿养老险,2016-01-29,寿险团险,安徽,铜陵,团拓部（城区）
CL1000832840,周云彪,身份证,342531********0250,CL9023,福寿嘉年11期,"10,000.00","10,000.00","10,000.49",140845,养老险公司,安徽,34250179001007,,寿险团险,安徽,宣城,团拓,养老险公司,总部,养老险公司,安徽,,,网上交易,国寿养老险,2016-01-29,寿险团险,安徽,宣城,团拓
CL1000832840,周云彪,身份证,342531********0250,CL9023,福寿嘉年11期,"10,000.00","10,000.00","10,000.49",140845,养老险公司,安徽,34250179001007,,寿险团险,安徽,宣城,团拓,养老险公司,总部,养老险公司,安徽,,,网上交易,国寿养老险,2016-01-29,寿险团险,安徽,宣城,团拓
CL1000009721,王浩,身份证,342601********021X,CL9023,福寿嘉年11期,"20,000.00","20,000.00","20,000.58", ,,,34011371000001,,寿险团险,安徽,合肥,团险拓展部,养老险公司,总部,寿险团险,安徽,合肥,团险拓展部,网上交易,国寿养老险,2016-01-29,寿险团险,安徽,合肥,团险拓展部
CL1000823296,熊诗民,身份证,340202********0713,CL9023,福寿嘉年11期,"49,000.00","49,000.00","49,002.86",140845,养老险公司,安徽,34020179000028,,寿险团险,安徽,芜湖,团拓,养老险公司,总部,养老险公司,安徽,,,网上交易,国寿养老险,2016-01-29,寿险团险,安徽,芜湖,团拓
CL1000677698,隗义珍,身份证,342422********0163,CL9023,福寿嘉年11期,"50,000.00","50,000.00","50,002.43",140845,养老险公司,安徽,34242279000019,,寿险团险,安徽,,,养老险公司,总部,养老险公司,安徽,,,网上交易,国寿养老险,2016-01-29,寿险团险,安徽,,
CL1000677698,隗义珍,身份证,342422********0163,CL9023,福寿嘉年11期,"30,000.00","30,000.00","30,001.75",140845,养老险公司,安徽,34242279000019,,寿险团险,安徽,,,养老险公司,总部,养老险公司,安徽,,,网上交易,国寿养老险,2016-01-29,寿险团险,安徽,,
CL1000677698,隗义珍,身份证,342422********0163,CL9023,福寿嘉年11期,"50,000.00","50,000.00","50,001.94", ,,,34242279000019,,寿险团险,安徽,,,养老险公司,总部,寿险团险,安徽,,,网上交易,国寿养老险,2016-01-29,寿险团险,安徽,,
CL1000646073,邵燕,身份证,340403********1426,CL9023,福寿嘉年11期,"10,000.00","10,000.00","10,000.49",140845,养老险公司,安徽,34041179000019,,寿险团险,安徽,淮南,团拓部,养老险公司,总部,养老险公司,安徽,,,网上交易,国寿养老险,2016-01-29,寿险团险,安徽,淮南,团拓部
CL1000818026,刘青,身份证,342423********002X,CL9023,福寿嘉年11期,"50,000.00","50,000.00","50,002.92",140845,养老险公司,安徽,341222198602050270, ,财险公司,安徽,,,养老险公司,总部,养老险公司,安徽,,,网上交易,国寿养老险,2016-01-29,财险公司,安徽,,
CL1000818026,刘青,身份证,342423********002X,CL9023,福寿嘉年11期,"50,000.00","50,000.00","50,002.92",140845,养老险公司,安徽,341222198602050270, ,财险公司,安徽,,,养老险公司,总部,养老险公司,安徽,,,网上交易,国寿养老险,2016-01-29,财险公司,安徽,,
CL1000818026,刘青,身份证,342423********002X,CL9023,福寿嘉年11期,"4,000.00","4,000.00","4,000.19",140845,养老险公司,安徽,341222198602050270, ,财险公司,安徽,,,养老险公司,总部,养老险公司,安徽,,,网上交易,国寿养老险,2016-01-29,财险公司,安徽,,
CL1000818026,刘青,身份证,342423********002X,CL9023,福寿嘉年11期,"50,000.00","50,000.00","50,002.92",140845,养老险公司,安徽,341222198602050270, ,财险公司,安徽,,,养老险公司,总部,养老险公司,安徽,,,网上交易,国寿养老险,2016-01-29,财险公司,安徽,,
CL1000818026,刘青,身份证,342423********002X,CL9023,福寿嘉年11期,"50,000.00","50,000.00","50,002.92",140845,养老险公司,安徽,341222198602050270, ,财险公司,安徽,,,养老险公司,总部,养老险公司,安徽,,,网上交易,国寿养老险,2016-01-29,财险公司,安徽,,
CL1000818026,刘青,身份证,342423********002X,CL9023,福寿嘉年11期,"50,000.00","50,000.00","50,002.92",140845,养老险公司,安徽,341222198602050270, ,财险公司,安徽,,,养老险公司,总部,养老险公司,安徽,,,网上交易,国寿养老险,2016-01-29,财险公司,安徽,,
CL1000818026,刘青,身份证,342423********002X,CL9023,福寿嘉年11期,"50,000.00","50,000.00","50,002.92",140845,养老险公司,安徽,341222198602050270, ,财险公司,安徽,,,养老险公司,总部,养老险公司,安徽,,,网上交易,国寿养老险,2016-01-29,财险公司,安徽,,
CL1000818026,刘青,身份证,342423********002X,CL9023,福寿嘉年11期,"50,000.00","50,000.00","50,002.92",140845,养老险公司,安徽,341222198602050270, ,财险公司,安徽,,,养老险公司,总部,养老险公司,安徽,,,网上交易,国寿养老险,2016-01-29,财险公司,安徽,,
CL1000147599,刘存珍,身份证,342224********0021,CL9023,福寿嘉年11期,"50,000.00","50,000.00","50,002.43",140845,养老险公司,安徽,342224199107110027, ,财险公司,安徽,,,养老险公司,总部,养老险公司,安徽,,,网上交易,国寿养老险,2016-01-29,财险公司,安徽,,
CL1000243723,詹兆云,身份证,342427********1322,CL9023,福寿嘉年11期,"50,000.00","50,000.00","50,002.92",140845,养老险公司,安徽, ,,,,,,养老险公司,总部,养老险公司,安徽,,,网上交易,国寿养老险,2016-01-29,养老险公司,安徽,,
CL1000244644,魏艳红,身份证,342201********0847,CL9023,福寿嘉年11期,"15,000.00","15,000.00","15,000.73",140845,养老险公司,安徽,342201197211140847, ,财险公司,安徽,,,养老险公司,总部,养老险公司,安徽,,,网上交易,国寿养老险,2016-01-29,财险公司,安徽,,
CL1000647372,王赛男,身份证,342529********0061,CL9023,福寿嘉年11期,"50,000.00","50,000.00","50,001.46", ,,,34250179001007,,寿险团险,安徽,宣城,团拓,养老险公司,总部,寿险团险,安徽,宣城,团拓,网上交易,国寿养老险,2016-01-29,寿险团险,安徽,宣城,团拓
CL1000647372,王赛男,身份证,342529********0061,CL9023,福寿嘉年11期,"50,000.00","50,000.00","50,001.46", ,,,34250179001007,,寿险团险,安徽,宣城,团拓,养老险公司,总部,寿险团险,安徽,宣城,团拓,网上交易,国寿养老险,2016-01-29,寿险团险,安徽,宣城,团拓
CL1000828080,方艳,户口本,342530********0020,CL9023,福寿嘉年11期,"20,000.00","20,000.00","20,000.97",140845,养老险公司,安徽,34250179001007,,寿险团险,安徽,宣城,团拓,养老险公司,总部,养老险公司,安徽,,,网上交易,国寿养老险,2016-01-29,寿险团险,安徽,宣城,团拓
CL1000828080,方艳,户口本,342530********0020,CL9023,福寿嘉年11期,"30,000.00","30,000.00","30,001.46",140845,养老险公司,安徽,34250179001007,,寿险团险,安徽,宣城,团拓,养老险公司,总部,养老险公司,安徽,,,网上交易,国寿养老险,2016-01-29,寿险团险,安徽,宣城,团拓
CL1000092953,徐翠红,身份证,342201********442X,CL9023,福寿嘉年11期,"20,000.00","20,000.00","20,000.97",140845,养老险公司,安徽,34011371000001,,寿险团险,安徽,合肥,团险拓展部,养老险公司,总部,养老险公司,安徽,,,网上交易,国寿养老险,2016-01-29,寿险团险,安徽,合肥,团险拓展部

