﻿FUND_ACCT,CUST_NAME,CERT_TYPE,CERT_NO,FUND_CODE,FUND_NAME,APP_MONEY,ACK_MONEY,ACK_SHARE,INVITECODE,COMPANY_INVITE,BRANCH_INVITE_NEW,REFERID,CUSTNAME_REFER,COMPANY_REFER,BRANCH_REFER_NEW,CT_REFER,CR_REFER,COMPANY_ORG,ORGNAME,SALE_COMPANY_NAME_DTL,SALE_BRANCH_NAME,SALE_CT_NAME,SALE_CR_NAME,ACCEPT_METHOD,AGENCY_NAME,ACK_DATE,SALE_COMPANY_NAME_FEE,SALE_BRANCH_NAME_FEE1,SALE_CT_NAME_FEE,SALE_CR_NAME_FEE
CL1000656371,邵银屏,身份证,340103********2027,CL9181,福寿嘉年113期,"50,000.00","50,000.00","50,000.00", ,,,YL34000023,汪莉,养老险公司,安徽,,,,,养老险公司,安徽,,,微信,国寿养老险,2018-11-05,养老险公司,安徽,,
CL1007566030,王建亚,身份证,342201********0226,CL9181,福寿嘉年113期,"50,000.00",0.00,0.00, ,,,34222579000016,,寿险团险,安徽,宿州,泗县支公司,养老险公司,总部,寿险团险,安徽,宿州,泗县支公司,网上交易,国寿养老险,2018-11-05,寿险团险,安徽,宿州,泗县支公司
CL1010697411,盛茹,身份证,340103********1520,CL9181,福寿嘉年113期,"300,000.00","300,000.00","300,000.00", ,,,34010579000169,,寿险团险,安徽,合肥,团险支公司,养老险公司,总部,寿险团险,安徽,合肥,团险支公司,网上交易,国寿养老险,2018-11-05,寿险团险,安徽,合肥,团险支公司
CL1000111879,李素芳,身份证,340121********1305,CL9181,福寿嘉年113期,"50,000.00",0.00,0.00, ,,,YL34000023,汪莉,养老险公司,安徽,,,养老险公司,总部,养老险公司,安徽,,,网上交易,国寿养老险,2018-11-05,养老险公司,安徽,,
CL1000942212,侯彩虹,身份证,340603********0426,CL9181,福寿嘉年113期,"30,000.00","30,000.00","30,000.00", ,,,34060279000002,,寿险团险,安徽,淮北,团拓,养老险公司,总部,寿险团险,安徽,淮北,团拓,网上交易,国寿养老险,2018-11-05,寿险团险,安徽,淮北,团拓
CL1153300484,赵立琴,身份证,340121********0027,CL9181,福寿嘉年113期,"20,000.00","20,000.00","20,000.58",810746,养老险公司,安徽,34012179000035,,寿险团险,安徽,合肥,长丰支公司,养老险公司,总部,养老险公司,安徽,,,网上交易,国寿养老险,2018-11-05,寿险团险,安徽,合肥,长丰支公司
CL1003558247,王培,身份证,340403********0028,CL9181,福寿嘉年113期,"50,000.00","50,000.00","50,001.46",810746,养老险公司,安徽,YL34000020,张曦,养老险公司,安徽,,,,,养老险公司,安徽,,,APP,国寿养老险,2018-11-05,养老险公司,安徽,,
CL1014128713,邓丽,身份证,342124********0225,CL9181,福寿嘉年113期,"50,000.00",0.00,0.00, ,,,34213379001027,,寿险团险,安徽,亳州,谯城支公司,养老险公司,总部,寿险团险,安徽,亳州,谯城支公司,网上交易,国寿养老险,2018-11-05,寿险团险,安徽,亳州,谯城支公司
CL1000152547,吕建伟,身份证,342201********0052,CL9181,福寿嘉年113期,"50,000.00","50,000.00","50,001.46",810746,养老险公司,安徽,34220379000001,,寿险团险,安徽,宿州,团拓部,养老险公司,总部,养老险公司,安徽,,,网上交易,国寿养老险,2018-11-05,寿险团险,安徽,宿州,团拓部
CL1011253655,马素珍,身份证,340304********0444,CL9181,福寿嘉年113期,"20,000.00","20,000.00","20,000.58",810746,养老险公司,安徽,34031079000023,,寿险团险,安徽,蚌埠,团拓,养老险公司,总部,养老险公司,安徽,,,网上交易,国寿养老险,2018-11-05,寿险团险,安徽,蚌埠,团拓
CL1008626275,张伟红,身份证,342201********1023,CL9181,福寿嘉年113期,"30,000.00","30,000.00","30,000.88",810746,养老险公司,安徽,34222579000016,,寿险团险,安徽,宿州,泗县支公司,养老险公司,总部,养老险公司,安徽,,,网上交易,国寿养老险,2018-11-05,寿险团险,安徽,宿州,泗县支公司
CL1000244199,沈克玲,身份证,342421********3720,CL9181,福寿嘉年113期,"130,000.00","130,000.00","130,003.79",810746,养老险公司,安徽,34240179000073,,寿险团险,安徽,六安,团拓,养老险公司,总部,养老险公司,安徽,,,网上交易,国寿养老险,2018-11-05,寿险团险,安徽,六安,团拓
CL1009303599,邵广泉,身份证,340103********2010,CL9181,福寿嘉年113期,"40,000.00","40,000.00","40,001.17",810746,养老险公司,安徽,YL34000023,汪莉,养老险公司,安徽,,,,,养老险公司,安徽,,,微信,国寿养老险,2018-11-05,养老险公司,安徽,,
CL1008569199,王梅英,身份证,342601********0029,CL9181,福寿嘉年113期,"50,000.00",0.00,0.00, ,,,34012779000057,,寿险团险,安徽,合肥,庐江支公司,,,寿险团险,安徽,合肥,庐江支公司,微信,国寿养老险,2018-11-05,寿险团险,安徽,合肥,庐江支公司
CL1000191895,徐安民,身份证,340803********2313,CL9181,福寿嘉年113期,"50,000.00","50,000.00","50,001.46",810746,养老险公司,安徽,34080179000010,,寿险团险,安徽,安庆,城区团拓部,养老险公司,总部,养老险公司,安徽,,,网上交易,国寿养老险,2018-11-05,寿险团险,安徽,安庆,城区团拓部
CL1068071501,段光辉,身份证,342522********5416,CL9181,福寿嘉年113期,"10,000.00","10,000.00","10,000.00", ,,,34210379000025,,寿险团险,安徽,,,养老险公司,总部,寿险团险,安徽,,,网上交易,国寿养老险,2018-11-05,寿险团险,安徽,,
CL1000863487,李梦雅,身份证,340802********0624,CL9181,福寿嘉年113期,"10,000.00","10,000.00","10,000.29",810746,养老险公司,安徽, ,,,,,,,,养老险公司,安徽,,,APP,国寿养老险,2018-11-05,养老险公司,安徽,,
CL1000717975,宛志华,身份证,342622********4800,CL9181,福寿嘉年113期,"50,000.00",0.00,0.00, ,,,34012779000001,,寿险团险,安徽,合肥,庐江支公司,,,寿险团险,安徽,合肥,庐江支公司,微信,国寿养老险,2018-11-05,寿险团险,安徽,合肥,庐江支公司
CL1000676055,闫如巧,身份证,340421********0625,CL9181,福寿嘉年113期,"50,000.00","50,000.00","50,001.46",810746,养老险公司,安徽, ,,,,,,养老险公司,总部,养老险公司,安徽,,,网上交易,国寿养老险,2018-11-05,养老险公司,安徽,,
CL1021621234,陈义,身份证,340621********3220,CL9181,福寿嘉年113期,"20,000.00","20,000.00","20,000.58",810746,养老险公司,安徽,34062179000030,,寿险团险,安徽,淮北,濉溪县公司,养老险公司,总部,养老险公司,安徽,,,网上交易,国寿养老险,2018-11-05,寿险团险,安徽,淮北,濉溪县公司
CL1000014724,任国英,身份证,340111********1022,CL9181,福寿嘉年113期,"50,000.00","50,000.00","50,001.46",810746,养老险公司,安徽,YL34000023,汪莉,养老险公司,安徽,,,,,养老险公司,安徽,,,微信,国寿养老险,2018-11-05,养老险公司,安徽,,
CL1000014724,任国英,身份证,340111********1022,CL9181,福寿嘉年113期,"50,000.00",0.00,0.00, ,,,YL34000023,汪莉,养老险公司,安徽,,,,,养老险公司,安徽,,,微信,国寿养老险,2018-11-05,养老险公司,安徽,,
CL1004279781,徐宝忠,身份证,342423********0393,CL9181,福寿嘉年113期,"20,000.00",0.00,0.00, ,,,34242379000046,,寿险团险,安徽,六安,霍邱,,,寿险团险,安徽,六安,霍邱,APP,国寿养老险,2018-11-05,寿险团险,安徽,六安,霍邱
CL1004279781,徐宝忠,身份证,342423********0393,CL9181,福寿嘉年113期,"20,000.00","20,000.00","20,000.00", ,,,34242379000046,,寿险团险,安徽,六安,霍邱,,,寿险团险,安徽,六安,霍邱,APP,国寿养老险,2018-11-05,寿险团险,安徽,六安,霍邱
CL1008463654,卞婷婷,身份证,340403********2649,CL9181,福寿嘉年113期,"20,000.00","20,000.00","20,000.58",810746,养老险公司,安徽,34041179000035,,寿险团险,安徽,淮南,团拓部,养老险公司,总部,养老险公司,安徽,,,网上交易,国寿养老险,2018-11-05,寿险团险,安徽,淮南,团拓部
CL1008463654,卞婷婷,身份证,340403********2649,CL9181,福寿嘉年113期,"20,000.00","20,000.00","20,000.58",810746,养老险公司,安徽,34041179000035,,寿险团险,安徽,淮南,团拓部,养老险公司,总部,养老险公司,安徽,,,网上交易,国寿养老险,2018-11-05,寿险团险,安徽,淮南,团拓部
CL1153116404,余惠敏,身份证,342201********0428,CL9181,福寿嘉年113期,"50,000.00",0.00,0.00, ,,,34222579000016,,寿险团险,安徽,宿州,泗县支公司,养老险公司,总部,寿险团险,安徽,宿州,泗县支公司,网上交易,国寿养老险,2018-11-05,寿险团险,安徽,宿州,泗县支公司
CL1030828374,邵将,身份证,342301********0013,CL9181,福寿嘉年113期,"50,000.00","50,000.00","50,000.00", ,,,34110179000050,,寿险团险,安徽,滁州,团拓,养老险公司,总部,寿险团险,安徽,滁州,团拓,网上交易,国寿养老险,2018-11-05,寿险团险,安徽,滁州,团拓
CL1002630673,蒋玲,身份证,340222********004X,CL9181,福寿嘉年113期,"30,000.00","30,000.00","30,000.88",810746,养老险公司,安徽,34020479000044,,寿险团险,安徽,芜湖,繁昌支公司,养老险公司,总部,养老险公司,安徽,,,网上交易,国寿养老险,2018-11-05,寿险团险,安徽,芜湖,繁昌支公司
CL1008531726,张荣,身份证,340123********0069,CL9181,福寿嘉年113期,"200,000.00",0.00,0.00, ,,,34011379000037,,寿险团险,安徽,合肥,团险拓展部,养老险公司,总部,寿险团险,安徽,合肥,团险拓展部,网上交易,国寿养老险,2018-11-05,寿险团险,安徽,合肥,团险拓展部
CL1011431888,金泽娟,身份证,342622********7540,CL9181,福寿嘉年113期,"20,000.00","20,000.00","20,000.00", ,,,34012779000018,,寿险团险,安徽,合肥,庐江支公司,,,寿险团险,安徽,合肥,庐江支公司,微信,国寿养老险,2018-11-05,寿险团险,安徽,合肥,庐江支公司
CL1002425154,高伟,身份证,340802********086X,CL9181,福寿嘉年113期,"50,000.00","50,000.00","50,001.46",810746,养老险公司,安徽,34080179000010,,寿险团险,安徽,安庆,城区团拓部,养老险公司,总部,养老险公司,安徽,,,网上交易,国寿养老险,2018-11-05,寿险团险,安徽,安庆,城区团拓部
CL1153876578,吴百强,身份证,342700********0614,CL9181,福寿嘉年113期,"10,000.00",0.00,0.00, ,,,34100479000003,,寿险团险,安徽,黄山,徽州区支公司,,,寿险团险,安徽,黄山,徽州区支公司,微信,国寿养老险,2018-11-05,寿险团险,安徽,黄山,徽州区支公司
CL1153876578,吴百强,身份证,342700********0614,CL9181,福寿嘉年113期,"20,000.00","20,000.00","20,000.00", ,,,34100479000003,,寿险团险,安徽,黄山,徽州区支公司,,,寿险团险,安徽,黄山,徽州区支公司,微信,国寿养老险,2018-11-05,寿险团险,安徽,黄山,徽州区支公司
CL1005220631,陈爱民,身份证,340403********1618,CL9181,福寿嘉年113期,"50,000.00",0.00,0.00, ,,,34041079000001,,寿险团险,安徽,淮南,潘集支公司,养老险公司,总部,寿险团险,安徽,淮南,潘集支公司,网上交易,国寿养老险,2018-11-05,寿险团险,安徽,淮南,潘集支公司
CL1001066117,唐国静,身份证,120109********3529,CL9181,福寿嘉年113期,"50,000.00","50,000.00","50,000.00", ,,,34041079000001,,寿险团险,安徽,淮南,潘集支公司,,,寿险团险,安徽,淮南,潘集支公司,微信,国寿养老险,2018-11-05,寿险团险,安徽,淮南,潘集支公司
CL1114596246,邵振亚,身份证,342127********3911,CL9181,福寿嘉年113期,"20,000.00","20,000.00","20,000.58",810746,养老险公司,安徽,34212779000011,,寿险团险,安徽,阜阳,阜南支公司,养老险公司,总部,养老险公司,安徽,,,网上交易,国寿养老险,2018-11-05,寿险团险,安徽,阜阳,阜南支公司
CL1030831879,曹娟,身份证,340403********2645,CL9181,福寿嘉年113期,"80,000.00","80,000.00","80,000.00", ,,,34041079000001,,寿险团险,安徽,淮南,潘集支公司,,,寿险团险,安徽,淮南,潘集支公司,微信,国寿养老险,2018-11-05,寿险团险,安徽,淮南,潘集支公司
CL1011435417,袁名桥,身份证,342501********027X,CL9181,福寿嘉年113期,"50,000.00",0.00,0.00, ,,,34250179000009,,寿险团险,安徽,宣城,团拓,,,寿险团险,安徽,宣城,团拓,微信,国寿养老险,2018-11-05,寿险团险,安徽,宣城,团拓
CL1002649794,邢朝霞,身份证,342623********0043,CL9181,福寿嘉年113期,"40,000.00","40,000.00","40,001.17",810746,养老险公司,安徽,34021379000028,,寿险团险,安徽,芜湖,无为县支公司,养老险公司,总部,养老险公司,安徽,,,网上交易,国寿养老险,2018-11-05,寿险团险,安徽,芜湖,无为县支公司
CL1153302937,杨小丽,身份证,342529********0062,CL9181,福寿嘉年113期,"50,000.00","50,000.00","50,000.00", ,,,34252979000011,,寿险团险,安徽,宣城,泾县支公司,养老险公司,总部,寿险团险,安徽,宣城,泾县支公司,网上交易,国寿养老险,2018-11-05,寿险团险,安徽,宣城,泾县支公司
CL1011433297,周跃琴,身份证,340421********0628,CL9181,福寿嘉年113期,"300,000.00",0.00,0.00, ,,,34042171000011,,寿险团险,安徽,淮南,凤台县支公司,养老险公司,总部,寿险团险,安徽,淮南,凤台县支公司,网上交易,国寿养老险,2018-11-05,寿险团险,安徽,淮南,凤台县支公司
CL1014162811,张雪,身份证,340223********0084,CL9181,福寿嘉年113期,"20,000.00",0.00,0.00, ,,,34020579000042,,寿险团险,安徽,芜湖,南陵支公司,,,寿险团险,安徽,芜湖,南陵支公司,APP,国寿养老险,2018-11-05,寿险团险,安徽,芜湖,南陵支公司
CL1150802712,朱之琨,身份证,340202********2815,CL9181,福寿嘉年113期,"50,000.00","50,000.00","50,001.46",810746,养老险公司,安徽,34020179000036,,寿险团险,安徽,芜湖,团拓,养老险公司,总部,养老险公司,安徽,,,网上交易,国寿养老险,2018-11-05,寿险团险,安徽,芜湖,团拓
CL1013244969,张军花,身份证,340823********0040,CL9181,福寿嘉年113期,"50,000.00","50,000.00","50,000.00", ,,,34072279000001,,寿险团险,安徽,铜陵,铜陵枞阳支公司（县支）,,,寿险团险,安徽,铜陵,铜陵枞阳支公司（县支）,微信,国寿养老险,2018-11-05,寿险团险,安徽,铜陵,铜陵枞阳支公司（县支）
CL1002019909,方向东,身份证,340122********0060,CL9181,福寿嘉年113期,"50,000.00","50,000.00","50,001.46",810746,养老险公司,安徽,34011379000119,,寿险团险,安徽,合肥,团险拓展部,养老险公司,总部,养老险公司,安徽,,,网上交易,国寿养老险,2018-11-05,寿险团险,安徽,合肥,团险拓展部
CL1009353188,蒋明,身份证,340304********1012,CL9181,福寿嘉年113期,"20,000.00","20,000.00","20,000.58",810746,养老险公司,安徽,34031079000023,,寿险团险,安徽,蚌埠,团拓,养老险公司,总部,养老险公司,安徽,,,网上交易,国寿养老险,2018-11-05,寿险团险,安徽,蚌埠,团拓
CL1000147111,魏云秋,身份证,342423********0064,CL9181,福寿嘉年113期,"10,000.00","10,000.00","10,000.29",810746,养老险公司,安徽,34240179000073,,寿险团险,安徽,六安,团拓,养老险公司,总部,养老险公司,安徽,,,网上交易,国寿养老险,2018-11-05,寿险团险,安徽,六安,团拓
CL1000147111,魏云秋,身份证,342423********0064,CL9181,福寿嘉年113期,"20,000.00","20,000.00","20,000.58",810746,养老险公司,安徽,34240179000073,,寿险团险,安徽,六安,团拓,养老险公司,总部,养老险公司,安徽,,,网上交易,国寿养老险,2018-11-05,寿险团险,安徽,六安,团拓
CL1008601363,黄竞辉,身份证,342529********0615,CL9181,福寿嘉年113期,"50,000.00",0.00,0.00, ,,,34252979000011,,寿险团险,安徽,宣城,泾县支公司,养老险公司,总部,寿险团险,安徽,宣城,泾县支公司,网上交易,国寿养老险,2018-11-05,寿险团险,安徽,宣城,泾县支公司
CL1152945398,王星星,身份证,341223********0049,CL9181,福寿嘉年113期,"20,000.00","20,000.00","20,000.00", ,,,34212479004014,,寿险团险,安徽,亳州,涡阳县公司,养老险公司,总部,寿险团险,安徽,亳州,涡阳县公司,网上交易,国寿养老险,2018-11-05,寿险团险,安徽,亳州,涡阳县公司
CL1152945398,王星星,身份证,341223********0049,CL9181,福寿嘉年113期,"20,000.00","20,000.00","20,000.00", ,,,34212479004014,,寿险团险,安徽,亳州,涡阳县公司,,,寿险团险,安徽,亳州,涡阳县公司,微信,国寿养老险,2018-11-05,寿险团险,安徽,亳州,涡阳县公司
CL1000767064,叶红梅,身份证,342401********2264,CL9181,福寿嘉年113期,"150,000.00","150,000.00","150,000.00", ,,,34240179000073,,寿险团险,安徽,六安,团拓,,,寿险团险,安徽,六安,团拓,微信,国寿养老险,2018-11-05,寿险团险,安徽,六安,团拓
CL1030827753,钟光谊,身份证,342530********0014,CL9181,福寿嘉年113期,"20,000.00","20,000.00","20,000.58",810746,养老险公司,安徽,34253079006001,,寿险团险,安徽,宣城,旌德支公司,养老险公司,总部,养老险公司,安徽,,,网上交易,国寿养老险,2018-11-05,寿险团险,安徽,宣城,旌德支公司
CL1000897576,杨道凤,身份证,340103********254X,CL9181,福寿嘉年113期,"200,000.00","200,000.00","200,005.83",810746,养老险公司,安徽,34010579000002,,寿险团险,安徽,合肥,团险支公司,养老险公司,总部,养老险公司,安徽,,,网上交易,国寿养老险,2018-11-05,寿险团险,安徽,合肥,团险支公司
CL1032813606,梁爱琴,身份证,340403********1424,CL9181,福寿嘉年113期,"100,000.00","100,000.00","100,002.92",810746,养老险公司,安徽,34041179000019,,寿险团险,安徽,淮南,团拓部,养老险公司,总部,养老险公司,安徽,,,网上交易,国寿养老险,2018-11-05,寿险团险,安徽,淮南,团拓部
CL1002839690,胡海燕,身份证,341023********252X,CL9181,福寿嘉年113期,"50,000.00",0.00,0.00, ,,,34102371000003,,寿险团险,安徽,黄山,黟县支公司,,,寿险团险,安徽,黄山,黟县支公司,APP,国寿养老险,2018-11-05,寿险团险,安徽,黄山,黟县支公司
CL1000964694,秦玉华,身份证,340223********8421,CL9181,福寿嘉年113期,"40,000.00",0.00,0.00, ,,,34020579000042,,寿险团险,安徽,芜湖,南陵支公司,,,寿险团险,安徽,芜湖,南陵支公司,APP,国寿养老险,2018-11-05,寿险团险,安徽,芜湖,南陵支公司
CL1036826850,王伟,身份证,340602********021X,CL9181,福寿嘉年113期,"20,000.00","20,000.00","20,000.00", ,,,34060279000027,,寿险团险,安徽,淮北,团拓,养老险公司,总部,寿险团险,安徽,淮北,团拓,网上交易,国寿养老险,2018-11-05,寿险团险,安徽,淮北,团拓
CL1004764249,沈克凤,身份证,342421********7483,CL9181,福寿嘉年113期,"150,000.00","150,000.00","150,000.00", ,,,34240179000073,,寿险团险,安徽,六安,团拓,养老险公司,总部,寿险团险,安徽,六安,团拓,网上交易,国寿养老险,2018-11-05,寿险团险,安徽,六安,团拓
CL1009706472,王金凤,身份证,342124********0241,CL9181,福寿嘉年113期,"20,000.00",0.00,0.00, ,,,34212479004014,,寿险团险,安徽,亳州,涡阳县公司,养老险公司,总部,寿险团险,安徽,亳州,涡阳县公司,网上交易,国寿养老险,2018-11-05,寿险团险,安徽,亳州,涡阳县公司
CL1152947718,蔡娟,身份证,340211********1026,CL9181,福寿嘉年113期,"50,000.00","50,000.00","50,000.00", ,,,34020679000015,,寿险团险,安徽,芜湖,开发区支公司,养老险公司,总部,寿险团险,安徽,芜湖,开发区支公司,网上交易,国寿养老险,2018-11-05,寿险团险,安徽,芜湖,开发区支公司
CL1150702315,陈涛,身份证,340521********1811,CL9181,福寿嘉年113期,"20,000.00","20,000.00","20,000.58",810746,养老险公司,安徽,34020179000036,,寿险团险,安徽,芜湖,团拓,养老险公司,总部,养老险公司,安徽,,,网上交易,国寿养老险,2018-11-05,寿险团险,安徽,芜湖,团拓
CL1000038015,陈仁全,身份证,342423********0116,CL9181,福寿嘉年113期,"500,000.00","500,000.00","500,014.58",810746,养老险公司,安徽,YL34000008,李娟娟,养老险公司,安徽,,,养老险公司,总部,养老险公司,安徽,,,网上交易,国寿养老险,2018-11-05,养老险公司,安徽,,
CL1000158196,鄢云翠,身份证,340202********1029,CL9181,福寿嘉年113期,"120,000.00",0.00,0.00, ,,,34020179000036,,寿险团险,安徽,芜湖,团拓,养老险公司,总部,寿险团险,安徽,芜湖,团拓,网上交易,国寿养老险,2018-11-05,寿险团险,安徽,芜湖,团拓
CL1030679968,李敏,身份证,342125********0045,CL9181,福寿嘉年113期,"50,000.00","50,000.00","50,000.00", ,,,34212579001007,,寿险团险,安徽,亳州,蒙城县公司,养老险公司,总部,寿险团险,安徽,亳州,蒙城县公司,网上交易,国寿养老险,2018-11-05,寿险团险,安徽,亳州,蒙城县公司
CL1153639968,周春兰,身份证,342601********2228,CL9181,福寿嘉年113期,"60,000.00",0.00,0.00, ,,,34012679000032,,寿险团险,安徽,合肥,巢湖支公司,养老险公司,总部,寿险团险,安徽,合肥,巢湖支公司,网上交易,国寿养老险,2018-11-05,寿险团险,安徽,合肥,巢湖支公司
CL1000010039,陈建英,身份证,340121********0067,CL9181,福寿嘉年113期,"150,000.00","150,000.00","150,000.00", ,,,340121196609290013, ,财险公司,安徽,,,养老险公司,总部,财险公司,安徽,,,网上交易,国寿养老险,2018-11-05,财险公司,安徽,,
CL1005220275,邓衡玉,身份证,340503********0429,CL9181,福寿嘉年113期,"50,000.00","50,000.00","50,001.46",810746,养老险公司,安徽,34050279000030,,寿险团险,安徽,马鞍山市,马鞍山市团拓部,养老险公司,总部,养老险公司,安徽,,,网上交易,国寿养老险,2018-11-05,寿险团险,安徽,马鞍山市,马鞍山市团拓部
CL1008655581,李敏,身份证,342401********0069,CL9181,福寿嘉年113期,"30,000.00","30,000.00","30,000.00", ,,,34240179000073,,寿险团险,安徽,六安,团拓,养老险公司,总部,寿险团险,安徽,六安,团拓,网上交易,国寿养老险,2018-11-05,寿险团险,安徽,六安,团拓
CL1030678336,汤宾,身份证,342126********0053,CL9181,福寿嘉年113期,"50,000.00","50,000.00","50,000.00", ,,,34213379001074,,寿险团险,安徽,亳州,谯城支公司,,,寿险团险,安徽,亳州,谯城支公司,微信,国寿养老险,2018-11-05,寿险团险,安徽,亳州,谯城支公司
CL1153763354,陶敏,身份证,340121********4080,CL9181,福寿嘉年113期,"199,000.00",0.00,0.00, ,,,34011379000119,,寿险团险,安徽,合肥,团险拓展部,养老险公司,总部,寿险团险,安徽,合肥,团险拓展部,网上交易,国寿养老险,2018-11-05,寿险团险,安徽,合肥,团险拓展部
CL1000721857,桂慧慧,身份证,342125********0424,CL9181,福寿嘉年113期,"180,000.00","180,000.00","180,005.25",810746,养老险公司,安徽,34212579001007,,寿险团险,安徽,亳州,蒙城县公司,养老险公司,总部,养老险公司,安徽,,,网上交易,国寿养老险,2018-11-05,寿险团险,安徽,亳州,蒙城县公司
CL1001024428,洪申晖,身份证,342529********0027,CL9181,福寿嘉年113期,"10,000.00","10,000.00","10,000.29",810746,养老险公司,安徽, ,,,,,,养老险公司,总部,养老险公司,安徽,,,网上交易,国寿养老险,2018-11-05,养老险公司,安徽,,
CL1008588663,欧阳永艳,身份证,341281********0828,CL9181,福寿嘉年113期,"20,000.00",0.00,0.00, ,,,34213379001061,,寿险团险,安徽,亳州,谯城支公司,养老险公司,总部,寿险团险,安徽,亳州,谯城支公司,网上交易,国寿养老险,2018-11-05,寿险团险,安徽,亳州,谯城支公司
CL1153763954,郑锦珍,身份证,340321********0026,CL9181,福寿嘉年113期,"50,000.00","50,000.00","50,001.46",810746,养老险公司,安徽,34031079000023,,寿险团险,安徽,蚌埠,团拓,养老险公司,总部,养老险公司,安徽,,,网上交易,国寿养老险,2018-11-05,寿险团险,安徽,蚌埠,团拓
CL1153763987,周庆云,身份证,342601********0036,CL9181,福寿嘉年113期,"120,000.00","120,000.00","120,003.50",810746,养老险公司,安徽,34012679000032,,寿险团险,安徽,合肥,巢湖支公司,养老险公司,总部,养老险公司,安徽,,,网上交易,国寿养老险,2018-11-05,寿险团险,安徽,合肥,巢湖支公司
CL1000718596,洪丽秀,身份证,342531********0227,CL9181,福寿嘉年113期,"50,000.00","50,000.00","50,001.46",810746,养老险公司,安徽,34253179000011,,寿险团险,安徽,宣城,绩溪支公司,养老险公司,总部,养老险公司,安徽,,,网上交易,国寿养老险,2018-11-05,寿险团险,安徽,宣城,绩溪支公司

