﻿FUND_ACCT,CUST_NAME,CERT_TYPE,CERT_NO,FUND_CODE,FUND_NAME,APP_MONEY,ACK_MONEY,ACK_SHARE,INVITECODE,COMPANY_INVITE,BRANCH_INVITE_NEW,REFERID,CUSTNAME_REFER,COMPANY_REFER,BRANCH_REFER_NEW,CT_REFER,CR_REFER,COMPANY_ORG,ORGNAME,SALE_COMPANY_NAME_DTL,SALE_BRANCH_NAME,SALE_CT_NAME,SALE_CR_NAME,ACCEPT_METHOD,AGENCY_NAME,ACK_DATE,SALE_COMPANY_NAME_FEE,SALE_BRANCH_NAME_FEE1,SALE_CT_NAME_FEE,SALE_CR_NAME_FEE
CL1009200951,朱克宁,身份证,340304********0637,CL9182,福寿嘉年114期,"50,000.00","50,000.00","50,000.49",031811,养老险公司,安徽,34031078000001,,寿险团险,安徽,蚌埠,团拓,,,养老险公司,安徽,,,微信,国寿养老险,2018-11-23,寿险团险,安徽,蚌埠,团拓
CL1108345264,梁美丽,身份证,342225********7423,CL9182,福寿嘉年114期,"50,000.00","50,000.00","50,000.00", ,,,34222579000008,,寿险团险,安徽,宿州,泗县支公司,养老险公司,总部,寿险团险,安徽,宿州,泗县支公司,网上交易,国寿养老险,2018-11-23,寿险团险,安徽,宿州,泗县支公司
CL1156424581,时希侠,身份证,340322********0060,CL9182,福寿嘉年114期,"50,000.00","50,000.00","50,000.49",031811,养老险公司,安徽,34032279000036,,寿险团险,安徽,蚌埠,五河县支公司,养老险公司,总部,养老险公司,安徽,,,网上交易,国寿养老险,2018-11-23,寿险团险,安徽,蚌埠,五河县支公司
CL1156424947,陈艳丽,身份证,340323********0022,CL9182,福寿嘉年114期,"10,000.00","10,000.00","10,000.10",031811,养老险公司,安徽,34032379000033,,寿险团险,安徽,蚌埠,固镇县支公司,,,养老险公司,安徽,,,微信,国寿养老险,2018-11-23,寿险团险,安徽,蚌埠,固镇县支公司
CL1156424947,陈艳丽,身份证,340323********0022,CL9182,福寿嘉年114期,"50,000.00","50,000.00","50,000.49",031811,养老险公司,安徽,34032379000033,,寿险团险,安徽,蚌埠,固镇县支公司,,,养老险公司,安徽,,,微信,国寿养老险,2018-11-23,寿险团险,安徽,蚌埠,固镇县支公司
CL1007566030,王建亚,身份证,342201********0226,CL9182,福寿嘉年114期,"50,000.00","50,000.00","50,000.00", ,,,34222579000016,,寿险团险,安徽,宿州,泗县支公司,养老险公司,总部,寿险团险,安徽,宿州,泗县支公司,网上交易,国寿养老险,2018-11-23,寿险团险,安徽,宿州,泗县支公司
CL1156425780,张晓燕,身份证,340302********0464,CL9182,福寿嘉年114期,"20,000.00","20,000.00","20,000.00", ,,,34031079000005,,寿险团险,安徽,蚌埠,团拓,,,寿险团险,安徽,蚌埠,团拓,微信,国寿养老险,2018-11-23,寿险团险,安徽,蚌埠,团拓
CL1156425780,张晓燕,身份证,340302********0464,CL9182,福寿嘉年114期,"20,000.00","20,000.00","20,000.00", ,,,34031079000005,,寿险团险,安徽,蚌埠,团拓,,,寿险团险,安徽,蚌埠,团拓,微信,国寿养老险,2018-11-23,寿险团险,安徽,蚌埠,团拓
CL1001212726,吴晶,身份证,342721********0225,CL9182,福寿嘉年114期,"20,000.00","20,000.00","20,000.00", ,,,34253179000013,,寿险团险,安徽,宣城,绩溪支公司,,,寿险团险,安徽,宣城,绩溪支公司,APP,国寿养老险,2018-11-23,寿险团险,安徽,宣城,绩溪支公司
CL1156425279,陈云霞,身份证,340302********082X,CL9182,福寿嘉年114期,"50,000.00","50,000.00","50,000.49",031811,养老险公司,安徽,34031079000020,,寿险团险,安徽,蚌埠,团拓,养老险公司,总部,养老险公司,安徽,,,网上交易,国寿养老险,2018-11-23,寿险团险,安徽,蚌埠,团拓
CL1025841383,李娜,身份证,341622********2366,CL9182,福寿嘉年114期,"20,000.00","20,000.00","20,000.00", ,,,34212579001007,,寿险团险,安徽,亳州,蒙城县公司,,,寿险团险,安徽,亳州,蒙城县公司,微信,国寿养老险,2018-11-23,寿险团险,安徽,亳州,蒙城县公司
CL1033769487,李伟,身份证,340322********6921,CL9182,福寿嘉年114期,"50,000.00","50,000.00","50,000.49",031811,养老险公司,安徽,34032279000005,,寿险团险,安徽,蚌埠,五河县支公司,,,养老险公司,安徽,,,APP,国寿养老险,2018-11-23,寿险团险,安徽,蚌埠,五河县支公司
CL1156424836,顾波,身份证,340304********1011,CL9182,福寿嘉年114期,"50,000.00","50,000.00","50,000.49",031811,养老险公司,安徽,34031079000010,,寿险团险,安徽,蚌埠,团拓,,,养老险公司,安徽,,,微信,国寿养老险,2018-11-23,寿险团险,安徽,蚌埠,团拓
CL1114099515,刘雪莲,身份证,340104********1540,CL9182,福寿嘉年114期,"300,000.00","300,000.00","300,002.92",031811,养老险公司,安徽,YL34000014,李代松,养老险公司,安徽,,,养老险公司,总部,养老险公司,安徽,,,网上交易,国寿养老险,2018-11-23,养老险公司,安徽,,
CL1003558247,王培,身份证,340403********0028,CL9182,福寿嘉年114期,"50,000.00","50,000.00","50,000.49",031811,养老险公司,安徽,YL34000020,张曦,养老险公司,安徽,,,,,养老险公司,安徽,,,APP,国寿养老险,2018-11-23,养老险公司,安徽,,
CL1000063547,刘继芬,身份证,341127********0025,CL9182,福寿嘉年114期,"20,000.00","20,000.00","20,000.19",031811,养老险公司,安徽,YL34000015,盛大治,养老险公司,安徽,,,,,养老险公司,安徽,,,APP,国寿养老险,2018-11-23,养老险公司,安徽,,
CL1080086340,吴桂梅,身份证,342823********2321,CL9182,福寿嘉年114期,"10,000.00","10,000.00","10,000.10",031811,养老险公司,安徽,YL34000025,方雪萍,养老险公司,安徽,,,,,养老险公司,安徽,,,微信,国寿养老险,2018-11-23,养老险公司,安徽,,
CL1077033317,周春侠,身份证,340321********9289,CL9182,福寿嘉年114期,"10,000.00","10,000.00","10,000.10",031811,养老险公司,安徽,34031079000048,,寿险团险,安徽,蚌埠,团拓,,,养老险公司,安徽,,,微信,国寿养老险,2018-11-23,寿险团险,安徽,蚌埠,团拓
CL1156425079,王玉,身份证,340323********0020,CL9182,福寿嘉年114期,"20,000.00","20,000.00","20,000.19",031811,养老险公司,安徽,34032379000027,,寿险团险,安徽,蚌埠,固镇县支公司,,,养老险公司,安徽,,,微信,国寿养老险,2018-11-23,寿险团险,安徽,蚌埠,固镇县支公司
CL1008588330,杨秀林,身份证,340711********2540,CL9182,福寿嘉年114期,"20,000.00","20,000.00","20,000.19",031811,养老险公司,安徽,34070379000040,,寿险团险,安徽,铜陵,团拓部（城区）,养老险公司,总部,养老险公司,安徽,,,网上交易,国寿养老险,2018-11-23,寿险团险,安徽,铜陵,团拓部（城区）
CL1049056240,郑国龙,身份证,340403********1836,CL9182,福寿嘉年114期,"50,000.00","50,000.00","50,000.00", ,,,34041079000001,,寿险团险,安徽,淮南,潘集支公司,养老险公司,总部,寿险团险,安徽,淮南,潘集支公司,网上交易,国寿养老险,2018-11-23,寿险团险,安徽,淮南,潘集支公司
CL1000726852,李加明,身份证,342321********0017,CL9182,福寿嘉年114期,"50,000.00",0.00,0.00, ,,,34118179000059,,寿险团险,安徽,滁州,天长,养老险公司,总部,寿险团险,安徽,滁州,天长,网上交易,国寿养老险,2018-11-23,寿险团险,安徽,滁州,天长
CL1000726852,李加明,身份证,342321********0017,CL9182,福寿嘉年114期,"50,000.00","50,000.00","50,000.00", ,,,34118179000059,,寿险团险,安徽,滁州,天长,养老险公司,总部,寿险团险,安徽,滁州,天长,网上交易,国寿养老险,2018-11-23,寿险团险,安徽,滁州,天长
CL1039345905,吴腊梅,身份证,340505********0863,CL9182,福寿嘉年114期,"30,000.00","30,000.00","30,000.00", ,,,34050279000030,,寿险团险,安徽,马鞍山市,马鞍山市团拓部,养老险公司,总部,寿险团险,安徽,马鞍山市,马鞍山市团拓部,网上交易,国寿养老险,2018-11-23,寿险团险,安徽,马鞍山市,马鞍山市团拓部
CL1112279377,张健民,身份证,340203********0552,CL9182,福寿嘉年114期,"190,000.00","190,000.00","190,001.85",031811,养老险公司,安徽,34070379001006,,寿险团险,安徽,铜陵,团拓部（城区）,养老险公司,总部,养老险公司,安徽,,,网上交易,国寿养老险,2018-11-23,寿险团险,安徽,铜陵,团拓部（城区）
CL1112279377,张健民,身份证,340203********0552,CL9182,福寿嘉年114期,"160,000.00","160,000.00","160,001.56",031811,养老险公司,安徽,34070379001006,,寿险团险,安徽,铜陵,团拓部（城区）,养老险公司,总部,养老险公司,安徽,,,网上交易,国寿养老险,2018-11-23,寿险团险,安徽,铜陵,团拓部（城区）
CL1000253309,李红梅,身份证,340102********0525,CL9182,福寿嘉年114期,"50,000.00","50,000.00","50,000.49",031811,养老险公司,安徽,YL34000011,殷文懿,养老险公司,安徽,,,,,养老险公司,安徽,,,微信,国寿养老险,2018-11-23,养老险公司,安徽,,
CL1041182881,孙庆玲,身份证,342124********012X,CL9182,福寿嘉年114期,"50,000.00",0.00,0.00, ,,,34212479004014,,寿险团险,安徽,亳州,涡阳县公司,,,寿险团险,安徽,亳州,涡阳县公司,微信,国寿养老险,2018-11-23,寿险团险,安徽,亳州,涡阳县公司
CL1156067415,张君,身份证,340303********1027,CL9182,福寿嘉年114期,"50,000.00","50,000.00","50,000.49",031811,养老险公司,安徽, ,,,,,,,,养老险公司,安徽,,,APP,国寿养老险,2018-11-23,养老险公司,安徽,,
CL1156067415,张君,身份证,340303********1027,CL9182,福寿嘉年114期,"30,000.00","30,000.00","30,000.00", ,,,YL34000020,张曦,养老险公司,安徽,,,,,养老险公司,安徽,,,APP,国寿养老险,2018-11-23,养老险公司,安徽,,
CL1043564583,田楚云,身份证,342327********002X,CL9182,福寿嘉年114期,"50,000.00","50,000.00","50,000.49",031811,养老险公司,安徽,YL34000011,殷文懿,养老险公司,安徽,,,,,养老险公司,安徽,,,微信,国寿养老险,2018-11-23,养老险公司,安徽,,
CL1156424792,赵秀敏,身份证,340311********0222,CL9182,福寿嘉年114期,"50,000.00","50,000.00","50,000.49",031811,养老险公司,安徽,34031079000003,,寿险团险,安徽,蚌埠,团拓,,,养老险公司,安徽,,,微信,国寿养老险,2018-11-23,寿险团险,安徽,蚌埠,团拓
CL1156427455,周江山,身份证,342531********2812,CL9182,福寿嘉年114期,"50,000.00","50,000.00","50,000.00", ,,,34253179000013,,寿险团险,安徽,宣城,绩溪支公司,养老险公司,总部,寿险团险,安徽,宣城,绩溪支公司,网上交易,国寿养老险,2018-11-23,寿险团险,安徽,宣城,绩溪支公司
CL1004259941,赵文惠,身份证,340322********0063,CL9182,福寿嘉年114期,"20,000.00","20,000.00","20,000.19",031811,养老险公司,安徽,34032279000039,,寿险团险,安徽,蚌埠,五河县支公司,养老险公司,总部,养老险公司,安徽,,,网上交易,国寿养老险,2018-11-23,寿险团险,安徽,蚌埠,五河县支公司
CL1000583804,谢琴,身份证,342501********5623,CL9182,福寿嘉年114期,"20,000.00",0.00,0.00, ,,,34250179000019,,寿险团险,安徽,宣城,团拓,,,寿险团险,安徽,宣城,团拓,微信,国寿养老险,2018-11-23,寿险团险,安徽,宣城,团拓
CL1156425046,魏晓梅,身份证,340302********0423,CL9182,福寿嘉年114期,"30,000.00","30,000.00","30,000.29",031811,养老险公司,安徽,34031079000020,,寿险团险,安徽,蚌埠,团拓,养老险公司,总部,养老险公司,安徽,,,网上交易,国寿养老险,2018-11-23,寿险团险,安徽,蚌埠,团拓
CL1155362660,孙阳阳,身份证,342201********1230,CL9182,福寿嘉年114期,"100,000.00","100,000.00","100,000.00", ,,,34220379001399,,寿险团险,安徽,宿州,团拓部,养老险公司,总部,寿险团险,安徽,宿州,团拓部,网上交易,国寿养老险,2018-11-23,寿险团险,安徽,宿州,团拓部
CL1000779726,王婷婷,身份证,342201********0045,CL9182,福寿嘉年114期,"190,000.00","190,000.00","190,000.00", ,,,34220379001399,,寿险团险,安徽,宿州,团拓部,养老险公司,总部,寿险团险,安徽,宿州,团拓部,网上交易,国寿养老险,2018-11-23,寿险团险,安徽,宿州,团拓部
CL1000014724,任国英,身份证,340111********1022,CL9182,福寿嘉年114期,"50,000.00","50,000.00","50,000.49",031811,养老险公司,安徽,YL34000023,汪莉,养老险公司,安徽,,,,,养老险公司,安徽,,,微信,国寿养老险,2018-11-23,养老险公司,安徽,,
CL1004279781,徐宝忠,身份证,342423********0393,CL9182,福寿嘉年114期,"20,000.00",0.00,0.00, ,,,34242379000046,,寿险团险,安徽,六安,霍邱,,,寿险团险,安徽,六安,霍邱,APP,国寿养老险,2018-11-23,寿险团险,安徽,六安,霍邱
CL1156427299,范中普,身份证,342401********543X,CL9182,福寿嘉年114期,"160,000.00","160,000.00","160,000.00", ,,,34240079000022,,寿险团险,安徽,,,养老险公司,总部,寿险团险,安徽,,,网上交易,国寿养老险,2018-11-23,寿险团险,安徽,,
CL1006046411,刘海燕,身份证,340102********2549,CL9182,福寿嘉年114期,"50,000.00","50,000.00","50,000.49",031811,养老险公司,安徽,YL34000015,盛大治,养老险公司,安徽,,,,,养老险公司,安徽,,,微信,国寿养老险,2018-11-23,养老险公司,安徽,,
CL1030828374,邵将,身份证,342301********0013,CL9182,福寿嘉年114期,"30,000.00",0.00,0.00, ,,,34110179000050,,寿险团险,安徽,滁州,团拓,养老险公司,总部,寿险团险,安徽,滁州,团拓,网上交易,国寿养老险,2018-11-23,寿险团险,安徽,滁州,团拓
CL1147681409,李先丽,身份证,341281********0621,CL9182,福寿嘉年114期,"50,000.00","50,000.00","50,000.00", ,,,34213379001068,,寿险团险,安徽,亳州,谯城支公司,,,寿险团险,安徽,亳州,谯城支公司,微信,国寿养老险,2018-11-23,寿险团险,安徽,亳州,谯城支公司
CL1000249616,韦亚莉,身份证,340803********0042,CL9182,福寿嘉年114期,"600,000.00","600,000.00","600,000.00", ,,,34080179000055,,寿险团险,安徽,安庆,城区团拓部,养老险公司,总部,寿险团险,安徽,安庆,城区团拓部,网上交易,国寿养老险,2018-11-23,寿险团险,安徽,安庆,城区团拓部
CL1145936047,赵先萍,身份证,340323********0021,CL9182,福寿嘉年114期,"50,000.00","50,000.00","50,000.49",031811,养老险公司,安徽,34032279000039,,寿险团险,安徽,蚌埠,五河县支公司,养老险公司,总部,养老险公司,安徽,,,网上交易,国寿养老险,2018-11-23,寿险团险,安徽,蚌埠,五河县支公司
CL1145936047,赵先萍,身份证,340323********0021,CL9182,福寿嘉年114期,"50,000.00","50,000.00","50,000.49",031811,养老险公司,安徽,34032279000039,,寿险团险,安徽,蚌埠,五河县支公司,养老险公司,总部,养老险公司,安徽,,,网上交易,国寿养老险,2018-11-23,寿险团险,安徽,蚌埠,五河县支公司
CL1145936047,赵先萍,身份证,340323********0021,CL9182,福寿嘉年114期,"50,000.00","50,000.00","50,000.49",031811,养老险公司,安徽,34032279000039,,寿险团险,安徽,蚌埠,五河县支公司,养老险公司,总部,养老险公司,安徽,,,网上交易,国寿养老险,2018-11-23,寿险团险,安徽,蚌埠,五河县支公司
CL1156424714,施宏薇,身份证,340302********0429,CL9182,福寿嘉年114期,"50,000.00","50,000.00","50,000.49",031811,养老险公司,安徽,34031079000010,,寿险团险,安徽,蚌埠,团拓,,,养老险公司,安徽,,,微信,国寿养老险,2018-11-23,寿险团险,安徽,蚌埠,团拓
CL1000932670,任爱华,身份证,340603********0449,CL9182,福寿嘉年114期,"50,000.00","50,000.00","50,000.00", ,,,34060279000002,,寿险团险,安徽,淮北,团拓,养老险公司,总部,寿险团险,安徽,淮北,团拓,网上交易,国寿养老险,2018-11-23,寿险团险,安徽,淮北,团拓
CL1009381795,王猛,身份证,340322********0077,CL9182,福寿嘉年114期,"50,000.00","50,000.00","50,000.49",031811,养老险公司,安徽,34032279000005,,寿险团险,安徽,蚌埠,五河县支公司,养老险公司,总部,养老险公司,安徽,,,网上交易,国寿养老险,2018-11-23,寿险团险,安徽,蚌埠,五河县支公司
CL1046697123,方际丰,身份证,342530********4825,CL9182,福寿嘉年114期,"20,000.00",0.00,0.00, ,,,34250179000019,,寿险团险,安徽,宣城,团拓,养老险公司,总部,寿险团险,安徽,宣城,团拓,网上交易,国寿养老险,2018-11-23,寿险团险,安徽,宣城,团拓
CL1058846214,邵宝华,身份证,340403********0843,CL9182,福寿嘉年114期,"20,000.00",0.00,0.00, ,,,34040013402051,,寿险团险,安徽,,,养老险公司,总部,寿险团险,安徽,,,网上交易,国寿养老险,2018-11-23,寿险团险,安徽,,
CL1140516421,龚柳,身份证,362201********1037,CL9182,福寿嘉年114期,"10,000.00","10,000.00","10,000.10",031811,养老险公司,安徽,34031079000048,,寿险团险,安徽,蚌埠,团拓,,,养老险公司,安徽,,,微信,国寿养老险,2018-11-23,寿险团险,安徽,蚌埠,团拓
CL1035619093,刘秀林,身份证,340302********1423,CL9182,福寿嘉年114期,"20,000.00","20,000.00","20,000.19",031811,养老险公司,安徽,34031079000023,,寿险团险,安徽,蚌埠,团拓,养老险公司,总部,养老险公司,安徽,,,网上交易,国寿养老险,2018-11-23,寿险团险,安徽,蚌埠,团拓
CL1110777138,欧阳炳超,身份证,340302********0643,CL9182,福寿嘉年114期,"30,000.00","30,000.00","30,000.29",031811,养老险公司,安徽,34031079000020,,寿险团险,安徽,蚌埠,团拓,养老险公司,总部,养老险公司,安徽,,,网上交易,国寿养老险,2018-11-23,寿险团险,安徽,蚌埠,团拓
CL1156746997,蔡化平,身份证,342125********0419,CL9182,福寿嘉年114期,"50,000.00",0.00,0.00, ,,,34212579001007,,寿险团险,安徽,亳州,蒙城县公司,养老险公司,总部,寿险团险,安徽,亳州,蒙城县公司,网上交易,国寿养老险,2018-11-23,寿险团险,安徽,亳州,蒙城县公司
CL1004139737,李爱华,身份证,340323********012X,CL9182,福寿嘉年114期,"10,000.00","10,000.00","10,000.10",031811,养老险公司,安徽,34032379000033,,寿险团险,安徽,蚌埠,固镇县支公司,,,养老险公司,安徽,,,微信,国寿养老险,2018-11-23,寿险团险,安徽,蚌埠,固镇县支公司
CL1006188385,曹玲,身份证,340303********0626,CL9182,福寿嘉年114期,"50,000.00",0.00,0.00, ,,,34031079000023,,寿险团险,安徽,蚌埠,团拓,养老险公司,总部,寿险团险,安徽,蚌埠,团拓,网上交易,国寿养老险,2018-11-23,寿险团险,安徽,蚌埠,团拓
CL1015407326,高潮,身份证,340304********0433,CL9182,福寿嘉年114期,"30,000.00","30,000.00","30,000.29",031811,养老险公司,安徽,34031079000023,,寿险团险,安徽,蚌埠,团拓,,,养老险公司,安徽,,,微信,国寿养老险,2018-11-23,寿险团险,安徽,蚌埠,团拓
CL1000891683,魏红林,身份证,342401********0064,CL9182,福寿嘉年114期,"10,000.00","10,000.00","10,000.00", ,,,34240179000073,,寿险团险,安徽,六安,团拓,,,寿险团险,安徽,六安,团拓,微信,国寿养老险,2018-11-23,寿险团险,安徽,六安,团拓
CL1011263219,任功玲,身份证,340302********0227,CL9182,福寿嘉年114期,"100,000.00","100,000.00","100,000.97",031811,养老险公司,安徽,34031079000024,,寿险团险,安徽,蚌埠,团拓,养老险公司,总部,养老险公司,安徽,,,网上交易,国寿养老险,2018-11-23,寿险团险,安徽,蚌埠,团拓
CL1156066550,黄雪玲,身份证,342201********3629,CL9182,福寿嘉年114期,"50,000.00","50,000.00","50,000.00", ,,,34222579000016,,寿险团险,安徽,宿州,泗县支公司,养老险公司,总部,寿险团险,安徽,宿州,泗县支公司,网上交易,国寿养老险,2018-11-23,寿险团险,安徽,宿州,泗县支公司
CL1013290341,张立萍,身份证,341124********7828,CL9182,福寿嘉年114期,"23,000.00","23,000.00","23,000.00", ,,,34020579000042,,寿险团险,安徽,芜湖,南陵支公司,,,寿险团险,安徽,芜湖,南陵支公司,APP,国寿养老险,2018-11-23,寿险团险,安徽,芜湖,南陵支公司
CL1156746920,钱庆贵,身份证,342130********8413,CL9182,福寿嘉年114期,"20,000.00",0.00,0.00, ,,,34216079001081,,寿险团险,安徽,,,,,寿险团险,安徽,,,微信,国寿养老险,2018-11-23,寿险团险,安徽,,
CL1000693809,王楚琴,身份证,342529********0021,CL9182,福寿嘉年114期,"50,000.00",0.00,0.00, ,,,34252979000011,,寿险团险,安徽,宣城,泾县支公司,养老险公司,总部,寿险团险,安徽,宣城,泾县支公司,网上交易,国寿养老险,2018-11-23,寿险团险,安徽,宣城,泾县支公司
CL1009353811,叶静,身份证,340302********0429,CL9182,福寿嘉年114期,"10,000.00","10,000.00","10,000.10",031811,养老险公司,安徽,34031079000005,,寿险团险,安徽,蚌埠,团拓,,,养老险公司,安徽,,,微信,国寿养老险,2018-11-23,寿险团险,安徽,蚌埠,团拓
CL1008463409,江潮云,身份证,341002********0266,CL9182,福寿嘉年114期,"10,000.00","10,000.00","10,000.00", ,,,34100279000014,,寿险团险,安徽,黄山,黄山市团拓部,,,寿险团险,安徽,黄山,黄山市团拓部,微信,国寿养老险,2018-11-23,寿险团险,安徽,黄山,黄山市团拓部
CL1156746631,蒋晓方,身份证,341227********3763,CL9182,福寿嘉年114期,"20,000.00",0.00,0.00, ,,,34213079001089,,寿险团险,安徽,亳州,利辛县公司,养老险公司,总部,寿险团险,安徽,亳州,利辛县公司,网上交易,国寿养老险,2018-11-23,寿险团险,安徽,亳州,利辛县公司
CL1156746631,蒋晓方,身份证,341227********3763,CL9182,福寿嘉年114期,"20,000.00","20,000.00","20,000.00", ,,,34213079001089,,寿险团险,安徽,亳州,利辛县公司,养老险公司,总部,寿险团险,安徽,亳州,利辛县公司,网上交易,国寿养老险,2018-11-23,寿险团险,安徽,亳州,利辛县公司
CL1012397490,张荣梅,身份证,340322********0020,CL9182,福寿嘉年114期,"50,000.00","50,000.00","50,000.49",031811,养老险公司,安徽,34032279000007,,寿险团险,安徽,蚌埠,五河县支公司,养老险公司,总部,养老险公司,安徽,,,网上交易,国寿养老险,2018-11-23,寿险团险,安徽,蚌埠,五河县支公司
CL1136498161,梁艳,身份证,340322********7825,CL9182,福寿嘉年114期,"10,000.00","10,000.00","10,000.10",031811,养老险公司,安徽,34032279000044,,寿险团险,安徽,蚌埠,五河县支公司,养老险公司,总部,养老险公司,安徽,,,网上交易,国寿养老险,2018-11-23,寿险团险,安徽,蚌埠,五河县支公司
CL1003943086,陈丁丁,身份证,342201********0444,CL9182,福寿嘉年114期,"200,000.00","200,000.00","200,000.00", ,,,YL34000017,李虎,养老险公司,安徽,,,,,养老险公司,安徽,,,微信,国寿养老险,2018-11-23,养老险公司,安徽,,
CL1145257076,王婉秋,身份证,340323********3722,CL9182,福寿嘉年114期,"30,000.00","30,000.00","30,000.29",031811,养老险公司,安徽,34032379000036,,寿险团险,安徽,蚌埠,固镇县支公司,,,养老险公司,安徽,,,微信,国寿养老险,2018-11-23,寿险团险,安徽,蚌埠,固镇县支公司
CL1139590908,王健,身份证,340322********6817,CL9182,福寿嘉年114期,"40,000.00","40,000.00","40,000.00", ,,,34032279000005,,寿险团险,安徽,蚌埠,五河县支公司,,,寿险团险,安徽,蚌埠,五河县支公司,微信,国寿养老险,2018-11-23,寿险团险,安徽,蚌埠,五河县支公司
CL1015406305,秦雪荭,身份证,340702********3546,CL9182,福寿嘉年114期,"50,000.00",0.00,0.00, ,,,34070379001002,,寿险团险,安徽,铜陵,团拓部（城区）,养老险公司,总部,寿险团险,安徽,铜陵,团拓部（城区）,网上交易,国寿养老险,2018-11-23,寿险团险,安徽,铜陵,团拓部（城区）
CL1000678008,李雪燕,身份证,340302********1646,CL9182,福寿嘉年114期,"10,000.00","10,000.00","10,000.10",031811,养老险公司,安徽,34031079000016,,寿险团险,安徽,蚌埠,团拓,,,养老险公司,安徽,,,微信,国寿养老险,2018-11-23,寿险团险,安徽,蚌埠,团拓
CL1003945128,王秀英,身份证,340322********942X,CL9182,福寿嘉年114期,"20,000.00",0.00,0.00, ,,,34032279000021,,寿险团险,安徽,蚌埠,五河县支公司,,,寿险团险,安徽,蚌埠,五河县支公司,微信,国寿养老险,2018-11-23,寿险团险,安徽,蚌埠,五河县支公司
CL1023694306,舒雪梅,身份证,310227********0222,CL9182,福寿嘉年114期,"20,000.00",0.00,0.00, ,,,34100279000014,,寿险团险,安徽,黄山,黄山市团拓部,养老险公司,总部,寿险团险,安徽,黄山,黄山市团拓部,网上交易,国寿养老险,2018-11-23,寿险团险,安徽,黄山,黄山市团拓部
CL1153876889,汪大峰,身份证,342700********0415,CL9182,福寿嘉年114期,"10,000.00","10,000.00","10,000.00", ,,,34100479000003,,寿险团险,安徽,黄山,徽州区支公司,,,寿险团险,安徽,黄山,徽州区支公司,微信,国寿养老险,2018-11-23,寿险团险,安徽,黄山,徽州区支公司
CL1153876889,汪大峰,身份证,342700********0415,CL9182,福寿嘉年114期,"20,000.00","20,000.00","20,000.00", ,,,34100479000003,,寿险团险,安徽,黄山,徽州区支公司,,,寿险团险,安徽,黄山,徽州区支公司,微信,国寿养老险,2018-11-23,寿险团险,安徽,黄山,徽州区支公司
CL1045902421,尹成新,身份证,340302********0415,CL9182,福寿嘉年114期,"10,000.00","10,000.00","10,000.10",031811,养老险公司,安徽,34031079000016,,寿险团险,安徽,蚌埠,团拓,,,养老险公司,安徽,,,微信,国寿养老险,2018-11-23,寿险团险,安徽,蚌埠,团拓
CL1045902421,尹成新,身份证,340302********0415,CL9182,福寿嘉年114期,"10,000.00","10,000.00","10,000.00", ,,,34031079000016,,寿险团险,安徽,蚌埠,团拓,,,寿险团险,安徽,蚌埠,团拓,微信,国寿养老险,2018-11-23,寿险团险,安徽,蚌埠,团拓
CL1003148829,李泽山,身份证,340322********0011,CL9182,福寿嘉年114期,"20,000.00","20,000.00","20,000.19",031811,养老险公司,安徽,34032279000036,,寿险团险,安徽,蚌埠,五河县支公司,养老险公司,总部,养老险公司,安徽,,,网上交易,国寿养老险,2018-11-23,寿险团险,安徽,蚌埠,五河县支公司
CL1005100127,李立仁,身份证,340503********0038,CL9182,福寿嘉年114期,"50,000.00",0.00,0.00, ,,,34050279000030,,寿险团险,安徽,马鞍山市,马鞍山市团拓部,养老险公司,总部,寿险团险,安徽,马鞍山市,马鞍山市团拓部,网上交易,国寿养老险,2018-11-23,寿险团险,安徽,马鞍山市,马鞍山市团拓部
CL1000039414,凌霞,身份证,340702********2022,CL9182,福寿嘉年114期,"10,000.00","10,000.00","10,000.10",031811,养老险公司,安徽,34070379001006,,寿险团险,安徽,铜陵,团拓部（城区）,养老险公司,总部,养老险公司,安徽,,,网上交易,国寿养老险,2018-11-23,寿险团险,安徽,铜陵,团拓部（城区）
CL1000431276,朱道楠,身份证,340702********5017,CL9182,福寿嘉年114期,"20,000.00","20,000.00","20,000.19",031811,养老险公司,安徽,34070379000021,,寿险团险,安徽,铜陵,团拓部（城区）,养老险公司,总部,养老险公司,安徽,,,网上交易,国寿养老险,2018-11-23,寿险团险,安徽,铜陵,团拓部（城区）
CL1004280233,程姗姗,身份证,340123********0327,CL9182,福寿嘉年114期,"10,000.00","10,000.00","10,000.10",031811,养老险公司,安徽,YL34000020,张曦,养老险公司,安徽,,,,,养老险公司,安徽,,,APP,国寿养老险,2018-11-23,养老险公司,安徽,,
CL1005229421,冯雪芹,身份证,340603********1223,CL9182,福寿嘉年114期,"20,000.00","20,000.00","20,000.00", ,,,34222579000016,,寿险团险,安徽,宿州,泗县支公司,养老险公司,总部,寿险团险,安徽,宿州,泗县支公司,网上交易,国寿养老险,2018-11-23,寿险团险,安徽,宿州,泗县支公司
CL1155156375,季秀丽,身份证,342225********7442,CL9182,福寿嘉年114期,"50,000.00","50,000.00","50,000.00", ,,,34222579000014,,寿险团险,安徽,宿州,泗县支公司,养老险公司,总部,寿险团险,安徽,宿州,泗县支公司,网上交易,国寿养老险,2018-11-23,寿险团险,安徽,宿州,泗县支公司
CL1001064964,王兵,身份证,342201********0012,CL9182,福寿嘉年114期,"50,000.00","50,000.00","50,000.00", ,,,34222179000021,,寿险团险,安徽,宿州,砀山县支公司,养老险公司,总部,寿险团险,安徽,宿州,砀山县支公司,网上交易,国寿养老险,2018-11-23,寿险团险,安徽,宿州,砀山县支公司
CL1156425224,张燕,身份证,340302********0626,CL9182,福寿嘉年114期,"20,000.00","20,000.00","20,000.19",031811,养老险公司,安徽,34031079000043,,寿险团险,安徽,蚌埠,团拓,,,养老险公司,安徽,,,微信,国寿养老险,2018-11-23,寿险团险,安徽,蚌埠,团拓
CL1000034964,周雪飞,身份证,340702********0526,CL9182,福寿嘉年114期,"20,000.00","20,000.00","20,000.19",031811,养老险公司,安徽,34070379001006,,寿险团险,安徽,铜陵,团拓部（城区）,养老险公司,总部,养老险公司,安徽,,,网上交易,国寿养老险,2018-11-23,寿险团险,安徽,铜陵,团拓部（城区）
CL1150906493,乔磊,身份证,340323********333X,CL9182,福寿嘉年114期,"50,000.00","50,000.00","50,000.49",031811,养老险公司,安徽,34032379000033,,寿险团险,安徽,蚌埠,固镇县支公司,,,养老险公司,安徽,,,微信,国寿养老险,2018-11-23,寿险团险,安徽,蚌埠,固镇县支公司
CL1038791467,胡月霞,身份证,340302********042X,CL9182,福寿嘉年114期,"200,000.00",0.00,0.00, ,,,34031079000023,,寿险团险,安徽,蚌埠,团拓,养老险公司,总部,寿险团险,安徽,蚌埠,团拓,网上交易,国寿养老险,2018-11-23,寿险团险,安徽,蚌埠,团拓
CL1004260159,时斌,身份证,340322********0037,CL9182,福寿嘉年114期,"50,000.00","50,000.00","50,000.49",031811,养老险公司,安徽,34032279000036,,寿险团险,安徽,蚌埠,五河县支公司,养老险公司,总部,养老险公司,安徽,,,网上交易,国寿养老险,2018-11-23,寿险团险,安徽,蚌埠,五河县支公司
CL1000003483,魏庆举,身份证,130534********3719,CL9182,福寿嘉年114期,"370,000.00","370,000.00","370,003.60",031811,养老险公司,安徽, ,,,,,,养老险公司,总部,养老险公司,安徽,,,网上交易,国寿养老险,2018-11-23,养老险公司,安徽,,
CL1068588829,俞早霞,身份证,340721********3027,CL9182,福寿嘉年114期,"20,000.00","20,000.00","20,000.19",031811,养老险公司,安徽,34070379000040,,寿险团险,安徽,铜陵,团拓部（城区）,养老险公司,总部,养老险公司,安徽,,,网上交易,国寿养老险,2018-11-23,寿险团险,安徽,铜陵,团拓部（城区）
CL1156067059,谢君,身份证,340302********1023,CL9182,福寿嘉年114期,"210,000.00","210,000.00","210,002.04",031811,养老险公司,安徽,34032179000067,,寿险团险,安徽,蚌埠,怀远县支公司,养老险公司,总部,养老险公司,安徽,,,网上交易,国寿养老险,2018-11-23,寿险团险,安徽,蚌埠,怀远县支公司
CL1009461218,吕媛媛,身份证,340304********022X,CL9182,福寿嘉年114期,"50,000.00","50,000.00","50,000.49",031811,养老险公司,安徽,34031079000010,,寿险团险,安徽,蚌埠,团拓,,,养老险公司,安徽,,,微信,国寿养老险,2018-11-23,寿险团险,安徽,蚌埠,团拓
CL1001071176,朱宏霞,身份证,340222********5421,CL9182,福寿嘉年114期,"10,000.00","10,000.00","10,000.10",031811,养老险公司,安徽,34070379001002,,寿险团险,安徽,铜陵,团拓部（城区）,养老险公司,总部,养老险公司,安徽,,,网上交易,国寿养老险,2018-11-23,寿险团险,安徽,铜陵,团拓部（城区）
CL1153018105,俞士翠,身份证,340203********0528,CL9182,福寿嘉年114期,"100,000.00","100,000.00","100,000.00", ,,,34020179000084,,寿险团险,安徽,芜湖,团拓,养老险公司,总部,寿险团险,安徽,芜湖,团拓,网上交易,国寿养老险,2018-11-23,寿险团险,安徽,芜湖,团拓
CL1156425080,王思雅,身份证,340323********1929,CL9182,福寿嘉年114期,"20,000.00","20,000.00","20,000.19",031811,养老险公司,安徽,34032379000033,,寿险团险,安徽,蚌埠,固镇县支公司,,,养老险公司,安徽,,,微信,国寿养老险,2018-11-23,寿险团险,安徽,蚌埠,固镇县支公司
CL1156425080,王思雅,身份证,340323********1929,CL9182,福寿嘉年114期,"20,000.00","20,000.00","20,000.19",031811,养老险公司,安徽,34032379000033,,寿险团险,安徽,蚌埠,固镇县支公司,,,养老险公司,安徽,,,微信,国寿养老险,2018-11-23,寿险团险,安徽,蚌埠,固镇县支公司
CL1004276551,于文君,身份证,340322********0028,CL9182,福寿嘉年114期,"20,000.00","20,000.00","20,000.19",031811,养老险公司,安徽,34032279000005,,寿险团险,安徽,蚌埠,五河县支公司,养老险公司,总部,养老险公司,安徽,,,网上交易,国寿养老险,2018-11-23,寿险团险,安徽,蚌埠,五河县支公司
CL1145516165,刘洋,身份证,341223********0016,CL9182,福寿嘉年114期,"20,000.00","20,000.00","20,000.00", ,,,34212479004014,,寿险团险,安徽,亳州,涡阳县公司,,,寿险团险,安徽,亳州,涡阳县公司,微信,国寿养老险,2018-11-23,寿险团险,安徽,亳州,涡阳县公司
CL1005485005,武金平,身份证,340221********0081,CL9182,福寿嘉年114期,"48,000.00","48,000.00","48,000.00", ,,,34020379000024,,寿险团险,安徽,芜湖,芜湖县支公司,养老险公司,总部,寿险团险,安徽,芜湖,芜湖县支公司,网上交易,国寿养老险,2018-11-23,寿险团险,安徽,芜湖,芜湖县支公司
CL1049055452,陶略,身份证,342401********221X,CL9182,福寿嘉年114期,"100,000.00","100,000.00","100,000.00", ,,,34240179000022,,寿险团险,安徽,六安,团拓,养老险公司,总部,寿险团险,安徽,六安,团拓,网上交易,国寿养老险,2018-11-23,寿险团险,安徽,六安,团拓
CL1004339375,王莉,身份证,342822********0045,CL9182,福寿嘉年114期,"50,000.00","50,000.00","50,000.00", ,,,34082179000003,,寿险团险,安徽,安庆,桐城,养老险公司,总部,寿险团险,安徽,安庆,桐城,网上交易,国寿养老险,2018-11-23,寿险团险,安徽,安庆,桐城
CL1147531179,徐丽萍,身份证,340323********6066,CL9182,福寿嘉年114期,"20,000.00","20,000.00","20,000.19",031811,养老险公司,安徽,34032379000033,,寿险团险,安徽,蚌埠,固镇县支公司,,,养老险公司,安徽,,,微信,国寿养老险,2018-11-23,寿险团险,安徽,蚌埠,固镇县支公司
CL1004137939,谢云,身份证,340321********0323,CL9182,福寿嘉年114期,"20,000.00","20,000.00","20,000.19",031811,养老险公司,安徽,34032179000067,,寿险团险,安徽,蚌埠,怀远县支公司,养老险公司,总部,养老险公司,安徽,,,网上交易,国寿养老险,2018-11-23,寿险团险,安徽,蚌埠,怀远县支公司
CL1098660367,彭俊,身份证,342401********1128,CL9182,福寿嘉年114期,"170,000.00","170,000.00","170,000.00", ,,,34240179000022,,寿险团险,安徽,六安,团拓,养老险公司,总部,寿险团险,安徽,六安,团拓,网上交易,国寿养老险,2018-11-23,寿险团险,安徽,六安,团拓
CL1003565915,张文华,身份证,340323********3346,CL9182,福寿嘉年114期,"10,000.00","10,000.00","10,000.10",031811,养老险公司,安徽,34032379000017,,寿险团险,安徽,蚌埠,固镇县支公司,,,养老险公司,安徽,,,微信,国寿养老险,2018-11-23,寿险团险,安徽,蚌埠,固镇县支公司
CL1003565915,张文华,身份证,340323********3346,CL9182,福寿嘉年114期,"20,000.00","20,000.00","20,000.19",031811,养老险公司,安徽,34032379000033,,寿险团险,安徽,蚌埠,固镇县支公司,,,养老险公司,安徽,,,微信,国寿养老险,2018-11-23,寿险团险,安徽,蚌埠,固镇县支公司
CL1000966258,许颖,身份证,341322********0028,CL9182,福寿嘉年114期,"50,000.00","50,000.00","50,000.00", ,,,34222279000006,,寿险团险,安徽,宿州,萧县支公司,养老险公司,总部,寿险团险,安徽,宿州,萧县支公司,网上交易,国寿养老险,2018-11-23,寿险团险,安徽,宿州,萧县支公司

