﻿FUND_ACCT,CUST_NAME,CERT_TYPE,CERT_NO,FUND_CODE,FUND_NAME,APP_MONEY,ACK_MONEY,ACK_SHARE,INVITECODE,COMPANY_INVITE,BRANCH_INVITE_NEW,REFERID,CUSTNAME_REFER,COMPANY_REFER,BRANCH_REFER_NEW,CT_REFER,CR_REFER,COMPANY_ORG,ORGNAME,SALE_COMPANY_NAME_DTL,SALE_BRANCH_NAME,SALE_CT_NAME,SALE_CR_NAME,ACCEPT_METHOD,AGENCY_NAME,ACK_DATE,SALE_COMPANY_NAME_FEE,SALE_BRANCH_NAME_FEE1,SALE_CT_NAME_FEE,SALE_CR_NAME_FEE
CL1001280446,邱良山,身份证,341122********5010,CL9185,福寿嘉年117期,"50,000.00","50,000.00","50,001.94",210685,养老险公司,安徽,34112279000011,,寿险团险,安徽,滁州,来安,养老险公司,总部,养老险公司,安徽,,,网上交易,国寿养老险,2019-01-15,寿险团险,安徽,滁州,来安
CL1001280446,邱良山,身份证,341122********5010,CL9185,福寿嘉年117期,"30,000.00","30,000.00","30,001.17",210685,养老险公司,安徽,34112279000011,,寿险团险,安徽,滁州,来安,养老险公司,总部,养老险公司,安徽,,,网上交易,国寿养老险,2019-01-15,寿险团险,安徽,滁州,来安
CL1008631190,陈桂兰,身份证,342224********0028,CL9185,福寿嘉年117期,"50,000.00","50,000.00","50,001.94",210685,养老险公司,安徽,34222479002415,,寿险团险,安徽,宿州,灵璧县支公司,养老险公司,总部,养老险公司,安徽,,,网上交易,国寿养老险,2019-01-15,寿险团险,安徽,宿州,灵璧县支公司
CL1000804799,管恒翠,身份证,340111********5063,CL9185,福寿嘉年117期,"370,000.00","370,000.00","370,014.39",210685,养老险公司,安徽,34011379000004,,寿险团险,安徽,合肥,团险拓展部,养老险公司,总部,养老险公司,安徽,,,网上交易,国寿养老险,2019-01-15,寿险团险,安徽,合肥,团险拓展部
CL1000674079,张丽娟,身份证,342321********0220,CL9185,福寿嘉年117期,"50,000.00","50,000.00","50,001.94",210685,养老险公司,安徽,34118179000059,,寿险团险,安徽,滁州,天长,养老险公司,总部,养老险公司,安徽,,,网上交易,国寿养老险,2019-01-15,寿险团险,安徽,滁州,天长
CL1000674079,张丽娟,身份证,342321********0220,CL9185,福寿嘉年117期,"100,000.00","100,000.00","100,003.89",210685,养老险公司,安徽,34118179000059,,寿险团险,安徽,滁州,天长,养老险公司,总部,养老险公司,安徽,,,网上交易,国寿养老险,2019-01-15,寿险团险,安徽,滁州,天长
CL1011907372,沈立波,身份证,340504********001X,CL9185,福寿嘉年117期,"90,000.00","90,000.00","90,003.50",210685,养老险公司,安徽,34050279000030,,寿险团险,安徽,马鞍山市,马鞍山市团拓部,养老险公司,总部,养老险公司,安徽,,,网上交易,国寿养老险,2019-01-15,寿险团险,安徽,马鞍山市,马鞍山市团拓部
CL1015343158,刘开军,身份证,340302********0213,CL9185,福寿嘉年117期,"114,000.00","114,000.00","114,004.43",210685,养老险公司,安徽,34031079000024,,寿险团险,安徽,蚌埠,团拓,养老险公司,总部,养老险公司,安徽,,,网上交易,国寿养老险,2019-01-15,寿险团险,安徽,蚌埠,团拓
CL1162959842,余文英,身份证,342327********0421,CL9185,福寿嘉年117期,"20,000.00","20,000.00","20,000.19",210685,养老险公司,安徽,34112779000019,,寿险团险,安徽,滁州,明光,养老险公司,总部,养老险公司,安徽,,,网上交易,国寿养老险,2019-01-15,寿险团险,安徽,滁州,明光
CL1039710571,向家卉,身份证,340504********0068,CL9185,福寿嘉年117期,"100,000.00","100,000.00","100,003.89",210685,养老险公司,安徽,34050279000030,,寿险团险,安徽,马鞍山市,马鞍山市团拓部,养老险公司,总部,养老险公司,安徽,,,网上交易,国寿养老险,2019-01-15,寿险团险,安徽,马鞍山市,马鞍山市团拓部
CL1150900922,张冉,身份证,342222********0145,CL9185,福寿嘉年117期,"50,000.00","50,000.00","50,000.00", ,,,34222479002415,,寿险团险,安徽,宿州,灵璧县支公司,养老险公司,总部,寿险团险,安徽,宿州,灵璧县支公司,网上交易,国寿养老险,2019-01-15,寿险团险,安徽,宿州,灵璧县支公司
CL1017794468,印朝林,身份证,341121********0059,CL9185,福寿嘉年117期,"50,000.00","50,000.00","50,001.94",210685,养老险公司,安徽,34118179000067,,寿险团险,安徽,滁州,天长,养老险公司,总部,养老险公司,安徽,,,网上交易,国寿养老险,2019-01-15,寿险团险,安徽,滁州,天长
CL1157574562,张梅华,身份证,340504********0422,CL9185,福寿嘉年117期,"150,000.00","150,000.00","150,005.83",210685,养老险公司,安徽,34050279000030,,寿险团险,安徽,马鞍山市,马鞍山市团拓部,养老险公司,总部,养老险公司,安徽,,,网上交易,国寿养老险,2019-01-15,寿险团险,安徽,马鞍山市,马鞍山市团拓部
CL1000530707,邵兰,身份证,340603********0040,CL9185,福寿嘉年117期,"50,000.00","50,000.00","50,001.94",210685,养老险公司,安徽,34222479002415,,寿险团险,安徽,宿州,灵璧县支公司,养老险公司,总部,养老险公司,安徽,,,网上交易,国寿养老险,2019-01-15,寿险团险,安徽,宿州,灵璧县支公司
CL1000530707,邵兰,身份证,340603********0040,CL9185,福寿嘉年117期,"50,000.00","50,000.00","50,001.94",210685,养老险公司,安徽,34222479002415,,寿险团险,安徽,宿州,灵璧县支公司,养老险公司,总部,养老险公司,安徽,,,网上交易,国寿养老险,2019-01-15,寿险团险,安徽,宿州,灵璧县支公司
CL1001067394,姚国玉,身份证,342321********1625,CL9185,福寿嘉年117期,"50,000.00","50,000.00","50,001.94",210685,养老险公司,安徽,34118179000067,,寿险团险,安徽,滁州,天长,养老险公司,总部,养老险公司,安徽,,,网上交易,国寿养老险,2019-01-15,寿险团险,安徽,滁州,天长
CL1003768650,王素芳,身份证,342201********0646,CL9185,福寿嘉年117期,"70,000.00","70,000.00","70,002.72",210685,养老险公司,安徽,34222179000022,,寿险团险,安徽,宿州,砀山县支公司,养老险公司,总部,养老险公司,安徽,,,网上交易,国寿养老险,2019-01-15,寿险团险,安徽,宿州,砀山县支公司
CL1163346774,刘莉,身份证,340404********0020,CL9185,福寿嘉年117期,"100,000.00","100,000.00","100,000.00", ,,,34041179000019,,寿险团险,安徽,淮南,团拓部,,,寿险团险,安徽,淮南,团拓部,微信,国寿养老险,2019-01-15,寿险团险,安徽,淮南,团拓部
CL1007627578,朱云,身份证,340502********0421,CL9185,福寿嘉年117期,"380,000.00","380,000.00","380,014.78",210685,养老险公司,安徽,34050279000030,,寿险团险,安徽,马鞍山市,马鞍山市团拓部,养老险公司,总部,养老险公司,安徽,,,网上交易,国寿养老险,2019-01-15,寿险团险,安徽,马鞍山市,马鞍山市团拓部
CL1008463654,卞婷婷,身份证,340403********2649,CL9185,福寿嘉年117期,"10,000.00","10,000.00","10,000.00", ,,,34041179000035,,寿险团险,安徽,淮南,团拓部,养老险公司,总部,寿险团险,安徽,淮南,团拓部,网上交易,国寿养老险,2019-01-15,寿险团险,安徽,淮南,团拓部
CL1002080159,朱海燕,身份证,340403********1822,CL9185,福寿嘉年117期,"50,000.00","50,000.00","50,000.00", ,,,34041079000001,,寿险团险,安徽,淮南,潘集支公司,养老险公司,总部,寿险团险,安徽,淮南,潘集支公司,网上交易,国寿养老险,2019-01-15,寿险团险,安徽,淮南,潘集支公司
CL1162954292,王敬抗,身份证,342201********9050,CL9185,福寿嘉年117期,"20,000.00","20,000.00","20,000.78",210685,养老险公司,安徽,34222179000021,,寿险团险,安徽,宿州,砀山县支公司,养老险公司,总部,养老险公司,安徽,,,网上交易,国寿养老险,2019-01-15,寿险团险,安徽,宿州,砀山县支公司
CL1010359405,谢敬敏,身份证,320921********544X,CL9185,福寿嘉年117期,"20,000.00","20,000.00","20,000.78",210685,养老险公司,安徽,34050279000030,,寿险团险,安徽,马鞍山市,马鞍山市团拓部,养老险公司,总部,养老险公司,安徽,,,网上交易,国寿养老险,2019-01-15,寿险团险,安徽,马鞍山市,马鞍山市团拓部
CL1010359405,谢敬敏,身份证,320921********544X,CL9185,福寿嘉年117期,"20,000.00","20,000.00","20,000.78",210685,养老险公司,安徽,34050279000030,,寿险团险,安徽,马鞍山市,马鞍山市团拓部,养老险公司,总部,养老险公司,安徽,,,网上交易,国寿养老险,2019-01-15,寿险团险,安徽,马鞍山市,马鞍山市团拓部
CL1009646799,王继玲,身份证,342224********1948,CL9185,福寿嘉年117期,"40,000.00","40,000.00","40,000.00", ,,,34222479002415,,寿险团险,安徽,宿州,灵璧县支公司,养老险公司,总部,寿险团险,安徽,宿州,灵璧县支公司,网上交易,国寿养老险,2019-01-15,寿险团险,安徽,宿州,灵璧县支公司
CL1080082511,邱婕,身份证,341122********5024,CL9185,福寿嘉年117期,"50,000.00","50,000.00","50,001.94",210685,养老险公司,安徽, ,,,,,,养老险公司,总部,养老险公司,安徽,,,网上交易,国寿养老险,2019-01-15,养老险公司,安徽,,
CL1158199561,朱克梅,身份证,340502********0442,CL9185,福寿嘉年117期,"20,000.00","20,000.00","20,000.78",210685,养老险公司,安徽,34050279000030,,寿险团险,安徽,马鞍山市,马鞍山市团拓部,养老险公司,总部,养老险公司,安徽,,,网上交易,国寿养老险,2019-01-15,寿险团险,安徽,马鞍山市,马鞍山市团拓部
CL1158199561,朱克梅,身份证,340502********0442,CL9185,福寿嘉年117期,"20,000.00","20,000.00","20,000.78",210685,养老险公司,安徽,34050279000030,,寿险团险,安徽,马鞍山市,马鞍山市团拓部,养老险公司,总部,养老险公司,安徽,,,网上交易,国寿养老险,2019-01-15,寿险团险,安徽,马鞍山市,马鞍山市团拓部
CL1158199561,朱克梅,身份证,340502********0442,CL9185,福寿嘉年117期,"20,000.00","20,000.00","20,000.78",210685,养老险公司,安徽,34050279000030,,寿险团险,安徽,马鞍山市,马鞍山市团拓部,养老险公司,总部,养老险公司,安徽,,,网上交易,国寿养老险,2019-01-15,寿险团险,安徽,马鞍山市,马鞍山市团拓部
CL1000236655,陆婕,身份证,340502********0045,CL9185,福寿嘉年117期,"250,000.00","250,000.00","250,009.72",210685,养老险公司,安徽,34050279000030,,寿险团险,安徽,马鞍山市,马鞍山市团拓部,养老险公司,总部,养老险公司,安徽,,,网上交易,国寿养老险,2019-01-15,寿险团险,安徽,马鞍山市,马鞍山市团拓部
CL1007561780,陶化斌,身份证,342201********0039,CL9185,福寿嘉年117期,"20,000.00","20,000.00","20,000.78",210685,养老险公司,安徽,34222179000022,,寿险团险,安徽,宿州,砀山县支公司,养老险公司,总部,养老险公司,安徽,,,网上交易,国寿养老险,2019-01-15,寿险团险,安徽,宿州,砀山县支公司
CL1007561780,陶化斌,身份证,342201********0039,CL9185,福寿嘉年117期,"20,000.00","20,000.00","20,000.78",210685,养老险公司,安徽,34222179000022,,寿险团险,安徽,宿州,砀山县支公司,养老险公司,总部,养老险公司,安徽,,,网上交易,国寿养老险,2019-01-15,寿险团险,安徽,宿州,砀山县支公司
CL1003061270,李强,身份证,340403********0455,CL9185,福寿嘉年117期,"20,000.00","20,000.00","20,000.00", ,,,34041179000035,,寿险团险,安徽,淮南,团拓部,,,寿险团险,安徽,淮南,团拓部,微信,国寿养老险,2019-01-15,寿险团险,安徽,淮南,团拓部
CL1077208478,倪泽美,身份证,342326********0620,CL9185,福寿嘉年117期,"20,000.00","20,000.00","20,000.78",210685,养老险公司,安徽,34112679000003,,寿险团险,安徽,滁州,凤阳,养老险公司,总部,养老险公司,安徽,,,网上交易,国寿养老险,2019-01-15,寿险团险,安徽,滁州,凤阳
CL1077208478,倪泽美,身份证,342326********0620,CL9185,福寿嘉年117期,"20,000.00","20,000.00","20,000.78",210685,养老险公司,安徽,34112679000003,,寿险团险,安徽,滁州,凤阳,养老险公司,总部,养老险公司,安徽,,,网上交易,国寿养老险,2019-01-15,寿险团险,安徽,滁州,凤阳
CL1077208478,倪泽美,身份证,342326********0620,CL9185,福寿嘉年117期,"20,000.00","20,000.00","20,000.78",210685,养老险公司,安徽,34112679000003,,寿险团险,安徽,滁州,凤阳,养老险公司,总部,养老险公司,安徽,,,网上交易,国寿养老险,2019-01-15,寿险团险,安徽,滁州,凤阳
CL1162953548,宁超群,身份证,340604********2020,CL9185,福寿嘉年117期,"50,000.00","50,000.00","50,001.94",210685,养老险公司,安徽,34222179000021,,寿险团险,安徽,宿州,砀山县支公司,养老险公司,总部,养老险公司,安徽,,,网上交易,国寿养老险,2019-01-15,寿险团险,安徽,宿州,砀山县支公司
CL1162953548,宁超群,身份证,340604********2020,CL9185,福寿嘉年117期,"50,000.00","50,000.00","50,001.94",210685,养老险公司,安徽,34222179000021,,寿险团险,安徽,宿州,砀山县支公司,养老险公司,总部,养老险公司,安徽,,,网上交易,国寿养老险,2019-01-15,寿险团险,安徽,宿州,砀山县支公司
CL1157767632,汪存梅,身份证,341122********0025,CL9185,福寿嘉年117期,"20,000.00","20,000.00","20,000.78",210685,养老险公司,安徽, ,,,,,,养老险公司,总部,养老险公司,安徽,,,网上交易,国寿养老险,2019-01-15,养老险公司,安徽,,
CL1000520554,汤毓兰,身份证,340721********0021,CL9185,福寿嘉年117期,"80,000.00","80,000.00","80,003.11",210685,养老险公司,安徽,34070379001002,,寿险团险,安徽,铜陵,团拓部（城区）,养老险公司,总部,养老险公司,安徽,,,网上交易,国寿养老险,2019-01-15,寿险团险,安徽,铜陵,团拓部（城区）
CL1009383160,胡婷,身份证,342422********016X,CL9185,福寿嘉年117期,"20,000.00","20,000.00","20,000.00", ,,,34042279000021,,寿险团险,安徽,淮南,寿县支公司,养老险公司,总部,寿险团险,安徽,淮南,寿县支公司,网上交易,国寿养老险,2019-01-15,寿险团险,安徽,淮南,寿县支公司
CL1117106588,何成玉,身份证,612524********0818,CL9185,福寿嘉年117期,"10,000.00","10,000.00","10,000.39",210685,养老险公司,安徽,34050279000030,,寿险团险,安徽,马鞍山市,马鞍山市团拓部,养老险公司,总部,养老险公司,安徽,,,网上交易,国寿养老险,2019-01-15,寿险团险,安徽,马鞍山市,马鞍山市团拓部
CL1043178090,嵇成伟,身份证,320831********1418,CL9185,福寿嘉年117期,"50,000.00","50,000.00","50,001.94",210685,养老险公司,安徽,34118179000059,,寿险团险,安徽,滁州,天长,养老险公司,总部,养老险公司,安徽,,,网上交易,国寿养老险,2019-01-15,寿险团险,安徽,滁州,天长
CL1043178090,嵇成伟,身份证,320831********1418,CL9185,福寿嘉年117期,"50,000.00","50,000.00","50,001.94",210685,养老险公司,安徽,34118179000059,,寿险团险,安徽,滁州,天长,养老险公司,总部,养老险公司,安徽,,,网上交易,国寿养老险,2019-01-15,寿险团险,安徽,滁州,天长
CL1162953660,谷荣,身份证,342224********0029,CL9185,福寿嘉年117期,"100,000.00","100,000.00","100,003.89",210685,养老险公司,安徽,34222479002415,,寿险团险,安徽,宿州,灵璧县支公司,,,养老险公司,安徽,,,微信,国寿养老险,2019-01-15,寿险团险,安徽,宿州,灵璧县支公司
CL1162953660,谷荣,身份证,342224********0029,CL9185,福寿嘉年117期,"50,000.00","50,000.00","50,001.94",210685,养老险公司,安徽,34222479002415,,寿险团险,安徽,宿州,灵璧县支公司,养老险公司,总部,养老险公司,安徽,,,网上交易,国寿养老险,2019-01-15,寿险团险,安徽,宿州,灵璧县支公司
CL1162953660,谷荣,身份证,342224********0029,CL9185,福寿嘉年117期,"50,000.00","50,000.00","50,001.94",210685,养老险公司,安徽,34222479002415,,寿险团险,安徽,宿州,灵璧县支公司,养老险公司,总部,养老险公司,安徽,,,网上交易,国寿养老险,2019-01-15,寿险团险,安徽,宿州,灵璧县支公司
CL1162953660,谷荣,身份证,342224********0029,CL9185,福寿嘉年117期,"50,000.00","50,000.00","50,001.94",210685,养老险公司,安徽,34222479002415,,寿险团险,安徽,宿州,灵璧县支公司,养老险公司,总部,养老险公司,安徽,,,网上交易,国寿养老险,2019-01-15,寿险团险,安徽,宿州,灵璧县支公司
CL1162953660,谷荣,身份证,342224********0029,CL9185,福寿嘉年117期,"100,000.00","100,000.00","100,003.89",210685,养老险公司,安徽,34222479002415,,寿险团险,安徽,宿州,灵璧县支公司,养老险公司,总部,养老险公司,安徽,,,网上交易,国寿养老险,2019-01-15,寿险团险,安徽,宿州,灵璧县支公司
CL1158140060,张红,身份证,341122********0040,CL9185,福寿嘉年117期,"50,000.00","50,000.00","50,001.94",210685,养老险公司,安徽,34112279000011,,寿险团险,安徽,滁州,来安,养老险公司,总部,养老险公司,安徽,,,网上交易,国寿养老险,2019-01-15,寿险团险,安徽,滁州,来安
CL1001064964,王兵,身份证,342201********0012,CL9185,福寿嘉年117期,"50,000.00","50,000.00","50,001.94",210685,养老险公司,安徽,34222179000021,,寿险团险,安徽,宿州,砀山县支公司,养老险公司,总部,养老险公司,安徽,,,网上交易,国寿养老险,2019-01-15,寿险团险,安徽,宿州,砀山县支公司
CL1001064964,王兵,身份证,342201********0012,CL9185,福寿嘉年117期,"130,000.00","130,000.00","130,005.06",210685,养老险公司,安徽,34222179000021,,寿险团险,安徽,宿州,砀山县支公司,养老险公司,总部,养老险公司,安徽,,,网上交易,国寿养老险,2019-01-15,寿险团险,安徽,宿州,砀山县支公司
CL1069293794,李巍巍,身份证,341125********6321,CL9185,福寿嘉年117期,"10,000.00","10,000.00","10,000.39",210685,养老险公司,安徽,34112579000047,,寿险团险,安徽,滁州,定远,养老险公司,总部,养老险公司,安徽,,,网上交易,国寿养老险,2019-01-15,寿险团险,安徽,滁州,定远
CL1069293794,李巍巍,身份证,341125********6321,CL9185,福寿嘉年117期,"20,000.00","20,000.00","20,000.78",210685,养老险公司,安徽,34112579000047,,寿险团险,安徽,滁州,定远,养老险公司,总部,养老险公司,安徽,,,网上交易,国寿养老险,2019-01-15,寿险团险,安徽,滁州,定远
CL1000034964,周雪飞,身份证,340702********0526,CL9185,福寿嘉年117期,"66,000.00","66,000.00","66,002.57",210685,养老险公司,安徽,34070379001006,,寿险团险,安徽,铜陵,团拓部（城区）,养老险公司,总部,养老险公司,安徽,,,网上交易,国寿养老险,2019-01-15,寿险团险,安徽,铜陵,团拓部（城区）
CL1010699408,金永发,身份证,342724********5119,CL9185,福寿嘉年117期,"50,000.00","50,000.00","50,000.00", ,,,34102271000003,,寿险团险,安徽,黄山,休宁县支公司,,,寿险团险,安徽,黄山,休宁县支公司,微信,国寿养老险,2019-01-15,寿险团险,安徽,黄山,休宁县支公司
CL1010699408,金永发,身份证,342724********5119,CL9185,福寿嘉年117期,"50,000.00","50,000.00","50,001.94",210685,养老险公司,安徽,34102271000003,,寿险团险,安徽,黄山,休宁县支公司,,,养老险公司,安徽,,,微信,国寿养老险,2019-01-15,寿险团险,安徽,黄山,休宁县支公司
CL1014005002,胡燕玲,身份证,340504********0228,CL9185,福寿嘉年117期,"200,000.00","200,000.00","200,007.78",210685,养老险公司,安徽,34050279000030,,寿险团险,安徽,马鞍山市,马鞍山市团拓部,养老险公司,总部,养老险公司,安徽,,,网上交易,国寿养老险,2019-01-15,寿险团险,安徽,马鞍山市,马鞍山市团拓部
CL1003938516,张荣平,身份证,320423********1210,CL9185,福寿嘉年117期,"50,000.00","50,000.00","50,001.94",210685,养老险公司,安徽,34118179000059,,寿险团险,安徽,滁州,天长,养老险公司,总部,养老险公司,安徽,,,网上交易,国寿养老险,2019-01-15,寿险团险,安徽,滁州,天长
CL1024434022,刘之荟,身份证,341181********2626,CL9185,福寿嘉年117期,"20,000.00","20,000.00","20,000.78",210685,养老险公司,安徽,34118179000067,,寿险团险,安徽,滁州,天长,养老险公司,总部,养老险公司,安徽,,,网上交易,国寿养老险,2019-01-15,寿险团险,安徽,滁州,天长
CL1024434022,刘之荟,身份证,341181********2626,CL9185,福寿嘉年117期,"20,000.00","20,000.00","20,000.78",210685,养老险公司,安徽,34118179000067,,寿险团险,安徽,滁州,天长,养老险公司,总部,养老险公司,安徽,,,网上交易,国寿养老险,2019-01-15,寿险团险,安徽,滁州,天长
CL1024434022,刘之荟,身份证,341181********2626,CL9185,福寿嘉年117期,"20,000.00","20,000.00","20,000.78",210685,养老险公司,安徽,34118179000067,,寿险团险,安徽,滁州,天长,养老险公司,总部,养老险公司,安徽,,,网上交易,国寿养老险,2019-01-15,寿险团险,安徽,滁州,天长
CL1024434022,刘之荟,身份证,341181********2626,CL9185,福寿嘉年117期,"20,000.00","20,000.00","20,000.78",210685,养老险公司,安徽,34118179000067,,寿险团险,安徽,滁州,天长,养老险公司,总部,养老险公司,安徽,,,网上交易,国寿养老险,2019-01-15,寿险团险,安徽,滁州,天长
CL1024434022,刘之荟,身份证,341181********2626,CL9185,福寿嘉年117期,"20,000.00","20,000.00","20,000.78",210685,养老险公司,安徽,34118179000067,,寿险团险,安徽,滁州,天长,养老险公司,总部,养老险公司,安徽,,,网上交易,国寿养老险,2019-01-15,寿险团险,安徽,滁州,天长
CL1024434022,刘之荟,身份证,341181********2626,CL9185,福寿嘉年117期,"20,000.00","20,000.00","20,000.78",210685,养老险公司,安徽,34118179000067,,寿险团险,安徽,滁州,天长,养老险公司,总部,养老险公司,安徽,,,网上交易,国寿养老险,2019-01-15,寿险团险,安徽,滁州,天长
CL1004339542,徐济凤,身份证,340502********0422,CL9185,福寿嘉年117期,"100,000.00","100,000.00","100,003.89",210685,养老险公司,安徽,34050279000030,,寿险团险,安徽,马鞍山市,马鞍山市团拓部,养老险公司,总部,养老险公司,安徽,,,网上交易,国寿养老险,2019-01-15,寿险团险,安徽,马鞍山市,马鞍山市团拓部
CL1067055005,刘卫昌,身份证,342321********7447,CL9185,福寿嘉年117期,"30,000.00","30,000.00","30,001.17",210685,养老险公司,安徽,34118179000067,,寿险团险,安徽,滁州,天长,养老险公司,总部,养老险公司,安徽,,,网上交易,国寿养老险,2019-01-15,寿险团险,安徽,滁州,天长

