﻿FUND_ACCT,CUST_NAME,CERT_TYPE,CERT_NO,FUND_CODE,FUND_NAME,APP_MONEY,ACK_MONEY,ACK_SHARE,INVITECODE,COMPANY_INVITE,BRANCH_INVITE_NEW,REFERID,CUSTNAME_REFER,COMPANY_REFER,BRANCH_REFER_NEW,CT_REFER,CR_REFER,COMPANY_ORG,ORGNAME,SALE_COMPANY_NAME_DTL,SALE_BRANCH_NAME,SALE_CT_NAME,SALE_CR_NAME,ACCEPT_METHOD,AGENCY_NAME,ACK_DATE,SALE_COMPANY_NAME_FEE,SALE_BRANCH_NAME_FEE1,SALE_CT_NAME_FEE,SALE_CR_NAME_FEE
CL1000985777,李振玲,身份证,340222********0048,CL9186,福寿嘉年118期,"100,000.00","100,000.00","100,000.00", ,,,34020479000040,,寿险团险,安徽,芜湖,繁昌支公司,养老险公司,总部,寿险团险,安徽,芜湖,繁昌支公司,网上交易,国寿养老险,2019-01-15,寿险团险,安徽,芜湖,繁昌支公司
CL1069292673,黄尚友,身份证,342701********1023,CL9186,福寿嘉年118期,"30,000.00","30,000.00","30,000.00", ,,,34100279000014,,寿险团险,安徽,黄山,黄山市团拓部,,,寿险团险,安徽,黄山,黄山市团拓部,微信,国寿养老险,2019-01-15,寿险团险,安徽,黄山,黄山市团拓部
CL1008631190,陈桂兰,身份证,342224********0028,CL9186,福寿嘉年118期,"45,000.00","45,000.00","45,000.00", ,,,34222479002415,,寿险团险,安徽,宿州,灵璧县支公司,养老险公司,总部,寿险团险,安徽,宿州,灵璧县支公司,网上交易,国寿养老险,2019-01-15,寿险团险,安徽,宿州,灵璧县支公司
CL1018028709,叶兰,身份证,340123********0829,CL9186,福寿嘉年118期,"50,000.00","50,000.00","50,000.00", ,,,34012279000030,,寿险团险,安徽,合肥,肥东支公司,养老险公司,总部,寿险团险,安徽,合肥,肥东支公司,网上交易,国寿养老险,2019-01-15,寿险团险,安徽,合肥,肥东支公司
CL1059288863,徐永华,身份证,341224********7228,CL9186,福寿嘉年118期,"10,000.00","10,000.00","10,000.00", ,,,34212579005001,,寿险团险,安徽,亳州,蒙城县公司,养老险公司,总部,寿险团险,安徽,亳州,蒙城县公司,网上交易,国寿养老险,2019-01-15,寿险团险,安徽,亳州,蒙城县公司
CL1030832290,邵华,身份证,341224********0421,CL9186,福寿嘉年118期,"50,000.00","50,000.00","50,000.00", ,,,34212579005001,,寿险团险,安徽,亳州,蒙城县公司,养老险公司,总部,寿险团险,安徽,亳州,蒙城县公司,网上交易,国寿养老险,2019-01-15,寿险团险,安徽,亳州,蒙城县公司
CL1030832189,年荣,身份证,342125********0244,CL9186,福寿嘉年118期,"49,000.00","49,000.00","49,000.00", ,,,34212579001007,,寿险团险,安徽,亳州,蒙城县公司,养老险公司,总部,寿险团险,安徽,亳州,蒙城县公司,网上交易,国寿养老险,2019-01-15,寿险团险,安徽,亳州,蒙城县公司
CL1069294571,解秀珠,身份证,340827********1320,CL9186,福寿嘉年118期,"50,000.00","50,000.00","50,000.00", ,,,34082779000003,,寿险团险,安徽,安庆,望江,养老险公司,总部,寿险团险,安徽,安庆,望江,网上交易,国寿养老险,2019-01-15,寿险团险,安徽,安庆,望江
CL1000674168,陈红,身份证,340103********0021,CL9186,福寿嘉年118期,"50,000.00","50,000.00","50,000.00", ,,,YL34000023,汪莉,养老险公司,安徽,,,,,养老险公司,安徽,,,微信,国寿养老险,2019-01-15,养老险公司,安徽,,
CL1000674168,陈红,身份证,340103********0021,CL9186,福寿嘉年118期,"32,000.00","32,000.00","32,000.00", ,,,YL34000023,汪莉,养老险公司,安徽,,,,,养老险公司,安徽,,,微信,国寿养老险,2019-01-15,养老险公司,安徽,,
CL1000055614,田刘贺,身份证,341221********1769,CL9186,福寿嘉年118期,"50,000.00","50,000.00","50,000.00", ,,,34070379000027,,寿险团险,安徽,铜陵,团拓部（城区）,养老险公司,总部,寿险团险,安徽,铜陵,团拓部（城区）,网上交易,国寿养老险,2019-01-15,寿险团险,安徽,铜陵,团拓部（城区）
CL1163346541,叶鲲,身份证,340222********0018,CL9186,福寿嘉年118期,"40,000.00","40,000.00","40,000.00", ,,,34020479000044,,寿险团险,安徽,芜湖,繁昌支公司,养老险公司,总部,寿险团险,安徽,芜湖,繁昌支公司,网上交易,国寿养老险,2019-01-15,寿险团险,安徽,芜湖,繁昌支公司
CL1139199501,张惠生,身份证,342529********0018,CL9186,福寿嘉年118期,"20,000.00","20,000.00","20,000.00", ,,,34252979000011,,寿险团险,安徽,宣城,泾县支公司,养老险公司,总部,寿险团险,安徽,宣城,泾县支公司,网上交易,国寿养老险,2019-01-15,寿险团险,安徽,宣城,泾县支公司
CL1000707166,梁立桂,身份证,340123********0020,CL9186,福寿嘉年118期,"20,000.00","20,000.00","20,000.00", ,,,34012279000010,,寿险团险,安徽,合肥,肥东支公司,养老险公司,总部,寿险团险,安徽,合肥,肥东支公司,网上交易,国寿养老险,2019-01-15,寿险团险,安徽,合肥,肥东支公司
CL1003562407,汪美玲,身份证,340222********2625,CL9186,福寿嘉年118期,"50,000.00","50,000.00","50,000.00", ,,,34020479000040,,寿险团险,安徽,芜湖,繁昌支公司,养老险公司,总部,寿险团险,安徽,芜湖,繁昌支公司,网上交易,国寿养老险,2019-01-15,寿险团险,安徽,芜湖,繁昌支公司
CL1008631323,张广珍,身份证,340403********162X,CL9186,福寿嘉年118期,"200,000.00","200,000.00","200,000.00", ,,,34040471000022,,寿险团险,安徽,淮南,谢家集支公司,,,寿险团险,安徽,淮南,谢家集支公司,微信,国寿养老险,2019-01-15,寿险团险,安徽,淮南,谢家集支公司
CL1002080159,朱海燕,身份证,340403********1822,CL9186,福寿嘉年118期,"10,000.00","10,000.00","10,000.00", ,,,34041079000001,,寿险团险,安徽,淮南,潘集支公司,养老险公司,总部,寿险团险,安徽,淮南,潘集支公司,网上交易,国寿养老险,2019-01-15,寿险团险,安徽,淮南,潘集支公司
CL1051153358,刘霞,身份证,340122********0324,CL9186,福寿嘉年118期,"20,000.00","20,000.00","20,000.00", ,,,34012379000032,,寿险团险,安徽,合肥,肥西支公司,养老险公司,总部,寿险团险,安徽,合肥,肥西支公司,网上交易,国寿养老险,2019-01-15,寿险团险,安徽,合肥,肥西支公司
CL1051153358,刘霞,身份证,340122********0324,CL9186,福寿嘉年118期,"20,000.00","20,000.00","20,000.00", ,,,34012379000032,,寿险团险,安徽,合肥,肥西支公司,养老险公司,总部,寿险团险,安徽,合肥,肥西支公司,网上交易,国寿养老险,2019-01-15,寿险团险,安徽,合肥,肥西支公司
CL1051153358,刘霞,身份证,340122********0324,CL9186,福寿嘉年118期,"20,000.00","20,000.00","20,000.00", ,,,34012379000032,,寿险团险,安徽,合肥,肥西支公司,养老险公司,总部,寿险团险,安徽,合肥,肥西支公司,网上交易,国寿养老险,2019-01-15,寿险团险,安徽,合肥,肥西支公司
CL1051153358,刘霞,身份证,340122********0324,CL9186,福寿嘉年118期,"20,000.00","20,000.00","20,000.00", ,,,34012379000032,,寿险团险,安徽,合肥,肥西支公司,养老险公司,总部,寿险团险,安徽,合肥,肥西支公司,网上交易,国寿养老险,2019-01-15,寿险团险,安徽,合肥,肥西支公司
CL1009463072,叶宜春,身份证,340822********630X,CL9186,福寿嘉年118期,"10,000.00","10,000.00","10,000.00", ,,,34082279000004,,寿险团险,安徽,安庆,怀宁,养老险公司,总部,寿险团险,安徽,安庆,怀宁,网上交易,国寿养老险,2019-01-15,寿险团险,安徽,安庆,怀宁
CL1009359671,赵芳,身份证,342224********0022,CL9186,福寿嘉年118期,"20,000.00","20,000.00","20,000.00", ,,,34222479002415,,寿险团险,安徽,宿州,灵璧县支公司,养老险公司,总部,寿险团险,安徽,宿州,灵璧县支公司,网上交易,国寿养老险,2019-01-15,寿险团险,安徽,宿州,灵璧县支公司
CL1030468301,陶有云,身份证,340121********0020,CL9186,福寿嘉年118期,"20,000.00","20,000.00","20,000.00", ,,,34012179000066,,寿险团险,安徽,合肥,长丰支公司,养老险公司,总部,寿险团险,安徽,合肥,长丰支公司,网上交易,国寿养老险,2019-01-15,寿险团险,安徽,合肥,长丰支公司
CL1073932317,谢如月,身份证,342701********0423,CL9186,福寿嘉年118期,"100,000.00","100,000.00","100,000.00", ,,,34100379000010,,寿险团险,安徽,黄山,黄山区支公司,,,寿险团险,安徽,黄山,黄山区支公司,微信,国寿养老险,2019-01-15,寿险团险,安徽,黄山,黄山区支公司
CL1000020448,韩龄,身份证,340202********2517,CL9186,福寿嘉年118期,"30,000.00","30,000.00","30,000.00", ,,,34020379000035,,寿险团险,安徽,芜湖,芜湖县支公司,养老险公司,总部,寿险团险,安徽,芜湖,芜湖县支公司,网上交易,国寿养老险,2019-01-15,寿险团险,安徽,芜湖,芜湖县支公司
CL1049058226,罗滢亚,身份证,340222********2621,CL9186,福寿嘉年118期,"50,000.00","50,000.00","50,000.00", ,,,34020479000044,,寿险团险,安徽,芜湖,繁昌支公司,养老险公司,总部,寿险团险,安徽,芜湖,繁昌支公司,网上交易,国寿养老险,2019-01-15,寿险团险,安徽,芜湖,繁昌支公司
CL1009383160,胡婷,身份证,342422********016X,CL9186,福寿嘉年118期,"20,000.00","20,000.00","20,000.00", ,,,34042279000021,,寿险团险,安徽,淮南,寿县支公司,养老险公司,总部,寿险团险,安徽,淮南,寿县支公司,网上交易,国寿养老险,2019-01-15,寿险团险,安徽,淮南,寿县支公司
CL1009383160,胡婷,身份证,342422********016X,CL9186,福寿嘉年118期,"20,000.00","20,000.00","20,000.00", ,,,34042279000021,,寿险团险,安徽,淮南,寿县支公司,养老险公司,总部,寿险团险,安徽,淮南,寿县支公司,网上交易,国寿养老险,2019-01-15,寿险团险,安徽,淮南,寿县支公司
CL1009383160,胡婷,身份证,342422********016X,CL9186,福寿嘉年118期,"20,000.00","20,000.00","20,000.00", ,,,34042279000021,,寿险团险,安徽,淮南,寿县支公司,养老险公司,总部,寿险团险,安徽,淮南,寿县支公司,网上交易,国寿养老险,2019-01-15,寿险团险,安徽,淮南,寿县支公司
CL1003968254,李永华,身份证,340121********0083,CL9186,福寿嘉年118期,"100,000.00","100,000.00","100,000.00", ,,,34012179000035,,寿险团险,安徽,合肥,长丰支公司,养老险公司,总部,寿险团险,安徽,合肥,长丰支公司,网上交易,国寿养老险,2019-01-15,寿险团险,安徽,合肥,长丰支公司
CL1103686433,钱惠萍,身份证,342523********0066,CL9186,福寿嘉年118期,"25,000.00","25,000.00","25,000.00", ,,,34252379000001,,寿险团险,安徽,宣城,广德支公司,养老险公司,总部,寿险团险,安徽,宣城,广德支公司,网上交易,国寿养老险,2019-01-15,寿险团险,安徽,宣城,广德支公司
CL1139974962,刘翠萍,身份证,342201********1843,CL9186,福寿嘉年118期,"50,000.00","50,000.00","50,000.00", ,,,34222579000016,,寿险团险,安徽,宿州,泗县支公司,养老险公司,总部,寿险团险,安徽,宿州,泗县支公司,网上交易,国寿养老险,2019-01-15,寿险团险,安徽,宿州,泗县支公司
CL1162953771,张文权,身份证,342422********0953,CL9186,福寿嘉年118期,"20,000.00","20,000.00","20,000.00", ,,,34042279000019,,寿险团险,安徽,淮南,寿县支公司,养老险公司,总部,寿险团险,安徽,淮南,寿县支公司,网上交易,国寿养老险,2019-01-15,寿险团险,安徽,淮南,寿县支公司
CL1162953771,张文权,身份证,342422********0953,CL9186,福寿嘉年118期,"20,000.00","20,000.00","20,000.00", ,,,34042279000019,,寿险团险,安徽,淮南,寿县支公司,养老险公司,总部,寿险团险,安徽,淮南,寿县支公司,网上交易,国寿养老险,2019-01-15,寿险团险,安徽,淮南,寿县支公司
CL1162953771,张文权,身份证,342422********0953,CL9186,福寿嘉年118期,"20,000.00","20,000.00","20,000.00", ,,,34042279000019,,寿险团险,安徽,淮南,寿县支公司,养老险公司,总部,寿险团险,安徽,淮南,寿县支公司,网上交易,国寿养老险,2019-01-15,寿险团险,安徽,淮南,寿县支公司
CL1157768231,马玉莲,身份证,340503********0064,CL9186,福寿嘉年118期,"100,000.00","100,000.00","100,000.00", ,,,34050279000030,,寿险团险,安徽,马鞍山市,马鞍山市团拓部,养老险公司,总部,寿险团险,安徽,马鞍山市,马鞍山市团拓部,网上交易,国寿养老险,2019-01-15,寿险团险,安徽,马鞍山市,马鞍山市团拓部
CL1000686631,张仁华,身份证,341121********1024,CL9186,福寿嘉年118期,"50,000.00","50,000.00","50,000.00", ,,,34118179000067,,寿险团险,安徽,滁州,天长,养老险公司,总部,寿险团险,安徽,滁州,天长,网上交易,国寿养老险,2019-01-15,寿险团险,安徽,滁州,天长
CL1007903311,陈家荣,身份证,340505********1212,CL9186,福寿嘉年118期,"45,000.00","45,000.00","45,000.00", ,,,34050279000030,,寿险团险,安徽,马鞍山市,马鞍山市团拓部,养老险公司,总部,寿险团险,安徽,马鞍山市,马鞍山市团拓部,网上交易,国寿养老险,2019-01-15,寿险团险,安徽,马鞍山市,马鞍山市团拓部
CL1003096446,李绿华,身份证,340502********0025,CL9186,福寿嘉年118期,"100,000.00","100,000.00","100,000.00", ,,,34050279000030,,寿险团险,安徽,马鞍山市,马鞍山市团拓部,养老险公司,总部,寿险团险,安徽,马鞍山市,马鞍山市团拓部,网上交易,国寿养老险,2019-01-15,寿险团险,安徽,马鞍山市,马鞍山市团拓部
CL1000929642,徐光宏,身份证,340223********2533,CL9186,福寿嘉年118期,"20,000.00","20,000.00","20,000.00", ,,,34020579000042,,寿险团险,安徽,芜湖,南陵支公司,,,寿险团险,安徽,芜湖,南陵支公司,APP,国寿养老险,2019-01-15,寿险团险,安徽,芜湖,南陵支公司
CL1000929642,徐光宏,身份证,340223********2533,CL9186,福寿嘉年118期,"10,000.00","10,000.00","10,000.00", ,,,34020579000042,,寿险团险,安徽,芜湖,南陵支公司,,,寿险团险,安徽,芜湖,南陵支公司,APP,国寿养老险,2019-01-15,寿险团险,安徽,芜湖,南陵支公司
CL1004339375,王莉,身份证,342822********0045,CL9186,福寿嘉年118期,"20,000.00","20,000.00","20,000.00", ,,,34082179000003,,寿险团险,安徽,安庆,桐城,,,寿险团险,安徽,安庆,桐城,APP,国寿养老险,2019-01-15,寿险团险,安徽,安庆,桐城
CL1000985777,李振玲,身份证,340222********0048,CL9186,福寿嘉年118期,"40,000.00","40,000.00","40,000.00", ,,,34020479000040,,寿险团险,安徽,芜湖,繁昌支公司,养老险公司,总部,寿险团险,安徽,芜湖,繁昌支公司,网上交易,国寿养老险,2019-01-15,寿险团险,安徽,芜湖,繁昌支公司

