﻿FUND_ACCT,CUST_NAME,CERT_TYPE,CERT_NO,FUND_CODE,FUND_NAME,APP_MONEY,ACK_MONEY,ACK_SHARE,INVITECODE,COMPANY_INVITE,BRANCH_INVITE_NEW,REFERID,CUSTNAME_REFER,COMPANY_REFER,BRANCH_REFER_NEW,CT_REFER,CR_REFER,COMPANY_ORG,ORGNAME,SALE_COMPANY_NAME_DTL,SALE_BRANCH_NAME,SALE_CT_NAME,SALE_CR_NAME,ACCEPT_METHOD,AGENCY_NAME,ACK_DATE,SALE_COMPANY_NAME_FEE,SALE_BRANCH_NAME_FEE1,SALE_CT_NAME_FEE,SALE_CR_NAME_FEE
CL1165948510,黄丽利,身份证,340104********0025,CL9188,福寿嘉年120期,"40,000.00","40,000.00","40,000.78",469431,养老险公司,安徽,34010579000038,,寿险团险,安徽,合肥,团险支公司,养老险公司,总部,养老险公司,安徽,,,网上交易,国寿养老险,2019-01-30,寿险团险,安徽,合肥,团险支公司
CL1066580269,陶玉梅,身份证,340222********4128,CL9188,福寿嘉年120期,"50,000.00","50,000.00","50,000.00", ,,,34020479000044,,寿险团险,安徽,芜湖,繁昌支公司,养老险公司,总部,寿险团险,安徽,芜湖,繁昌支公司,网上交易,国寿养老险,2019-01-30,寿险团险,安徽,芜湖,繁昌支公司
CL1166255729,陈明石,身份证,340121********3735,CL9188,福寿嘉年120期,"50,000.00","50,000.00","50,000.00",469431,养老险公司,安徽,34010579000035,,寿险团险,安徽,合肥,团险支公司,养老险公司,总部,养老险公司,安徽,,,网上交易,国寿养老险,2019-01-30,寿险团险,安徽,合肥,团险支公司
CL1001011556,郑淑云,身份证,340403********0429,CL9188,福寿嘉年120期,"50,000.00","50,000.00","50,000.49",469431,养老险公司,安徽,34041179000019,,寿险团险,安徽,淮南,团拓部,养老险公司,总部,养老险公司,安徽,,,网上交易,国寿养老险,2019-01-30,寿险团险,安徽,淮南,团拓部
CL1000793017,张敏,身份证,342201********1229,CL9188,福寿嘉年120期,"10,000.00","10,000.00","10,000.10", ,,,34222479002415,,寿险团险,安徽,宿州,灵璧县支公司,养老险公司,总部,寿险团险,安徽,宿州,灵璧县支公司,网上交易,国寿养老险,2019-01-30,寿险团险,安徽,宿州,灵璧县支公司
CL1000793017,张敏,身份证,342201********1229,CL9188,福寿嘉年120期,"50,000.00","50,000.00","50,000.49", ,,,34222479002415,,寿险团险,安徽,宿州,灵璧县支公司,养老险公司,总部,寿险团险,安徽,宿州,灵璧县支公司,网上交易,国寿养老险,2019-01-30,寿险团险,安徽,宿州,灵璧县支公司
CL1165953435,周凤娇,身份证,341022********4120,CL9188,福寿嘉年120期,"20,000.00","20,000.00","20,000.39",469431,养老险公司,安徽,34102271000003,,寿险团险,安徽,黄山,休宁县支公司,,,养老险公司,安徽,,,微信,国寿养老险,2019-01-30,寿险团险,安徽,黄山,休宁县支公司
CL1165953435,周凤娇,身份证,341022********4120,CL9188,福寿嘉年120期,"20,000.00","20,000.00","20,000.39",469431,养老险公司,安徽,34102271000003,,寿险团险,安徽,黄山,休宁县支公司,,,养老险公司,安徽,,,微信,国寿养老险,2019-01-30,寿险团险,安徽,黄山,休宁县支公司
CL1165953435,周凤娇,身份证,341022********4120,CL9188,福寿嘉年120期,"20,000.00","20,000.00","20,000.39",469431,养老险公司,安徽,34102271000003,,寿险团险,安徽,黄山,休宁县支公司,,,养老险公司,安徽,,,微信,国寿养老险,2019-01-30,寿险团险,安徽,黄山,休宁县支公司
CL1165953435,周凤娇,身份证,341022********4120,CL9188,福寿嘉年120期,"20,000.00","20,000.00","20,000.39",469431,养老险公司,安徽,34102271000003,,寿险团险,安徽,黄山,休宁县支公司,,,养老险公司,安徽,,,微信,国寿养老险,2019-01-30,寿险团险,安徽,黄山,休宁县支公司
CL1165953435,周凤娇,身份证,341022********4120,CL9188,福寿嘉年120期,"20,000.00","20,000.00","20,000.39",469431,养老险公司,安徽,34102271000003,,寿险团险,安徽,黄山,休宁县支公司,,,养老险公司,安徽,,,微信,国寿养老险,2019-01-30,寿险团险,安徽,黄山,休宁县支公司
CL1139202158,方鸣,身份证,340102********2016,CL9188,福寿嘉年120期,"30,000.00","30,000.00","30,000.58",469431,养老险公司,安徽,34010579000037,,寿险团险,安徽,合肥,团险支公司,养老险公司,总部,养老险公司,安徽,,,网上交易,国寿养老险,2019-01-30,寿险团险,安徽,合肥,团险支公司
CL1000765633,余红,身份证,342901********6022,CL9188,福寿嘉年120期,"100,000.00","100,000.00","100,001.94",469431,养老险公司,安徽,34222579000016,,寿险团险,安徽,宿州,泗县支公司,养老险公司,总部,养老险公司,安徽,,,网上交易,国寿养老险,2019-01-30,寿险团险,安徽,宿州,泗县支公司
CL1163351611,乔萍,身份证,342425********7424,CL9188,福寿嘉年120期,"100,000.00","100,000.00","100,001.94",469431,养老险公司,安徽,34110179000066,,寿险团险,安徽,滁州,团拓,养老险公司,总部,养老险公司,安徽,,,网上交易,国寿养老险,2019-01-30,寿险团险,安徽,滁州,团拓
CL1153300484,赵立琴,身份证,340121********0027,CL9188,福寿嘉年120期,"10,000.00","10,000.00","10,000.19",469431,养老险公司,安徽,34012179000035,,寿险团险,安徽,合肥,长丰支公司,养老险公司,总部,养老险公司,安徽,,,网上交易,国寿养老险,2019-01-30,寿险团险,安徽,合肥,长丰支公司
CL1153300484,赵立琴,身份证,340121********0027,CL9188,福寿嘉年120期,"10,000.00","10,000.00","10,000.19",469431,养老险公司,安徽,34012179000035,,寿险团险,安徽,合肥,长丰支公司,养老险公司,总部,养老险公司,安徽,,,网上交易,国寿养老险,2019-01-30,寿险团险,安徽,合肥,长丰支公司
CL1004459856,刘艳,身份证,342827********0024,CL9188,福寿嘉年120期,"32,000.00","32,000.00","32,000.62",469431,养老险公司,安徽,34082779000005,,寿险团险,安徽,安庆,望江,,,养老险公司,安徽,,,微信,国寿养老险,2019-01-30,寿险团险,安徽,安庆,望江
CL1002792754,张悦,身份证,340121********0026,CL9188,福寿嘉年120期,"15,000.00","15,000.00","15,000.29",469431,养老险公司,安徽,34012179000005,,寿险团险,安徽,合肥,长丰支公司,养老险公司,总部,养老险公司,安徽,,,网上交易,国寿养老险,2019-01-30,寿险团险,安徽,合肥,长丰支公司
CL1002792754,张悦,身份证,340121********0026,CL9188,福寿嘉年120期,"100,000.00","100,000.00","100,001.94",469431,养老险公司,安徽,34012179000005,,寿险团险,安徽,合肥,长丰支公司,养老险公司,总部,养老险公司,安徽,,,网上交易,国寿养老险,2019-01-30,寿险团险,安徽,合肥,长丰支公司
CL1000757788,柏茂莉,身份证,340121********9123,CL9188,福寿嘉年120期,"30,000.00","30,000.00","30,000.58",469431,养老险公司,安徽,34012179000001,,寿险团险,安徽,合肥,长丰支公司,养老险公司,总部,养老险公司,安徽,,,网上交易,国寿养老险,2019-01-30,寿险团险,安徽,合肥,长丰支公司
CL1033770084,产华清,身份证,340822********586X,CL9188,福寿嘉年120期,"35,000.00","35,000.00","35,000.00", ,,,34082279000004,,寿险团险,安徽,安庆,怀宁,养老险公司,总部,寿险团险,安徽,安庆,怀宁,网上交易,国寿养老险,2019-01-30,寿险团险,安徽,安庆,怀宁
CL1006325940,陈莉,身份证,340102********2561,CL9188,福寿嘉年120期,"110,000.00","110,000.00","110,002.14",469431,养老险公司,安徽,34010579000141,,寿险团险,安徽,合肥,团险支公司,养老险公司,总部,养老险公司,安徽,,,网上交易,国寿养老险,2019-01-30,寿险团险,安徽,合肥,团险支公司
CL1009457992,叶娟娟,身份证,340821********0223,CL9188,福寿嘉年120期,"110,000.00","110,000.00","110,001.07",469431,养老险公司,安徽,34082179000003,,寿险团险,安徽,安庆,桐城,养老险公司,总部,养老险公司,安徽,,,网上交易,国寿养老险,2019-01-30,寿险团险,安徽,安庆,桐城
CL1001009716,谢宏莲,身份证,342425********7420,CL9188,福寿嘉年120期,"20,000.00","20,000.00","20,000.39",469431,养老险公司,安徽,34110179000052,,寿险团险,安徽,滁州,团拓,养老险公司,总部,养老险公司,安徽,,,网上交易,国寿养老险,2019-01-30,寿险团险,安徽,滁州,团拓
CL1001009716,谢宏莲,身份证,342425********7420,CL9188,福寿嘉年120期,"20,000.00","20,000.00","20,000.39",469431,养老险公司,安徽,34110179000052,,寿险团险,安徽,滁州,团拓,养老险公司,总部,养老险公司,安徽,,,网上交易,国寿养老险,2019-01-30,寿险团险,安徽,滁州,团拓
CL1001071176,朱宏霞,身份证,340222********5421,CL9188,福寿嘉年120期,"10,000.00","10,000.00","10,000.10",469431,养老险公司,安徽,34070379001002,,寿险团险,安徽,铜陵,团拓部（城区）,养老险公司,总部,养老险公司,安徽,,,网上交易,国寿养老险,2019-01-30,寿险团险,安徽,铜陵,团拓部（城区）
CL1150805553,高勇刚,身份证,342901********5879,CL9188,福寿嘉年120期,"50,000.00","50,000.00","50,000.00",469431,养老险公司,安徽,34290179000078,,寿险团险,安徽,池州,城区团拓部,,,养老险公司,安徽,,,APP,国寿养老险,2019-01-30,寿险团险,安徽,池州,城区团拓部
CL1150805553,高勇刚,身份证,342901********5879,CL9188,福寿嘉年120期,"50,000.00","50,000.00","50,000.00",469431,养老险公司,安徽,34290179000078,,寿险团险,安徽,池州,城区团拓部,,,养老险公司,安徽,,,APP,国寿养老险,2019-01-30,寿险团险,安徽,池州,城区团拓部
CL1150805553,高勇刚,身份证,342901********5879,CL9188,福寿嘉年120期,"50,000.00","50,000.00","50,000.49",469431,养老险公司,安徽,34290179000078,,寿险团险,安徽,池州,城区团拓部,,,养老险公司,安徽,,,APP,国寿养老险,2019-01-30,寿险团险,安徽,池州,城区团拓部
CL1150805553,高勇刚,身份证,342901********5879,CL9188,福寿嘉年120期,"50,000.00","50,000.00","50,000.49",469431,养老险公司,安徽,34290179000078,,寿险团险,安徽,池州,城区团拓部,,,养老险公司,安徽,,,APP,国寿养老险,2019-01-30,寿险团险,安徽,池州,城区团拓部
CL1166256740,胡秦,身份证,340221********5502,CL9188,福寿嘉年120期,"50,000.00","50,000.00","50,000.00",469431,养老险公司,安徽,34020379000014,,寿险团险,安徽,芜湖,芜湖县支公司,养老险公司,总部,养老险公司,安徽,,,网上交易,国寿养老险,2019-01-30,寿险团险,安徽,芜湖,芜湖县支公司
CL1000690891,胡亚春,身份证,340111********1076,CL9188,福寿嘉年120期,"50,000.00","50,000.00","50,000.49",469431,养老险公司,安徽,34010579000006,,寿险团险,安徽,合肥,团险支公司,养老险公司,总部,养老险公司,安徽,,,网上交易,国寿养老险,2019-01-30,寿险团险,安徽,合肥,团险支公司
CL1000690891,胡亚春,身份证,340111********1076,CL9188,福寿嘉年120期,"50,000.00","50,000.00","50,000.97",469431,养老险公司,安徽,34010579000006,,寿险团险,安徽,合肥,团险支公司,养老险公司,总部,养老险公司,安徽,,,网上交易,国寿养老险,2019-01-30,寿险团险,安徽,合肥,团险支公司
CL1140765148,闫莉,身份证,341227********004X,CL9188,福寿嘉年120期,"50,000.00","50,000.00","50,000.49",469431,养老险公司,安徽,34213079001089,,寿险团险,安徽,亳州,利辛县公司,,,养老险公司,安徽,,,微信,国寿养老险,2019-01-30,寿险团险,安徽,亳州,利辛县公司
CL1140765148,闫莉,身份证,341227********004X,CL9188,福寿嘉年120期,"50,000.00","50,000.00","50,000.97",469431,养老险公司,安徽,34213079001089,,寿险团险,安徽,亳州,利辛县公司,养老险公司,总部,养老险公司,安徽,,,网上交易,国寿养老险,2019-01-30,寿险团险,安徽,亳州,利辛县公司
CL1013186451,徐琼,身份证,342623********0128,CL9188,福寿嘉年120期,"50,000.00","50,000.00","50,000.00",469431,养老险公司,安徽,34021379000028,,寿险团险,安徽,芜湖,无为县支公司,养老险公司,总部,养老险公司,安徽,,,网上交易,国寿养老险,2019-01-30,寿险团险,安徽,芜湖,无为县支公司
CL1165951671,姚登霞,身份证,340403********1243,CL9188,福寿嘉年120期,"30,000.00","30,000.00","30,000.29",469431,养老险公司,安徽,34041179000019,,寿险团险,安徽,淮南,团拓部,养老险公司,总部,养老险公司,安徽,,,网上交易,国寿养老险,2019-01-30,寿险团险,安徽,淮南,团拓部
CL1165951671,姚登霞,身份证,340403********1243,CL9188,福寿嘉年120期,"50,000.00","50,000.00","50,000.97",469431,养老险公司,安徽,34041179000019,,寿险团险,安徽,淮南,团拓部,养老险公司,总部,养老险公司,安徽,,,网上交易,国寿养老险,2019-01-30,寿险团险,安徽,淮南,团拓部
CL1000709408,姚燕,身份证,342301********0828,CL9188,福寿嘉年120期,"50,000.00","50,000.00","50,000.49",469431,养老险公司,安徽,34110179000018,,寿险团险,安徽,滁州,团拓,养老险公司,总部,养老险公司,安徽,,,网上交易,国寿养老险,2019-01-30,寿险团险,安徽,滁州,团拓
CL1000709408,姚燕,身份证,342301********0828,CL9188,福寿嘉年120期,"100,000.00","100,000.00","100,000.97",469431,养老险公司,安徽,34110179000066,,寿险团险,安徽,滁州,团拓,养老险公司,总部,养老险公司,安徽,,,网上交易,国寿养老险,2019-01-30,寿险团险,安徽,滁州,团拓
CL1000749822,叶晓鹏,身份证,340404********0825,CL9188,福寿嘉年120期,"30,000.00","30,000.00","30,000.29",469431,养老险公司,安徽,34040479000001,,寿险团险,安徽,淮南,谢家集支公司,,,养老险公司,安徽,,,微信,国寿养老险,2019-01-30,寿险团险,安徽,淮南,谢家集支公司
CL1000678308,王昌燕,身份证,340102********2524,CL9188,福寿嘉年120期,"50,000.00","50,000.00","50,000.00", ,,,34010579000028,,寿险团险,安徽,合肥,团险支公司,养老险公司,总部,寿险团险,安徽,合肥,团险支公司,网上交易,国寿养老险,2019-01-30,寿险团险,安徽,合肥,团险支公司
CL1015211337,周端龙,身份证,342301********0815,CL9188,福寿嘉年120期,"50,000.00","50,000.00","50,000.97",469431,养老险公司,安徽,34110179000052,,寿险团险,安徽,滁州,团拓,养老险公司,总部,养老险公司,安徽,,,网上交易,国寿养老险,2019-01-30,寿险团险,安徽,滁州,团拓
CL1000034864,黄颖,身份证,340104********154X,CL9188,福寿嘉年120期,"70,000.00","70,000.00","70,000.68",469431,养老险公司,安徽,34011379000119,,寿险团险,安徽,合肥,团险拓展部,,,养老险公司,安徽,,,APP,国寿养老险,2019-01-30,寿险团险,安徽,合肥,团险拓展部
CL1000034864,黄颖,身份证,340104********154X,CL9188,福寿嘉年120期,"20,000.00","20,000.00","20,000.19",469431,养老险公司,安徽,34011379000119,,寿险团险,安徽,合肥,团险拓展部,,,养老险公司,安徽,,,APP,国寿养老险,2019-01-30,寿险团险,安徽,合肥,团险拓展部
CL1163351922,刘相英,身份证,340602********2028,CL9188,福寿嘉年120期,"40,000.00","40,000.00","40,000.78",469431,养老险公司,安徽,34060279000056,,寿险团险,安徽,淮北,团拓,养老险公司,总部,养老险公司,安徽,,,网上交易,国寿养老险,2019-01-30,寿险团险,安徽,淮北,团拓
CL1000688728,王欢欢,身份证,340122********1842,CL9188,福寿嘉年120期,"50,000.00","50,000.00","50,000.00", ,,,34010579000046,,寿险团险,安徽,合肥,团险支公司,养老险公司,总部,寿险团险,安徽,合肥,团险支公司,网上交易,国寿养老险,2019-01-30,寿险团险,安徽,合肥,团险支公司
CL1000688728,王欢欢,身份证,340122********1842,CL9188,福寿嘉年120期,"50,000.00","50,000.00","50,000.00", ,,,34010579000046,,寿险团险,安徽,合肥,团险支公司,养老险公司,总部,寿险团险,安徽,合肥,团险支公司,网上交易,国寿养老险,2019-01-30,寿险团险,安徽,合肥,团险支公司
CL1162953315,马可,身份证,340104********0035,CL9188,福寿嘉年120期,"40,000.00","40,000.00","40,000.78",469431,养老险公司,安徽,34010579000230,,寿险团险,安徽,合肥,团险支公司,养老险公司,总部,养老险公司,安徽,,,网上交易,国寿养老险,2019-01-30,寿险团险,安徽,合肥,团险支公司
CL1166805387,张美菊,身份证,340702********0027,CL9188,福寿嘉年120期,"50,000.00","50,000.00","50,000.00", ,,,34070379000031,,寿险团险,安徽,铜陵,团拓部（城区）,,,寿险团险,安徽,铜陵,团拓部（城区）,微信,国寿养老险,2019-01-30,寿险团险,安徽,铜陵,团拓部（城区）
CL1000851170,陶涛,身份证,340102********3557,CL9188,福寿嘉年120期,"100,000.00","100,000.00","100,000.97",469431,养老险公司,安徽,34011379000119,,寿险团险,安徽,合肥,团险拓展部,养老险公司,总部,养老险公司,安徽,,,网上交易,国寿养老险,2019-01-30,寿险团险,安徽,合肥,团险拓展部
CL1000851170,陶涛,身份证,340102********3557,CL9188,福寿嘉年120期,"124,000.00","124,000.00","124,001.21",469431,养老险公司,安徽,34011379000119,,寿险团险,安徽,合肥,团险拓展部,养老险公司,总部,养老险公司,安徽,,,网上交易,国寿养老险,2019-01-30,寿险团险,安徽,合肥,团险拓展部
CL1013178539,高静,身份证,340802********064X,CL9188,福寿嘉年120期,"10,000.00","10,000.00","10,000.10",469431,养老险公司,安徽, ,,,,,,养老险公司,总部,养老险公司,安徽,,,网上交易,国寿养老险,2019-01-30,养老险公司,安徽,,
CL1003968187,严群芳,身份证,340224********4843,CL9188,福寿嘉年120期,"20,000.00","20,000.00","20,000.39",469431,养老险公司,安徽,34292379000035,,寿险团险,安徽,池州,青阳支公司,,,养老险公司,安徽,,,APP,国寿养老险,2019-01-30,寿险团险,安徽,池州,青阳支公司
CL1003968187,严群芳,身份证,340224********4843,CL9188,福寿嘉年120期,"20,000.00","20,000.00","20,000.19",469431,养老险公司,安徽,34292379000035,,寿险团险,安徽,池州,青阳支公司,,,养老险公司,安徽,,,APP,国寿养老险,2019-01-30,寿险团险,安徽,池州,青阳支公司
CL1011268269,贾宝玲,身份证,340604********2029,CL9188,福寿嘉年120期,"40,000.00","40,000.00","40,000.78",469431,养老险公司,安徽,34060279000027,,寿险团险,安徽,淮北,团拓,养老险公司,总部,养老险公司,安徽,,,网上交易,国寿养老险,2019-01-30,寿险团险,安徽,淮北,团拓
CL1165950694,宋成华,身份证,340404********2621,CL9188,福寿嘉年120期,"100,000.00","100,000.00","100,001.94",469431,养老险公司,安徽,34040479000011,,寿险团险,安徽,淮南,谢家集支公司,养老险公司,总部,养老险公司,安徽,,,网上交易,国寿养老险,2019-01-30,寿险团险,安徽,淮南,谢家集支公司
CL1002672495,余淑红,身份证,340822********6260,CL9188,福寿嘉年120期,"20,000.00","20,000.00","20,000.00", ,,,34082279000004,,寿险团险,安徽,安庆,怀宁,养老险公司,总部,寿险团险,安徽,安庆,怀宁,网上交易,国寿养老险,2019-01-30,寿险团险,安徽,安庆,怀宁
CL1165955000,王延玲,身份证,340403********0848,CL9188,福寿嘉年120期,"10,000.00","10,000.00","10,000.10",469431,养老险公司,安徽,34041179000019,,寿险团险,安徽,淮南,团拓部,,,养老险公司,安徽,,,微信,国寿养老险,2019-01-30,寿险团险,安徽,淮南,团拓部
CL1165955000,王延玲,身份证,340403********0848,CL9188,福寿嘉年120期,"50,000.00","50,000.00","50,000.49",469431,养老险公司,安徽,34041179000019,,寿险团险,安徽,淮南,团拓部,,,养老险公司,安徽,,,微信,国寿养老险,2019-01-30,寿险团险,安徽,淮南,团拓部
CL1142862762,焦晓云,身份证,340111********5022,CL9188,福寿嘉年120期,"50,000.00","50,000.00","50,000.97",469431,养老险公司,安徽,YL34000007,白邃,养老险公司,安徽,,,,,养老险公司,安徽,,,微信,国寿养老险,2019-01-30,养老险公司,安徽,,
CL1165953768,魏俊,身份证,342623********0024,CL9188,福寿嘉年120期,"50,000.00","50,000.00","50,000.97",469431,养老险公司,安徽,34010579000157,,寿险团险,安徽,合肥,团险支公司,养老险公司,总部,养老险公司,安徽,,,网上交易,国寿养老险,2019-01-30,寿险团险,安徽,合肥,团险支公司
CL1166247630,方云仙,身份证,341004********0025,CL9188,福寿嘉年120期,"20,000.00","20,000.00","20,000.19",469431,养老险公司,安徽,34100479000003,,寿险团险,安徽,黄山,徽州区支公司,,,养老险公司,安徽,,,微信,国寿养老险,2019-01-30,寿险团险,安徽,黄山,徽州区支公司
CL1073939432,熊成玉,身份证,340521********2326,CL9188,福寿嘉年120期,"100,000.00","100,000.00","100,000.00", ,,,34052179000028,,寿险团险,安徽,马鞍山市,当涂县团险部,养老险公司,总部,寿险团险,安徽,马鞍山市,当涂县团险部,网上交易,国寿养老险,2019-01-30,寿险团险,安徽,马鞍山市,当涂县团险部
CL1000907548,陈道翠,身份证,341122********0620,CL9188,福寿嘉年120期,"50,000.00","50,000.00","50,000.97",469431,养老险公司,安徽,34110179000052,,寿险团险,安徽,滁州,团拓,养老险公司,总部,养老险公司,安徽,,,网上交易,国寿养老险,2019-01-30,寿险团险,安徽,滁州,团拓
CL1010399729,江开莲,身份证,342401********1528,CL9188,福寿嘉年120期,"50,000.00","50,000.00","50,000.00",469431,养老险公司,安徽,34240179000073,,寿险团险,安徽,六安,团拓,养老险公司,总部,养老险公司,安徽,,,网上交易,国寿养老险,2019-01-30,寿险团险,安徽,六安,团拓
CL1010399729,江开莲,身份证,342401********1528,CL9188,福寿嘉年120期,"50,000.00","50,000.00","50,000.00",469431,养老险公司,安徽,34240179000073,,寿险团险,安徽,六安,团拓,养老险公司,总部,养老险公司,安徽,,,网上交易,国寿养老险,2019-01-30,寿险团险,安徽,六安,团拓
CL1010399729,江开莲,身份证,342401********1528,CL9188,福寿嘉年120期,"50,000.00","50,000.00","50,000.00",469431,养老险公司,安徽,34240179000073,,寿险团险,安徽,六安,团拓,养老险公司,总部,养老险公司,安徽,,,网上交易,国寿养老险,2019-01-30,寿险团险,安徽,六安,团拓
CL1010399729,江开莲,身份证,342401********1528,CL9188,福寿嘉年120期,"50,000.00","50,000.00","50,000.00",469431,养老险公司,安徽,34240179000073,,寿险团险,安徽,六安,团拓,养老险公司,总部,养老险公司,安徽,,,网上交易,国寿养老险,2019-01-30,寿险团险,安徽,六安,团拓
CL1010399729,江开莲,身份证,342401********1528,CL9188,福寿嘉年120期,"30,000.00","30,000.00","30,000.00",469431,养老险公司,安徽,34240179000073,,寿险团险,安徽,六安,团拓,养老险公司,总部,养老险公司,安徽,,,网上交易,国寿养老险,2019-01-30,寿险团险,安徽,六安,团拓
CL1010399729,江开莲,身份证,342401********1528,CL9188,福寿嘉年120期,"50,000.00","50,000.00","50,000.00",469431,养老险公司,安徽,34240179000073,,寿险团险,安徽,六安,团拓,养老险公司,总部,养老险公司,安徽,,,网上交易,国寿养老险,2019-01-30,寿险团险,安徽,六安,团拓
CL1010399729,江开莲,身份证,342401********1528,CL9188,福寿嘉年120期,"50,000.00","50,000.00","50,000.00",469431,养老险公司,安徽,34240179000073,,寿险团险,安徽,六安,团拓,养老险公司,总部,养老险公司,安徽,,,网上交易,国寿养老险,2019-01-30,寿险团险,安徽,六安,团拓
CL1010399729,江开莲,身份证,342401********1528,CL9188,福寿嘉年120期,"50,000.00","50,000.00","50,000.00",469431,养老险公司,安徽,34240179000073,,寿险团险,安徽,六安,团拓,养老险公司,总部,养老险公司,安徽,,,网上交易,国寿养老险,2019-01-30,寿险团险,安徽,六安,团拓
CL1065892248,刘运林,身份证,342523********7011,CL9188,福寿嘉年120期,"100,000.00","100,000.00","100,001.94",469431,养老险公司,安徽,34252379000001,,寿险团险,安徽,宣城,广德支公司,养老险公司,总部,养老险公司,安徽,,,网上交易,国寿养老险,2019-01-30,寿险团险,安徽,宣城,广德支公司
CL1030023784,王静,身份证,341224********8743,CL9188,福寿嘉年120期,"50,000.00","50,000.00","50,000.00", ,,,34212579001007,,寿险团险,安徽,亳州,蒙城县公司,养老险公司,总部,寿险团险,安徽,亳州,蒙城县公司,网上交易,国寿养老险,2019-01-30,寿险团险,安徽,亳州,蒙城县公司
CL1030828374,邵将,身份证,342301********0013,CL9188,福寿嘉年120期,"10,000.00","10,000.00","10,000.19",469431,养老险公司,安徽,34110179000050,,寿险团险,安徽,滁州,团拓,,,养老险公司,安徽,,,APP,国寿养老险,2019-01-30,寿险团险,安徽,滁州,团拓
CL1009463072,叶宜春,身份证,340822********630X,CL9188,福寿嘉年120期,"10,000.00","10,000.00","10,000.00", ,,,34082279000004,,寿险团险,安徽,安庆,怀宁,养老险公司,总部,寿险团险,安徽,安庆,怀宁,网上交易,国寿养老险,2019-01-30,寿险团险,安徽,安庆,怀宁
CL1002645587,李晴,身份证,340323********0063,CL9188,福寿嘉年120期,"20,000.00","20,000.00","20,000.39",469431,养老险公司,安徽,34032379000017,,寿险团险,安徽,蚌埠,固镇县支公司,,,养老险公司,安徽,,,微信,国寿养老险,2019-01-30,寿险团险,安徽,蚌埠,固镇县支公司
CL1029468266,万娟,身份证,340221********2143,CL9188,福寿嘉年120期,"10,000.00","10,000.00","10,000.10",469431,养老险公司,安徽,34020379000014,,寿险团险,安徽,芜湖,芜湖县支公司,养老险公司,总部,养老险公司,安徽,,,网上交易,国寿养老险,2019-01-30,寿险团险,安徽,芜湖,芜湖县支公司
CL1002645587,李晴,身份证,340323********0063,CL9188,福寿嘉年120期,"20,000.00","20,000.00","20,000.39",469431,养老险公司,安徽,34032379000017,,寿险团险,安徽,蚌埠,固镇县支公司,,,养老险公司,安徽,,,微信,国寿养老险,2019-01-30,寿险团险,安徽,蚌埠,固镇县支公司
CL1160967940,孙远,身份证,340121********0048,CL9188,福寿嘉年120期,"50,000.00","50,000.00","50,000.00",469431,养老险公司,安徽,34010579000009,,寿险团险,安徽,合肥,团险支公司,养老险公司,总部,养老险公司,安徽,,,网上交易,国寿养老险,2019-01-30,寿险团险,安徽,合肥,团险支公司
CL1152203277,张华,身份证,342224********6820,CL9188,福寿嘉年120期,"300,000.00","300,000.00","300,005.83",469431,养老险公司,安徽,34222479002415,,寿险团险,安徽,宿州,灵璧县支公司,养老险公司,总部,养老险公司,安徽,,,网上交易,国寿养老险,2019-01-30,寿险团险,安徽,宿州,灵璧县支公司
CL1000972127,李芳梅,身份证,340121********9124,CL9188,福寿嘉年120期,"25,000.00","25,000.00","25,000.00",469431,养老险公司,安徽,34012179000038,,寿险团险,安徽,合肥,长丰支公司,养老险公司,总部,养老险公司,安徽,,,网上交易,国寿养老险,2019-01-30,寿险团险,安徽,合肥,长丰支公司
CL1165952992,夏成荣,身份证,342422********0563,CL9188,福寿嘉年120期,"10,000.00","10,000.00","10,000.19",469431,养老险公司,安徽,34010579000199,,寿险团险,安徽,合肥,团险支公司,,,养老险公司,安徽,,,微信,国寿养老险,2019-01-30,寿险团险,安徽,合肥,团险支公司
CL1000695830,王芝,身份证,340604********0420,CL9188,福寿嘉年120期,"30,000.00","30,000.00","30,000.58",469431,养老险公司,安徽,34032279000021,,寿险团险,安徽,蚌埠,五河县支公司,养老险公司,总部,养老险公司,安徽,,,网上交易,国寿养老险,2019-01-30,寿险团险,安徽,蚌埠,五河县支公司
CL1166248717,李慧英,身份证,340103********2040,CL9188,福寿嘉年120期,"60,000.00","60,000.00","60,000.58",469431,养老险公司,安徽,34010579000008,,寿险团险,安徽,合肥,团险支公司,养老险公司,总部,养老险公司,安徽,,,网上交易,国寿养老险,2019-01-30,寿险团险,安徽,合肥,团险支公司
CL1073555667,戚梅生,身份证,340121********1302,CL9188,福寿嘉年120期,"20,000.00","20,000.00","20,000.00", ,,,34012179000035,,寿险团险,安徽,合肥,长丰支公司,养老险公司,总部,寿险团险,安徽,合肥,长丰支公司,网上交易,国寿养老险,2019-01-30,寿险团险,安徽,合肥,长丰支公司
CL1073555667,戚梅生,身份证,340121********1302,CL9188,福寿嘉年120期,"20,000.00","20,000.00","20,000.00", ,,,34012179000035,,寿险团险,安徽,合肥,长丰支公司,养老险公司,总部,寿险团险,安徽,合肥,长丰支公司,网上交易,国寿养老险,2019-01-30,寿险团险,安徽,合肥,长丰支公司
CL1073555667,戚梅生,身份证,340121********1302,CL9188,福寿嘉年120期,"20,000.00","20,000.00","20,000.00", ,,,34012179000035,,寿险团险,安徽,合肥,长丰支公司,养老险公司,总部,寿险团险,安徽,合肥,长丰支公司,网上交易,国寿养老险,2019-01-30,寿险团险,安徽,合肥,长丰支公司
CL1009365839,沙胜德,身份证,342425********4216,CL9188,福寿嘉年120期,"20,000.00","20,000.00","20,000.39",469431,养老险公司,安徽,34242579000045,,寿险团险,安徽,六安,舒城,养老险公司,总部,养老险公司,安徽,,,网上交易,国寿养老险,2019-01-30,寿险团险,安徽,六安,舒城
CL1009365839,沙胜德,身份证,342425********4216,CL9188,福寿嘉年120期,"20,000.00","20,000.00","20,000.39",469431,养老险公司,安徽,34242579000045,,寿险团险,安徽,六安,舒城,养老险公司,总部,养老险公司,安徽,,,网上交易,国寿养老险,2019-01-30,寿险团险,安徽,六安,舒城
CL1009365839,沙胜德,身份证,342425********4216,CL9188,福寿嘉年120期,"20,000.00","20,000.00","20,000.39",469431,养老险公司,安徽,34242579000045,,寿险团险,安徽,六安,舒城,养老险公司,总部,养老险公司,安徽,,,网上交易,国寿养老险,2019-01-30,寿险团险,安徽,六安,舒城
CL1009365839,沙胜德,身份证,342425********4216,CL9188,福寿嘉年120期,"20,000.00","20,000.00","20,000.39",469431,养老险公司,安徽,34242579000045,,寿险团险,安徽,六安,舒城,养老险公司,总部,养老险公司,安徽,,,网上交易,国寿养老险,2019-01-30,寿险团险,安徽,六安,舒城
CL1009365839,沙胜德,身份证,342425********4216,CL9188,福寿嘉年120期,"20,000.00","20,000.00","20,000.39",469431,养老险公司,安徽,34242579000045,,寿险团险,安徽,六安,舒城,养老险公司,总部,养老险公司,安徽,,,网上交易,国寿养老险,2019-01-30,寿险团险,安徽,六安,舒城
CL1009365839,沙胜德,身份证,342425********4216,CL9188,福寿嘉年120期,"20,000.00","20,000.00","20,000.39",469431,养老险公司,安徽,34242579000045,,寿险团险,安徽,六安,舒城,养老险公司,总部,养老险公司,安徽,,,网上交易,国寿养老险,2019-01-30,寿险团险,安徽,六安,舒城
CL1009365839,沙胜德,身份证,342425********4216,CL9188,福寿嘉年120期,"20,000.00","20,000.00","20,000.39",469431,养老险公司,安徽,34242579000045,,寿险团险,安徽,六安,舒城,养老险公司,总部,养老险公司,安徽,,,网上交易,国寿养老险,2019-01-30,寿险团险,安徽,六安,舒城
CL1009365839,沙胜德,身份证,342425********4216,CL9188,福寿嘉年120期,"20,000.00","20,000.00","20,000.39",469431,养老险公司,安徽,34242579000045,,寿险团险,安徽,六安,舒城,养老险公司,总部,养老险公司,安徽,,,网上交易,国寿养老险,2019-01-30,寿险团险,安徽,六安,舒城
CL1009365839,沙胜德,身份证,342425********4216,CL9188,福寿嘉年120期,"20,000.00","20,000.00","20,000.39",469431,养老险公司,安徽,34242579000045,,寿险团险,安徽,六安,舒城,养老险公司,总部,养老险公司,安徽,,,网上交易,国寿养老险,2019-01-30,寿险团险,安徽,六安,舒城
CL1009365839,沙胜德,身份证,342425********4216,CL9188,福寿嘉年120期,"20,000.00","20,000.00","20,000.39",469431,养老险公司,安徽,34242579000045,,寿险团险,安徽,六安,舒城,养老险公司,总部,养老险公司,安徽,,,网上交易,国寿养老险,2019-01-30,寿险团险,安徽,六安,舒城
CL1009365839,沙胜德,身份证,342425********4216,CL9188,福寿嘉年120期,"20,000.00","20,000.00","20,000.39",469431,养老险公司,安徽,34242579000045,,寿险团险,安徽,六安,舒城,养老险公司,总部,养老险公司,安徽,,,网上交易,国寿养老险,2019-01-30,寿险团险,安徽,六安,舒城
CL1009365839,沙胜德,身份证,342425********4216,CL9188,福寿嘉年120期,"20,000.00","20,000.00","20,000.39",469431,养老险公司,安徽,34242579000045,,寿险团险,安徽,六安,舒城,养老险公司,总部,养老险公司,安徽,,,网上交易,国寿养老险,2019-01-30,寿险团险,安徽,六安,舒城
CL1009365839,沙胜德,身份证,342425********4216,CL9188,福寿嘉年120期,"20,000.00","20,000.00","20,000.39",469431,养老险公司,安徽,34242579000045,,寿险团险,安徽,六安,舒城,养老险公司,总部,养老险公司,安徽,,,网上交易,国寿养老险,2019-01-30,寿险团险,安徽,六安,舒城
CL1009365839,沙胜德,身份证,342425********4216,CL9188,福寿嘉年120期,"20,000.00","20,000.00","20,000.39",469431,养老险公司,安徽,34242579000045,,寿险团险,安徽,六安,舒城,养老险公司,总部,养老险公司,安徽,,,网上交易,国寿养老险,2019-01-30,寿险团险,安徽,六安,舒城
CL1082475376,何金萍,身份证,340111********6522,CL9188,福寿嘉年120期,"10,000.00","10,000.00","10,000.10",469431,养老险公司,安徽,34011379000136,,寿险团险,安徽,合肥,团险拓展部,养老险公司,总部,养老险公司,安徽,,,网上交易,国寿养老险,2019-01-30,寿险团险,安徽,合肥,团险拓展部
CL1082475376,何金萍,身份证,340111********6522,CL9188,福寿嘉年120期,"20,000.00","20,000.00","20,000.39",469431,养老险公司,安徽,34011379000109,,寿险团险,安徽,合肥,团险拓展部,,,养老险公司,安徽,,,微信,国寿养老险,2019-01-30,寿险团险,安徽,合肥,团险拓展部
CL1082475376,何金萍,身份证,340111********6522,CL9188,福寿嘉年120期,"20,000.00","20,000.00","20,000.19",469431,养老险公司,安徽,34011379000136,,寿险团险,安徽,合肥,团险拓展部,养老险公司,总部,养老险公司,安徽,,,网上交易,国寿养老险,2019-01-30,寿险团险,安徽,合肥,团险拓展部
CL1007627445,章英,身份证,342622********6869,CL9188,福寿嘉年120期,"50,000.00","50,000.00","50,000.49",469431,养老险公司,安徽,34012779000074,,寿险团险,安徽,合肥,庐江支公司,,,养老险公司,安徽,,,微信,国寿养老险,2019-01-30,寿险团险,安徽,合肥,庐江支公司
CL1009304009,冯明嫣,身份证,340104********3529,CL9188,福寿嘉年120期,"120,000.00","120,000.00","120,002.33",469431,养老险公司,安徽,34010579000031,,寿险团险,安徽,合肥,团险支公司,养老险公司,总部,养老险公司,安徽,,,网上交易,国寿养老险,2019-01-30,寿险团险,安徽,合肥,团险支公司
CL1032636649,完建群,身份证,340123********0585,CL9188,福寿嘉年120期,"30,000.00","30,000.00","30,000.29",469431,养老险公司,安徽,34012279000058,,寿险团险,安徽,合肥,肥东支公司,养老险公司,总部,养老险公司,安徽,,,网上交易,国寿养老险,2019-01-30,寿险团险,安徽,合肥,肥东支公司
CL1032636649,完建群,身份证,340123********0585,CL9188,福寿嘉年120期,"50,000.00","50,000.00","50,000.49",469431,养老险公司,安徽,34012279000058,,寿险团险,安徽,合肥,肥东支公司,养老险公司,总部,养老险公司,安徽,,,网上交易,国寿养老险,2019-01-30,寿险团险,安徽,合肥,肥东支公司
CL1032636649,完建群,身份证,340123********0585,CL9188,福寿嘉年120期,"30,000.00","30,000.00","30,000.58",469431,养老险公司,安徽,34012279000058,,寿险团险,安徽,合肥,肥东支公司,养老险公司,总部,养老险公司,安徽,,,网上交易,国寿养老险,2019-01-30,寿险团险,安徽,合肥,肥东支公司
CL1020737593,郑红鸣,身份证,340121********9124,CL9188,福寿嘉年120期,"50,000.00","50,000.00","50,000.97",469431,养老险公司,安徽,34012179000038,,寿险团险,安徽,合肥,长丰支公司,养老险公司,总部,养老险公司,安徽,,,网上交易,国寿养老险,2019-01-30,寿险团险,安徽,合肥,长丰支公司
CL1020737593,郑红鸣,身份证,340121********9124,CL9188,福寿嘉年120期,"50,000.00","50,000.00","50,000.97",469431,养老险公司,安徽,34012179000038,,寿险团险,安徽,合肥,长丰支公司,养老险公司,总部,养老险公司,安徽,,,网上交易,国寿养老险,2019-01-30,寿险团险,安徽,合肥,长丰支公司
CL1000685610,程珊,身份证,340403********1824,CL9188,福寿嘉年120期,"100,000.00","100,000.00","100,001.94",469431,养老险公司,安徽,34041079000001,,寿险团险,安徽,淮南,潘集支公司,养老险公司,总部,养老险公司,安徽,,,网上交易,国寿养老险,2019-01-30,寿险团险,安徽,淮南,潘集支公司
CL1000685610,程珊,身份证,340403********1824,CL9188,福寿嘉年120期,"10,000.00","10,000.00","10,000.19",469431,养老险公司,安徽,34041079000001,,寿险团险,安徽,淮南,潘集支公司,养老险公司,总部,养老险公司,安徽,,,网上交易,国寿养老险,2019-01-30,寿险团险,安徽,淮南,潘集支公司
CL1000143059,鲍德红,身份证,340403********0629,CL9188,福寿嘉年120期,"10,000.00","10,000.00","10,000.00", ,,,340403197010070629, ,财险公司,安徽,,,,,财险公司,安徽,,,微信,国寿养老险,2019-01-30,财险公司,安徽,,
CL1011336853,洪建勋,身份证,342700********0019,CL9188,福寿嘉年120期,"50,000.00","50,000.00","50,000.97",469431,养老险公司,安徽,34100479000003,,寿险团险,安徽,黄山,徽州区支公司,,,养老险公司,安徽,,,微信,国寿养老险,2019-01-30,寿险团险,安徽,黄山,徽州区支公司
CL1165951304,周振宇,身份证,342623********7127,CL9188,福寿嘉年120期,"50,000.00","50,000.00","50,000.97",469431,养老险公司,安徽,34021379000028,,寿险团险,安徽,芜湖,无为县支公司,养老险公司,总部,养老险公司,安徽,,,网上交易,国寿养老险,2019-01-30,寿险团险,安徽,芜湖,无为县支公司
CL1065085730,王海凤,身份证,342401********0840,CL9188,福寿嘉年120期,"40,000.00","40,000.00","40,000.78",469431,养老险公司,安徽,34240179000022,,寿险团险,安徽,六安,团拓,,,养老险公司,安徽,,,微信,国寿养老险,2019-01-30,寿险团险,安徽,六安,团拓
CL1165686613,孙圣龙,身份证,340121********0091,CL9188,福寿嘉年120期,"170,000.00","170,000.00","170,003.31",469431,养老险公司,安徽,34010579000009,,寿险团险,安徽,合肥,团险支公司,养老险公司,总部,养老险公司,安徽,,,网上交易,国寿养老险,2019-01-30,寿险团险,安徽,合肥,团险支公司
CL1142723817,庞琍玲,身份证,342622********4785,CL9188,福寿嘉年120期,"10,000.00","10,000.00","10,000.00", ,,,34012779000083,,寿险团险,安徽,合肥,庐江支公司,,,寿险团险,安徽,合肥,庐江支公司,微信,国寿养老险,2019-01-30,寿险团险,安徽,合肥,庐江支公司
CL1142723817,庞琍玲,身份证,342622********4785,CL9188,福寿嘉年120期,"50,000.00","50,000.00","50,000.97",469431,养老险公司,安徽,34012779000083,,寿险团险,安徽,合肥,庐江支公司,,,养老险公司,安徽,,,微信,国寿养老险,2019-01-30,寿险团险,安徽,合肥,庐江支公司
CL1000112589,肖悦,身份证,340111********1021,CL9188,福寿嘉年120期,"10,000.00","10,000.00","10,000.19",469431,养老险公司,安徽,YL34000023,汪莉,养老险公司,安徽,,,,,养老险公司,安徽,,,微信,国寿养老险,2019-01-30,养老险公司,安徽,,
CL1000905106,马逊香,身份证,342321********3240,CL9188,福寿嘉年120期,"20,000.00","20,000.00","20,000.00",469431,养老险公司,安徽,34118179000067,,寿险团险,安徽,滁州,天长,养老险公司,总部,养老险公司,安徽,,,网上交易,国寿养老险,2019-01-30,寿险团险,安徽,滁州,天长
CL1000905106,马逊香,身份证,342321********3240,CL9188,福寿嘉年120期,"20,000.00","20,000.00","20,000.00",469431,养老险公司,安徽,34118179000067,,寿险团险,安徽,滁州,天长,养老险公司,总部,养老险公司,安徽,,,网上交易,国寿养老险,2019-01-30,寿险团险,安徽,滁州,天长
CL1000905106,马逊香,身份证,342321********3240,CL9188,福寿嘉年120期,"20,000.00","20,000.00","20,000.00",469431,养老险公司,安徽,34118179000067,,寿险团险,安徽,滁州,天长,养老险公司,总部,养老险公司,安徽,,,网上交易,国寿养老险,2019-01-30,寿险团险,安徽,滁州,天长
CL1000905106,马逊香,身份证,342321********3240,CL9188,福寿嘉年120期,"10,000.00","10,000.00","10,000.00",469431,养老险公司,安徽,34118179000067,,寿险团险,安徽,滁州,天长,养老险公司,总部,养老险公司,安徽,,,网上交易,国寿养老险,2019-01-30,寿险团险,安徽,滁州,天长
CL1000905106,马逊香,身份证,342321********3240,CL9188,福寿嘉年120期,"20,000.00","20,000.00","20,000.00",469431,养老险公司,安徽,34118179000067,,寿险团险,安徽,滁州,天长,养老险公司,总部,养老险公司,安徽,,,网上交易,国寿养老险,2019-01-30,寿险团险,安徽,滁州,天长
CL1000905106,马逊香,身份证,342321********3240,CL9188,福寿嘉年120期,"20,000.00","20,000.00","20,000.00",469431,养老险公司,安徽,34118179000067,,寿险团险,安徽,滁州,天长,养老险公司,总部,养老险公司,安徽,,,网上交易,国寿养老险,2019-01-30,寿险团险,安徽,滁州,天长
CL1000905106,马逊香,身份证,342321********3240,CL9188,福寿嘉年120期,"20,000.00","20,000.00","20,000.00",469431,养老险公司,安徽,34118179000067,,寿险团险,安徽,滁州,天长,养老险公司,总部,养老险公司,安徽,,,网上交易,国寿养老险,2019-01-30,寿险团险,安徽,滁州,天长
CL1000905106,马逊香,身份证,342321********3240,CL9188,福寿嘉年120期,"20,000.00","20,000.00","20,000.00",469431,养老险公司,安徽,34118179000067,,寿险团险,安徽,滁州,天长,养老险公司,总部,养老险公司,安徽,,,网上交易,国寿养老险,2019-01-30,寿险团险,安徽,滁州,天长
CL1000905106,马逊香,身份证,342321********3240,CL9188,福寿嘉年120期,"20,000.00","20,000.00","20,000.00",469431,养老险公司,安徽,34118179000067,,寿险团险,安徽,滁州,天长,养老险公司,总部,养老险公司,安徽,,,网上交易,国寿养老险,2019-01-30,寿险团险,安徽,滁州,天长
CL1000905106,马逊香,身份证,342321********3240,CL9188,福寿嘉年120期,"20,000.00","20,000.00","20,000.00",469431,养老险公司,安徽,34118179000067,,寿险团险,安徽,滁州,天长,养老险公司,总部,养老险公司,安徽,,,网上交易,国寿养老险,2019-01-30,寿险团险,安徽,滁州,天长
CL1000278188,周俊,身份证,342426********4723,CL9188,福寿嘉年120期,"50,000.00","50,000.00","50,000.97",469431,养老险公司,安徽,34242679000001,,寿险团险,安徽,六安,金寨,,,养老险公司,安徽,,,微信,国寿养老险,2019-01-30,寿险团险,安徽,六安,金寨
CL1165684359,王继英,身份证,340103********2521,CL9188,福寿嘉年120期,"20,000.00","20,000.00","20,000.39",469431,养老险公司,安徽,34010579000211,,寿险团险,安徽,合肥,团险支公司,,,养老险公司,安徽,,,微信,国寿养老险,2019-01-30,寿险团险,安徽,合肥,团险支公司
CL1165950438,黄学英,身份证,340404********0624,CL9188,福寿嘉年120期,"20,000.00","20,000.00","20,000.39",469431,养老险公司,安徽,34040479000011,,寿险团险,安徽,淮南,谢家集支公司,,,养老险公司,安徽,,,微信,国寿养老险,2019-01-30,寿险团险,安徽,淮南,谢家集支公司
CL1069611834,黄静琦,身份证,341004********002X,CL9188,福寿嘉年120期,"10,000.00","10,000.00","10,000.19",469431,养老险公司,安徽,34100479000003,,寿险团险,安徽,黄山,徽州区支公司,,,养老险公司,安徽,,,微信,国寿养老险,2019-01-30,寿险团险,安徽,黄山,徽州区支公司
CL1067411783,陈诚,身份证,340304********0623,CL9188,福寿嘉年120期,"10,000.00","10,000.00","10,000.10",469431,养老险公司,安徽,34031079000024,,寿险团险,安徽,蚌埠,团拓,,,养老险公司,安徽,,,微信,国寿养老险,2019-01-30,寿险团险,安徽,蚌埠,团拓
CL1067411783,陈诚,身份证,340304********0623,CL9188,福寿嘉年120期,"50,000.00","50,000.00","50,000.49",469431,养老险公司,安徽,34031079000024,,寿险团险,安徽,蚌埠,团拓,,,养老险公司,安徽,,,微信,国寿养老险,2019-01-30,寿险团险,安徽,蚌埠,团拓
CL1067411783,陈诚,身份证,340304********0623,CL9188,福寿嘉年120期,"10,000.00","10,000.00","10,000.00", ,,,34031079000024,,寿险团险,安徽,蚌埠,团拓,,,寿险团险,安徽,蚌埠,团拓,微信,国寿养老险,2019-01-30,寿险团险,安徽,蚌埠,团拓
CL1067411783,陈诚,身份证,340304********0623,CL9188,福寿嘉年120期,"50,000.00","50,000.00","50,000.97",469431,养老险公司,安徽,34031079000024,,寿险团险,安徽,蚌埠,团拓,,,养老险公司,安徽,,,微信,国寿养老险,2019-01-30,寿险团险,安徽,蚌埠,团拓
CL1015810485,李兰,身份证,341227********8021,CL9188,福寿嘉年120期,"20,000.00","20,000.00","20,000.19",469431,养老险公司,安徽,34213079001089,,寿险团险,安徽,亳州,利辛县公司,养老险公司,总部,养老险公司,安徽,,,网上交易,国寿养老险,2019-01-30,寿险团险,安徽,亳州,利辛县公司
CL1015810485,李兰,身份证,341227********8021,CL9188,福寿嘉年120期,"20,000.00","20,000.00","20,000.19",469431,养老险公司,安徽,34213079001089,,寿险团险,安徽,亳州,利辛县公司,养老险公司,总部,养老险公司,安徽,,,网上交易,国寿养老险,2019-01-30,寿险团险,安徽,亳州,利辛县公司
CL1015810485,李兰,身份证,341227********8021,CL9188,福寿嘉年120期,"10,000.00","10,000.00","10,000.10",469431,养老险公司,安徽,34213079001089,,寿险团险,安徽,亳州,利辛县公司,养老险公司,总部,养老险公司,安徽,,,网上交易,国寿养老险,2019-01-30,寿险团险,安徽,亳州,利辛县公司
CL1015810485,李兰,身份证,341227********8021,CL9188,福寿嘉年120期,"20,000.00","20,000.00","20,000.19",469431,养老险公司,安徽,34213079001089,,寿险团险,安徽,亳州,利辛县公司,养老险公司,总部,养老险公司,安徽,,,网上交易,国寿养老险,2019-01-30,寿险团险,安徽,亳州,利辛县公司
CL1015810485,李兰,身份证,341227********8021,CL9188,福寿嘉年120期,"20,000.00","20,000.00","20,000.19",469431,养老险公司,安徽,34213079001089,,寿险团险,安徽,亳州,利辛县公司,养老险公司,总部,养老险公司,安徽,,,网上交易,国寿养老险,2019-01-30,寿险团险,安徽,亳州,利辛县公司
CL1015810485,李兰,身份证,341227********8021,CL9188,福寿嘉年120期,"20,000.00","20,000.00","20,000.19",469431,养老险公司,安徽,34213079001089,,寿险团险,安徽,亳州,利辛县公司,养老险公司,总部,养老险公司,安徽,,,网上交易,国寿养老险,2019-01-30,寿险团险,安徽,亳州,利辛县公司
CL1015810485,李兰,身份证,341227********8021,CL9188,福寿嘉年120期,"20,000.00","20,000.00","20,000.19",469431,养老险公司,安徽,34213079001089,,寿险团险,安徽,亳州,利辛县公司,养老险公司,总部,养老险公司,安徽,,,网上交易,国寿养老险,2019-01-30,寿险团险,安徽,亳州,利辛县公司
CL1015810485,李兰,身份证,341227********8021,CL9188,福寿嘉年120期,"20,000.00","20,000.00","20,000.19",469431,养老险公司,安徽,34213079001089,,寿险团险,安徽,亳州,利辛县公司,养老险公司,总部,养老险公司,安徽,,,网上交易,国寿养老险,2019-01-30,寿险团险,安徽,亳州,利辛县公司
CL1015810485,李兰,身份证,341227********8021,CL9188,福寿嘉年120期,"20,000.00","20,000.00","20,000.19",469431,养老险公司,安徽,34213079001089,,寿险团险,安徽,亳州,利辛县公司,养老险公司,总部,养老险公司,安徽,,,网上交易,国寿养老险,2019-01-30,寿险团险,安徽,亳州,利辛县公司
CL1000328096,黄金,身份证,342221********0071,CL9188,福寿嘉年120期,"90,000.00","90,000.00","90,001.75",469431,养老险公司,安徽,34220379001314,,寿险团险,安徽,宿州,团拓部,养老险公司,总部,养老险公司,安徽,,,网上交易,国寿养老险,2019-01-30,寿险团险,安徽,宿州,团拓部
CL1010357363,蔡涛,身份证,340111********6516,CL9188,福寿嘉年120期,"130,000.00","130,000.00","130,001.26",469431,养老险公司,安徽,34010579000147,,寿险团险,安徽,合肥,团险支公司,养老险公司,总部,养老险公司,安徽,,,网上交易,国寿养老险,2019-01-30,寿险团险,安徽,合肥,团险支公司
CL1127091449,刘青山,身份证,342523********7012,CL9188,福寿嘉年120期,"50,000.00","50,000.00","50,000.49",469431,养老险公司,安徽,34252379000001,,寿险团险,安徽,宣城,广德支公司,养老险公司,总部,养老险公司,安徽,,,网上交易,国寿养老险,2019-01-30,寿险团险,安徽,宣城,广德支公司
CL1127091449,刘青山,身份证,342523********7012,CL9188,福寿嘉年120期,"50,000.00","50,000.00","50,000.49",469431,养老险公司,安徽,34252379000001,,寿险团险,安徽,宣城,广德支公司,养老险公司,总部,养老险公司,安徽,,,网上交易,国寿养老险,2019-01-30,寿险团险,安徽,宣城,广德支公司
CL1020296653,石阡,身份证,340602********2226,CL9188,福寿嘉年120期,"10,000.00","10,000.00","10,000.10",469431,养老险公司,安徽,34060279000036,,寿险团险,安徽,淮北,团拓,养老险公司,总部,养老险公司,安徽,,,网上交易,国寿养老险,2019-01-30,寿险团险,安徽,淮北,团拓
CL1166804400,张烨,身份证,342225********5990,CL9188,福寿嘉年120期,"50,000.00","50,000.00","50,000.00", ,,,34222579000031,,寿险团险,安徽,宿州,泗县支公司,养老险公司,总部,寿险团险,安徽,宿州,泗县支公司,网上交易,国寿养老险,2019-01-30,寿险团险,安徽,宿州,泗县支公司
CL1014162177,杜小轩,身份证,340221********0125,CL9188,福寿嘉年120期,"30,000.00","30,000.00","30,000.58",469431,养老险公司,安徽,34020379000023,,寿险团险,安徽,芜湖,芜湖县支公司,养老险公司,总部,养老险公司,安徽,,,网上交易,国寿养老险,2019-01-30,寿险团险,安徽,芜湖,芜湖县支公司
CL1068064199,王洪涛,身份证,340403********163X,CL9188,福寿嘉年120期,"60,000.00","60,000.00","60,001.17",469431,养老险公司,安徽,34041079000001,,寿险团险,安徽,淮南,潘集支公司,养老险公司,总部,养老险公司,安徽,,,网上交易,国寿养老险,2019-01-30,寿险团险,安徽,淮南,潘集支公司
CL1068064199,王洪涛,身份证,340403********163X,CL9188,福寿嘉年120期,"100,000.00","100,000.00","100,001.94",469431,养老险公司,安徽,34041079000001,,寿险团险,安徽,淮南,潘集支公司,养老险公司,总部,养老险公司,安徽,,,网上交易,国寿养老险,2019-01-30,寿险团险,安徽,淮南,潘集支公司
CL1080655372,赵传秀,身份证,342301********0846,CL9188,福寿嘉年120期,"50,000.00","50,000.00","50,000.97",469431,养老险公司,安徽,34110179000052,,寿险团险,安徽,滁州,团拓,养老险公司,总部,养老险公司,安徽,,,网上交易,国寿养老险,2019-01-30,寿险团险,安徽,滁州,团拓
CL1165954223,尹亮,身份证,342422********6351,CL9188,福寿嘉年120期,"10,000.00","10,000.00","10,000.19",469431,养老险公司,安徽,34010579000199,,寿险团险,安徽,合肥,团险支公司,,,养老险公司,安徽,,,微信,国寿养老险,2019-01-30,寿险团险,安徽,合肥,团险支公司
CL1166254308,徐广平,身份证,340323********003X,CL9188,福寿嘉年120期,"50,000.00","50,000.00","50,000.49",469431,养老险公司,安徽,34032379000017,,寿险团险,安徽,蚌埠,固镇县支公司,,,养老险公司,安徽,,,微信,国寿养老险,2019-01-30,寿险团险,安徽,蚌埠,固镇县支公司
CL1166254308,徐广平,身份证,340323********003X,CL9188,福寿嘉年120期,"10,000.00","10,000.00","10,000.00",469431,养老险公司,安徽,34032379000027,,寿险团险,安徽,蚌埠,固镇县支公司,养老险公司,总部,养老险公司,安徽,,,网上交易,国寿养老险,2019-01-30,寿险团险,安徽,蚌埠,固镇县支公司
CL1049055841,陈玉霞,身份证,342601********3565,CL9188,福寿嘉年120期,"130,000.00","130,000.00","130,002.53",469431,养老险公司,安徽,34012679000032,,寿险团险,安徽,合肥,巢湖支公司,养老险公司,总部,养老险公司,安徽,,,网上交易,国寿养老险,2019-01-30,寿险团险,安徽,合肥,巢湖支公司
CL1000833894,伍巧玉,身份证,342623********0362,CL9188,福寿嘉年120期,"100,000.00","100,000.00","100,001.94",469431,养老险公司,安徽,34020179000127,,寿险团险,安徽,芜湖,团拓,养老险公司,总部,养老险公司,安徽,,,网上交易,国寿养老险,2019-01-30,寿险团险,安徽,芜湖,团拓
CL1000833894,伍巧玉,身份证,342623********0362,CL9188,福寿嘉年120期,"10,000.00","10,000.00","10,000.19",469431,养老险公司,安徽,34020179000127,,寿险团险,安徽,芜湖,团拓,养老险公司,总部,养老险公司,安徽,,,网上交易,国寿养老险,2019-01-30,寿险团险,安徽,芜湖,团拓
CL1000833894,伍巧玉,身份证,342623********0362,CL9188,福寿嘉年120期,"100,000.00","100,000.00","100,001.94",469431,养老险公司,安徽,34020179000127,,寿险团险,安徽,芜湖,团拓,养老险公司,总部,养老险公司,安徽,,,网上交易,国寿养老险,2019-01-30,寿险团险,安徽,芜湖,团拓
CL1001798096,潘殿武,身份证,340403********1252,CL9188,福寿嘉年120期,"10,000.00","10,000.00","10,000.00", ,,,34041079000001,,寿险团险,安徽,淮南,潘集支公司,养老险公司,总部,寿险团险,安徽,淮南,潘集支公司,网上交易,国寿养老险,2019-01-30,寿险团险,安徽,淮南,潘集支公司
CL1001798096,潘殿武,身份证,340403********1252,CL9188,福寿嘉年120期,"170,000.00","170,000.00","170,000.00", ,,,34041079000001,,寿险团险,安徽,淮南,潘集支公司,养老险公司,总部,寿险团险,安徽,淮南,潘集支公司,网上交易,国寿养老险,2019-01-30,寿险团险,安徽,淮南,潘集支公司
CL1003243654,房郑,身份证,340403********1846,CL9188,福寿嘉年120期,"50,000.00","50,000.00","50,000.00",469431,养老险公司,安徽,34041179000019,,寿险团险,安徽,淮南,团拓部,养老险公司,总部,养老险公司,安徽,,,网上交易,国寿养老险,2019-01-30,寿险团险,安徽,淮南,团拓部
CL1000897576,杨道凤,身份证,340103********254X,CL9188,福寿嘉年120期,"50,000.00","50,000.00","50,000.97",469431,养老险公司,安徽,34010579000002,,寿险团险,安徽,合肥,团险支公司,养老险公司,总部,养老险公司,安徽,,,网上交易,国寿养老险,2019-01-30,寿险团险,安徽,合肥,团险支公司
CL1009356018,朱娟,身份证,340603********1085,CL9188,福寿嘉年120期,"60,000.00","60,000.00","60,001.17",469431,养老险公司,安徽,34060279000027,,寿险团险,安徽,淮北,团拓,养老险公司,总部,养老险公司,安徽,,,网上交易,国寿养老险,2019-01-30,寿险团险,安徽,淮北,团拓
CL1041501753,汪玲,身份证,341621********0022,CL9188,福寿嘉年120期,"50,000.00","50,000.00","50,000.00", ,,,34212479004014,,寿险团险,安徽,亳州,涡阳县公司,养老险公司,总部,寿险团险,安徽,亳州,涡阳县公司,网上交易,国寿养老险,2019-01-30,寿险团险,安徽,亳州,涡阳县公司
CL1041501753,汪玲,身份证,341621********0022,CL9188,福寿嘉年120期,"10,000.00","10,000.00","10,000.00", ,,,34212479004014,,寿险团险,安徽,亳州,涡阳县公司,养老险公司,总部,寿险团险,安徽,亳州,涡阳县公司,网上交易,国寿养老险,2019-01-30,寿险团险,安徽,亳州,涡阳县公司
CL1067422324,凌玉梅,身份证,342700********002X,CL9188,福寿嘉年120期,"20,000.00","20,000.00","20,000.19",469431,养老险公司,安徽,34100479000003,,寿险团险,安徽,黄山,徽州区支公司,,,养老险公司,安徽,,,微信,国寿养老险,2019-01-30,寿险团险,安徽,黄山,徽州区支公司
CL1067422324,凌玉梅,身份证,342700********002X,CL9188,福寿嘉年120期,"10,000.00","10,000.00","10,000.10",469431,养老险公司,安徽,34100479000003,,寿险团险,安徽,黄山,徽州区支公司,,,养老险公司,安徽,,,微信,国寿养老险,2019-01-30,寿险团险,安徽,黄山,徽州区支公司
CL1150909078,李燕,身份证,342622********7729,CL9188,福寿嘉年120期,"20,000.00","20,000.00","20,000.39",469431,养老险公司,安徽,34012779000074,,寿险团险,安徽,合肥,庐江支公司,,,养老险公司,安徽,,,微信,国寿养老险,2019-01-30,寿险团险,安徽,合肥,庐江支公司
CL1150909078,李燕,身份证,342622********7729,CL9188,福寿嘉年120期,"20,000.00","20,000.00","20,000.39",469431,养老险公司,安徽,34012779000074,,寿险团险,安徽,合肥,庐江支公司,,,养老险公司,安徽,,,微信,国寿养老险,2019-01-30,寿险团险,安徽,合肥,庐江支公司
CL1150909078,李燕,身份证,342622********7729,CL9188,福寿嘉年120期,"20,000.00","20,000.00","20,000.39",469431,养老险公司,安徽,34012779000074,,寿险团险,安徽,合肥,庐江支公司,,,养老险公司,安徽,,,微信,国寿养老险,2019-01-30,寿险团险,安徽,合肥,庐江支公司
CL1150909078,李燕,身份证,342622********7729,CL9188,福寿嘉年120期,"20,000.00","20,000.00","20,000.39",469431,养老险公司,安徽,34012779000074,,寿险团险,安徽,合肥,庐江支公司,,,养老险公司,安徽,,,微信,国寿养老险,2019-01-30,寿险团险,安徽,合肥,庐江支公司
CL1150909078,李燕,身份证,342622********7729,CL9188,福寿嘉年120期,"20,000.00","20,000.00","20,000.39",469431,养老险公司,安徽,34012779000074,,寿险团险,安徽,合肥,庐江支公司,,,养老险公司,安徽,,,微信,国寿养老险,2019-01-30,寿险团险,安徽,合肥,庐江支公司
CL1150909078,李燕,身份证,342622********7729,CL9188,福寿嘉年120期,"20,000.00","20,000.00","20,000.39",469431,养老险公司,安徽,34012779000074,,寿险团险,安徽,合肥,庐江支公司,,,养老险公司,安徽,,,微信,国寿养老险,2019-01-30,寿险团险,安徽,合肥,庐江支公司
CL1150909078,李燕,身份证,342622********7729,CL9188,福寿嘉年120期,"20,000.00","20,000.00","20,000.39",469431,养老险公司,安徽,34012779000074,,寿险团险,安徽,合肥,庐江支公司,,,养老险公司,安徽,,,微信,国寿养老险,2019-01-30,寿险团险,安徽,合肥,庐江支公司
CL1150909078,李燕,身份证,342622********7729,CL9188,福寿嘉年120期,"20,000.00","20,000.00","20,000.39",469431,养老险公司,安徽,34012779000074,,寿险团险,安徽,合肥,庐江支公司,,,养老险公司,安徽,,,微信,国寿养老险,2019-01-30,寿险团险,安徽,合肥,庐江支公司
CL1150909078,李燕,身份证,342622********7729,CL9188,福寿嘉年120期,"20,000.00","20,000.00","20,000.39",469431,养老险公司,安徽, ,,,,,,,,养老险公司,安徽,,,微信,国寿养老险,2019-01-30,养老险公司,安徽,,
CL1150909078,李燕,身份证,342622********7729,CL9188,福寿嘉年120期,"20,000.00","20,000.00","20,000.39",469431,养老险公司,安徽,34012779000074,,寿险团险,安徽,合肥,庐江支公司,,,养老险公司,安徽,,,微信,国寿养老险,2019-01-30,寿险团险,安徽,合肥,庐江支公司
CL1150909078,李燕,身份证,342622********7729,CL9188,福寿嘉年120期,"10,000.00","10,000.00","10,000.19",469431,养老险公司,安徽,34012779000074,,寿险团险,安徽,合肥,庐江支公司,,,养老险公司,安徽,,,微信,国寿养老险,2019-01-30,寿险团险,安徽,合肥,庐江支公司
CL1150909078,李燕,身份证,342622********7729,CL9188,福寿嘉年120期,"20,000.00","20,000.00","20,000.39",469431,养老险公司,安徽,34012779000074,,寿险团险,安徽,合肥,庐江支公司,,,养老险公司,安徽,,,微信,国寿养老险,2019-01-30,寿险团险,安徽,合肥,庐江支公司
CL1009429718,陈晓烨,身份证,340103********2521,CL9188,福寿嘉年120期,"30,000.00","30,000.00","30,000.00", ,,,34112779000019,,寿险团险,安徽,滁州,明光,养老险公司,总部,寿险团险,安徽,滁州,明光,网上交易,国寿养老险,2019-01-30,寿险团险,安徽,滁州,明光
CL1000158196,鄢云翠,身份证,340202********1029,CL9188,福寿嘉年120期,"20,000.00","20,000.00","20,000.39",469431,养老险公司,安徽,34020179000036,,寿险团险,安徽,芜湖,团拓,养老险公司,总部,养老险公司,安徽,,,网上交易,国寿养老险,2019-01-30,寿险团险,安徽,芜湖,团拓
CL1008571873,杨玲,身份证,342425********022X,CL9188,福寿嘉年120期,"20,000.00","20,000.00","20,000.39",469431,养老险公司,安徽,34242579000045,,寿险团险,安徽,六安,舒城,,,养老险公司,安徽,,,微信,国寿养老险,2019-01-30,寿险团险,安徽,六安,舒城
CL1008571873,杨玲,身份证,342425********022X,CL9188,福寿嘉年120期,"20,000.00","20,000.00","20,000.39",469431,养老险公司,安徽,34242579000045,,寿险团险,安徽,六安,舒城,,,养老险公司,安徽,,,微信,国寿养老险,2019-01-30,寿险团险,安徽,六安,舒城
CL1012746711,李胜琴,身份证,342623********9025,CL9188,福寿嘉年120期,"50,000.00","50,000.00","50,000.97",469431,养老险公司,安徽,34021379000028,,寿险团险,安徽,芜湖,无为县支公司,养老险公司,总部,养老险公司,安徽,,,网上交易,国寿养老险,2019-01-30,寿险团险,安徽,芜湖,无为县支公司
CL1012746711,李胜琴,身份证,342623********9025,CL9188,福寿嘉年120期,"20,000.00","20,000.00","20,000.39",469431,养老险公司,安徽,34021379000028,,寿险团险,安徽,芜湖,无为县支公司,养老险公司,总部,养老险公司,安徽,,,网上交易,国寿养老险,2019-01-30,寿险团险,安徽,芜湖,无为县支公司
CL1049055341,张晓国,身份证,342601********0225,CL9188,福寿嘉年120期,"40,000.00","40,000.00","40,000.78",469431,养老险公司,安徽,34012679000032,,寿险团险,安徽,合肥,巢湖支公司,养老险公司,总部,养老险公司,安徽,,,网上交易,国寿养老险,2019-01-30,寿险团险,安徽,合肥,巢湖支公司
CL1166256284,解晴,身份证,341227********6121,CL9188,福寿嘉年120期,"30,000.00","30,000.00","30,000.00", ,,,34213079001089,,寿险团险,安徽,亳州,利辛县公司,,,寿险团险,安徽,亳州,利辛县公司,微信,国寿养老险,2019-01-30,寿险团险,安徽,亳州,利辛县公司
CL1166256284,解晴,身份证,341227********6121,CL9188,福寿嘉年120期,"50,000.00","50,000.00","50,000.00",469431,养老险公司,安徽,34213079001089,,寿险团险,安徽,亳州,利辛县公司,养老险公司,总部,养老险公司,安徽,,,网上交易,国寿养老险,2019-01-30,寿险团险,安徽,亳州,利辛县公司
CL1015409302,王晓,身份证,340221********0023,CL9188,福寿嘉年120期,"12,000.00","12,000.00","12,000.12",469431,养老险公司,安徽,34020379000035,,寿险团险,安徽,芜湖,芜湖县支公司,养老险公司,总部,养老险公司,安徽,,,网上交易,国寿养老险,2019-01-30,寿险团险,安徽,芜湖,芜湖县支公司
CL1015409302,王晓,身份证,340221********0023,CL9188,福寿嘉年120期,"108,000.00","108,000.00","108,001.05",469431,养老险公司,安徽,34020379000035,,寿险团险,安徽,芜湖,芜湖县支公司,养老险公司,总部,养老险公司,安徽,,,网上交易,国寿养老险,2019-01-30,寿险团险,安徽,芜湖,芜湖县支公司
CL1000062848,徐磊,身份证,340702********2025,CL9188,福寿嘉年120期,"50,000.00","50,000.00","50,000.00", ,,,34070379000027,,寿险团险,安徽,铜陵,团拓部（城区）,养老险公司,总部,寿险团险,安徽,铜陵,团拓部（城区）,网上交易,国寿养老险,2019-01-30,寿险团险,安徽,铜陵,团拓部（城区）
CL1000062848,徐磊,身份证,340702********2025,CL9188,福寿嘉年120期,"100,000.00","100,000.00","100,001.94",469431,养老险公司,安徽,34070379000027,,寿险团险,安徽,铜陵,团拓部（城区）,养老险公司,总部,养老险公司,安徽,,,网上交易,国寿养老险,2019-01-30,寿险团险,安徽,铜陵,团拓部（城区）
CL1000062848,徐磊,身份证,340702********2025,CL9188,福寿嘉年120期,"30,000.00","30,000.00","30,000.00", ,,,34070379000027,,寿险团险,安徽,铜陵,团拓部（城区）,养老险公司,总部,寿险团险,安徽,铜陵,团拓部（城区）,网上交易,国寿养老险,2019-01-30,寿险团险,安徽,铜陵,团拓部（城区）
CL1000062848,徐磊,身份证,340702********2025,CL9188,福寿嘉年120期,"100,000.00","100,000.00","100,001.94",469431,养老险公司,安徽,34070379000027,,寿险团险,安徽,铜陵,团拓部（城区）,养老险公司,总部,养老险公司,安徽,,,网上交易,国寿养老险,2019-01-30,寿险团险,安徽,铜陵,团拓部（城区）
CL1000062848,徐磊,身份证,340702********2025,CL9188,福寿嘉年120期,"100,000.00","100,000.00","100,001.94",469431,养老险公司,安徽,34070379000027,,寿险团险,安徽,铜陵,团拓部（城区）,养老险公司,总部,养老险公司,安徽,,,网上交易,国寿养老险,2019-01-30,寿险团险,安徽,铜陵,团拓部（城区）
CL1000062848,徐磊,身份证,340702********2025,CL9188,福寿嘉年120期,"100,000.00","100,000.00","100,001.94",469431,养老险公司,安徽,34070379000027,,寿险团险,安徽,铜陵,团拓部（城区）,养老险公司,总部,养老险公司,安徽,,,网上交易,国寿养老险,2019-01-30,寿险团险,安徽,铜陵,团拓部（城区）
CL1000062848,徐磊,身份证,340702********2025,CL9188,福寿嘉年120期,"100,000.00","100,000.00","100,001.94",469431,养老险公司,安徽,34070379000027,,寿险团险,安徽,铜陵,团拓部（城区）,养老险公司,总部,养老险公司,安徽,,,网上交易,国寿养老险,2019-01-30,寿险团险,安徽,铜陵,团拓部（城区）
CL1148769886,杨佃祥,身份证,340123********0076,CL9188,福寿嘉年120期,"50,000.00","50,000.00","50,000.49",469431,养老险公司,安徽,34012279000048,,寿险团险,安徽,合肥,肥东支公司,养老险公司,总部,养老险公司,安徽,,,网上交易,国寿养老险,2019-01-30,寿险团险,安徽,合肥,肥东支公司
CL1000678631,朱传全,身份证,340104********051X,CL9188,福寿嘉年120期,"30,000.00","30,000.00","30,000.58",469431,养老险公司,安徽,34010579000029,,寿险团险,安徽,合肥,团险支公司,养老险公司,总部,养老险公司,安徽,,,网上交易,国寿养老险,2019-01-30,寿险团险,安徽,合肥,团险支公司
CL1015342171,许晓燕,身份证,342827********032X,CL9188,福寿嘉年120期,"10,000.00","10,000.00","10,000.19",469431,养老险公司,安徽,34082779000003,,寿险团险,安徽,安庆,望江,,,养老险公司,安徽,,,微信,国寿养老险,2019-01-30,寿险团险,安徽,安庆,望江
CL1015342171,许晓燕,身份证,342827********032X,CL9188,福寿嘉年120期,"50,000.00","50,000.00","50,000.97",469431,养老险公司,安徽,34082779000003,,寿险团险,安徽,安庆,望江,,,养老险公司,安徽,,,微信,国寿养老险,2019-01-30,寿险团险,安徽,安庆,望江
CL1015342171,许晓燕,身份证,342827********032X,CL9188,福寿嘉年120期,"99,000.00","99,000.00","99,000.96",469431,养老险公司,安徽, ,,,,,,,,养老险公司,安徽,,,微信,国寿养老险,2019-01-30,养老险公司,安徽,,
CL1015342171,许晓燕,身份证,342827********032X,CL9188,福寿嘉年120期,"90,000.00","90,000.00","90,000.88",469431,养老险公司,安徽,34082779000003,,寿险团险,安徽,安庆,望江,,,养老险公司,安徽,,,微信,国寿养老险,2019-01-30,寿险团险,安徽,安庆,望江
CL1015342171,许晓燕,身份证,342827********032X,CL9188,福寿嘉年120期,"10,000.00","10,000.00","10,000.10",469431,养老险公司,安徽,34082779000003,,寿险团险,安徽,安庆,望江,,,养老险公司,安徽,,,微信,国寿养老险,2019-01-30,寿险团险,安徽,安庆,望江
CL1015342171,许晓燕,身份证,342827********032X,CL9188,福寿嘉年120期,"100,000.00","100,000.00","100,001.94",469431,养老险公司,安徽,34082779000003,,寿险团险,安徽,安庆,望江,,,养老险公司,安徽,,,微信,国寿养老险,2019-01-30,寿险团险,安徽,安庆,望江
CL1166806697,朱纪翠,身份证,342222********0040,CL9188,福寿嘉年120期,"50,000.00","50,000.00","50,000.00", ,,,34222279000006,,寿险团险,安徽,宿州,萧县支公司,养老险公司,总部,寿险团险,安徽,宿州,萧县支公司,网上交易,国寿养老险,2019-01-30,寿险团险,安徽,宿州,萧县支公司
CL1115811344,朱金洲,身份证,340224********7817,CL9188,福寿嘉年120期,"100,000.00","100,000.00","100,000.97",469431,养老险公司,安徽,34292379000035,,寿险团险,安徽,池州,青阳支公司,,,养老险公司,安徽,,,APP,国寿养老险,2019-01-30,寿险团险,安徽,池州,青阳支公司
CL1165946523,曹红霞,身份证,342530********2923,CL9188,福寿嘉年120期,"20,000.00","20,000.00","20,000.39",469431,养老险公司,安徽,34253079006001,,寿险团险,安徽,宣城,旌德支公司,养老险公司,总部,养老险公司,安徽,,,网上交易,国寿养老险,2019-01-30,寿险团险,安徽,宣城,旌德支公司
CL1165946523,曹红霞,身份证,342530********2923,CL9188,福寿嘉年120期,"10,000.00","10,000.00","10,000.19",469431,养老险公司,安徽,34253079006001,,寿险团险,安徽,宣城,旌德支公司,养老险公司,总部,养老险公司,安徽,,,网上交易,国寿养老险,2019-01-30,寿险团险,安徽,宣城,旌德支公司
CL1165946523,曹红霞,身份证,342530********2923,CL9188,福寿嘉年120期,"20,000.00","20,000.00","20,000.39",469431,养老险公司,安徽,34253079006001,,寿险团险,安徽,宣城,旌德支公司,养老险公司,总部,养老险公司,安徽,,,网上交易,国寿养老险,2019-01-30,寿险团险,安徽,宣城,旌德支公司
CL1166253509,李淑娟,身份证,342225********8084,CL9188,福寿嘉年120期,"50,000.00","50,000.00","50,000.49",469431,养老险公司,安徽, ,,,,,,,,养老险公司,安徽,,,微信,国寿养老险,2019-01-30,养老险公司,安徽,,
CL1005351942,魏海英,身份证,342201********0422,CL9188,福寿嘉年120期,"30,000.00","30,000.00","30,000.29",469431,养老险公司,安徽,34222179000021,,寿险团险,安徽,宿州,砀山县支公司,,,养老险公司,安徽,,,微信,国寿养老险,2019-01-30,寿险团险,安徽,宿州,砀山县支公司
CL1005351942,魏海英,身份证,342201********0422,CL9188,福寿嘉年120期,"50,000.00","50,000.00","50,000.49",469431,养老险公司,安徽,34222179000021,,寿险团险,安徽,宿州,砀山县支公司,,,养老险公司,安徽,,,微信,国寿养老险,2019-01-30,寿险团险,安徽,宿州,砀山县支公司
CL1005351942,魏海英,身份证,342201********0422,CL9188,福寿嘉年120期,"50,000.00","50,000.00","50,000.97",469431,养老险公司,安徽,34222579000006,,寿险团险,安徽,宿州,泗县支公司,养老险公司,总部,养老险公司,安徽,,,网上交易,国寿养老险,2019-01-30,寿险团险,安徽,宿州,泗县支公司
CL1165951248,孙丽,身份证,342130********0024,CL9188,福寿嘉年120期,"20,000.00","20,000.00","20,000.39",469431,养老险公司,安徽,34213079001089,,寿险团险,安徽,亳州,利辛县公司,养老险公司,总部,养老险公司,安徽,,,网上交易,国寿养老险,2019-01-30,寿险团险,安徽,亳州,利辛县公司
CL1000721680,王华中,身份证,340123********0056,CL9188,福寿嘉年120期,"50,000.00","50,000.00","50,000.49",469431,养老险公司,安徽,34012279000056,,寿险团险,安徽,合肥,肥东支公司,养老险公司,总部,养老险公司,安徽,,,网上交易,国寿养老险,2019-01-30,寿险团险,安徽,合肥,肥东支公司
CL1004904434,纪莉芳,身份证,340224********782X,CL9188,福寿嘉年120期,"50,000.00","50,000.00","50,000.49",469431,养老险公司,安徽,34292179000023,,寿险团险,安徽,池州,东至支公司,,,养老险公司,安徽,,,APP,国寿养老险,2019-01-30,寿险团险,安徽,池州,东至支公司
CL1004904434,纪莉芳,身份证,340224********782X,CL9188,福寿嘉年120期,"50,000.00","50,000.00","50,000.00", ,,,34290179000078,,寿险团险,安徽,池州,城区团拓部,,,寿险团险,安徽,池州,城区团拓部,APP,国寿养老险,2019-01-30,寿险团险,安徽,池州,城区团拓部
CL1141696551,胡遵举,身份证,342426********4814,CL9188,福寿嘉年120期,"50,000.00","50,000.00","50,000.00",469431,养老险公司,安徽,34210379000024,,寿险团险,安徽,,,养老险公司,总部,养老险公司,安徽,,,网上交易,国寿养老险,2019-01-30,寿险团险,安徽,,
CL1141696551,胡遵举,身份证,342426********4814,CL9188,福寿嘉年120期,"50,000.00","50,000.00","50,000.00",469431,养老险公司,安徽,34210379000024,,寿险团险,安徽,,,养老险公司,总部,养老险公司,安徽,,,网上交易,国寿养老险,2019-01-30,寿险团险,安徽,,
CL1061269696,解静,身份证,340122********6189,CL9188,福寿嘉年120期,"30,000.00","30,000.00","30,000.29",469431,养老险公司,安徽,34012379000044,,寿险团险,安徽,合肥,肥西支公司,养老险公司,总部,养老险公司,安徽,,,网上交易,国寿养老险,2019-01-30,寿险团险,安徽,合肥,肥西支公司
CL1005485005,武金平,身份证,340221********0081,CL9188,福寿嘉年120期,"80,000.00","80,000.00","80,001.56",469431,养老险公司,安徽,34020379000024,,寿险团险,安徽,芜湖,芜湖县支公司,养老险公司,总部,养老险公司,安徽,,,网上交易,国寿养老险,2019-01-30,寿险团险,安徽,芜湖,芜湖县支公司
CL1139974428,王开梅,身份证,340123********7704,CL9188,福寿嘉年120期,"50,000.00","50,000.00","50,000.49",469431,养老险公司,安徽,34012279000010,,寿险团险,安徽,合肥,肥东支公司,养老险公司,总部,养老险公司,安徽,,,网上交易,国寿养老险,2019-01-30,寿险团险,安徽,合肥,肥东支公司
CL1165956321,吴金屏,身份证,340825********5024,CL9188,福寿嘉年120期,"50,000.00","50,000.00","50,000.49",469431,养老险公司,安徽,34082579000002,,寿险团险,安徽,安庆,太湖,养老险公司,总部,养老险公司,安徽,,,网上交易,国寿养老险,2019-01-30,寿险团险,安徽,安庆,太湖
CL1165956321,吴金屏,身份证,340825********5024,CL9188,福寿嘉年120期,"50,000.00","50,000.00","50,000.49",469431,养老险公司,安徽,34082579000002,,寿险团险,安徽,安庆,太湖,养老险公司,总部,养老险公司,安徽,,,网上交易,国寿养老险,2019-01-30,寿险团险,安徽,安庆,太湖
CL1000721680,王华中,身份证,340123********0056,CL9188,福寿嘉年120期,"50,000.00","50,000.00","50,000.97",469431,养老险公司,安徽,34012279000056,,寿险团险,安徽,合肥,肥东支公司,养老险公司,总部,养老险公司,安徽,,,网上交易,国寿养老险,2019-01-30,寿险团险,安徽,合肥,肥东支公司
CL1000071358,许贵红,身份证,340103********2020,CL9188,福寿嘉年120期,"50,000.00","50,000.00","50,000.97",469431,养老险公司,安徽,34011379000119,,寿险团险,安徽,合肥,团险拓展部,养老险公司,总部,养老险公司,安徽,,,网上交易,国寿养老险,2019-01-30,寿险团险,安徽,合肥,团险拓展部
CL1008824971,王炳辉,身份证,340121********0027,CL9188,福寿嘉年120期,"25,000.00","25,000.00","25,000.49",469431,养老险公司,安徽,34012179000038,,寿险团险,安徽,合肥,长丰支公司,养老险公司,总部,养老险公司,安徽,,,网上交易,国寿养老险,2019-01-30,寿险团险,安徽,合肥,长丰支公司
CL1008824971,王炳辉,身份证,340121********0027,CL9188,福寿嘉年120期,"25,000.00","25,000.00","25,000.24",469431,养老险公司,安徽,34012179000038,,寿险团险,安徽,合肥,长丰支公司,养老险公司,总部,养老险公司,安徽,,,网上交易,国寿养老险,2019-01-30,寿险团险,安徽,合肥,长丰支公司
CL1165946434,李扬新,身份证,342622********2841,CL9188,福寿嘉年120期,"70,000.00","70,000.00","70,001.36",469431,养老险公司,安徽, ,,,,,,,,养老险公司,安徽,,,微信,国寿养老险,2019-01-30,养老险公司,安徽,,
CL1166805743,闫云侠,身份证,341623********2647,CL9188,福寿嘉年120期,"50,000.00","50,000.00","50,000.00", ,,,34213079001089,,寿险团险,安徽,亳州,利辛县公司,养老险公司,总部,寿险团险,安徽,亳州,利辛县公司,网上交易,国寿养老险,2019-01-30,寿险团险,安徽,亳州,利辛县公司
CL1166805743,闫云侠,身份证,341623********2647,CL9188,福寿嘉年120期,"50,000.00","50,000.00","50,000.00", ,,,34213079001089,,寿险团险,安徽,亳州,利辛县公司,养老险公司,总部,寿险团险,安徽,亳州,利辛县公司,网上交易,国寿养老险,2019-01-30,寿险团险,安徽,亳州,利辛县公司
CL1014160735,陈梦云,身份证,340121********4369,CL9188,福寿嘉年120期,"40,000.00","40,000.00","40,000.78",469431,养老险公司,安徽,34010579000187,,寿险团险,安徽,合肥,团险支公司,,,养老险公司,安徽,,,微信,国寿养老险,2019-01-30,寿险团险,安徽,合肥,团险支公司
CL1164563851,孙广全,身份证,342224********0417,CL9188,福寿嘉年120期,"20,000.00","20,000.00","20,000.39",469431,养老险公司,安徽,34222479002415,,寿险团险,安徽,宿州,灵璧县支公司,养老险公司,总部,养老险公司,安徽,,,网上交易,国寿养老险,2019-01-30,寿险团险,安徽,宿州,灵璧县支公司
CL1164563851,孙广全,身份证,342224********0417,CL9188,福寿嘉年120期,"20,000.00","20,000.00","20,000.39",469431,养老险公司,安徽,34222479002415,,寿险团险,安徽,宿州,灵璧县支公司,养老险公司,总部,养老险公司,安徽,,,网上交易,国寿养老险,2019-01-30,寿险团险,安徽,宿州,灵璧县支公司
CL1164563851,孙广全,身份证,342224********0417,CL9188,福寿嘉年120期,"10,000.00","10,000.00","10,000.19",469431,养老险公司,安徽,34222479002415,,寿险团险,安徽,宿州,灵璧县支公司,养老险公司,总部,养老险公司,安徽,,,网上交易,国寿养老险,2019-01-30,寿险团险,安徽,宿州,灵璧县支公司
CL1000686975,邬再琴,身份证,340404********0224,CL9188,福寿嘉年120期,"50,000.00","50,000.00","50,000.97",469431,养老险公司,安徽,34010579000024,,寿险团险,安徽,合肥,团险支公司,养老险公司,总部,养老险公司,安徽,,,网上交易,国寿养老险,2019-01-30,寿险团险,安徽,合肥,团险支公司
CL1000686975,邬再琴,身份证,340404********0224,CL9188,福寿嘉年120期,"50,000.00","50,000.00","50,000.97",469431,养老险公司,安徽,34010579000024,,寿险团险,安徽,合肥,团险支公司,养老险公司,总部,养老险公司,安徽,,,网上交易,国寿养老险,2019-01-30,寿险团险,安徽,合肥,团险支公司
CL1000214584,韩婕,身份证,340202********1726,CL9188,福寿嘉年120期,"190,000.00","190,000.00","190,003.69",469431,养老险公司,安徽,34010579000129,,寿险团险,安徽,合肥,团险支公司,养老险公司,总部,养老险公司,安徽,,,网上交易,国寿养老险,2019-01-30,寿险团险,安徽,合肥,团险支公司
CL1158988604,卜长芳,身份证,340402********1025,CL9188,福寿嘉年120期,"50,000.00","50,000.00","50,000.97",469431,养老险公司,安徽,34012779000077,,寿险团险,安徽,合肥,庐江支公司,,,养老险公司,安徽,,,微信,国寿养老险,2019-01-30,寿险团险,安徽,合肥,庐江支公司
CL1165950350,张玉翠,身份证,340221********0067,CL9188,福寿嘉年120期,"10,000.00","10,000.00","10,000.19",469431,养老险公司,安徽,34020379000040,,寿险团险,安徽,芜湖,芜湖县支公司,养老险公司,总部,养老险公司,安徽,,,网上交易,国寿养老险,2019-01-30,寿险团险,安徽,芜湖,芜湖县支公司
CL1002792087,李兰,身份证,340221********0421,CL9188,福寿嘉年120期,"40,000.00","40,000.00","40,000.78",469431,养老险公司,安徽,34020679000015,,寿险团险,安徽,芜湖,开发区支公司,养老险公司,总部,养老险公司,安徽,,,网上交易,国寿养老险,2019-01-30,寿险团险,安徽,芜湖,开发区支公司
CL1088406175,杨兆霞,身份证,341181********1041,CL9188,福寿嘉年120期,"20,000.00","20,000.00","20,000.00",469431,养老险公司,安徽,34118179000067,,寿险团险,安徽,滁州,天长,养老险公司,总部,养老险公司,安徽,,,网上交易,国寿养老险,2019-01-30,寿险团险,安徽,滁州,天长
CL1088406175,杨兆霞,身份证,341181********1041,CL9188,福寿嘉年120期,"10,000.00","10,000.00","10,000.00",469431,养老险公司,安徽,34118179000067,,寿险团险,安徽,滁州,天长,养老险公司,总部,养老险公司,安徽,,,网上交易,国寿养老险,2019-01-30,寿险团险,安徽,滁州,天长

