﻿FUND_ACCT,CUST_NAME,CERT_TYPE,CERT_NO,FUND_CODE,FUND_NAME,APP_MONEY,ACK_MONEY,ACK_SHARE,INVITECODE,COMPANY_INVITE,BRANCH_INVITE_NEW,REFERID,CUSTNAME_REFER,COMPANY_REFER,BRANCH_REFER_NEW,CT_REFER,CR_REFER,COMPANY_ORG,ORGNAME,SALE_COMPANY_NAME_DTL,SALE_BRANCH_NAME,SALE_CT_NAME,SALE_CR_NAME,ACCEPT_METHOD,AGENCY_NAME,ACK_DATE,SALE_COMPANY_NAME_FEE,SALE_BRANCH_NAME_FEE1,SALE_CT_NAME_FEE,SALE_CR_NAME_FEE
CL1000645141,何莉,身份证,340206********0029,CL9025,福寿嘉年13期,"50,000.00","50,000.00","50,002.92",830060,养老险公司,安徽,34020179000008,,寿险团险,安徽,芜湖,团拓,养老险公司,总部,养老险公司,安徽,,,网上交易,国寿养老险,2016-02-25,寿险团险,安徽,芜湖,团拓
CL1000234579,孙耘初,身份证,342725********6023,CL9025,福寿嘉年13期,"150,000.00","150,000.00","150,008.75",830060,养老险公司,安徽,34100279000003,,寿险团险,安徽,黄山,黄山市团拓部,养老险公司,总部,养老险公司,安徽,,,网上交易,国寿养老险,2016-02-25,寿险团险,安徽,黄山,黄山市团拓部
CL1000813332,徐宏保,身份证,340224********0010,CL9025,福寿嘉年13期,"50,000.00","50,000.00","50,002.92",830060,养老险公司,安徽,34292313401493,,寿险团险,安徽,池州,青阳支公司,养老险公司,总部,养老险公司,安徽,,,网上交易,国寿养老险,2016-02-25,寿险团险,安徽,池州,青阳支公司
CL1000891972,李莉,身份证,342401********3942,CL9025,福寿嘉年13期,"20,000.00","20,000.00","20,001.17",830060,养老险公司,安徽,34240179000022,,寿险团险,安徽,六安,团拓,养老险公司,总部,养老险公司,安徽,,,网上交易,国寿养老险,2016-02-25,寿险团险,安徽,六安,团拓
CL1000891972,李莉,身份证,342401********3942,CL9025,福寿嘉年13期,"50,000.00","50,000.00","50,002.92",830060,养老险公司,安徽,34240179000022,,寿险团险,安徽,六安,团拓,养老险公司,总部,养老险公司,安徽,,,网上交易,国寿养老险,2016-02-25,寿险团险,安徽,六安,团拓
CL1000862422,许辰扬,身份证,340103********0532,CL9025,福寿嘉年13期,"20,000.00","20,000.00","20,001.17",830060,养老险公司,安徽,34011371000001,,寿险团险,安徽,合肥,团险拓展部,养老险公司,总部,养老险公司,安徽,,,网上交易,国寿养老险,2016-02-25,寿险团险,安徽,合肥,团险拓展部
CL1000636175,常忠玲,身份证,340403********2625,CL9025,福寿嘉年13期,"40,000.00","40,000.00","40,002.33",830060,养老险公司,安徽,34041079000001,,寿险团险,安徽,淮南,潘集支公司,养老险公司,总部,养老险公司,安徽,,,网上交易,国寿养老险,2016-02-25,寿险团险,安徽,淮南,潘集支公司
CL1000899529,程俊,身份证,340223********0024,CL9025,福寿嘉年13期,"13,000.00","13,000.00","13,000.76",830060,养老险公司,安徽,34020579000044,,寿险团险,安徽,芜湖,南陵支公司,养老险公司,总部,养老险公司,安徽,,,网上交易,国寿养老险,2016-02-25,寿险团险,安徽,芜湖,南陵支公司
CL1000244411,丁红霞,身份证,342425********0060,CL9025,福寿嘉年13期,"20,000.00","20,000.00","20,001.17",830060,养老险公司,安徽,34242579000011,,寿险团险,安徽,六安,舒城,养老险公司,总部,养老险公司,安徽,,,网上交易,国寿养老险,2016-02-25,寿险团险,安徽,六安,舒城
CL1000852146,方天顺,身份证,342701********0411,CL9025,福寿嘉年13期,"30,000.00","30,000.00","30,001.75",830060,养老险公司,安徽,34100279000003,,寿险团险,安徽,黄山,黄山市团拓部,养老险公司,总部,养老险公司,安徽,,,网上交易,国寿养老险,2016-02-25,寿险团险,安徽,黄山,黄山市团拓部
CL1000094073,华甜,身份证,341002********1023,CL9025,福寿嘉年13期,"50,000.00","50,000.00","50,002.92",830060,养老险公司,安徽,34100279000003,,寿险团险,安徽,黄山,黄山市团拓部,养老险公司,总部,养老险公司,安徽,,,网上交易,国寿养老险,2016-02-25,寿险团险,安徽,黄山,黄山市团拓部
CL1000243345,叶翠莲,身份证,342427********3121,CL9025,福寿嘉年13期,"200,000.00","200,000.00","200,011.67",830060,养老险公司,安徽,34242779000023,,寿险团险,安徽,六安,霍山,养老险公司,总部,养老险公司,安徽,,,网上交易,国寿养老险,2016-02-25,寿险团险,安徽,六安,霍山
CL1000243345,叶翠莲,身份证,342427********3121,CL9025,福寿嘉年13期,"20,000.00","20,000.00","20,001.17",830060,养老险公司,安徽,34242779000023,,寿险团险,安徽,六安,霍山,养老险公司,总部,养老险公司,安徽,,,网上交易,国寿养老险,2016-02-25,寿险团险,安徽,六安,霍山
CL1000680559,郑艳美,身份证,342524********0824,CL9025,福寿嘉年13期,"335,000.00","335,000.00","335,019.54",830060,养老险公司,安徽,34012679000023,,寿险团险,安徽,合肥,巢湖支公司,养老险公司,总部,养老险公司,安徽,,,网上交易,国寿养老险,2016-02-25,寿险团险,安徽,合肥,巢湖支公司
CL1000243590,唐艳华,身份证,342221********3020,CL9025,福寿嘉年13期,"10,000.00","10,000.00","10,000.58",830060,养老险公司,安徽,34220379000003,,寿险团险,安徽,宿州,团拓部,养老险公司,总部,养老险公司,安徽,,,网上交易,国寿养老险,2016-02-25,寿险团险,安徽,宿州,团拓部
CL1000243590,唐艳华,身份证,342221********3020,CL9025,福寿嘉年13期,"20,000.00","20,000.00","20,001.17",830060,养老险公司,安徽,34220379000003,,寿险团险,安徽,宿州,团拓部,养老险公司,总部,养老险公司,安徽,,,网上交易,国寿养老险,2016-02-25,寿险团险,安徽,宿州,团拓部
CL1000243590,唐艳华,身份证,342221********3020,CL9025,福寿嘉年13期,"100,000.00","100,000.00","100,005.83",830060,养老险公司,安徽,34220379000003,,寿险团险,安徽,宿州,团拓部,养老险公司,总部,养老险公司,安徽,,,网上交易,国寿养老险,2016-02-25,寿险团险,安徽,宿州,团拓部
CL1000113433,江胜,身份证,340802********0417,CL9025,福寿嘉年13期,"167,000.00","167,000.00","167,009.74",830060,养老险公司,安徽,34080179000010,,寿险团险,安徽,安庆,城区团拓部,养老险公司,总部,养老险公司,安徽,,,网上交易,国寿养老险,2016-02-25,寿险团险,安徽,安庆,城区团拓部
CL1000205096,牛芳,身份证,342401********5422,CL9025,福寿嘉年13期,"40,000.00","40,000.00","40,002.33",830060,养老险公司,安徽,341222198602050270, ,财险公司,安徽,,,养老险公司,总部,养老险公司,安徽,,,网上交易,国寿养老险,2016-02-25,财险公司,安徽,,
CL1000854744,王玲,身份证,340202********1025,CL9025,福寿嘉年13期,"10,000.00","10,000.00","10,000.58",830060,养老险公司,安徽,34020179000008,,寿险团险,安徽,芜湖,团拓,养老险公司,总部,养老险公司,安徽,,,网上交易,国寿养老险,2016-02-25,寿险团险,安徽,芜湖,团拓
CL1000582605,陈晓霞,身份证,341024********6525,CL9025,福寿嘉年13期,"10,000.00","10,000.00","10,000.58",830060,养老险公司,安徽,34100279000003,,寿险团险,安徽,黄山,黄山市团拓部,养老险公司,总部,养老险公司,安徽,,,网上交易,国寿养老险,2016-02-25,寿险团险,安徽,黄山,黄山市团拓部
CL1000852924,金小侠,身份证,340102********2101,CL9025,福寿嘉年13期,"40,000.00","40,000.00","40,002.33",830060,养老险公司,安徽,34011371000001,,寿险团险,安徽,合肥,团险拓展部,养老险公司,总部,养老险公司,安徽,,,网上交易,国寿养老险,2016-02-25,寿险团险,安徽,合肥,团险拓展部
CL1000009987,张哲,身份证,340223********0010,CL9025,福寿嘉年13期,"200,000.00","200,000.00","200,011.67",830060,养老险公司,安徽,YL34000005,张哲,养老险公司,安徽,,,养老险公司,总部,养老险公司,安徽,,,网上交易,国寿养老险,2016-02-25,养老险公司,安徽,,
CL1000009987,张哲,身份证,340223********0010,CL9025,福寿嘉年13期,"200,000.00","200,000.00","200,011.67",830060,养老险公司,安徽,YL34000005,张哲,养老险公司,安徽,,,养老险公司,总部,养老险公司,安徽,,,网上交易,国寿养老险,2016-02-25,养老险公司,安徽,,
CL1000867749,吴立存,身份证,342401********0485,CL9025,福寿嘉年13期,"10,000.00","10,000.00","10,000.58",830060,养老险公司,安徽,34240179000022,,寿险团险,安徽,六安,团拓,养老险公司,总部,养老险公司,安徽,,,网上交易,国寿养老险,2016-02-25,寿险团险,安徽,六安,团拓
CL1000181819,李渊,身份证,342531********0226,CL9025,福寿嘉年13期,"40,000.00","40,000.00","40,002.33",830060,养老险公司,安徽,34100279000003,,寿险团险,安徽,黄山,黄山市团拓部,养老险公司,总部,养老险公司,安徽,,,网上交易,国寿养老险,2016-02-25,寿险团险,安徽,黄山,黄山市团拓部
CL1000181819,李渊,身份证,342531********0226,CL9025,福寿嘉年13期,"40,000.00","40,000.00","40,002.33",830060,养老险公司,安徽,34100279000003,,寿险团险,安徽,黄山,黄山市团拓部,养老险公司,总部,养老险公司,安徽,,,网上交易,国寿养老险,2016-02-25,寿险团险,安徽,黄山,黄山市团拓部
CL1000167995,胡向阳,身份证,340901********0063,CL9025,福寿嘉年13期,"100,000.00","100,000.00","100,005.83",830060,养老险公司,安徽,34100279000003,,寿险团险,安徽,黄山,黄山市团拓部,养老险公司,总部,养老险公司,安徽,,,网上交易,国寿养老险,2016-02-25,寿险团险,安徽,黄山,黄山市团拓部
CL1000077363,杨奥丹,身份证,340881********0228,CL9025,福寿嘉年13期,"100,000.00","100,000.00","100,005.83",830060,养老险公司,安徽,34011371000001,,寿险团险,安徽,合肥,团险拓展部,养老险公司,总部,养老险公司,安徽,,,网上交易,国寿养老险,2016-02-25,寿险团险,安徽,合肥,团险拓展部
CL1000149586,张伟,身份证,342422********0161,CL9025,福寿嘉年13期,"140,000.00","140,000.00","140,008.17",830060,养老险公司,安徽,34242279000005,,寿险团险,安徽,,,养老险公司,总部,养老险公司,安徽,,,网上交易,国寿养老险,2016-02-25,寿险团险,安徽,,
CL1000838199,吴文,身份证,342701********2222,CL9025,福寿嘉年13期,"30,000.00","30,000.00","30,001.75",830060,养老险公司,安徽,34100279000003,,寿险团险,安徽,黄山,黄山市团拓部,养老险公司,总部,养老险公司,安徽,,,网上交易,国寿养老险,2016-02-25,寿险团险,安徽,黄山,黄山市团拓部
CL1000678020,钱爱莲,身份证,342823********4028,CL9025,福寿嘉年13期,"20,000.00","20,000.00","20,001.17",830060,养老险公司,安徽,34080179000010,,寿险团险,安徽,安庆,城区团拓部,养老险公司,总部,养老险公司,安徽,,,网上交易,国寿养老险,2016-02-25,寿险团险,安徽,安庆,城区团拓部
CL1000918867,陶春英,身份证,340823********2914,CL9025,福寿嘉年13期,"40,000.00",0.00,0.00, ,,,34041179000020,,寿险团险,安徽,淮南,团拓部,养老险公司,总部,寿险团险,安徽,淮南,团拓部,网上交易,国寿养老险,2016-02-25,寿险团险,安徽,淮南,团拓部
CL1000243823,郑莉,身份证,342427********442X,CL9025,福寿嘉年13期,"50,000.00","50,000.00","50,002.92",830060,养老险公司,安徽,34242779000023,,寿险团险,安徽,六安,霍山,养老险公司,总部,养老险公司,安徽,,,网上交易,国寿养老险,2016-02-25,寿险团险,安徽,六安,霍山
CL1000886046,王光智,身份证,340204********0018,CL9025,福寿嘉年13期,"60,000.00","60,000.00","60,003.50",830060,养老险公司,安徽,34020179000028,,寿险团险,安徽,芜湖,团拓,养老险公司,总部,养老险公司,安徽,,,网上交易,国寿养老险,2016-02-25,寿险团险,安徽,芜湖,团拓
CL1000090500,张艳,身份证,342401********1320,CL9025,福寿嘉年13期,"100,000.00","100,000.00","100,005.83",830060,养老险公司,安徽,34240179000022,,寿险团险,安徽,六安,团拓,养老险公司,总部,养老险公司,安徽,,,网上交易,国寿养老险,2016-02-25,寿险团险,安徽,六安,团拓
CL1000876215,方萍,身份证,342601********0223,CL9025,福寿嘉年13期,"40,000.00","40,000.00","40,002.33",830060,养老险公司,安徽,34012679000023,,寿险团险,安徽,合肥,巢湖支公司,养老险公司,总部,养老险公司,安徽,,,网上交易,国寿养老险,2016-02-25,寿险团险,安徽,合肥,巢湖支公司
CL1000680193,苏芳,身份证,342625********1726,CL9025,福寿嘉年13期,"20,000.00","20,000.00","20,001.17",830060,养老险公司,安徽,34012679000022,,寿险团险,安徽,合肥,巢湖支公司,养老险公司,总部,养老险公司,安徽,,,网上交易,国寿养老险,2016-02-25,寿险团险,安徽,合肥,巢湖支公司
CL1000775131,吴素琴,身份证,342701********0022,CL9025,福寿嘉年13期,"50,000.00","50,000.00","50,002.92",830060,养老险公司,安徽,34100279000003,,寿险团险,安徽,黄山,黄山市团拓部,养老险公司,总部,养老险公司,安徽,,,网上交易,国寿养老险,2016-02-25,寿险团险,安徽,黄山,黄山市团拓部
CL1000766310,尹桂香,身份证,340603********1225,CL9025,福寿嘉年13期,"10,000.00","10,000.00","10,000.58",830060,养老险公司,安徽,34220379000008,,寿险团险,安徽,宿州,团拓部,养老险公司,总部,养老险公司,安徽,,,网上交易,国寿养老险,2016-02-25,寿险团险,安徽,宿州,团拓部
CL1000714967,胡小丽,身份证,342529********0845,CL9025,福寿嘉年13期,"50,000.00","50,000.00","50,002.92",830060,养老险公司,安徽,34250179001007,,寿险团险,安徽,宣城,团拓,养老险公司,总部,养老险公司,安徽,,,网上交易,国寿养老险,2016-02-25,寿险团险,安徽,宣城,团拓
CL1000856319,孙乐云,身份证,342422********0149,CL9025,福寿嘉年13期,"60,000.00","60,000.00","60,003.50",830060,养老险公司,安徽,34242279000012,,寿险团险,安徽,,,养老险公司,总部,养老险公司,安徽,,,网上交易,国寿养老险,2016-02-25,寿险团险,安徽,,
CL1000149086,鲍继菊,身份证,342422********0083,CL9025,福寿嘉年13期,"100,000.00","100,000.00","100,005.83",830060,养老险公司,安徽,34242279000002,,寿险团险,安徽,,,养老险公司,总部,养老险公司,安徽,,,网上交易,国寿养老险,2016-02-25,寿险团险,安徽,,
CL1000152547,吕建伟,身份证,342201********0052,CL9025,福寿嘉年13期,"30,000.00","30,000.00","30,001.75",830060,养老险公司,安徽,34220379000001,,寿险团险,安徽,宿州,团拓部,养老险公司,总部,养老险公司,安徽,,,网上交易,国寿养老险,2016-02-25,寿险团险,安徽,宿州,团拓部
CL1000152547,吕建伟,身份证,342201********0052,CL9025,福寿嘉年13期,"50,000.00","50,000.00","50,002.92",830060,养老险公司,安徽,34220379000001,,寿险团险,安徽,宿州,团拓部,养老险公司,总部,养老险公司,安徽,,,网上交易,国寿养老险,2016-02-25,寿险团险,安徽,宿州,团拓部
CL1000145979,俞敏,身份证,342427********6023,CL9025,福寿嘉年13期,"50,000.00","50,000.00","50,002.92",830060,养老险公司,安徽,34242779000023,,寿险团险,安徽,六安,霍山,养老险公司,总部,养老险公司,安徽,,,网上交易,国寿养老险,2016-02-25,寿险团险,安徽,六安,霍山
CL1000145979,俞敏,身份证,342427********6023,CL9025,福寿嘉年13期,"20,000.00","20,000.00","20,001.17",830060,养老险公司,安徽,34242779000023,,寿险团险,安徽,六安,霍山,养老险公司,总部,养老险公司,安徽,,,网上交易,国寿养老险,2016-02-25,寿险团险,安徽,六安,霍山
CL1000145979,俞敏,身份证,342427********6023,CL9025,福寿嘉年13期,"10,000.00","10,000.00","10,000.58",830060,养老险公司,安徽,34242779000023,,寿险团险,安徽,六安,霍山,养老险公司,总部,养老险公司,安徽,,,网上交易,国寿养老险,2016-02-25,寿险团险,安徽,六安,霍山
CL1000700096,张晚珍,身份证,342700********0023,CL9025,福寿嘉年13期,"20,000.00","20,000.00","20,001.17",830060,养老险公司,安徽,34100279000003,,寿险团险,安徽,黄山,黄山市团拓部,养老险公司,总部,养老险公司,安徽,,,网上交易,国寿养老险,2016-02-25,寿险团险,安徽,黄山,黄山市团拓部
CL1000878235,李春霞,身份证,340302********0266,CL9025,福寿嘉年13期,"50,000.00","50,000.00","50,002.92",830060,养老险公司,安徽,341222198602050270, ,财险公司,安徽,,,养老险公司,总部,养老险公司,安徽,,,网上交易,国寿养老险,2016-02-25,财险公司,安徽,,
CL1000878235,李春霞,身份证,340302********0266,CL9025,福寿嘉年13期,"50,000.00","50,000.00","50,002.92",830060,养老险公司,安徽,341222198602050270, ,财险公司,安徽,,,养老险公司,总部,养老险公司,安徽,,,网上交易,国寿养老险,2016-02-25,财险公司,安徽,,
CL1000146445,金陵,身份证,341002********0651,CL9025,福寿嘉年13期,"30,000.00","30,000.00","30,001.75",830060,养老险公司,安徽,341222198602050270, ,财险公司,安徽,,,养老险公司,总部,养老险公司,安徽,,,网上交易,国寿养老险,2016-02-25,财险公司,安徽,,
CL1000146445,金陵,身份证,341002********0651,CL9025,福寿嘉年13期,"50,000.00","50,000.00","50,002.92",830060,养老险公司,安徽,341002198112070651, ,财险公司,安徽,,,养老险公司,总部,养老险公司,安徽,,,网上交易,国寿养老险,2016-02-25,财险公司,安徽,,
CL1000009621,吴群,身份证,340104********2020,CL9025,福寿嘉年13期,"160,000.00","160,000.00","160,009.33",830060,养老险公司,安徽,34011371000001,,寿险团险,安徽,合肥,团险拓展部,养老险公司,总部,养老险公司,安徽,,,网上交易,国寿养老险,2016-02-25,寿险团险,安徽,合肥,团险拓展部
CL1000111424,傅接信,身份证,342725********6019,CL9025,福寿嘉年13期,"200,000.00","200,000.00","200,011.67",830060,养老险公司,安徽,34100279000003,,寿险团险,安徽,黄山,黄山市团拓部,养老险公司,总部,养老险公司,安徽,,,网上交易,国寿养老险,2016-02-25,寿险团险,安徽,黄山,黄山市团拓部
CL1000141440,董丽,身份证,342422********0181,CL9025,福寿嘉年13期,"50,000.00","50,000.00","50,002.92",830060,养老险公司,安徽,34242279000006,,寿险团险,安徽,,,养老险公司,总部,养老险公司,安徽,,,网上交易,国寿养老险,2016-02-25,寿险团险,安徽,,
CL1000141440,董丽,身份证,342422********0181,CL9025,福寿嘉年13期,"50,000.00","50,000.00","50,002.92",830060,养老险公司,安徽,34242279000006,,寿险团险,安徽,,,养老险公司,总部,养老险公司,安徽,,,网上交易,国寿养老险,2016-02-25,寿险团险,安徽,,
CL1000854666,黄世林,身份证,342421********3811,CL9025,福寿嘉年13期,"50,000.00","50,000.00","50,002.92",830060,养老险公司,安徽,34242779000023,,寿险团险,安徽,六安,霍山,养老险公司,总部,养老险公司,安徽,,,网上交易,国寿养老险,2016-02-25,寿险团险,安徽,六安,霍山
CL1000854666,黄世林,身份证,342421********3811,CL9025,福寿嘉年13期,"50,000.00","50,000.00","50,002.92",830060,养老险公司,安徽,34242779000023,,寿险团险,安徽,六安,霍山,养老险公司,总部,养老险公司,安徽,,,网上交易,国寿养老险,2016-02-25,寿险团险,安徽,六安,霍山
CL1000148510,张萍,身份证,342401********0044,CL9025,福寿嘉年13期,"100,000.00","100,000.00","100,005.83",830060,养老险公司,安徽,34240179000022,,寿险团险,安徽,六安,团拓,养老险公司,总部,养老险公司,安徽,,,网上交易,国寿养老险,2016-02-25,寿险团险,安徽,六安,团拓
CL1000690168,潘坚云,身份证,340104********1027,CL9025,福寿嘉年13期,"200,000.00","200,000.00","200,011.67",830060,养老险公司,安徽,34011379000004,,寿险团险,安徽,合肥,团险拓展部,养老险公司,总部,养老险公司,安徽,,,网上交易,国寿养老险,2016-02-25,寿险团险,安徽,合肥,团险拓展部
CL1000690168,潘坚云,身份证,340104********1027,CL9025,福寿嘉年13期,"30,000.00","30,000.00","30,001.75",830060,养老险公司,安徽,34011379000004,,寿险团险,安徽,合肥,团险拓展部,养老险公司,总部,养老险公司,安徽,,,网上交易,国寿养老险,2016-02-25,寿险团险,安徽,合肥,团险拓展部
CL1000037972,周玳琴,身份证,342701********0429,CL9025,福寿嘉年13期,"200,000.00","200,000.00","200,011.67",830060,养老险公司,安徽,34100279000003,,寿险团险,安徽,黄山,黄山市团拓部,养老险公司,总部,养老险公司,安徽,,,网上交易,国寿养老险,2016-02-25,寿险团险,安徽,黄山,黄山市团拓部
CL1000037972,周玳琴,身份证,342701********0429,CL9025,福寿嘉年13期,"100,000.00","100,000.00","100,005.83",830060,养老险公司,安徽,34100279000003,,寿险团险,安徽,黄山,黄山市团拓部,养老险公司,总部,养老险公司,安徽,,,网上交易,国寿养老险,2016-02-25,寿险团险,安徽,黄山,黄山市团拓部
CL1000120989,许德美,身份证,340222********0020,CL9025,福寿嘉年13期,"180,000.00","180,000.00","180,010.50",830060,养老险公司,安徽,YL34000003,陈俊,养老险公司,安徽,,,养老险公司,总部,养老险公司,安徽,,,网上交易,国寿养老险,2016-02-25,养老险公司,安徽,,
CL1000120989,许德美,身份证,340222********0020,CL9025,福寿嘉年13期,"200,000.00","200,000.00","200,011.67",830060,养老险公司,安徽,YL34000003,陈俊,养老险公司,安徽,,,养老险公司,总部,养老险公司,安徽,,,网上交易,国寿养老险,2016-02-25,养老险公司,安徽,,
CL1000120989,许德美,身份证,340222********0020,CL9025,福寿嘉年13期,"200,000.00","200,000.00","200,011.67",830060,养老险公司,安徽,YL34000003,陈俊,养老险公司,安徽,,,养老险公司,总部,养老险公司,安徽,,,网上交易,国寿养老险,2016-02-25,养老险公司,安徽,,
CL1000249361,张静,身份证,342701********042X,CL9025,福寿嘉年13期,"50,000.00","50,000.00","50,002.92",830060,养老险公司,安徽,34100279000003,,寿险团险,安徽,黄山,黄山市团拓部,养老险公司,总部,养老险公司,安徽,,,网上交易,国寿养老险,2016-02-25,寿险团险,安徽,黄山,黄山市团拓部
CL1000249361,张静,身份证,342701********042X,CL9025,福寿嘉年13期,"50,000.00","50,000.00","50,002.92",830060,养老险公司,安徽,34100279000003,,寿险团险,安徽,黄山,黄山市团拓部,养老险公司,总部,养老险公司,安徽,,,网上交易,国寿养老险,2016-02-25,寿险团险,安徽,黄山,黄山市团拓部
CL1000249361,张静,身份证,342701********042X,CL9025,福寿嘉年13期,"10,000.00","10,000.00","10,000.58",830060,养老险公司,安徽,34100279000003,,寿险团险,安徽,黄山,黄山市团拓部,养老险公司,总部,养老险公司,安徽,,,网上交易,国寿养老险,2016-02-25,寿险团险,安徽,黄山,黄山市团拓部
CL1000169093,伍和怡,身份证,342501********054X,CL9025,福寿嘉年13期,"35,000.00","35,000.00","35,002.04",830060,养老险公司,安徽,34250179001009,,寿险团险,安徽,宣城,团拓,养老险公司,总部,养老险公司,安徽,,,网上交易,国寿养老险,2016-02-25,寿险团险,安徽,宣城,团拓
CL1000169093,伍和怡,身份证,342501********054X,CL9025,福寿嘉年13期,"50,000.00","50,000.00","50,002.92",830060,养老险公司,安徽,34250179001009,,寿险团险,安徽,宣城,团拓,养老险公司,总部,养老险公司,安徽,,,网上交易,国寿养老险,2016-02-25,寿险团险,安徽,宣城,团拓
CL1000169093,伍和怡,身份证,342501********054X,CL9025,福寿嘉年13期,"50,000.00","50,000.00","50,002.92",830060,养老险公司,安徽,34250179001009,,寿险团险,安徽,宣城,团拓,养老险公司,总部,养老险公司,安徽,,,网上交易,国寿养老险,2016-02-25,寿险团险,安徽,宣城,团拓
CL1000169093,伍和怡,身份证,342501********054X,CL9025,福寿嘉年13期,"50,000.00","50,000.00","50,002.92",830060,养老险公司,安徽,34250179001009,,寿险团险,安徽,宣城,团拓,养老险公司,总部,养老险公司,安徽,,,网上交易,国寿养老险,2016-02-25,寿险团险,安徽,宣城,团拓
CL1000874440,王亚娟,身份证,342222********3664,CL9025,福寿嘉年13期,"130,000.00","130,000.00","130,007.58",830060,养老险公司,安徽,34222279000006,,寿险团险,安徽,宿州,萧县支公司,养老险公司,总部,养老险公司,安徽,,,网上交易,国寿养老险,2016-02-25,寿险团险,安徽,宿州,萧县支公司
CL1000874440,王亚娟,身份证,342222********3664,CL9025,福寿嘉年13期,"200,000.00","200,000.00","200,011.67",830060,养老险公司,安徽,34222279000006,,寿险团险,安徽,宿州,萧县支公司,养老险公司,总部,养老险公司,安徽,,,网上交易,国寿养老险,2016-02-25,寿险团险,安徽,宿州,萧县支公司
CL1000038693,孙茂源,身份证,340702********0511,CL9025,福寿嘉年13期,"85,000.00","85,000.00","85,004.96",830060,养老险公司,安徽,341222198602050270, ,财险公司,安徽,,,养老险公司,总部,养老险公司,安徽,,,网上交易,国寿养老险,2016-02-25,财险公司,安徽,,
CL1000007334,周艳,身份证,340111********1022,CL9025,福寿嘉年13期,"160,000.00","160,000.00","160,009.33",830060,养老险公司,安徽,34011371000001,,寿险团险,安徽,合肥,团险拓展部,养老险公司,总部,养老险公司,安徽,,,网上交易,国寿养老险,2016-02-25,寿险团险,安徽,合肥,团险拓展部
CL1000753526,王庆龙,身份证,342322********0095,CL9025,福寿嘉年13期,"40,000.00","40,000.00","40,002.33",830060,养老险公司,安徽,34112279000011,,寿险团险,安徽,滁州,来安,养老险公司,总部,养老险公司,安徽,,,网上交易,国寿养老险,2016-02-25,寿险团险,安徽,滁州,来安
CL1000753526,王庆龙,身份证,342322********0095,CL9025,福寿嘉年13期,"50,000.00","50,000.00","50,002.92",830060,养老险公司,安徽,34112279000011,,寿险团险,安徽,滁州,来安,养老险公司,总部,养老险公司,安徽,,,网上交易,国寿养老险,2016-02-25,寿险团险,安徽,滁州,来安
CL1000538309,乔虎,身份证,340222********2916,CL9025,福寿嘉年13期,"20,000.00","20,000.00","20,001.17",830060,养老险公司,安徽, ,,,,,,养老险公司,总部,养老险公司,安徽,,,网上交易,国寿养老险,2016-02-25,养老险公司,安徽,,
CL1000846255,王金兰,身份证,340224********0023,CL9025,福寿嘉年13期,"50,000.00","50,000.00","50,002.92",830060,养老险公司,安徽,34292313408631,,寿险团险,安徽,池州,青阳支公司,养老险公司,总部,养老险公司,安徽,,,网上交易,国寿养老险,2016-02-25,寿险团险,安徽,池州,青阳支公司
CL1000810713,刘明,身份证,340405********1049,CL9025,福寿嘉年13期,"150,000.00","150,000.00","150,008.75",830060,养老险公司,安徽,34041179000020,,寿险团险,安徽,淮南,团拓部,养老险公司,总部,养老险公司,安徽,,,网上交易,国寿养老险,2016-02-25,寿险团险,安徽,淮南,团拓部
CL1000898564,徐小兰,身份证,342529********4823,CL9025,福寿嘉年13期,"46,000.00","46,000.00","46,002.68",830060,养老险公司,安徽,34250179001007,,寿险团险,安徽,宣城,团拓,养老险公司,总部,养老险公司,安徽,,,网上交易,国寿养老险,2016-02-25,寿险团险,安徽,宣城,团拓
CL1000871709,江模英,身份证,341023********2524,CL9025,福寿嘉年13期,"50,000.00","50,000.00","50,002.92",830060,养老险公司,安徽,34100279000003,,寿险团险,安徽,黄山,黄山市团拓部,养老险公司,总部,养老险公司,安徽,,,网上交易,国寿养老险,2016-02-25,寿险团险,安徽,黄山,黄山市团拓部
CL1000360696,徐翔,身份证,340223********9034,CL9025,福寿嘉年13期,"10,000.00","10,000.00","10,000.58",830060,养老险公司,安徽,YL34000005,张哲,养老险公司,安徽,,,养老险公司,总部,养老险公司,安徽,,,网上交易,国寿养老险,2016-02-25,养老险公司,安徽,,
CL1000360696,徐翔,身份证,340223********9034,CL9025,福寿嘉年13期,"50,000.00","50,000.00","50,002.92",830060,养老险公司,安徽,YL34000005,张哲,养老险公司,安徽,,,养老险公司,总部,养老险公司,安徽,,,网上交易,国寿养老险,2016-02-25,养老险公司,安徽,,
CL1000851170,陶涛,身份证,340102********3557,CL9025,福寿嘉年13期,"120,000.00","120,000.00","120,007.00",830060,养老险公司,安徽,34011379000004,,寿险团险,安徽,合肥,团险拓展部,养老险公司,总部,养老险公司,安徽,,,网上交易,国寿养老险,2016-02-25,寿险团险,安徽,合肥,团险拓展部
CL1000851170,陶涛,身份证,340102********3557,CL9025,福寿嘉年13期,"200,000.00","200,000.00","200,011.67",830060,养老险公司,安徽,34010579000016,,寿险团险,安徽,合肥,团险支公司,养老险公司,总部,养老险公司,安徽,,,网上交易,国寿养老险,2016-02-25,寿险团险,安徽,合肥,团险支公司
CL1000583804,谢琴,身份证,342501********5623,CL9025,福寿嘉年13期,"45,000.00","45,000.00","45,002.63",830060,养老险公司,安徽,34250179001007,,寿险团险,安徽,宣城,团拓,养老险公司,总部,养老险公司,安徽,,,网上交易,国寿养老险,2016-02-25,寿险团险,安徽,宣城,团拓
CL1000151693,李罗丽,身份证,342623********0028,CL9025,福寿嘉年13期,"49,000.00","49,000.00","49,002.86",830060,养老险公司,安徽, ,,,,,,养老险公司,总部,养老险公司,安徽,,,网上交易,国寿养老险,2016-02-25,养老险公司,安徽,,
CL1000151693,李罗丽,身份证,342623********0028,CL9025,福寿嘉年13期,"49,000.00","49,000.00","49,002.86",830060,养老险公司,安徽, ,,,,,,养老险公司,总部,养老险公司,安徽,,,网上交易,国寿养老险,2016-02-25,养老险公司,安徽,,
CL1000151693,李罗丽,身份证,342623********0028,CL9025,福寿嘉年13期,"49,000.00","49,000.00","49,002.86",830060,养老险公司,安徽, ,,,,,,养老险公司,总部,养老险公司,安徽,,,网上交易,国寿养老险,2016-02-25,养老险公司,安徽,,
CL1000151693,李罗丽,身份证,342623********0028,CL9025,福寿嘉年13期,"49,000.00","49,000.00","49,002.86",830060,养老险公司,安徽, ,,,,,,养老险公司,总部,养老险公司,安徽,,,网上交易,国寿养老险,2016-02-25,养老险公司,安徽,,
CL1000029627,戴翠英,身份证,342701********0469,CL9025,福寿嘉年13期,"50,000.00","50,000.00","50,002.92",830060,养老险公司,安徽,34100279000003,,寿险团险,安徽,黄山,黄山市团拓部,养老险公司,总部,养老险公司,安徽,,,网上交易,国寿养老险,2016-02-25,寿险团险,安徽,黄山,黄山市团拓部
CL1000029627,戴翠英,身份证,342701********0469,CL9025,福寿嘉年13期,"50,000.00","50,000.00","50,002.92",830060,养老险公司,安徽,34100279000003,,寿险团险,安徽,黄山,黄山市团拓部,养老险公司,总部,养老险公司,安徽,,,网上交易,国寿养老险,2016-02-25,寿险团险,安徽,黄山,黄山市团拓部
CL1000029627,戴翠英,身份证,342701********0469,CL9025,福寿嘉年13期,"50,000.00","50,000.00","50,002.92",830060,养老险公司,安徽,34100279000003,,寿险团险,安徽,黄山,黄山市团拓部,养老险公司,总部,养老险公司,安徽,,,网上交易,国寿养老险,2016-02-25,寿险团险,安徽,黄山,黄山市团拓部
CL1000029627,戴翠英,身份证,342701********0469,CL9025,福寿嘉年13期,"45,000.00","45,000.00","45,002.63",830060,养老险公司,安徽,34100279000003,,寿险团险,安徽,黄山,黄山市团拓部,养老险公司,总部,养老险公司,安徽,,,网上交易,国寿养老险,2016-02-25,寿险团险,安徽,黄山,黄山市团拓部
CL1000890506,杨锦,身份证,342401********0022,CL9025,福寿嘉年13期,"200,000.00","200,000.00","200,011.67",830060,养老险公司,安徽,34240179000022,,寿险团险,安徽,六安,团拓,养老险公司,总部,养老险公司,安徽,,,网上交易,国寿养老险,2016-02-25,寿险团险,安徽,六安,团拓
CL1000892515,耿宗凤,身份证,342626********1929,CL9025,福寿嘉年13期,"100,000.00","100,000.00","100,005.83",830060,养老险公司,安徽,34010571000110,,寿险团险,安徽,合肥,团险支公司,养老险公司,总部,养老险公司,安徽,,,网上交易,国寿养老险,2016-02-25,寿险团险,安徽,合肥,团险支公司
CL1000867994,程淑芬,身份证,341022********4323,CL9025,福寿嘉年13期,"50,000.00","50,000.00","50,002.92",830060,养老险公司,安徽,34100279000003,,寿险团险,安徽,黄山,黄山市团拓部,养老险公司,总部,养老险公司,安徽,,,网上交易,国寿养老险,2016-02-25,寿险团险,安徽,黄山,黄山市团拓部
CL1000867994,程淑芬,身份证,341022********4323,CL9025,福寿嘉年13期,"50,000.00","50,000.00","50,002.92",830060,养老险公司,安徽,34100279000003,,寿险团险,安徽,黄山,黄山市团拓部,养老险公司,总部,养老险公司,安徽,,,网上交易,国寿养老险,2016-02-25,寿险团险,安徽,黄山,黄山市团拓部
CL1000867994,程淑芬,身份证,341022********4323,CL9025,福寿嘉年13期,"50,000.00","50,000.00","50,002.92",830060,养老险公司,安徽,34100279000003,,寿险团险,安徽,黄山,黄山市团拓部,养老险公司,总部,养老险公司,安徽,,,网上交易,国寿养老险,2016-02-25,寿险团险,安徽,黄山,黄山市团拓部
CL1000867994,程淑芬,身份证,341022********4323,CL9025,福寿嘉年13期,"10,000.00","10,000.00","10,000.58",830060,养老险公司,安徽,34100279000003,,寿险团险,安徽,黄山,黄山市团拓部,养老险公司,总部,养老险公司,安徽,,,网上交易,国寿养老险,2016-02-25,寿险团险,安徽,黄山,黄山市团拓部
CL1000595355,郭为民,身份证,340104********3027,CL9025,福寿嘉年13期,"80,000.00","80,000.00","80,004.67",830060,养老险公司,安徽,34011371000001,,寿险团险,安徽,合肥,团险拓展部,养老险公司,总部,养老险公司,安徽,,,网上交易,国寿养老险,2016-02-25,寿险团险,安徽,合肥,团险拓展部
CL1000889565,朱凤侠,身份证,342201********0644,CL9025,福寿嘉年13期,"80,000.00","80,000.00","80,004.67",830060,养老险公司,安徽,34220379000003,,寿险团险,安徽,宿州,团拓部,养老险公司,总部,养老险公司,安徽,,,网上交易,国寿养老险,2016-02-25,寿险团险,安徽,宿州,团拓部
CL1000812577,陈元生,身份证,340222********0091,CL9025,福寿嘉年13期,"120,000.00","120,000.00","120,007.00",830060,养老险公司,安徽,34020179000008,,寿险团险,安徽,芜湖,团拓,养老险公司,总部,养老险公司,安徽,,,网上交易,国寿养老险,2016-02-25,寿险团险,安徽,芜湖,团拓
CL1000812577,陈元生,身份证,340222********0091,CL9025,福寿嘉年13期,"50,000.00","50,000.00","50,002.92",830060,养老险公司,安徽,34020179000008,,寿险团险,安徽,芜湖,团拓,养老险公司,总部,养老险公司,安徽,,,网上交易,国寿养老险,2016-02-25,寿险团险,安徽,芜湖,团拓
CL1000119793,唐振,身份证,342201********0412,CL9025,福寿嘉年13期,"50,000.00","50,000.00","50,002.92",830060,养老险公司,安徽,341222198602050270, ,财险公司,安徽,,,养老险公司,总部,养老险公司,安徽,,,网上交易,国寿养老险,2016-02-25,财险公司,安徽,,
CL1000148487,吴康琴,身份证,342425********0224,CL9025,福寿嘉年13期,"100,000.00","100,000.00","100,005.83",830060,养老险公司,安徽,34242579000011,,寿险团险,安徽,六安,舒城,养老险公司,总部,养老险公司,安徽,,,网上交易,国寿养老险,2016-02-25,寿险团险,安徽,六安,舒城
CL1000034120,江栋梁,身份证,342723********0017,CL9025,福寿嘉年13期,"30,000.00","30,000.00","30,001.75",830060,养老险公司,安徽,34100279000003,,寿险团险,安徽,黄山,黄山市团拓部,养老险公司,总部,养老险公司,安徽,,,网上交易,国寿养老险,2016-02-25,寿险团险,安徽,黄山,黄山市团拓部
CL1000812577,陈元生,身份证,340222********0091,CL9025,福寿嘉年13期,"30,000.00","30,000.00","30,001.75",830060,养老险公司,安徽,34020179000008,,寿险团险,安徽,芜湖,团拓,养老险公司,总部,养老险公司,安徽,,,网上交易,国寿养老险,2016-02-25,寿险团险,安徽,芜湖,团拓
CL1000142983,司雯,身份证,342426********0026,CL9025,福寿嘉年13期,"100,000.00","100,000.00","100,005.83",830060,养老险公司,安徽,YL34000002,杨竞,养老险公司,安徽,,,养老险公司,总部,养老险公司,安徽,,,网上交易,国寿养老险,2016-02-25,养老险公司,安徽,,
CL1000204120,王少鹏,身份证,341021********3994,CL9025,福寿嘉年13期,"50,000.00","50,000.00","50,002.92",830060,养老险公司,安徽,341222198602050270, ,财险公司,安徽,,,养老险公司,总部,养老险公司,安徽,,,网上交易,国寿养老险,2016-02-25,财险公司,安徽,,
CL1000871643,嵇静梅,身份证,340202********2824,CL9025,福寿嘉年13期,"63,000.00","63,000.00","63,003.68",830060,养老险公司,安徽,34020179000008,,寿险团险,安徽,芜湖,团拓,养老险公司,总部,养老险公司,安徽,,,网上交易,国寿养老险,2016-02-25,寿险团险,安徽,芜湖,团拓
CL1000864364,杨蕾,身份证,342901********5822,CL9025,福寿嘉年13期,"150,000.00","150,000.00","150,008.75",830060,养老险公司,安徽,34290179000011,,寿险团险,安徽,池州,城区团拓部,养老险公司,总部,养老险公司,安徽,,,网上交易,国寿养老险,2016-02-25,寿险团险,安徽,池州,城区团拓部
CL1000120789,杨勇,身份证,341124********0031,CL9025,福寿嘉年13期,"10,000.00","10,000.00","10,000.58",830060,养老险公司,安徽,YL34000003,陈俊,养老险公司,安徽,,,养老险公司,总部,养老险公司,安徽,,,网上交易,国寿养老险,2016-02-25,养老险公司,安徽,,
CL1000148598,莫萍,身份证,342427********0069,CL9025,福寿嘉年13期,"20,000.00","20,000.00","20,001.17",830060,养老险公司,安徽,34242779000023,,寿险团险,安徽,六安,霍山,养老险公司,总部,养老险公司,安徽,,,网上交易,国寿养老险,2016-02-25,寿险团险,安徽,六安,霍山
CL1000148598,莫萍,身份证,342427********0069,CL9025,福寿嘉年13期,"50,000.00","50,000.00","50,002.92",830060,养老险公司,安徽,34242779000023,,寿险团险,安徽,六安,霍山,养老险公司,总部,养老险公司,安徽,,,网上交易,国寿养老险,2016-02-25,寿险团险,安徽,六安,霍山
CL1000148598,莫萍,身份证,342427********0069,CL9025,福寿嘉年13期,"50,000.00","50,000.00","50,002.92",830060,养老险公司,安徽,34242779000001,,寿险团险,安徽,六安,霍山,养老险公司,总部,养老险公司,安徽,,,网上交易,国寿养老险,2016-02-25,寿险团险,安徽,六安,霍山
CL1000120789,杨勇,身份证,341124********0031,CL9025,福寿嘉年13期,"200,000.00","200,000.00","200,011.67",830060,养老险公司,安徽,YL34000003,陈俊,养老险公司,安徽,,,养老险公司,总部,养老险公司,安徽,,,网上交易,国寿养老险,2016-02-25,养老险公司,安徽,,
CL1000767531,李欢,身份证,340702********0521,CL9025,福寿嘉年13期,"50,000.00","50,000.00","50,002.92",830060,养老险公司,安徽,34070379001002,,寿险团险,安徽,铜陵,团拓部（城区）,养老险公司,总部,养老险公司,安徽,,,网上交易,国寿养老险,2016-02-25,寿险团险,安徽,铜陵,团拓部（城区）
CL1000871487,方春英,身份证,341002********0426,CL9025,福寿嘉年13期,"10,000.00","10,000.00","10,000.58",830060,养老险公司,安徽,34100279000003,,寿险团险,安徽,黄山,黄山市团拓部,养老险公司,总部,养老险公司,安徽,,,网上交易,国寿养老险,2016-02-25,寿险团险,安徽,黄山,黄山市团拓部
CL1000853934,江家信,身份证,342923********0714,CL9025,福寿嘉年13期,"200,000.00","200,000.00","200,011.67",830060,养老险公司,安徽,34292313401493,,寿险团险,安徽,池州,青阳支公司,养老险公司,总部,养老险公司,安徽,,,网上交易,国寿养老险,2016-02-25,寿险团险,安徽,池州,青阳支公司
CL1000248206,蒋蓉蓉,身份证,340223********0045,CL9025,福寿嘉年13期,"50,000.00","50,000.00","50,002.92",830060,养老险公司,安徽,YL34000005,张哲,养老险公司,安徽,,,养老险公司,总部,养老险公司,安徽,,,网上交易,国寿养老险,2016-02-25,养老险公司,安徽,,
CL1000034875,张慧,身份证,341002********0028,CL9025,福寿嘉年13期,"50,000.00","50,000.00","50,002.92",830060,养老险公司,安徽,34100279000003,,寿险团险,安徽,黄山,黄山市团拓部,养老险公司,总部,养老险公司,安徽,,,网上交易,国寿养老险,2016-02-25,寿险团险,安徽,黄山,黄山市团拓部
CL1000034875,张慧,身份证,341002********0028,CL9025,福寿嘉年13期,"50,000.00","50,000.00","50,002.92",830060,养老险公司,安徽,34100279000003,,寿险团险,安徽,黄山,黄山市团拓部,养老险公司,总部,养老险公司,安徽,,,网上交易,国寿养老险,2016-02-25,寿险团险,安徽,黄山,黄山市团拓部
CL1000898031,郭智,身份证,340102********3019,CL9025,福寿嘉年13期,"50,000.00","50,000.00","50,002.92",830060,养老险公司,安徽,YL34000011,殷文懿,养老险公司,安徽,,,养老险公司,总部,养老险公司,安徽,,,网上交易,国寿养老险,2016-02-25,养老险公司,安徽,,
CL1000898031,郭智,身份证,340102********3019,CL9025,福寿嘉年13期,"50,000.00","50,000.00","50,002.92",830060,养老险公司,安徽,YL34000011,殷文懿,养老险公司,安徽,,,养老险公司,总部,养老险公司,安徽,,,网上交易,国寿养老险,2016-02-25,养老险公司,安徽,,
CL1000090777,吴小松,身份证,342401********1319,CL9025,福寿嘉年13期,"50,000.00","50,000.00","50,002.92",830060,养老险公司,安徽,34242279000011,,寿险团险,安徽,,,养老险公司,总部,养老险公司,安徽,,,网上交易,国寿养老险,2016-02-25,寿险团险,安徽,,
CL1000090777,吴小松,身份证,342401********1319,CL9025,福寿嘉年13期,"50,000.00","50,000.00","50,002.92",830060,养老险公司,安徽,34242279000011,,寿险团险,安徽,,,养老险公司,总部,养老险公司,安徽,,,网上交易,国寿养老险,2016-02-25,寿险团险,安徽,,
CL1000733831,邹德朝,身份证,342401********3418,CL9025,福寿嘉年13期,"40,000.00","40,000.00","40,002.33",830060,养老险公司,安徽, ,,,,,,养老险公司,总部,养老险公司,安徽,,,网上交易,国寿养老险,2016-02-25,养老险公司,安徽,,
CL1000278522,周美凤,身份证,340702********1044,CL9025,福寿嘉年13期,"50,000.00","50,000.00","50,002.92",830060,养老险公司,安徽,34070379001002,,寿险团险,安徽,铜陵,团拓部（城区）,养老险公司,总部,养老险公司,安徽,,,网上交易,国寿养老险,2016-02-25,寿险团险,安徽,铜陵,团拓部（城区）
CL1000191895,徐安民,身份证,340803********2313,CL9025,福寿嘉年13期,"10,000.00","10,000.00","10,000.58",830060,养老险公司,安徽,34080179000010,,寿险团险,安徽,安庆,城区团拓部,养老险公司,总部,养老险公司,安徽,,,网上交易,国寿养老险,2016-02-25,寿险团险,安徽,安庆,城区团拓部
CL1000191895,徐安民,身份证,340803********2313,CL9025,福寿嘉年13期,"50,000.00","50,000.00","50,002.92",830060,养老险公司,安徽,34080179000010,,寿险团险,安徽,安庆,城区团拓部,养老险公司,总部,养老险公司,安徽,,,网上交易,国寿养老险,2016-02-25,寿险团险,安徽,安庆,城区团拓部
CL1000034120,江栋梁,身份证,342723********0017,CL9025,福寿嘉年13期,"50,000.00","50,000.00","50,002.92",830060,养老险公司,安徽,34100279000003,,寿险团险,安徽,黄山,黄山市团拓部,养老险公司,总部,养老险公司,安徽,,,网上交易,国寿养老险,2016-02-25,寿险团险,安徽,黄山,黄山市团拓部
CL1000144225,李恩燕,身份证,342401********3841,CL9025,福寿嘉年13期,"120,000.00","120,000.00","120,007.00",830060,养老险公司,安徽,34240179000022,,寿险团险,安徽,六安,团拓,养老险公司,总部,养老险公司,安徽,,,网上交易,国寿养老险,2016-02-25,寿险团险,安徽,六安,团拓
CL1000857663,王松青,身份证,341002********0412,CL9025,福寿嘉年13期,"50,000.00","50,000.00","50,002.92",830060,养老险公司,安徽,34100279000003,,寿险团险,安徽,黄山,黄山市团拓部,养老险公司,总部,养老险公司,安徽,,,网上交易,国寿养老险,2016-02-25,寿险团险,安徽,黄山,黄山市团拓部
CL1000857663,王松青,身份证,341002********0412,CL9025,福寿嘉年13期,"50,000.00","50,000.00","50,002.92",830060,养老险公司,安徽,34100279000003,,寿险团险,安徽,黄山,黄山市团拓部,养老险公司,总部,养老险公司,安徽,,,网上交易,国寿养老险,2016-02-25,寿险团险,安徽,黄山,黄山市团拓部
CL1000857663,王松青,身份证,341002********0412,CL9025,福寿嘉年13期,"50,000.00","50,000.00","50,002.92",830060,养老险公司,安徽,34100279000003,,寿险团险,安徽,黄山,黄山市团拓部,养老险公司,总部,养老险公司,安徽,,,网上交易,国寿养老险,2016-02-25,寿险团险,安徽,黄山,黄山市团拓部
CL1000857663,王松青,身份证,341002********0412,CL9025,福寿嘉年13期,"50,000.00","50,000.00","50,002.92",830060,养老险公司,安徽,34100279000003,,寿险团险,安徽,黄山,黄山市团拓部,养老险公司,总部,养老险公司,安徽,,,网上交易,国寿养老险,2016-02-25,寿险团险,安徽,黄山,黄山市团拓部
CL1000860746,刘彩云,身份证,342622********0962,CL9025,福寿嘉年13期,"200,000.00","200,000.00","200,011.67",830060,养老险公司,安徽,34020179000036,,寿险团险,安徽,芜湖,团拓,养老险公司,总部,养老险公司,安徽,,,网上交易,国寿养老险,2016-02-25,寿险团险,安徽,芜湖,团拓
CL1000717186,吴铭,身份证,342401********3421,CL9025,福寿嘉年13期,"200,000.00","200,000.00","200,011.67",830060,养老险公司,安徽,34240179000022,,寿险团险,安徽,六安,团拓,养老险公司,总部,养老险公司,安徽,,,网上交易,国寿养老险,2016-02-25,寿险团险,安徽,六安,团拓
CL1000717186,吴铭,身份证,342401********3421,CL9025,福寿嘉年13期,"110,000.00","110,000.00","110,006.42",830060,养老险公司,安徽,34240179000022,,寿险团险,安徽,六安,团拓,养老险公司,总部,养老险公司,安徽,,,网上交易,国寿养老险,2016-02-25,寿险团险,安徽,六安,团拓
CL1000823296,熊诗民,身份证,340202********0713,CL9025,福寿嘉年13期,"230,000.00","230,000.00","230,013.42",830060,养老险公司,安徽,34020179000026,,寿险团险,安徽,芜湖,团拓,养老险公司,总部,养老险公司,安徽,,,网上交易,国寿养老险,2016-02-25,寿险团险,安徽,芜湖,团拓
CL1000143560,陶涛,身份证,340223********0013,CL9025,福寿嘉年13期,"50,000.00","50,000.00","50,002.92",830060,养老险公司,安徽,YL34000005,张哲,养老险公司,安徽,,,养老险公司,总部,养老险公司,安徽,,,网上交易,国寿养老险,2016-02-25,养老险公司,安徽,,
CL1000143560,陶涛,身份证,340223********0013,CL9025,福寿嘉年13期,"200,000.00","200,000.00","200,011.67",830060,养老险公司,安徽,YL34000005,张哲,养老险公司,安徽,,,养老险公司,总部,养老险公司,安徽,,,网上交易,国寿养老险,2016-02-25,养老险公司,安徽,,
CL1000887123,刘文谦,身份证,130927********0020,CL9025,福寿嘉年13期,"50,000.00","50,000.00","50,002.92",830060,养老险公司,安徽,34222279000006,,寿险团险,安徽,宿州,萧县支公司,养老险公司,总部,养老险公司,安徽,,,网上交易,国寿养老险,2016-02-25,寿险团险,安徽,宿州,萧县支公司
CL1000887123,刘文谦,身份证,130927********0020,CL9025,福寿嘉年13期,"50,000.00","50,000.00","50,002.92",830060,养老险公司,安徽,34222279000006,,寿险团险,安徽,宿州,萧县支公司,养老险公司,总部,养老险公司,安徽,,,网上交易,国寿养老险,2016-02-25,寿险团险,安徽,宿州,萧县支公司

