﻿FUND_ACCT,CUST_NAME,CERT_TYPE,CERT_NO,FUND_CODE,FUND_NAME,APP_MONEY,ACK_MONEY,ACK_SHARE,INVITECODE,COMPANY_INVITE,BRANCH_INVITE_NEW,REFERID,CUSTNAME_REFER,COMPANY_REFER,BRANCH_REFER_NEW,CT_REFER,CR_REFER,COMPANY_ORG,ORGNAME,SALE_COMPANY_NAME_DTL,SALE_BRANCH_NAME,SALE_CT_NAME,SALE_CR_NAME,ACCEPT_METHOD,AGENCY_NAME,ACK_DATE,SALE_COMPANY_NAME_FEE,SALE_BRANCH_NAME_FEE1,SALE_CT_NAME_FEE,SALE_CR_NAME_FEE
CL1004429385,张蓓,身份证,340302********0640,CL9208,福寿嘉年137期,"100,000.00","100,000.00","100,000.00", ,,,34011379000001,,寿险团险,安徽,合肥,团险拓展部,养老险公司,总部,寿险团险,安徽,合肥,团险拓展部,网上交易,国寿养老险,2019-07-15,寿险团险,安徽,合肥,团险拓展部
CL1003094693,赵成荣,身份证,342422********016X,CL9208,福寿嘉年137期,"30,000.00",0.00,0.00, ,,,34042279000021,,寿险团险,安徽,淮南,寿县支公司,,,寿险团险,安徽,淮南,寿县支公司,微信,国寿养老险,2019-07-15,寿险团险,安徽,淮南,寿县支公司
CL1011435028,管小平,身份证,342529********0043,CL9208,福寿嘉年137期,"20,000.00",0.00,0.00, ,,,34252979000011,,寿险团险,安徽,宣城,泾县支公司,,,寿险团险,安徽,宣城,泾县支公司,微信,国寿养老险,2019-07-15,寿险团险,安徽,宣城,泾县支公司
CL1127096533,汪丽,身份证,340221********8229,CL9208,福寿嘉年137期,"10,000.00","10,000.00","10,000.00", ,,,34020379000040,,寿险团险,安徽,芜湖,芜湖县支公司,养老险公司,总部,寿险团险,安徽,芜湖,芜湖县支公司,网上交易,国寿养老险,2019-07-15,寿险团险,安徽,芜湖,芜湖县支公司
CL1001064964,王兵,身份证,342201********0012,CL9208,福寿嘉年137期,"15,000.00","15,000.00","15,000.00",518618,养老险公司,安徽,34222179000022,,寿险团险,安徽,宿州,砀山县支公司,养老险公司,总部,养老险公司,安徽,,,网上交易,国寿养老险,2019-07-15,寿险团险,安徽,宿州,砀山县支公司
CL1001064964,王兵,身份证,342201********0012,CL9208,福寿嘉年137期,"100,000.00",0.00,0.00, ,,,34222179000022,,寿险团险,安徽,宿州,砀山县支公司,,,寿险团险,安徽,宿州,砀山县支公司,微信,国寿养老险,2019-07-15,寿险团险,安徽,宿州,砀山县支公司
CL1154258241,郭品根,身份证,340211********2410,CL9208,福寿嘉年137期,"50,000.00","50,000.00","50,000.00", ,,,34020179000036,,寿险团险,安徽,芜湖,团拓,养老险公司,总部,寿险团险,安徽,芜湖,团拓,网上交易,国寿养老险,2019-07-15,寿险团险,安徽,芜湖,团拓
CL1009908130,马素庭,身份证,342224********0523,CL9208,福寿嘉年137期,"50,000.00",0.00,0.00, ,,,34222479002532,,寿险团险,安徽,宿州,灵璧县支公司,,,寿险团险,安徽,宿州,灵璧县支公司,微信,国寿养老险,2019-07-15,寿险团险,安徽,宿州,灵璧县支公司
CL1001212460,陈玲,身份证,342201********042X,CL9208,福寿嘉年137期,"400,000.00",0.00,0.00, ,,,34222579000014,,寿险团险,安徽,宿州,泗县支公司,养老险公司,总部,寿险团险,安徽,宿州,泗县支公司,网上交易,国寿养老险,2019-07-15,寿险团险,安徽,宿州,泗县支公司
CL1103706703,邱美红,身份证,341022********3924,CL9208,福寿嘉年137期,"30,000.00","30,000.00","30,000.00", ,,,34102271000003,,寿险团险,安徽,黄山,休宁县支公司,,,寿险团险,安徽,黄山,休宁县支公司,微信,国寿养老险,2019-07-15,寿险团险,安徽,黄山,休宁县支公司
CL1004258720,梁亚娟,身份证,340323********0027,CL9208,福寿嘉年137期,"50,000.00",0.00,0.00, ,,,34032379000017,,寿险团险,安徽,蚌埠,固镇县支公司,养老险公司,总部,寿险团险,安徽,蚌埠,固镇县支公司,网上交易,国寿养老险,2019-07-15,寿险团险,安徽,蚌埠,固镇县支公司
CL1000464844,梅明霞,身份证,340702********2520,CL9208,福寿嘉年137期,"98,000.00",0.00,0.00, ,,,34070379000048,,寿险团险,安徽,铜陵,团拓部（城区）,养老险公司,总部,寿险团险,安徽,铜陵,团拓部（城区）,网上交易,国寿养老险,2019-07-15,寿险团险,安徽,铜陵,团拓部（城区）
CL1033773570,姚多珍,身份证,340403********0628,CL9208,福寿嘉年137期,"70,000.00",0.00,0.00, ,,,34042279000019,,寿险团险,安徽,淮南,寿县支公司,,,寿险团险,安徽,淮南,寿县支公司,微信,国寿养老险,2019-07-15,寿险团险,安徽,淮南,寿县支公司
CL1000657858,朱珉,身份证,340103********2517,CL9208,福寿嘉年137期,"100,000.00","100,000.00","100,002.92",518618,养老险公司,安徽,YL34000022,郑志明,养老险公司,安徽,,,养老险公司,总部,养老险公司,安徽,,,网上交易,国寿养老险,2019-07-15,养老险公司,安徽,,
CL1005490331,张晓侠,身份证,342221********0020,CL9208,福寿嘉年137期,"50,000.00","50,000.00","50,001.46",518618,养老险公司,安徽,YL34000024,张婷,养老险公司,安徽,,,,,养老险公司,安徽,,,APP,国寿养老险,2019-07-15,养老险公司,安徽,,
CL1015342804,朱永余,身份证,340122********7394,CL9208,福寿嘉年137期,"10,000.00",0.00,0.00, ,,,34012379000031,,寿险团险,安徽,合肥,肥西支公司,,,寿险团险,安徽,合肥,肥西支公司,微信,国寿养老险,2019-07-15,寿险团险,安徽,合肥,肥西支公司
CL1008046968,周云,身份证,340603********0429,CL9208,福寿嘉年137期,"90,000.00",0.00,0.00, ,,,YL34000017,李虎,养老险公司,安徽,,,养老险公司,总部,养老险公司,安徽,,,网上交易,国寿养老险,2019-07-15,养老险公司,安徽,,
CL1004429374,杨秋惠,身份证,340302********022X,CL9208,福寿嘉年137期,"35,000.00","35,000.00","35,001.02",518618,养老险公司,安徽,YL34000009,平欣丽,养老险公司,安徽,,,养老险公司,总部,养老险公司,安徽,,,网上交易,国寿养老险,2019-07-15,养老险公司,安徽,,
CL1004696644,侯国英,身份证,342700********1046,CL9208,福寿嘉年137期,"40,000.00",0.00,0.00, ,,,34100479000003,,寿险团险,安徽,黄山,徽州区支公司,,,寿险团险,安徽,黄山,徽州区支公司,微信,国寿养老险,2019-07-15,寿险团险,安徽,黄山,徽州区支公司
CL1158988415,陆璐,身份证,340802********0023,CL9208,福寿嘉年137期,"20,000.00","20,000.00","20,000.58",518618,养老险公司,安徽,YL34000019,胡金红,养老险公司,安徽,,,,,养老险公司,安徽,,,APP,国寿养老险,2019-07-15,养老险公司,安徽,,
CL1002796450,宋永辉,身份证,342700********0837,CL9208,福寿嘉年137期,"50,000.00",0.00,0.00, ,,,34100479000003,,寿险团险,安徽,黄山,徽州区支公司,,,寿险团险,安徽,黄山,徽州区支公司,微信,国寿养老险,2019-07-15,寿险团险,安徽,黄山,徽州区支公司
CL1136034981,陈少华,身份证,342201********5627,CL9208,福寿嘉年137期,"130,000.00","130,000.00","130,000.00",518618,养老险公司,安徽,34222179000022,,寿险团险,安徽,宿州,砀山县支公司,养老险公司,总部,养老险公司,安徽,,,网上交易,国寿养老险,2019-07-15,寿险团险,安徽,宿州,砀山县支公司
CL1000006968,张萍,身份证,340103********1024,CL9208,福寿嘉年137期,"130,000.00","130,000.00","130,003.79",518618,养老险公司,安徽,YL34000009,平欣丽,养老险公司,安徽,,,,,养老险公司,安徽,,,微信,国寿养老险,2019-07-15,养老险公司,安徽,,
CL1145726734,田楚霓,身份证,342327********0223,CL9208,福寿嘉年137期,"23,000.00",0.00,0.00, ,,,34112779000051,,寿险团险,安徽,滁州,明光,养老险公司,总部,寿险团险,安徽,滁州,明光,网上交易,国寿养老险,2019-07-15,寿险团险,安徽,滁州,明光
CL1010398408,凌萍,身份证,342723********9644,CL9208,福寿嘉年137期,"20,000.00",0.00,0.00, ,,,34102179002102,,寿险团险,安徽,黄山,歙县支公司,,,寿险团险,安徽,黄山,歙县支公司,微信,国寿养老险,2019-07-15,寿险团险,安徽,黄山,歙县支公司
CL1182186076,王晓红,身份证,342401********2223,CL9208,福寿嘉年137期,"100,000.00","100,000.00","100,000.00", ,,,34010579000129,,寿险团险,安徽,合肥,团险支公司,养老险公司,总部,寿险团险,安徽,合肥,团险支公司,网上交易,国寿养老险,2019-07-15,寿险团险,安徽,合肥,团险支公司
CL1142530903,赵磊,身份证,342422********0015,CL9208,福寿嘉年137期,"60,000.00",0.00,0.00, ,,,34242379000046,,寿险团险,安徽,六安,霍邱,,,寿险团险,安徽,六安,霍邱,微信,国寿养老险,2019-07-15,寿险团险,安徽,六安,霍邱
CL1000867994,程淑芬,身份证,341022********4323,CL9208,福寿嘉年137期,"130,000.00",0.00,0.00, ,,,34100279000017,,寿险团险,安徽,黄山,黄山市团拓部,养老险公司,总部,寿险团险,安徽,黄山,黄山市团拓部,网上交易,国寿养老险,2019-07-15,寿险团险,安徽,黄山,黄山市团拓部
CL1000020448,韩龄,身份证,340202********2517,CL9208,福寿嘉年137期,"200,000.00","200,000.00","200,000.00", ,,,34020679000015,,寿险团险,安徽,芜湖,开发区支公司,养老险公司,总部,寿险团险,安徽,芜湖,开发区支公司,网上交易,国寿养老险,2019-07-15,寿险团险,安徽,芜湖,开发区支公司
CL1161648237,俞传平,身份证,340121********9127,CL9208,福寿嘉年137期,"500,000.00","500,000.00","500,000.00", ,,,34012179000066,,寿险团险,安徽,合肥,长丰支公司,养老险公司,总部,寿险团险,安徽,合肥,长丰支公司,网上交易,国寿养老险,2019-07-15,寿险团险,安徽,合肥,长丰支公司
CL1000759053,杨帮庆,身份证,340302********0227,CL9208,福寿嘉年137期,"500,000.00","500,000.00","500,014.58",518618,养老险公司,安徽,YL34000009,平欣丽,养老险公司,安徽,,,养老险公司,总部,养老险公司,安徽,,,网上交易,国寿养老险,2019-07-15,养老险公司,安徽,,
CL1000759053,杨帮庆,身份证,340302********0227,CL9208,福寿嘉年137期,"500,000.00","500,000.00","500,014.58",518618,养老险公司,安徽,YL34000009,平欣丽,养老险公司,安徽,,,养老险公司,总部,养老险公司,安徽,,,网上交易,国寿养老险,2019-07-15,养老险公司,安徽,,
CL1067423978,郭澄刚,身份证,340702********3572,CL9208,福寿嘉年137期,"100,000.00","100,000.00","100,002.92",518618,养老险公司,安徽,YL34000015,盛大治,养老险公司,安徽,,,,,养老险公司,安徽,,,微信,国寿养老险,2019-07-15,养老险公司,安徽,,
CL1000765177,胡金红,身份证,340802********0024,CL9208,福寿嘉年137期,"10,000.00","10,000.00","10,000.29",518618,养老险公司,安徽,YL34000027,朱君君,养老险公司,安徽,,,,,养老险公司,安徽,,,APP,国寿养老险,2019-07-15,养老险公司,安徽,,
CL1000765177,胡金红,身份证,340802********0024,CL9208,福寿嘉年137期,"10,000.00","10,000.00","10,000.29",518618,养老险公司,安徽,YL34000027,朱君君,养老险公司,安徽,,,,,养老险公司,安徽,,,APP,国寿养老险,2019-07-15,养老险公司,安徽,,
CL1000979442,汪春凤,身份证,341002********022X,CL9208,福寿嘉年137期,"200,000.00","200,000.00","200,000.00", ,,,34102371000003,,寿险团险,安徽,黄山,黟县支公司,养老险公司,总部,寿险团险,安徽,黄山,黟县支公司,网上交易,国寿养老险,2019-07-15,寿险团险,安徽,黄山,黟县支公司
CL1000173108,吴学翠,身份证,340521********5823,CL9208,福寿嘉年137期,"120,000.00","120,000.00","120,000.00", ,,,34020179000036,,寿险团险,安徽,芜湖,团拓,养老险公司,总部,寿险团险,安徽,芜湖,团拓,网上交易,国寿养老险,2019-07-15,寿险团险,安徽,芜湖,团拓
CL1003558169,李虎,身份证,342201********0452,CL9208,福寿嘉年137期,"200,000.00","200,000.00","200,005.83",518618,养老险公司,安徽,YL34000017,李虎,养老险公司,安徽,,,养老险公司,总部,养老险公司,安徽,,,网上交易,国寿养老险,2019-07-15,养老险公司,安徽,,

