﻿FUND_ACCT,CUST_NAME,CERT_TYPE,CERT_NO,FUND_CODE,FUND_NAME,APP_MONEY,ACK_MONEY,ACK_SHARE,INVITECODE,COMPANY_INVITE,BRANCH_INVITE_NEW,REFERID,CUSTNAME_REFER,COMPANY_REFER,BRANCH_REFER_NEW,CT_REFER,CR_REFER,COMPANY_ORG,ORGNAME,SALE_COMPANY_NAME_DTL,SALE_BRANCH_NAME,SALE_CT_NAME,SALE_CR_NAME,ACCEPT_METHOD,AGENCY_NAME,ACK_DATE,SALE_COMPANY_NAME_FEE,SALE_BRANCH_NAME_FEE1,SALE_CT_NAME_FEE,SALE_CR_NAME_FEE
CL1175462434,刘道雯,身份证,340304********0226,CL9211,福寿嘉年140期,"27,000.00","27,000.00","27,000.79",010566,养老险公司,安徽,34031079000043,,寿险团险,安徽,蚌埠,团拓,养老险公司,总部,养老险公司,安徽,,,网上交易,国寿养老险,2019-09-27,寿险团险,安徽,蚌埠,团拓
CL1004429385,张蓓,身份证,340302********0640,CL9211,福寿嘉年140期,"105,000.00","105,000.00","105,003.06",010566,养老险公司,安徽,34011379000001,,寿险团险,安徽,合肥,团险拓展部,养老险公司,总部,养老险公司,安徽,,,网上交易,国寿养老险,2019-09-27,寿险团险,安徽,合肥,团险拓展部
CL1004429385,张蓓,身份证,340302********0640,CL9211,福寿嘉年140期,"50,000.00","50,000.00","50,001.46",010566,养老险公司,安徽,34011379000001,,寿险团险,安徽,合肥,团险拓展部,,,养老险公司,安徽,,,微信,国寿养老险,2019-09-27,寿险团险,安徽,合肥,团险拓展部
CL1008529164,伏丽娟,身份证,340403********2620,CL9211,福寿嘉年140期,"20,000.00","20,000.00","20,000.58",010566,养老险公司,安徽,34042279000053,,寿险团险,安徽,淮南,寿县支公司,养老险公司,总部,养老险公司,安徽,,,网上交易,国寿养老险,2019-09-27,寿险团险,安徽,淮南,寿县支公司
CL1009373484,潘文秀,身份证,340202********0025,CL9211,福寿嘉年140期,"148,000.00","148,000.00","148,004.32",010566,养老险公司,安徽,34020179000036,,寿险团险,安徽,芜湖,团拓,养老险公司,总部,养老险公司,安徽,,,网上交易,国寿养老险,2019-09-27,寿险团险,安徽,芜湖,团拓
CL1147680433,宋玉荣,身份证,342829********4723,CL9211,福寿嘉年140期,"40,000.00","40,000.00","40,001.17",010566,养老险公司,安徽, ,,,,,,养老险公司,总部,养老险公司,安徽,,,网上交易,国寿养老险,2019-09-27,养老险公司,安徽,,
CL1057563661,汪芳友,身份证,340224********0712,CL9211,福寿嘉年140期,"100,000.00","100,000.00","100,002.92",010566,养老险公司,安徽,34292379000037,,寿险团险,安徽,池州,青阳支公司,,,养老险公司,安徽,,,微信,国寿养老险,2019-09-27,寿险团险,安徽,池州,青阳支公司
CL1000234579,孙耘初,身份证,342725********6023,CL9211,福寿嘉年140期,"60,000.00","60,000.00","60,001.75",010566,养老险公司,安徽,34100279000042,,寿险团险,安徽,黄山,黄山市团拓部,养老险公司,总部,养老险公司,安徽,,,网上交易,国寿养老险,2019-09-27,寿险团险,安徽,黄山,黄山市团拓部
CL1009585540,骆君翠,身份证,340222********0027,CL9211,福寿嘉年140期,"21,000.00","21,000.00","21,000.61",010566,养老险公司,安徽, ,,,,,,养老险公司,总部,养老险公司,安徽,,,网上交易,国寿养老险,2019-09-27,养老险公司,安徽,,
CL1008567557,龙雪,身份证,500225********0324,CL9211,福寿嘉年140期,"10,000.00","10,000.00","10,000.29",010566,养老险公司,安徽,34253179000013,,寿险团险,安徽,宣城,绩溪支公司,,,养老险公司,安徽,,,APP,国寿养老险,2019-09-27,寿险团险,安徽,宣城,绩溪支公司
CL1015474047,王金兰,身份证,340304********0027,CL9211,福寿嘉年140期,"20,000.00","20,000.00","20,000.39",010566,养老险公司,安徽,34032179000051,,寿险团险,安徽,蚌埠,怀远县支公司,养老险公司,总部,养老险公司,安徽,,,网上交易,国寿养老险,2019-09-27,寿险团险,安徽,蚌埠,怀远县支公司
CL1001064964,王兵,身份证,342201********0012,CL9211,福寿嘉年140期,"500,000.00","500,000.00","500,014.58",010566,养老险公司,安徽,34222179000021,,寿险团险,安徽,宿州,砀山县支公司,养老险公司,总部,养老险公司,安徽,,,网上交易,国寿养老险,2019-09-27,寿险团险,安徽,宿州,砀山县支公司
CL1001064964,王兵,身份证,342201********0012,CL9211,福寿嘉年140期,"75,000.00","75,000.00","75,002.19",010566,养老险公司,安徽,34222179000021,,寿险团险,安徽,宿州,砀山县支公司,养老险公司,总部,养老险公司,安徽,,,网上交易,国寿养老险,2019-09-27,寿险团险,安徽,宿州,砀山县支公司
CL1150906493,乔磊,身份证,340323********333X,CL9211,福寿嘉年140期,"20,000.00","20,000.00","20,000.58",010566,养老险公司,安徽,34032379000017,,寿险团险,安徽,蚌埠,固镇县支公司,,,养老险公司,安徽,,,APP,国寿养老险,2019-09-27,寿险团险,安徽,蚌埠,固镇县支公司
CL1000521375,张琦,身份证,342701********0260,CL9211,福寿嘉年140期,"100,000.00","100,000.00","100,002.92",010566,养老险公司,安徽,34100279000014,,寿险团险,安徽,黄山,黄山市团拓部,养老险公司,总部,养老险公司,安徽,,,网上交易,国寿养老险,2019-09-27,寿险团险,安徽,黄山,黄山市团拓部
CL1009908130,马素庭,身份证,342224********0523,CL9211,福寿嘉年140期,"50,000.00","50,000.00","50,001.46",010566,养老险公司,安徽,34222479000027,,寿险团险,安徽,宿州,灵璧县支公司,,,养老险公司,安徽,,,微信,国寿养老险,2019-09-27,寿险团险,安徽,宿州,灵璧县支公司
CL1007561780,陶化斌,身份证,342201********0039,CL9211,福寿嘉年140期,"20,000.00","20,000.00","20,000.00", ,,,34220379000008,,寿险团险,安徽,宿州,团拓部,养老险公司,总部,寿险团险,安徽,宿州,团拓部,网上交易,国寿养老险,2019-09-27,寿险团险,安徽,宿州,团拓部
CL1020296653,石阡,身份证,340602********2226,CL9211,福寿嘉年140期,"30,000.00","30,000.00","30,000.88",010566,养老险公司,安徽,YL34000005,张哲,养老险公司,安徽,,,养老险公司,总部,养老险公司,安徽,,,网上交易,国寿养老险,2019-09-27,养老险公司,安徽,,
CL1014006623,骆君云,身份证,340222********0027,CL9211,福寿嘉年140期,"42,000.00","42,000.00","42,001.23",010566,养老险公司,安徽,34020479000044,,寿险团险,安徽,芜湖,繁昌支公司,养老险公司,总部,养老险公司,安徽,,,网上交易,国寿养老险,2019-09-27,寿险团险,安徽,芜湖,繁昌支公司
CL1189410013,卢彦,身份证,340403********1485,CL9211,福寿嘉年140期,"140,000.00","140,000.00","140,004.08",010566,养老险公司,安徽,34041079000046,,寿险团险,安徽,淮南,潘集支公司,养老险公司,总部,养老险公司,安徽,,,网上交易,国寿养老险,2019-09-27,寿险团险,安徽,淮南,潘集支公司
CL1000936332,顾宁安,身份证,340403********0823,CL9211,福寿嘉年140期,"50,000.00","50,000.00","50,001.46",010566,养老险公司,安徽,34041079000001,,寿险团险,安徽,淮南,潘集支公司,养老险公司,总部,养老险公司,安徽,,,网上交易,国寿养老险,2019-09-27,寿险团险,安徽,淮南,潘集支公司
CL1000936332,顾宁安,身份证,340403********0823,CL9211,福寿嘉年140期,"20,000.00","20,000.00","20,000.58",010566,养老险公司,安徽,34041079000001,,寿险团险,安徽,淮南,潘集支公司,养老险公司,总部,养老险公司,安徽,,,网上交易,国寿养老险,2019-09-27,寿险团险,安徽,淮南,潘集支公司
CL1059289117,程振飞,身份证,341021********8375,CL9211,福寿嘉年140期,"10,000.00","10,000.00","10,000.19",010566,养老险公司,安徽,34102179002102,,寿险团险,安徽,黄山,歙县支公司,,,养老险公司,安徽,,,微信,国寿养老险,2019-09-27,寿险团险,安徽,黄山,歙县支公司
CL1059289117,程振飞,身份证,341021********8375,CL9211,福寿嘉年140期,"40,000.00","40,000.00","40,000.78",010566,养老险公司,安徽,34102179002102,,寿险团险,安徽,黄山,歙县支公司,,,养老险公司,安徽,,,微信,国寿养老险,2019-09-27,寿险团险,安徽,黄山,歙县支公司
CL1006079690,孔晓芝,身份证,340406********3647,CL9211,福寿嘉年140期,"10,000.00","10,000.00","10,000.29",010566,养老险公司,安徽,34041079000001,,寿险团险,安徽,淮南,潘集支公司,养老险公司,总部,养老险公司,安徽,,,网上交易,国寿养老险,2019-09-27,寿险团险,安徽,淮南,潘集支公司
CL1006079690,孔晓芝,身份证,340406********3647,CL9211,福寿嘉年140期,"50,000.00","50,000.00","50,000.97",010566,养老险公司,安徽,34041079000001,,寿险团险,安徽,淮南,潘集支公司,养老险公司,总部,养老险公司,安徽,,,网上交易,国寿养老险,2019-09-27,寿险团险,安徽,淮南,潘集支公司
CL1098470627,张利民,身份证,340123********0064,CL9211,福寿嘉年140期,"120,000.00","120,000.00","120,003.50",010566,养老险公司,安徽,34012279000056,,寿险团险,安徽,合肥,肥东支公司,养老险公司,总部,养老险公司,安徽,,,网上交易,国寿养老险,2019-09-27,寿险团险,安徽,合肥,肥东支公司
CL1000197477,夏玲敏,身份证,340802********0027,CL9211,福寿嘉年140期,"45,000.00","45,000.00","45,001.31",010566,养老险公司,安徽, ,,,,,,养老险公司,总部,养老险公司,安徽,,,网上交易,国寿养老险,2019-09-27,养老险公司,安徽,,
CL1005169837,闪群秀,身份证,340403********2623,CL9211,福寿嘉年140期,"70,000.00","70,000.00","70,002.04",010566,养老险公司,安徽,34041079000001,,寿险团险,安徽,淮南,潘集支公司,养老险公司,总部,养老险公司,安徽,,,网上交易,国寿养老险,2019-09-27,寿险团险,安徽,淮南,潘集支公司
CL1027316136,汪小云,身份证,342725********002X,CL9211,福寿嘉年140期,"20,000.00","20,000.00","20,000.58",010566,养老险公司,安徽,34102371000003,,寿险团险,安徽,黄山,黟县支公司,,,养老险公司,安徽,,,APP,国寿养老险,2019-09-27,寿险团险,安徽,黄山,黟县支公司
CL1000100649,汪金秀,身份证,340803********2342,CL9211,福寿嘉年140期,"10,000.00","10,000.00","10,000.29",010566,养老险公司,安徽, ,,,,,,养老险公司,总部,养老险公司,安徽,,,网上交易,国寿养老险,2019-09-27,养老险公司,安徽,,
CL1012332386,张世华,身份证,342425********0430,CL9211,福寿嘉年140期,"10,000.00","10,000.00","10,000.19",010566,养老险公司,安徽,34242579000045,,寿险团险,安徽,六安,舒城,,,养老险公司,安徽,,,微信,国寿养老险,2019-09-27,寿险团险,安徽,六安,舒城
CL1000571253,庄怀先,身份证,342201********1216,CL9211,福寿嘉年140期,"50,000.00","50,000.00","50,001.46",010566,养老险公司,安徽,34220379000008,,寿险团险,安徽,宿州,团拓部,养老险公司,总部,养老险公司,安徽,,,网上交易,国寿养老险,2019-09-27,寿险团险,安徽,宿州,团拓部
CL1023255294,高昌喜,身份证,340222********0029,CL9211,福寿嘉年140期,"18,000.00","18,000.00","18,000.35",010566,养老险公司,安徽,34020479000044,,寿险团险,安徽,芜湖,繁昌支公司,养老险公司,总部,养老险公司,安徽,,,网上交易,国寿养老险,2019-09-27,寿险团险,安徽,芜湖,繁昌支公司
CL1162953526,李旭,身份证,342130********0213,CL9211,福寿嘉年140期,"50,000.00","50,000.00","50,000.97",010566,养老险公司,安徽,34213079001081,,寿险团险,安徽,亳州,利辛县公司,,,养老险公司,安徽,,,微信,国寿养老险,2019-09-27,寿险团险,安徽,亳州,利辛县公司
CL1003555917,王燕,身份证,340103********0522,CL9211,福寿嘉年140期,"330,000.00","330,000.00","330,009.63",010566,养老险公司,安徽,YL34000027,朱君君,养老险公司,安徽,,,,,养老险公司,安徽,,,微信,国寿养老险,2019-09-27,养老险公司,安徽,,
CL1002080159,朱海燕,身份证,340403********1822,CL9211,福寿嘉年140期,"30,000.00","30,000.00","30,000.88",010566,养老险公司,安徽,34041079000001,,寿险团险,安徽,淮南,潘集支公司,,,养老险公司,安徽,,,微信,国寿养老险,2019-09-27,寿险团险,安徽,淮南,潘集支公司
CL1002080159,朱海燕,身份证,340403********1822,CL9211,福寿嘉年140期,"10,000.00","10,000.00","10,000.29",010566,养老险公司,安徽,34041079000001,,寿险团险,安徽,淮南,潘集支公司,,,养老险公司,安徽,,,微信,国寿养老险,2019-09-27,寿险团险,安徽,淮南,潘集支公司
CL1053438538,程元如,身份证,342531********0024,CL9211,福寿嘉年140期,"20,000.00","20,000.00","20,000.58",010566,养老险公司,安徽,34253179000016,,寿险团险,安徽,宣城,绩溪支公司,养老险公司,总部,养老险公司,安徽,,,网上交易,国寿养老险,2019-09-27,寿险团险,安徽,宣城,绩溪支公司
CL1000907560,薛彩云,身份证,340711********0028,CL9211,福寿嘉年140期,"50,000.00","50,000.00","50,001.46",010566,养老险公司,安徽,34070379001003,,寿险团险,安徽,铜陵,团拓部（城区）,养老险公司,总部,养老险公司,安徽,,,网上交易,国寿养老险,2019-09-27,寿险团险,安徽,铜陵,团拓部（城区）
CL1144642220,汪开珍,身份证,342623********2724,CL9211,福寿嘉年140期,"22,000.00","22,000.00","22,000.64",010566,养老险公司,安徽,34012279000048,,寿险团险,安徽,合肥,肥东支公司,养老险公司,总部,养老险公司,安徽,,,网上交易,国寿养老险,2019-09-27,寿险团险,安徽,合肥,肥东支公司
CL1152948539,张云翠,身份证,340123********5703,CL9211,福寿嘉年140期,"50,000.00","50,000.00","50,001.46",010566,养老险公司,安徽,34010579000133,,寿险团险,安徽,合肥,团险支公司,养老险公司,总部,养老险公司,安徽,,,网上交易,国寿养老险,2019-09-27,寿险团险,安徽,合肥,团险支公司
CL1013178506,洒榕,身份证,340303********0624,CL9211,福寿嘉年140期,"50,000.00","50,000.00","50,001.46",010566,养老险公司,安徽,34031079000040,,寿险团险,安徽,蚌埠,团拓,,,养老险公司,安徽,,,微信,国寿养老险,2019-09-27,寿险团险,安徽,蚌埠,团拓
CL1000028695,杨竞,身份证,342426********004X,CL9211,福寿嘉年140期,"60,000.00","60,000.00","60,001.75",010566,养老险公司,安徽,YL34000005,张哲,养老险公司,安徽,,,,,养老险公司,安徽,,,微信,国寿养老险,2019-09-27,养老险公司,安徽,,
CL1000028695,杨竞,身份证,342426********004X,CL9211,福寿嘉年140期,"100,000.00","100,000.00","100,002.92",010566,养老险公司,安徽,YL34000005,张哲,养老险公司,安徽,,,,,养老险公司,安徽,,,微信,国寿养老险,2019-09-27,养老险公司,安徽,,
CL1000028695,杨竞,身份证,342426********004X,CL9211,福寿嘉年140期,"100,000.00","100,000.00","100,002.92",010566,养老险公司,安徽,YL34000005,张哲,养老险公司,安徽,,,,,养老险公司,安徽,,,微信,国寿养老险,2019-09-27,养老险公司,安徽,,
CL1000995420,汪莉,身份证,340221********042X,CL9211,福寿嘉年140期,"90,000.00","90,000.00","90,002.63",010566,养老险公司,安徽,34020179000116,,寿险团险,安徽,芜湖,团拓,养老险公司,总部,养老险公司,安徽,,,网上交易,国寿养老险,2019-09-27,寿险团险,安徽,芜湖,团拓
CL1000787459,王晓雯,身份证,340104********0063,CL9211,福寿嘉年140期,"190,000.00","190,000.00","190,005.54",010566,养老险公司,安徽,34010579000129,,寿险团险,安徽,合肥,团险支公司,养老险公司,总部,养老险公司,安徽,,,网上交易,国寿养老险,2019-09-27,寿险团险,安徽,合肥,团险支公司
CL1000787459,王晓雯,身份证,340104********0063,CL9211,福寿嘉年140期,"10,000.00","10,000.00","10,000.29",010566,养老险公司,安徽,34010579000129,,寿险团险,安徽,合肥,团险支公司,养老险公司,总部,养老险公司,安徽,,,网上交易,国寿养老险,2019-09-27,寿险团险,安徽,合肥,团险支公司
CL1119042412,武守勤,身份证,340621********2514,CL9211,福寿嘉年140期,"28,000.00","28,000.00","28,000.54",010566,养老险公司,安徽,34060279000056,,寿险团险,安徽,淮北,团拓,养老险公司,总部,养老险公司,安徽,,,网上交易,国寿养老险,2019-09-27,寿险团险,安徽,淮北,团拓
CL1119042412,武守勤,身份证,340621********2514,CL9211,福寿嘉年140期,"50,000.00","50,000.00","50,000.97",010566,养老险公司,安徽,34060279000056,,寿险团险,安徽,淮北,团拓,养老险公司,总部,养老险公司,安徽,,,网上交易,国寿养老险,2019-09-27,寿险团险,安徽,淮北,团拓
CL1176884421,何育生,身份证,340802********0426,CL9211,福寿嘉年140期,"10,000.00","10,000.00","10,000.29",010566,养老险公司,安徽, ,,,,,,,,养老险公司,安徽,,,微信,国寿养老险,2019-09-27,养老险公司,安徽,,
CL1176884421,何育生,身份证,340802********0426,CL9211,福寿嘉年140期,"190,000.00","190,000.00","190,005.54",010566,养老险公司,安徽, ,,,,,,,,养老险公司,安徽,,,微信,国寿养老险,2019-09-27,养老险公司,安徽,,
CL1198827988,胡业飞,身份证,342224********2018,CL9211,福寿嘉年140期,"350,000.00","350,000.00","350,010.21",010566,养老险公司,安徽,34222479000027,,寿险团险,安徽,宿州,灵璧县支公司,,,养老险公司,安徽,,,微信,国寿养老险,2019-09-27,寿险团险,安徽,宿州,灵璧县支公司
CL1145829772,怀四梅,身份证,342201********0862,CL9211,福寿嘉年140期,"50,000.00","50,000.00","50,001.46",010566,养老险公司,安徽,34220379000008,,寿险团险,安徽,宿州,团拓部,养老险公司,总部,养老险公司,安徽,,,网上交易,国寿养老险,2019-09-27,寿险团险,安徽,宿州,团拓部
CL1021718414,封波,身份证,342425********0016,CL9211,福寿嘉年140期,"30,000.00","30,000.00","30,000.88",010566,养老险公司,安徽,34220379000008,,寿险团险,安徽,宿州,团拓部,养老险公司,总部,养老险公司,安徽,,,网上交易,国寿养老险,2019-09-27,寿险团险,安徽,宿州,团拓部
CL1079270952,孔梅,身份证,340403********2428,CL9211,福寿嘉年140期,"10,000.00","10,000.00","10,000.00", ,,,34040471000022,,寿险团险,安徽,淮南,谢家集支公司,,,寿险团险,安徽,淮南,谢家集支公司,微信,国寿养老险,2019-09-27,寿险团险,安徽,淮南,谢家集支公司
CL1158988604,卜长芳,身份证,340402********1025,CL9211,福寿嘉年140期,"50,000.00","50,000.00","50,001.46",010566,养老险公司,安徽,34012779000077,,寿险团险,安徽,合肥,庐江支公司,,,养老险公司,安徽,,,微信,国寿养老险,2019-09-27,寿险团险,安徽,合肥,庐江支公司
CL1145726689,代红梅,身份证,342225********4924,CL9211,福寿嘉年140期,"70,000.00","70,000.00","70,001.36",010566,养老险公司,安徽,34222479000027,,寿险团险,安徽,宿州,灵璧县支公司,,,养老险公司,安徽,,,微信,国寿养老险,2019-09-27,寿险团险,安徽,宿州,灵璧县支公司
CL1000675078,刘燕,身份证,340302********1025,CL9211,福寿嘉年140期,"50,000.00","50,000.00","50,001.46",010566,养老险公司,安徽,34031079000023,,寿险团险,安徽,蚌埠,团拓,养老险公司,总部,养老险公司,安徽,,,网上交易,国寿养老险,2019-09-27,寿险团险,安徽,蚌埠,团拓
CL1004339375,王莉,身份证,342822********0045,CL9211,福寿嘉年140期,"50,000.00","50,000.00","50,001.46",010566,养老险公司,安徽,34082179000003,,寿险团险,安徽,安庆,桐城,养老险公司,总部,养老险公司,安徽,,,网上交易,国寿养老险,2019-09-27,寿险团险,安徽,安庆,桐城
CL1004339375,王莉,身份证,342822********0045,CL9211,福寿嘉年140期,"50,000.00","50,000.00","50,001.46",010566,养老险公司,安徽,34082179000003,,寿险团险,安徽,安庆,桐城,养老险公司,总部,养老险公司,安徽,,,网上交易,国寿养老险,2019-09-27,寿险团险,安徽,安庆,桐城
CL1004339375,王莉,身份证,342822********0045,CL9211,福寿嘉年140期,"50,000.00","50,000.00","50,001.46",010566,养老险公司,安徽,34082179000003,,寿险团险,安徽,安庆,桐城,养老险公司,总部,养老险公司,安徽,,,网上交易,国寿养老险,2019-09-27,寿险团险,安徽,安庆,桐城
CL1011026732,吴小玲,身份证,340222********164X,CL9211,福寿嘉年140期,"50,000.00","50,000.00","50,000.97",010566,养老险公司,安徽,34020479000044,,寿险团险,安徽,芜湖,繁昌支公司,养老险公司,总部,养老险公司,安徽,,,网上交易,国寿养老险,2019-09-27,寿险团险,安徽,芜湖,繁昌支公司
CL1011026732,吴小玲,身份证,340222********164X,CL9211,福寿嘉年140期,"50,000.00","50,000.00","50,001.46",010566,养老险公司,安徽, ,,,,,,养老险公司,总部,养老险公司,安徽,,,网上交易,国寿养老险,2019-09-27,养老险公司,安徽,,
CL1011026732,吴小玲,身份证,340222********164X,CL9211,福寿嘉年140期,"50,000.00","50,000.00","50,001.46",010566,养老险公司,安徽,34020479000044,,寿险团险,安徽,芜湖,繁昌支公司,养老险公司,总部,养老险公司,安徽,,,网上交易,国寿养老险,2019-09-27,寿险团险,安徽,芜湖,繁昌支公司
CL1008591046,余广兰,身份证,340702********0528,CL9211,福寿嘉年140期,"50,000.00","50,000.00","50,000.97",010566,养老险公司,安徽,34070379000048,,寿险团险,安徽,铜陵,团拓部（城区）,,,养老险公司,安徽,,,微信,国寿养老险,2019-09-27,寿险团险,安徽,铜陵,团拓部（城区）
CL1030831780,许畅,身份证,340403********1420,CL9211,福寿嘉年140期,"40,000.00","40,000.00","40,001.17",010566,养老险公司,安徽,34041079000001,,寿险团险,安徽,淮南,潘集支公司,养老险公司,总部,养老险公司,安徽,,,网上交易,国寿养老险,2019-09-27,寿险团险,安徽,淮南,潘集支公司
CL1125271290,马启凤,身份证,340222********2342,CL9211,福寿嘉年140期,"10,000.00","10,000.00","10,000.29",010566,养老险公司,安徽,34020479000044,,寿险团险,安徽,芜湖,繁昌支公司,养老险公司,总部,养老险公司,安徽,,,网上交易,国寿养老险,2019-09-27,寿险团险,安徽,芜湖,繁昌支公司
CL1045553699,陈庆云,身份证,340702********202X,CL9211,福寿嘉年140期,"60,000.00",0.00,0.00, ,,,34070379000049,,寿险团险,安徽,铜陵,团拓部（城区）,,,寿险团险,安徽,铜陵,团拓部（城区）,微信,国寿养老险,2019-09-27,寿险团险,安徽,铜陵,团拓部（城区）
CL1145831389,周跃群,身份证,340827********002X,CL9211,福寿嘉年140期,"20,000.00","20,000.00","20,000.39",010566,养老险公司,安徽, ,,,,,,养老险公司,总部,养老险公司,安徽,,,网上交易,国寿养老险,2019-09-27,养老险公司,安徽,,
CL1048606502,吕国莲,身份证,342422********4300,CL9211,福寿嘉年140期,"50,000.00","50,000.00","50,000.97",010566,养老险公司,安徽, ,,,,,,养老险公司,总部,养老险公司,安徽,,,网上交易,国寿养老险,2019-09-27,养老险公司,安徽,,
CL1048606502,吕国莲,身份证,342422********4300,CL9211,福寿嘉年140期,"50,000.00","50,000.00","50,001.46",010566,养老险公司,安徽, ,,,,,,养老险公司,总部,养老险公司,安徽,,,网上交易,国寿养老险,2019-09-27,养老险公司,安徽,,
CL1159237068,魏广德,身份证,341124********1418,CL9211,福寿嘉年140期,"50,000.00","50,000.00","50,000.97",010566,养老险公司,安徽,34112479000050,,寿险团险,安徽,滁州,全椒,,,养老险公司,安徽,,,APP,国寿养老险,2019-09-27,寿险团险,安徽,滁州,全椒
CL1000020448,韩龄,身份证,340202********2517,CL9211,福寿嘉年140期,"50,000.00","50,000.00","50,000.97",010566,养老险公司,安徽,34020679000015,,寿险团险,安徽,芜湖,开发区支公司,养老险公司,总部,养老险公司,安徽,,,网上交易,国寿养老险,2019-09-27,寿险团险,安徽,芜湖,开发区支公司
CL1000020448,韩龄,身份证,340202********2517,CL9211,福寿嘉年140期,"50,000.00","50,000.00","50,001.46",010566,养老险公司,安徽,34020679000015,,寿险团险,安徽,芜湖,开发区支公司,养老险公司,总部,养老险公司,安徽,,,网上交易,国寿养老险,2019-09-27,寿险团险,安徽,芜湖,开发区支公司
CL1000020448,韩龄,身份证,340202********2517,CL9211,福寿嘉年140期,"200,000.00","200,000.00","200,005.83",010566,养老险公司,安徽,34020679000015,,寿险团险,安徽,芜湖,开发区支公司,养老险公司,总部,养老险公司,安徽,,,网上交易,国寿养老险,2019-09-27,寿险团险,安徽,芜湖,开发区支公司
CL1000020448,韩龄,身份证,340202********2517,CL9211,福寿嘉年140期,"50,000.00","50,000.00","50,000.97",010566,养老险公司,安徽,34020679000015,,寿险团险,安徽,芜湖,开发区支公司,养老险公司,总部,养老险公司,安徽,,,网上交易,国寿养老险,2019-09-27,寿险团险,安徽,芜湖,开发区支公司
CL1175458830,刘瑞英,身份证,341281********1569,CL9211,福寿嘉年140期,"40,000.00","40,000.00","40,000.00", ,,,34213379001064,,寿险团险,安徽,亳州,谯城支公司,,,寿险团险,安徽,亳州,谯城支公司,微信,国寿养老险,2019-09-27,寿险团险,安徽,亳州,谯城支公司
CL1004280488,王素丽,身份证,340406********2844,CL9211,福寿嘉年140期,"50,000.00","50,000.00","50,001.46",010566,养老险公司,安徽,34041079000035,,寿险团险,安徽,淮南,潘集支公司,,,养老险公司,安徽,,,微信,国寿养老险,2019-09-27,寿险团险,安徽,淮南,潘集支公司
CL1087918114,何家银,身份证,342423********3070,CL9211,福寿嘉年140期,"19,000.00","19,000.00","19,000.55",010566,养老险公司,安徽,YL34000026,何李,养老险公司,安徽,,,,,养老险公司,安徽,,,APP,国寿养老险,2019-09-27,养老险公司,安徽,,
CL1000755080,杨红梅,身份证,340123********004X,CL9211,福寿嘉年140期,"60,000.00","60,000.00","60,001.17",010566,养老险公司,安徽,34012279000056,,寿险团险,安徽,合肥,肥东支公司,养老险公司,总部,养老险公司,安徽,,,网上交易,国寿养老险,2019-09-27,寿险团险,安徽,合肥,肥东支公司
CL1000755080,杨红梅,身份证,340123********004X,CL9211,福寿嘉年140期,"50,000.00","50,000.00","50,001.46",010566,养老险公司,安徽,34012279000056,,寿险团险,安徽,合肥,肥东支公司,养老险公司,总部,养老险公司,安徽,,,网上交易,国寿养老险,2019-09-27,寿险团险,安徽,合肥,肥东支公司
CL1199590520,崔礼兰,身份证,340123********0066,CL9211,福寿嘉年140期,"195,000.00","195,000.00","195,005.69",010566,养老险公司,安徽,34012279000048,,寿险团险,安徽,合肥,肥东支公司,养老险公司,总部,养老险公司,安徽,,,网上交易,国寿养老险,2019-09-27,寿险团险,安徽,合肥,肥东支公司
CL1023593211,王娇环,身份证,340803********2327,CL9211,福寿嘉年140期,"20,000.00","20,000.00","20,000.58",010566,养老险公司,安徽, ,,,,,,养老险公司,总部,养老险公司,安徽,,,网上交易,国寿养老险,2019-09-27,养老险公司,安徽,,
CL1000760850,周文浩,身份证,342422********0192,CL9211,福寿嘉年140期,"140,000.00","80,000.00","80,000.00", ,,,34042279000019,,寿险团险,安徽,淮南,寿县支公司,,,寿险团险,安徽,淮南,寿县支公司,微信,国寿养老险,2019-09-27,寿险团险,安徽,淮南,寿县支公司
CL1124543700,刘伟,身份证,340302********0212,CL9211,福寿嘉年140期,"15,000.00","15,000.00","15,000.44",010566,养老险公司,安徽,34031079000023,,寿险团险,安徽,蚌埠,团拓,养老险公司,总部,养老险公司,安徽,,,网上交易,国寿养老险,2019-09-27,寿险团险,安徽,蚌埠,团拓
CL1000034875,张慧,身份证,341002********0028,CL9211,福寿嘉年140期,"30,000.00","30,000.00","30,000.88",010566,养老险公司,安徽,34100279000042,,寿险团险,安徽,黄山,黄山市团拓部,养老险公司,总部,养老险公司,安徽,,,网上交易,国寿养老险,2019-09-27,寿险团险,安徽,黄山,黄山市团拓部
CL1000021569,郑凤生,身份证,342601********0964,CL9211,福寿嘉年140期,"50,000.00","50,000.00","50,000.97",010566,养老险公司,安徽,YL34000009,平欣丽,养老险公司,安徽,,,,,养老险公司,安徽,,,微信,国寿养老险,2019-09-27,养老险公司,安徽,,
CL1000021569,郑凤生,身份证,342601********0964,CL9211,福寿嘉年140期,"50,000.00","50,000.00","50,000.97",010566,养老险公司,安徽,YL34000009,平欣丽,养老险公司,安徽,,,,,养老险公司,安徽,,,微信,国寿养老险,2019-09-27,养老险公司,安徽,,
CL1000765177,胡金红,身份证,340802********0024,CL9211,福寿嘉年140期,"10,000.00","10,000.00","10,000.29",010566,养老险公司,安徽,YL34000019,胡金红,养老险公司,安徽,,,,,养老险公司,安徽,,,微信,国寿养老险,2019-09-27,养老险公司,安徽,,
CL1000833894,伍巧玉,身份证,342623********0362,CL9211,福寿嘉年140期,"50,000.00","50,000.00","50,001.46",010566,养老险公司,安徽,34020679000015,,寿险团险,安徽,芜湖,开发区支公司,养老险公司,总部,养老险公司,安徽,,,网上交易,国寿养老险,2019-09-27,寿险团险,安徽,芜湖,开发区支公司
CL1000833894,伍巧玉,身份证,342623********0362,CL9211,福寿嘉年140期,"100,000.00","100,000.00","100,002.92",010566,养老险公司,安徽,34020679000015,,寿险团险,安徽,芜湖,开发区支公司,养老险公司,总部,养老险公司,安徽,,,网上交易,国寿养老险,2019-09-27,寿险团险,安徽,芜湖,开发区支公司
CL1000833894,伍巧玉,身份证,342623********0362,CL9211,福寿嘉年140期,"50,000.00","50,000.00","50,001.46",010566,养老险公司,安徽,34020679000015,,寿险团险,安徽,芜湖,开发区支公司,养老险公司,总部,养老险公司,安徽,,,网上交易,国寿养老险,2019-09-27,寿险团险,安徽,芜湖,开发区支公司
CL1000833283,孙方林,身份证,320322********0326,CL9211,福寿嘉年140期,"10,000.00","10,000.00","10,000.29",010566,养老险公司,安徽,34060279000056,,寿险团险,安徽,淮北,团拓,养老险公司,总部,养老险公司,安徽,,,网上交易,国寿养老险,2019-09-27,寿险团险,安徽,淮北,团拓
CL1158524524,薛春燕,身份证,340123********508X,CL9211,福寿嘉年140期,"30,000.00","30,000.00","30,000.88",010566,养老险公司,安徽,34012279000048,,寿险团险,安徽,合肥,肥东支公司,养老险公司,总部,养老险公司,安徽,,,网上交易,国寿养老险,2019-09-27,寿险团险,安徽,合肥,肥东支公司
CL1000979064,洪燕,身份证,341002********0421,CL9211,福寿嘉年140期,"15,000.00","15,000.00","15,000.29",010566,养老险公司,安徽,34100379000010,,寿险团险,安徽,黄山,黄山区支公司,,,养老险公司,安徽,,,微信,国寿养老险,2019-09-27,寿险团险,安徽,黄山,黄山区支公司
CL1078681695,洪桂年,身份证,342601********5649,CL9211,福寿嘉年140期,"60,000.00","60,000.00","60,001.75",010566,养老险公司,安徽,34020179000036,,寿险团险,安徽,芜湖,团拓,养老险公司,总部,养老险公司,安徽,,,网上交易,国寿养老险,2019-09-27,寿险团险,安徽,芜湖,团拓
CL1199589978,赵开卓,身份证,342201********7515,CL9211,福寿嘉年140期,"55,000.00","55,000.00","55,001.60",010566,养老险公司,安徽,34220379000008,,寿险团险,安徽,宿州,团拓部,养老险公司,总部,养老险公司,安徽,,,网上交易,国寿养老险,2019-09-27,寿险团险,安徽,宿州,团拓部
CL1175461391,费玉荣,身份证,340104********1542,CL9211,福寿嘉年140期,"40,000.00","40,000.00","40,001.17",010566,养老险公司,安徽,34010579000230,,寿险团险,安徽,合肥,团险支公司,养老险公司,总部,养老险公司,安徽,,,网上交易,国寿养老险,2019-09-27,寿险团险,安徽,合肥,团险支公司

