﻿FUND_ACCT,CUST_NAME,CERT_TYPE,CERT_NO,FUND_CODE,FUND_NAME,APP_MONEY,ACK_MONEY,ACK_SHARE,INVITECODE,COMPANY_INVITE,BRANCH_INVITE_NEW,REFERID,CUSTNAME_REFER,COMPANY_REFER,BRANCH_REFER_NEW,CT_REFER,CR_REFER,COMPANY_ORG,ORGNAME,SALE_COMPANY_NAME_DTL,SALE_BRANCH_NAME,SALE_CT_NAME,SALE_CR_NAME,ACCEPT_METHOD,AGENCY_NAME,ACK_DATE,SALE_COMPANY_NAME_FEE,SALE_BRANCH_NAME_FEE1,SALE_CT_NAME_FEE,SALE_CR_NAME_FEE
CL1000234579,孙耘初,身份证,342725********6023,CL9029,福寿嘉年17期,"200,000.00","200,000.00","200,009.72",758920,养老险公司,安徽,34100279000003,,寿险团险,安徽,黄山,黄山市团拓部,养老险公司,总部,养老险公司,安徽,,,网上交易,国寿养老险,2016-04-11,寿险团险,安徽,黄山,黄山市团拓部
CL1000234579,孙耘初,身份证,342725********6023,CL9029,福寿嘉年17期,"150,000.00","150,000.00","150,007.29",758920,养老险公司,安徽,34100279000003,,寿险团险,安徽,黄山,黄山市团拓部,养老险公司,总部,养老险公司,安徽,,,网上交易,国寿养老险,2016-04-11,寿险团险,安徽,黄山,黄山市团拓部
CL1000915026,魏柏菁,身份证,342623********0049,CL9029,福寿嘉年17期,"50,000.00","50,000.00","50,002.43",758920,养老险公司,安徽,34021379000025,,寿险团险,安徽,芜湖,无为县支公司,,,养老险公司,安徽,,,APP,国寿养老险,2016-04-11,寿险团险,安徽,芜湖,无为县支公司
CL1000915026,魏柏菁,身份证,342623********0049,CL9029,福寿嘉年17期,"50,000.00","50,000.00","50,002.43",758920,养老险公司,安徽,34021379000025,,寿险团险,安徽,芜湖,无为县支公司,,,养老险公司,安徽,,,APP,国寿养老险,2016-04-11,寿险团险,安徽,芜湖,无为县支公司
CL1000915026,魏柏菁,身份证,342623********0049,CL9029,福寿嘉年17期,"50,000.00","50,000.00","50,002.43",758920,养老险公司,安徽,34021379000025,,寿险团险,安徽,芜湖,无为县支公司,,,养老险公司,安徽,,,APP,国寿养老险,2016-04-11,寿险团险,安徽,芜湖,无为县支公司
CL1000915026,魏柏菁,身份证,342623********0049,CL9029,福寿嘉年17期,"50,000.00","50,000.00","50,002.43",758920,养老险公司,安徽,34021379000025,,寿险团险,安徽,芜湖,无为县支公司,,,养老险公司,安徽,,,APP,国寿养老险,2016-04-11,寿险团险,安徽,芜湖,无为县支公司
CL1000915026,魏柏菁,身份证,342623********0049,CL9029,福寿嘉年17期,"30,000.00","30,000.00","30,001.46",758920,养老险公司,安徽,34021379000025,,寿险团险,安徽,芜湖,无为县支公司,,,养老险公司,安徽,,,APP,国寿养老险,2016-04-11,寿险团险,安徽,芜湖,无为县支公司
CL1000915026,魏柏菁,身份证,342623********0049,CL9029,福寿嘉年17期,"50,000.00","50,000.00","50,002.43",758920,养老险公司,安徽,34021379000025,,寿险团险,安徽,芜湖,无为县支公司,,,养老险公司,安徽,,,APP,国寿养老险,2016-04-11,寿险团险,安徽,芜湖,无为县支公司
CL1000915026,魏柏菁,身份证,342623********0049,CL9029,福寿嘉年17期,"50,000.00","50,000.00","50,002.43",758920,养老险公司,安徽,34021379000025,,寿险团险,安徽,芜湖,无为县支公司,,,养老险公司,安徽,,,APP,国寿养老险,2016-04-11,寿险团险,安徽,芜湖,无为县支公司
CL1000915026,魏柏菁,身份证,342623********0049,CL9029,福寿嘉年17期,"50,000.00","50,000.00","50,002.43",758920,养老险公司,安徽,34021379000025,,寿险团险,安徽,芜湖,无为县支公司,,,养老险公司,安徽,,,APP,国寿养老险,2016-04-11,寿险团险,安徽,芜湖,无为县支公司
CL1001068793,刘琴,身份证,342623********0283,CL9029,福寿嘉年17期,"100,000.00","100,000.00","100,004.86",758920,养老险公司,安徽,34021379000025,,寿险团险,安徽,芜湖,无为县支公司,养老险公司,总部,养老险公司,安徽,,,网上交易,国寿养老险,2016-04-11,寿险团险,安徽,芜湖,无为县支公司
CL1001068793,刘琴,身份证,342623********0283,CL9029,福寿嘉年17期,"30,000.00","30,000.00","30,001.46",758920,养老险公司,安徽,34021379000025,,寿险团险,安徽,芜湖,无为县支公司,养老险公司,总部,养老险公司,安徽,,,网上交易,国寿养老险,2016-04-11,寿险团险,安徽,芜湖,无为县支公司
CL1001458959,曹光育,身份证,342422********7175,CL9029,福寿嘉年17期,"30,000.00","30,000.00","30,001.46",758920,养老险公司,安徽,34242279000011,,寿险团险,安徽,,,养老险公司,总部,养老险公司,安徽,,,网上交易,国寿养老险,2016-04-11,寿险团险,安徽,,
CL1000200602,夏广琴,身份证,342601********0047,CL9029,福寿嘉年17期,"120,000.00","120,000.00","120,005.83",758920,养老险公司,安徽,34011371000001,,寿险团险,安徽,合肥,团险拓展部,,,养老险公司,安徽,,,APP,国寿养老险,2016-04-11,寿险团险,安徽,合肥,团险拓展部
CL1000894113,吴斐,身份证,340223********9028,CL9029,福寿嘉年17期,"30,000.00","30,000.00","30,001.46",758920,养老险公司,安徽,34020579000040,,寿险团险,安徽,芜湖,南陵支公司,,,养老险公司,安徽,,,APP,国寿养老险,2016-04-11,寿险团险,安徽,芜湖,南陵支公司
CL1000894113,吴斐,身份证,340223********9028,CL9029,福寿嘉年17期,"50,000.00","50,000.00","50,002.43",758920,养老险公司,安徽,34020579000040,,寿险团险,安徽,芜湖,南陵支公司,,,养老险公司,安徽,,,APP,国寿养老险,2016-04-11,寿险团险,安徽,芜湖,南陵支公司
CL1000063092,张婷,身份证,341002********0427,CL9029,福寿嘉年17期,"20,000.00","20,000.00","20,000.97",758920,养老险公司,安徽,34100279000003,,寿险团险,安徽,黄山,黄山市团拓部,养老险公司,总部,养老险公司,安徽,,,网上交易,国寿养老险,2016-04-11,寿险团险,安徽,黄山,黄山市团拓部
CL1000063092,张婷,身份证,341002********0427,CL9029,福寿嘉年17期,"50,000.00","50,000.00","50,002.43",758920,养老险公司,安徽,34100279000003,,寿险团险,安徽,黄山,黄山市团拓部,养老险公司,总部,养老险公司,安徽,,,网上交易,国寿养老险,2016-04-11,寿险团险,安徽,黄山,黄山市团拓部
CL1002252202,潘翠兰,身份证,340221********0022,CL9029,福寿嘉年17期,"300,000.00","300,000.00","300,014.58",758920,养老险公司,安徽,34020379000017,,寿险团险,安徽,芜湖,芜湖县支公司,养老险公司,总部,养老险公司,安徽,,,网上交易,国寿养老险,2016-04-11,寿险团险,安徽,芜湖,芜湖县支公司
CL1001064964,王兵,身份证,342201********0012,CL9029,福寿嘉年17期,"40,000.00","40,000.00","40,000.39", ,,,34222179000021,,寿险团险,安徽,宿州,砀山县支公司,养老险公司,总部,寿险团险,安徽,宿州,砀山县支公司,网上交易,国寿养老险,2016-04-11,寿险团险,安徽,宿州,砀山县支公司
CL1000010039,陈建英,身份证,340121********0067,CL9029,福寿嘉年17期,"110,000.00","110,000.00","110,005.35",758920,养老险公司,安徽,34011379000004,,寿险团险,安徽,合肥,团险拓展部,养老险公司,总部,养老险公司,安徽,,,网上交易,国寿养老险,2016-04-11,寿险团险,安徽,合肥,团险拓展部
CL1000058155,胡文俊,身份证,342901********5815,CL9029,福寿嘉年17期,"200,000.00","200,000.00","200,009.72",758920,养老险公司,安徽,YL34000012,胡文俊,养老险公司,安徽,,,养老险公司,总部,养老险公司,安徽,,,网上交易,国寿养老险,2016-04-11,养老险公司,安徽,,
CL1000656371,邵银屏,身份证,340103********2027,CL9029,福寿嘉年17期,"82,000.00","82,000.00","82,003.99",758920,养老险公司,安徽,34011379000004,,寿险团险,安徽,合肥,团险拓展部,养老险公司,总部,养老险公司,安徽,,,网上交易,国寿养老险,2016-04-11,寿险团险,安徽,合肥,团险拓展部
CL1000502534,洪枫,身份证,342601********0227,CL9029,福寿嘉年17期,"40,000.00","40,000.00","40,001.94",758920,养老险公司,安徽,34011371000001,,寿险团险,安徽,合肥,团险拓展部,养老险公司,总部,养老险公司,安徽,,,网上交易,国寿养老险,2016-04-11,寿险团险,安徽,合肥,团险拓展部
CL1000253309,李红梅,身份证,340102********0525,CL9029,福寿嘉年17期,"200,000.00","200,000.00","200,009.72",758920,养老险公司,安徽,YL34000011,殷文懿,养老险公司,安徽,,,养老险公司,总部,养老险公司,安徽,,,网上交易,国寿养老险,2016-04-11,养老险公司,安徽,,
CL1000010417,管绒绒,身份证,340123********0027,CL9029,福寿嘉年17期,"17,000.00","17,000.00","17,000.66",758920,养老险公司,安徽,34011371000001,,寿险团险,安徽,合肥,团险拓展部,,,养老险公司,安徽,,,APP,国寿养老险,2016-04-11,寿险团险,安徽,合肥,团险拓展部
CL1001919306,金文硕,身份证,342623********004X,CL9029,福寿嘉年17期,"100,000.00","100,000.00","100,004.86",758920,养老险公司,安徽,34021379000025,,寿险团险,安徽,芜湖,无为县支公司,养老险公司,总部,养老险公司,安徽,,,网上交易,国寿养老险,2016-04-11,寿险团险,安徽,芜湖,无为县支公司
CL1002078842,邵敏,身份证,342701********0421,CL9029,福寿嘉年17期,"30,000.00","30,000.00","30,001.46",758920,养老险公司,安徽,34100279000003,,寿险团险,安徽,黄山,黄山市团拓部,养老险公司,总部,养老险公司,安徽,,,网上交易,国寿养老险,2016-04-11,寿险团险,安徽,黄山,黄山市团拓部
CL1000268246,钱莺,身份证,342501********0542,CL9029,福寿嘉年17期,"30,000.00","30,000.00","30,001.46",758920,养老险公司,安徽,34250171001003,,寿险团险,安徽,宣城,团拓,养老险公司,总部,养老险公司,安徽,,,网上交易,国寿养老险,2016-04-11,寿险团险,安徽,宣城,团拓
CL1000044895,李惠芬,身份证,340702********0029,CL9029,福寿嘉年17期,"20,000.00","20,000.00","20,000.97",758920,养老险公司,安徽,34070379001002,,寿险团险,安徽,铜陵,团拓部（城区）,养老险公司,总部,养老险公司,安徽,,,网上交易,国寿养老险,2016-04-11,寿险团险,安徽,铜陵,团拓部（城区）
CL1000090500,张艳,身份证,342401********1320,CL9029,福寿嘉年17期,"230,000.00","230,000.00","230,011.18",758920,养老险公司,安徽,34242579000011,,寿险团险,安徽,六安,舒城,养老险公司,总部,养老险公司,安徽,,,网上交易,国寿养老险,2016-04-11,寿险团险,安徽,六安,舒城
CL1001798196,叶仙云,身份证,332623********4133,CL9029,福寿嘉年17期,"800,000.00","800,000.00","800,038.89",758920,养老险公司,安徽,34012179000023,,寿险团险,安徽,合肥,长丰支公司,养老险公司,总部,养老险公司,安徽,,,网上交易,国寿养老险,2016-04-11,寿险团险,安徽,合肥,长丰支公司
CL1000889365,张立丽,身份证,341126********0246,CL9029,福寿嘉年17期,"31,000.00","31,000.00","31,001.51",758920,养老险公司,安徽,34020579000042,,寿险团险,安徽,芜湖,南陵支公司,,,养老险公司,安徽,,,APP,国寿养老险,2016-04-11,寿险团险,安徽,芜湖,南陵支公司
CL1000610075,金巧琴,身份证,340121********4328,CL9029,福寿嘉年17期,"70,000.00","70,000.00","70,003.40",758920,养老险公司,安徽,34011379000004,,寿险团险,安徽,合肥,团险拓展部,养老险公司,总部,养老险公司,安徽,,,网上交易,国寿养老险,2016-04-11,寿险团险,安徽,合肥,团险拓展部
CL1002019965,陈大虎,身份证,340121********2518,CL9029,福寿嘉年17期,"35,000.00","35,000.00","35,001.70",758920,养老险公司,安徽,34012179000023,,寿险团险,安徽,合肥,长丰支公司,养老险公司,总部,养老险公司,安徽,,,网上交易,国寿养老险,2016-04-11,寿险团险,安徽,合肥,长丰支公司
CL1002080026,陶桂兰,身份证,340206********0045,CL9029,福寿嘉年17期,"10,000.00","10,000.00","10,000.49",758920,养老险公司,安徽,34020679000010,,寿险团险,安徽,芜湖,开发区支公司,养老险公司,总部,养老险公司,安徽,,,网上交易,国寿养老险,2016-04-11,寿险团险,安徽,芜湖,开发区支公司
CL1000232804,孙琴,身份证,341124********0020,CL9029,福寿嘉年17期,"160,000.00","160,000.00","160,007.78",758920,养老险公司,安徽,YL34000003,陈俊,养老险公司,安徽,,,养老险公司,总部,养老险公司,安徽,,,网上交易,国寿养老险,2016-04-11,养老险公司,安徽,,
CL1002251347,李娟,身份证,342901********6029,CL9029,福寿嘉年17期,"25,000.00","25,000.00","25,001.22",758920,养老险公司,安徽,34011379000001,,寿险团险,安徽,合肥,团险拓展部,养老险公司,总部,养老险公司,安徽,,,网上交易,国寿养老险,2016-04-11,寿险团险,安徽,合肥,团险拓展部
CL1000645618,董青,身份证,340404********0025,CL9029,福寿嘉年17期,"20,000.00","20,000.00","20,000.97",758920,养老险公司,安徽,YL34000007,白邃,养老险公司,安徽,,,养老险公司,总部,养老险公司,安徽,,,网上交易,国寿养老险,2016-04-11,养老险公司,安徽,,
CL1000007734,孙进,身份证,340103********3027,CL9029,福寿嘉年17期,"10,000.00","10,000.00","10,000.49",758920,养老险公司,安徽,34011371000001,,寿险团险,安徽,合肥,团险拓展部,养老险公司,总部,养老险公司,安徽,,,网上交易,国寿养老险,2016-04-11,寿险团险,安徽,合肥,团险拓展部
CL1000245554,江贤国,身份证,342401********5412,CL9029,福寿嘉年17期,"110,000.00","110,000.00","110,005.35",758920,养老险公司,安徽,34240179000022,,寿险团险,安徽,六安,团拓,养老险公司,总部,养老险公司,安徽,,,网上交易,国寿养老险,2016-04-11,寿险团险,安徽,六安,团拓
CL1000989262,马伟维,身份证,342221********656X,CL9029,福寿嘉年17期,"20,000.00","20,000.00","20,000.97",758920,养老险公司,安徽,34011371000001,,寿险团险,安徽,合肥,团险拓展部,,,养老险公司,安徽,,,APP,国寿养老险,2016-04-11,寿险团险,安徽,合肥,团险拓展部
CL1002082479,卫伟,身份证,340111********4522,CL9029,福寿嘉年17期,"150,000.00","150,000.00","150,007.29",758920,养老险公司,安徽,34011379000001,,寿险团险,安徽,合肥,团险拓展部,养老险公司,总部,养老险公司,安徽,,,网上交易,国寿养老险,2016-04-11,寿险团险,安徽,合肥,团险拓展部
CL1000360696,徐翔,身份证,340223********9034,CL9029,福寿嘉年17期,"50,000.00","50,000.00","50,002.43",758920,养老险公司,安徽,YL34000005,张哲,养老险公司,安徽,,,养老险公司,总部,养老险公司,安徽,,,网上交易,国寿养老险,2016-04-11,养老险公司,安徽,,
CL1000360696,徐翔,身份证,340223********9034,CL9029,福寿嘉年17期,"50,000.00","50,000.00","50,002.43",758920,养老险公司,安徽,YL34000005,张哲,养老险公司,安徽,,,养老险公司,总部,养老险公司,安徽,,,网上交易,国寿养老险,2016-04-11,养老险公司,安徽,,
CL1000360696,徐翔,身份证,340223********9034,CL9029,福寿嘉年17期,"50,000.00","50,000.00","50,002.43",758920,养老险公司,安徽,YL34000005,张哲,养老险公司,安徽,,,养老险公司,总部,养老险公司,安徽,,,网上交易,国寿养老险,2016-04-11,养老险公司,安徽,,
CL1000360696,徐翔,身份证,340223********9034,CL9029,福寿嘉年17期,"50,000.00","50,000.00","50,002.43",758920,养老险公司,安徽,YL34000005,张哲,养老险公司,安徽,,,养老险公司,总部,养老险公司,安徽,,,网上交易,国寿养老险,2016-04-11,养老险公司,安徽,,
CL1000360696,徐翔,身份证,340223********9034,CL9029,福寿嘉年17期,"50,000.00","50,000.00","50,002.43",758920,养老险公司,安徽,YL34000005,张哲,养老险公司,安徽,,,养老险公司,总部,养老险公司,安徽,,,网上交易,国寿养老险,2016-04-11,养老险公司,安徽,,
CL1000360696,徐翔,身份证,340223********9034,CL9029,福寿嘉年17期,"50,000.00","50,000.00","50,002.43",758920,养老险公司,安徽,YL34000005,张哲,养老险公司,安徽,,,养老险公司,总部,养老险公司,安徽,,,网上交易,国寿养老险,2016-04-11,养老险公司,安徽,,
CL1000360696,徐翔,身份证,340223********9034,CL9029,福寿嘉年17期,"50,000.00","50,000.00","50,002.43",758920,养老险公司,安徽,YL34000005,张哲,养老险公司,安徽,,,养老险公司,总部,养老险公司,安徽,,,网上交易,国寿养老险,2016-04-11,养老险公司,安徽,,
CL1000360696,徐翔,身份证,340223********9034,CL9029,福寿嘉年17期,"50,000.00","50,000.00","50,002.43",758920,养老险公司,安徽,YL34000005,张哲,养老险公司,安徽,,,养老险公司,总部,养老险公司,安徽,,,网上交易,国寿养老险,2016-04-11,养老险公司,安徽,,
CL1002019876,刘春芳,身份证,341022********002X,CL9029,福寿嘉年17期,"10,000.00","10,000.00","10,000.49",758920,养老险公司,安徽,34100279000003,,寿险团险,安徽,黄山,黄山市团拓部,养老险公司,总部,养老险公司,安徽,,,网上交易,国寿养老险,2016-04-11,寿险团险,安徽,黄山,黄山市团拓部
CL1002020028,王春妹,身份证,341021********0223,CL9029,福寿嘉年17期,"20,000.00","20,000.00","20,000.97",758920,养老险公司,安徽,34100279000003,,寿险团险,安徽,黄山,黄山市团拓部,养老险公司,总部,养老险公司,安徽,,,网上交易,国寿养老险,2016-04-11,寿险团险,安徽,黄山,黄山市团拓部
CL1002078797,刘磊,身份证,342623********0019,CL9029,福寿嘉年17期,"30,000.00","30,000.00","30,001.46",758920,养老险公司,安徽,34021379000025,,寿险团险,安徽,芜湖,无为县支公司,养老险公司,总部,养老险公司,安徽,,,网上交易,国寿养老险,2016-04-11,寿险团险,安徽,芜湖,无为县支公司
CL1000889821,王冬玲,身份证,340103********1524,CL9029,福寿嘉年17期,"100,000.00","100,000.00","100,004.86",758920,养老险公司,安徽,34011371000001,,寿险团险,安徽,合肥,团险拓展部,养老险公司,总部,养老险公司,安徽,,,网上交易,国寿养老险,2016-04-11,寿险团险,安徽,合肥,团险拓展部
CL1000947106,王学斌,身份证,340206********0024,CL9029,福寿嘉年17期,"30,000.00","30,000.00","30,001.46",758920,养老险公司,安徽,34020679000010,,寿险团险,安徽,芜湖,开发区支公司,养老险公司,总部,养老险公司,安徽,,,网上交易,国寿养老险,2016-04-11,寿险团险,安徽,芜湖,开发区支公司
CL1000143059,鲍德红,身份证,340403********0629,CL9029,福寿嘉年17期,"20,000.00","20,000.00","20,000.97",758920,养老险公司,安徽,341222198602050270, ,财险公司,安徽,,,养老险公司,总部,养老险公司,安徽,,,网上交易,国寿养老险,2016-04-11,财险公司,安徽,,
CL1000090311,张晓莉,身份证,342401********0020,CL9029,福寿嘉年17期,"70,000.00","70,000.00","70,003.40",758920,养老险公司,安徽,34240179000013,,寿险团险,安徽,六安,团拓,养老险公司,总部,养老险公司,安徽,,,网上交易,国寿养老险,2016-04-11,寿险团险,安徽,六安,团拓
CL1000149308,陈君,身份证,342423********0121,CL9029,福寿嘉年17期,"30,000.00","30,000.00","30,001.46",758920,养老险公司,安徽,34242379000003,,寿险团险,安徽,六安,霍邱,,,养老险公司,安徽,,,APP,国寿养老险,2016-04-11,寿险团险,安徽,六安,霍邱
CL1000202999,盛丹丹,身份证,342601********0223,CL9029,福寿嘉年17期,"155,000.00","155,000.00","155,007.53",758920,养老险公司,安徽,34012679000023,,寿险团险,安徽,合肥,巢湖支公司,养老险公司,总部,养老险公司,安徽,,,网上交易,国寿养老险,2016-04-11,寿险团险,安徽,合肥,巢湖支公司
CL1002078419,张起云,身份证,340202********1027,CL9029,福寿嘉年17期,"20,000.00","20,000.00","20,000.97",758920,养老险公司,安徽,34020179000036,,寿险团险,安徽,芜湖,团拓,养老险公司,总部,养老险公司,安徽,,,网上交易,国寿养老险,2016-04-11,寿险团险,安徽,芜湖,团拓
CL1002080171,陈及萍,身份证,340204********2022,CL9029,福寿嘉年17期,"200,000.00","200,000.00","200,009.72",758920,养老险公司,安徽,34020179000036,,寿险团险,安徽,芜湖,团拓,养老险公司,总部,养老险公司,安徽,,,网上交易,国寿养老险,2016-04-11,寿险团险,安徽,芜湖,团拓
CL1000846099,朱丽玮,身份证,340223********0025,CL9029,福寿嘉年17期,"50,000.00","50,000.00","50,002.43",758920,养老险公司,安徽,34020579000042,,寿险团险,安徽,芜湖,南陵支公司,,,养老险公司,安徽,,,APP,国寿养老险,2016-04-11,寿险团险,安徽,芜湖,南陵支公司
CL1000997506,赵拾妹,身份证,130928********1029,CL9029,福寿嘉年17期,"30,000.00","30,000.00","30,001.46",758920,养老险公司,安徽,34070379001002,,寿险团险,安徽,铜陵,团拓部（城区）,养老险公司,总部,养老险公司,安徽,,,网上交易,国寿养老险,2016-04-11,寿险团险,安徽,铜陵,团拓部（城区）
CL1001919206,孙群,身份证,340121********0021,CL9029,福寿嘉年17期,"10,000.00","10,000.00","10,000.49",758920,养老险公司,安徽,34012179000001,,寿险团险,安徽,合肥,长丰支公司,养老险公司,总部,养老险公司,安徽,,,网上交易,国寿养老险,2016-04-11,寿险团险,安徽,合肥,长丰支公司
CL1000652031,王博,身份证,342201********0556,CL9029,福寿嘉年17期,"300,000.00","300,000.00","300,002.92", ,,,34220379000003,,寿险团险,安徽,宿州,团拓部,养老险公司,总部,寿险团险,安徽,宿州,团拓部,网上交易,国寿养老险,2016-04-11,寿险团险,安徽,宿州,团拓部
CL1000148410,苏存,身份证,342425********0223,CL9029,福寿嘉年17期,"50,000.00","50,000.00","50,002.43",758920,养老险公司,安徽,34242579000011,,寿险团险,安徽,六安,舒城,养老险公司,总部,养老险公司,安徽,,,网上交易,国寿养老险,2016-04-11,寿险团险,安徽,六安,舒城
CL1000148410,苏存,身份证,342425********0223,CL9029,福寿嘉年17期,"20,000.00","20,000.00","20,000.97",758920,养老险公司,安徽,34242579000011,,寿险团险,安徽,六安,舒城,养老险公司,总部,养老险公司,安徽,,,网上交易,国寿养老险,2016-04-11,寿险团险,安徽,六安,舒城
CL1000233725,方正齐,身份证,340103********4010,CL9029,福寿嘉年17期,"600,000.00","600,000.00","600,029.17",758920,养老险公司,安徽,YL34000003,陈俊,养老险公司,安徽,,,养老险公司,总部,养老险公司,安徽,,,网上交易,国寿养老险,2016-04-11,养老险公司,安徽,,
CL1000120867,肖琼霞,身份证,432427********3920,CL9029,福寿嘉年17期,"150,000.00","150,000.00","150,007.29",758920,养老险公司,安徽,YL34000003,陈俊,养老险公司,安徽,,,养老险公司,总部,养老险公司,安徽,,,网上交易,国寿养老险,2016-04-11,养老险公司,安徽,,
CL1000233314,夏继林,身份证,342324********0016,CL9029,福寿嘉年17期,"70,000.00","70,000.00","70,003.40",758920,养老险公司,安徽,YL34000003,陈俊,养老险公司,安徽,,,养老险公司,总部,养老险公司,安徽,,,网上交易,国寿养老险,2016-04-11,养老险公司,安徽,,
CL1001798263,张红革,身份证,340121********9126,CL9029,福寿嘉年17期,"140,000.00","140,000.00","140,006.81",758920,养老险公司,安徽,34012179000005,,寿险团险,安徽,合肥,长丰支公司,养老险公司,总部,养老险公司,安徽,,,网上交易,国寿养老险,2016-04-11,寿险团险,安徽,合肥,长丰支公司
CL1000228688,李娟,身份证,342401********0027,CL9029,福寿嘉年17期,"50,000.00","50,000.00","50,002.43",758920,养老险公司,安徽, ,,,,,,养老险公司,总部,养老险公司,安徽,,,网上交易,国寿养老险,2016-04-11,养老险公司,安徽,,
CL1000144225,李恩燕,身份证,342401********3841,CL9029,福寿嘉年17期,"50,000.00","50,000.00","50,002.43",758920,养老险公司,安徽,34242579000011,,寿险团险,安徽,六安,舒城,养老险公司,总部,养老险公司,安徽,,,网上交易,国寿养老险,2016-04-11,寿险团险,安徽,六安,舒城
CL1000040344,秦桂凤,身份证,340104********0543,CL9029,福寿嘉年17期,"300,000.00","300,000.00","300,014.58",758920,养老险公司,安徽,YL34000009,平欣丽,养老险公司,安徽,,,养老险公司,总部,养老险公司,安徽,,,网上交易,国寿养老险,2016-04-11,养老险公司,安徽,,
CL1000119671,王莹,身份证,342423********014X,CL9029,福寿嘉年17期,"70,000.00","70,000.00","70,003.40",758920,养老险公司,安徽,YL34000008,李娟娟,养老险公司,安徽,,,养老险公司,总部,养老险公司,安徽,,,网上交易,国寿养老险,2016-04-11,养老险公司,安徽,,
CL1000165231,王琛,身份证,342324********0099,CL9029,福寿嘉年17期,"330,000.00","330,000.00","330,016.04",758920,养老险公司,安徽,YL34000003,陈俊,养老险公司,安徽,,,养老险公司,总部,养老险公司,安徽,,,网上交易,国寿养老险,2016-04-11,养老险公司,安徽,,
CL1002250548,徐芳,身份证,342401********3442,CL9029,福寿嘉年17期,"35,000.00","35,000.00","35,001.70",758920,养老险公司,安徽,34240179000022,,寿险团险,安徽,六安,团拓,养老险公司,总部,养老险公司,安徽,,,网上交易,国寿养老险,2016-04-11,寿险团险,安徽,六安,团拓

