﻿FUND_ACCT,CUST_NAME,CERT_TYPE,CERT_NO,FUND_CODE,FUND_NAME,APP_MONEY,ACK_MONEY,ACK_SHARE,INVITECODE,COMPANY_INVITE,BRANCH_INVITE_NEW,REFERID,CUSTNAME_REFER,COMPANY_REFER,BRANCH_REFER_NEW,CT_REFER,CR_REFER,COMPANY_ORG,ORGNAME,SALE_COMPANY_NAME_DTL,SALE_BRANCH_NAME,SALE_CT_NAME,SALE_CR_NAME,ACCEPT_METHOD,AGENCY_NAME,ACK_DATE,SALE_COMPANY_NAME_FEE,SALE_BRANCH_NAME_FEE1,SALE_CT_NAME_FEE,SALE_CR_NAME_FEE
CL1000573740,窦淑兰,身份证,342201********0488,CL9013,福寿嘉年02期,"20,000.00","20,000.00","20,001.36",156573,养老险公司,安徽,34220379000008,,寿险团险,安徽,宿州,团拓部,养老险公司,总部,养老险公司,安徽,,,网上交易,国寿养老险,2015-08-21,寿险团险,安徽,宿州,团拓部
CL1000119671,王莹,身份证,342423********014X,CL9013,福寿嘉年02期,"150,000.00","150,000.00","150,010.21",156573,养老险公司,安徽,YL34000001,陈仁全,养老险公司,安徽,,,养老险公司,总部,养老险公司,安徽,,,网上交易,国寿养老险,2015-08-21,养老险公司,安徽,,
CL1000038015,陈仁全,身份证,342423********0116,CL9013,福寿嘉年02期,"500,000.00","500,000.00","500,034.03",156573,养老险公司,安徽,YL34000001,陈仁全,养老险公司,安徽,,,养老险公司,总部,养老险公司,安徽,,,网上交易,国寿养老险,2015-08-21,养老险公司,安徽,,
CL1000122143,陈国民,身份证,340404********0217,CL9013,福寿嘉年02期,"10,000.00","10,000.00","10,000.58", ,,,34011371000001,,寿险团险,安徽,合肥,团险拓展部,养老险公司,总部,寿险团险,安徽,合肥,团险拓展部,网上交易,国寿养老险,2015-08-21,寿险团险,安徽,合肥,团险拓展部
CL1000029694,夏卿,身份证,342201********1852,CL9013,福寿嘉年02期,"330,000.00","330,000.00","330,022.46",156573,养老险公司,安徽,34220079001399,,寿险团险,安徽,,,养老险公司,总部,养老险公司,安徽,,,网上交易,国寿养老险,2015-08-21,寿险团险,安徽,,
CL1000521375,张琦,身份证,342701********0260,CL9013,福寿嘉年02期,"30,000.00",0.00,0.00, ,,,34100279000003,,寿险团险,安徽,黄山,黄山市团拓部,养老险公司,总部,寿险团险,安徽,黄山,黄山市团拓部,网上交易,国寿养老险,2015-08-21,寿险团险,安徽,黄山,黄山市团拓部
CL1000243590,唐艳华,身份证,342221********3020,CL9013,福寿嘉年02期,"150,000.00","150,000.00","150,010.21",156573,养老险公司,安徽,34220379000008,,寿险团险,安徽,宿州,团拓部,养老险公司,总部,养老险公司,安徽,,,网上交易,国寿养老险,2015-08-21,寿险团险,安徽,宿州,团拓部
CL1000045527,陈朝阳,身份证,340104********1516,CL9013,福寿嘉年02期,"130,000.00","130,000.00","130,008.85",156573,养老险公司,安徽,YL34000005,张哲,养老险公司,安徽,,,养老险公司,总部,养老险公司,安徽,,,网上交易,国寿养老险,2015-08-21,养老险公司,安徽,,
CL1000573940,隗媛,身份证,340404********0847,CL9013,福寿嘉年02期,"30,000.00","30,000.00","30,002.04",156573,养老险公司,安徽,34041179000020,,寿险团险,安徽,淮南,团拓部,养老险公司,总部,养老险公司,安徽,,,网上交易,国寿养老险,2015-08-21,寿险团险,安徽,淮南,团拓部
CL1000427194,聂宗华,身份证,340111********1562,CL9013,福寿嘉年02期,"200,000.00","200,000.00","200,013.61",156573,养老险公司,安徽,YL34000008,李娟娟,养老险公司,安徽,,,养老险公司,总部,养老险公司,安徽,,,网上交易,国寿养老险,2015-08-21,养老险公司,安徽,,
CL1000571253,庄怀先,身份证,342201********1216,CL9013,福寿嘉年02期,"50,000.00","50,000.00","50,003.40",156573,养老险公司,安徽,34220379001399,,寿险团险,安徽,宿州,团拓部,养老险公司,总部,养老险公司,安徽,,,网上交易,国寿养老险,2015-08-21,寿险团险,安徽,宿州,团拓部
CL1000587299,韩琍,身份证,340302********0449,CL9013,福寿嘉年02期,"100,000.00","100,000.00","100,006.81",156573,养老险公司,安徽,YL34000006,张子明,养老险公司,安徽,,,养老险公司,总部,养老险公司,安徽,,,网上交易,国寿养老险,2015-08-21,养老险公司,安徽,,
CL1000574450,陈永红,身份证,340403********2645,CL9013,福寿嘉年02期,"270,000.00","270,000.00","270,018.38",156573,养老险公司,安徽,34041179000020,,寿险团险,安徽,淮南,团拓部,养老险公司,总部,养老险公司,安徽,,,网上交易,国寿养老险,2015-08-21,寿险团险,安徽,淮南,团拓部
CL1000574461,陈晋晋,身份证,342201********0523,CL9013,福寿嘉年02期,"30,000.00","30,000.00","30,002.04",156573,养老险公司,安徽,34220379000003,,寿险团险,安徽,宿州,团拓部,养老险公司,总部,养老险公司,安徽,,,网上交易,国寿养老险,2015-08-21,寿险团险,安徽,宿州,团拓部
CL1000574216,张雅文,身份证,340403********164X,CL9013,福寿嘉年02期,"30,000.00","30,000.00","30,002.04",156573,养老险公司,安徽,34041179000020,,寿险团险,安徽,淮南,团拓部,养老险公司,总部,养老险公司,安徽,,,网上交易,国寿养老险,2015-08-21,寿险团险,安徽,淮南,团拓部
CL1000016333,陈俊,身份证,440511********0723,CL9013,福寿嘉年02期,"500,000.00","500,000.00","500,034.03",156573,养老险公司,安徽,YL34000003,陈俊,养老险公司,安徽,,,养老险公司,总部,养老险公司,安徽,,,网上交易,国寿养老险,2015-08-21,养老险公司,安徽,,
CL1000016333,陈俊,身份证,440511********0723,CL9013,福寿嘉年02期,"300,000.00","300,000.00","300,020.42",156573,养老险公司,安徽,YL34000003,陈俊,养老险公司,安徽,,,养老险公司,总部,养老险公司,安徽,,,网上交易,国寿养老险,2015-08-21,养老险公司,安徽,,
CL1000028695,杨竞,身份证,342426********004X,CL9013,福寿嘉年02期,"100,000.00","100,000.00","100,006.81",156573,养老险公司,安徽,YL34000002,杨竞,养老险公司,安徽,,,养老险公司,总部,养老险公司,安徽,,,网上交易,国寿养老险,2015-08-21,养老险公司,安徽,,
CL1000565462,孙霞,身份证,342324********0040,CL9013,福寿嘉年02期,"10,000.00","10,000.00","10,000.68",156573,养老险公司,安徽,YL34000003,陈俊,养老险公司,安徽,,,养老险公司,总部,养老险公司,安徽,,,网上交易,国寿养老险,2015-08-21,养老险公司,安徽,,
CL1000565462,孙霞,身份证,342324********0040,CL9013,福寿嘉年02期,"50,000.00","50,000.00","50,003.40",156573,养老险公司,安徽,YL34000003,陈俊,养老险公司,安徽,,,养老险公司,总部,养老险公司,安徽,,,网上交易,国寿养老险,2015-08-21,养老险公司,安徽,,
CL1000578134,蒋刚,身份证,340403********1430,CL9013,福寿嘉年02期,"50,000.00","50,000.00","50,003.40",156573,养老险公司,安徽, ,,,,,,养老险公司,总部,养老险公司,安徽,,,网上交易,国寿养老险,2015-08-21,养老险公司,安徽,,
CL1000576625,詹传泉,身份证,342201********3279,CL9013,福寿嘉年02期,"50,000.00","50,000.00","50,003.40",156573,养老险公司,安徽,34220379000003,,寿险团险,安徽,宿州,团拓部,养老险公司,总部,养老险公司,安徽,,,网上交易,国寿养老险,2015-08-21,寿险团险,安徽,宿州,团拓部
CL1000118227,黄媛媛,身份证,340603********0449,CL9013,福寿嘉年02期,"500,000.00","500,000.00","500,034.03",156573,养老险公司,安徽,YL34000010,黄媛媛,养老险公司,安徽,,,养老险公司,总部,养老险公司,安徽,,,网上交易,国寿养老险,2015-08-21,养老险公司,安徽,,
CL1000118227,黄媛媛,身份证,340603********0449,CL9013,福寿嘉年02期,"500,000.00","500,000.00","500,034.03",156573,养老险公司,安徽,YL34000010,黄媛媛,养老险公司,安徽,,,养老险公司,总部,养老险公司,安徽,,,网上交易,国寿养老险,2015-08-21,养老险公司,安徽,,
CL1000041009,张学亮,身份证,340102********1531,CL9013,福寿嘉年02期,"50,000.00","50,000.00","50,003.40",156573,养老险公司,安徽,34220079001399,,寿险团险,安徽,,,养老险公司,总部,养老险公司,安徽,,,网上交易,国寿养老险,2015-08-21,寿险团险,安徽,,
CL1000233725,方正齐,身份证,340103********4010,CL9013,福寿嘉年02期,"500,000.00","500,000.00","500,034.03",156573,养老险公司,安徽,YL34000003,陈俊,养老险公司,安徽,,,养老险公司,总部,养老险公司,安徽,,,网上交易,国寿养老险,2015-08-21,养老险公司,安徽,,
CL1000233725,方正齐,身份证,340103********4010,CL9013,福寿嘉年02期,"100,000.00","100,000.00","100,006.81",156573,养老险公司,安徽,YL34000003,陈俊,养老险公司,安徽,,,养老险公司,总部,养老险公司,安徽,,,网上交易,国寿养老险,2015-08-21,养老险公司,安徽,,
CL1000248206,蒋蓉蓉,身份证,340223********0045,CL9013,福寿嘉年02期,"150,000.00","150,000.00","150,010.21",156573,养老险公司,安徽,YL34000005,张哲,养老险公司,安徽,,,养老险公司,总部,养老险公司,安徽,,,网上交易,国寿养老险,2015-08-21,养老险公司,安徽,,
CL1000573995,陈杨,身份证,342201********0435,CL9013,福寿嘉年02期,"30,000.00","30,000.00","30,002.04",156573,养老险公司,安徽,34220379000008,,寿险团险,安徽,宿州,团拓部,养老险公司,总部,养老险公司,安徽,,,网上交易,国寿养老险,2015-08-21,寿险团险,安徽,宿州,团拓部
CL1000040344,秦桂凤,身份证,340104********0543,CL9013,福寿嘉年02期,"50,000.00","50,000.00","50,003.40",156573,养老险公司,安徽,YL34000003,陈俊,养老险公司,安徽,,,养老险公司,总部,养老险公司,安徽,,,网上交易,国寿养老险,2015-08-21,养老险公司,安徽,,
CL1000038015,陈仁全,身份证,342423********0116,CL9013,福寿嘉年02期,"70,000.00","70,000.00","70,004.76",156573,养老险公司,安徽,YL34000001,陈仁全,养老险公司,安徽,,,养老险公司,总部,养老险公司,安徽,,,网上交易,国寿养老险,2015-08-21,养老险公司,安徽,,

