﻿FUND_ACCT,CUST_NAME,CERT_TYPE,CERT_NO,FUND_CODE,FUND_NAME,APP_MONEY,ACK_MONEY,ACK_SHARE,INVITECODE,COMPANY_INVITE,BRANCH_INVITE_NEW,REFERID,CUSTNAME_REFER,COMPANY_REFER,BRANCH_REFER_NEW,CT_REFER,CR_REFER,COMPANY_ORG,ORGNAME,SALE_COMPANY_NAME_DTL,SALE_BRANCH_NAME,SALE_CT_NAME,SALE_CR_NAME,ACCEPT_METHOD,AGENCY_NAME,ACK_DATE,SALE_COMPANY_NAME_FEE,SALE_BRANCH_NAME_FEE1,SALE_CT_NAME_FEE,SALE_CR_NAME_FEE
CL1000716565,潘贵山,身份证,342529********0050,CL9033,福寿嘉年21期,"10,000.00","10,000.00","10,000.58",387240,寿险团险,安徽,34250179001007,,寿险团险,安徽,宣城,团拓,养老险公司,总部,寿险团险,安徽,,,网上交易,国寿养老险,2016-05-12,寿险团险,安徽,宣城,团拓
CL1000573740,窦淑兰,身份证,342201********0488,CL9033,福寿嘉年21期,"40,000.00","40,000.00","40,002.33",387240,寿险团险,安徽,34220379000003,,寿险团险,安徽,宿州,团拓部,养老险公司,总部,寿险团险,安徽,,,网上交易,国寿养老险,2016-05-12,寿险团险,安徽,宿州,团拓部
CL1002765491,唐芳,身份证,340402********0042,CL9033,福寿嘉年21期,"150,000.00","150,000.00","150,008.75",387240,寿险团险,安徽,34041179000035,,寿险团险,安徽,淮南,团拓部,养老险公司,总部,寿险团险,安徽,,,网上交易,国寿养老险,2016-05-12,寿险团险,安徽,淮南,团拓部
CL1002765746,沈玉荣,身份证,340304********0621,CL9033,福寿嘉年21期,"30,000.00","30,000.00","30,001.75",387240,寿险团险,安徽,34031079000016,,寿险团险,安徽,蚌埠,团拓,养老险公司,总部,寿险团险,安徽,,,网上交易,国寿养老险,2016-05-12,寿险团险,安徽,蚌埠,团拓
CL1002792076,张林,身份证,340221********0410,CL9033,福寿嘉年21期,"20,000.00","20,000.00","20,001.17",387240,寿险团险,安徽,34020679000010,,寿险团险,安徽,芜湖,开发区支公司,养老险公司,总部,寿险团险,安徽,,,网上交易,国寿养老险,2016-05-12,寿险团险,安徽,芜湖,开发区支公司
CL1002791111,张礼凤,身份证,342623********1643,CL9033,福寿嘉年21期,"50,000.00","50,000.00","50,002.92",387240,寿险团险,安徽,34021379000025,,寿险团险,安徽,芜湖,无为县支公司,养老险公司,总部,寿险团险,安徽,,,网上交易,国寿养老险,2016-05-12,寿险团险,安徽,芜湖,无为县支公司
CL1001072353,吴火兴,身份证,360622********3931,CL9033,福寿嘉年21期,"20,000.00",0.00,0.00, ,,,34021379000025,,寿险团险,安徽,芜湖,无为县支公司,养老险公司,总部,寿险团险,安徽,芜湖,无为县支公司,网上交易,国寿养老险,2016-05-12,寿险团险,安徽,芜湖,无为县支公司
CL1002840319,孙海玲,身份证,340123********0042,CL9033,福寿嘉年21期,"50,000.00","50,000.00","50,002.43",387240,寿险团险,安徽,34012279000002,,寿险团险,安徽,合肥,肥东支公司,养老险公司,总部,寿险团险,安徽,,,网上交易,国寿养老险,2016-05-12,寿险团险,安徽,合肥,肥东支公司
CL1002797004,陈培,身份证,342224********2109,CL9033,福寿嘉年21期,"50,000.00","50,000.00","50,002.92",387240,寿险团险,安徽,34222479002415,,寿险团险,安徽,宿州,灵璧县支公司,养老险公司,总部,寿险团险,安徽,,,网上交易,国寿养老险,2016-05-12,寿险团险,安徽,宿州,灵璧县支公司
CL1002840864,江兴华,身份证,341623********3026,CL9033,福寿嘉年21期,"10,000.00","10,000.00","10,000.49",387240,寿险团险,安徽,34213079001063,,寿险团险,安徽,亳州,利辛县公司,养老险公司,总部,寿险团险,安徽,,,网上交易,国寿养老险,2016-05-12,寿险团险,安徽,亳州,利辛县公司
CL1002801472,吴峰,身份证,342222********2070,CL9033,福寿嘉年21期,"30,000.00","30,000.00","30,001.46",387240,寿险团险,安徽,34222279000006,,寿险团险,安徽,宿州,萧县支公司,养老险公司,总部,寿险团险,安徽,,,网上交易,国寿养老险,2016-05-12,寿险团险,安徽,宿州,萧县支公司
CL1002841274,韦永高,身份证,342322********3612,CL9033,福寿嘉年21期,"10,000.00",0.00,0.00,387240,寿险团险,安徽,34112279000011,,寿险团险,安徽,滁州,来安,养老险公司,总部,寿险团险,安徽,,,网上交易,国寿养老险,2016-05-12,寿险团险,安徽,滁州,来安
CL1002841274,韦永高,身份证,342322********3612,CL9033,福寿嘉年21期,"50,000.00",0.00,0.00,387240,寿险团险,安徽,34112279000011,,寿险团险,安徽,滁州,来安,养老险公司,总部,寿险团险,安徽,,,网上交易,国寿养老险,2016-05-12,寿险团险,安徽,滁州,来安
CL1002841274,韦永高,身份证,342322********3612,CL9033,福寿嘉年21期,"40,000.00",0.00,0.00,387240,寿险团险,安徽,34112279000011,,寿险团险,安徽,滁州,来安,养老险公司,总部,寿险团险,安徽,,,网上交易,国寿养老险,2016-05-12,寿险团险,安徽,滁州,来安
CL1000946429,王秀芳,身份证,340403********0626,CL9033,福寿嘉年21期,"100,000.00","100,000.00","100,004.86",387240,寿险团险,安徽,34041179000028,,寿险团险,安徽,淮南,团拓部,养老险公司,总部,寿险团险,安徽,,,网上交易,国寿养老险,2016-05-12,寿险团险,安徽,淮南,团拓部
CL1000946429,王秀芳,身份证,340403********0626,CL9033,福寿嘉年21期,"50,000.00","50,000.00","50,002.92",387240,寿险团险,安徽,34041179000028,,寿险团险,安徽,淮南,团拓部,养老险公司,总部,寿险团险,安徽,,,网上交易,国寿养老险,2016-05-12,寿险团险,安徽,淮南,团拓部
CL1002705204,王雪琴,身份证,340221********0081,CL9033,福寿嘉年21期,"10,000.00","10,000.00","10,000.49",387240,寿险团险,安徽,34020379000015,,寿险团险,安徽,芜湖,芜湖县支公司,养老险公司,总部,寿险团险,安徽,,,网上交易,国寿养老险,2016-05-12,寿险团险,安徽,芜湖,芜湖县支公司
CL1000996063,蒋玉清,身份证,340202********0724,CL9033,福寿嘉年21期,"10,000.00","10,000.00","10,000.58",387240,寿险团险,安徽,34020679000010,,寿险团险,安徽,芜湖,开发区支公司,养老险公司,总部,寿险团险,安徽,,,网上交易,国寿养老险,2016-05-12,寿险团险,安徽,芜湖,开发区支公司
CL1002840642,丁美玲,身份证,340322********0068,CL9033,福寿嘉年21期,"10,000.00","10,000.00","10,000.49",387240,寿险团险,安徽,34032279000028,,寿险团险,安徽,蚌埠,五河县支公司,养老险公司,总部,寿险团险,安徽,,,网上交易,国寿养老险,2016-05-12,寿险团险,安徽,蚌埠,五河县支公司
CL1002792387,汪敏,身份证,342922********2266,CL9033,福寿嘉年21期,"20,000.00","20,000.00","20,001.17",387240,寿险团险,安徽,34292279000001,,寿险团险,安徽,池州,石台支公司,养老险公司,总部,寿险团险,安徽,,,网上交易,国寿养老险,2016-05-12,寿险团险,安徽,池州,石台支公司
CL1002801794,胡爱婷,身份证,340221********7125,CL9033,福寿嘉年21期,"20,000.00","20,000.00","20,000.97",387240,寿险团险,安徽,34020179000036,,寿险团险,安徽,芜湖,团拓,养老险公司,总部,寿险团险,安徽,,,网上交易,国寿养老险,2016-05-12,寿险团险,安徽,芜湖,团拓
CL1002794318,吴宗跃,身份证,340204********0739,CL9033,福寿嘉年21期,"50,000.00","50,000.00","50,002.92",387240,寿险团险,安徽, ,,,,,,养老险公司,总部,寿险团险,安徽,,,网上交易,国寿养老险,2016-05-12,寿险团险,安徽,,
CL1002794318,吴宗跃,身份证,340204********0739,CL9033,福寿嘉年21期,"50,000.00","50,000.00","50,002.92",387240,寿险团险,安徽,34020679000010,,寿险团险,安徽,芜湖,开发区支公司,养老险公司,总部,寿险团险,安徽,,,网上交易,国寿养老险,2016-05-12,寿险团险,安徽,芜湖,开发区支公司
CL1000062848,徐磊,身份证,340702********2025,CL9033,福寿嘉年21期,"260,000.00","260,000.00","260,015.17",387240,寿险团险,安徽,34070379001002,,寿险团险,安徽,铜陵,团拓部（城区）,养老险公司,总部,寿险团险,安徽,,,网上交易,国寿养老险,2016-05-12,寿险团险,安徽,铜陵,团拓部（城区）
CL1002839045,左天亮,身份证,342923********6016,CL9033,福寿嘉年21期,"50,000.00","50,000.00","50,002.43",387240,寿险团险,安徽,34292279000001,,寿险团险,安徽,池州,石台支公司,养老险公司,总部,寿险团险,安徽,,,网上交易,国寿养老险,2016-05-12,寿险团险,安徽,池州,石台支公司
CL1002839045,左天亮,身份证,342923********6016,CL9033,福寿嘉年21期,"50,000.00","50,000.00","50,002.43",387240,寿险团险,安徽,34292279000001,,寿险团险,安徽,池州,石台支公司,养老险公司,总部,寿险团险,安徽,,,网上交易,国寿养老险,2016-05-12,寿险团险,安徽,池州,石台支公司
CL1002637276,叶先锋,身份证,340721********4541,CL9033,福寿嘉年21期,"10,000.00","10,000.00","10,000.49",387240,寿险团险,安徽,34070379001002,,寿险团险,安徽,铜陵,团拓部（城区）,养老险公司,总部,寿险团险,安徽,,,网上交易,国寿养老险,2016-05-12,寿险团险,安徽,铜陵,团拓部（城区）
CL1002791566,徐辉,身份证,340304********0020,CL9033,福寿嘉年21期,"20,000.00","20,000.00","20,001.17",387240,寿险团险,安徽,34031079000016,,寿险团险,安徽,蚌埠,团拓,养老险公司,总部,寿险团险,安徽,,,网上交易,国寿养老险,2016-05-12,寿险团险,安徽,蚌埠,团拓
CL1000954952,李广松,身份证,340121********0058,CL9033,福寿嘉年21期,"10,000.00","10,000.00","10,000.58",387240,寿险团险,安徽,34012179000023,,寿险团险,安徽,合肥,长丰支公司,养老险公司,总部,寿险团险,安徽,,,网上交易,国寿养老险,2016-05-12,寿险团险,安徽,合肥,长丰支公司
CL1002764814,耿庆荣,身份证,342601********0421,CL9033,福寿嘉年21期,"490,000.00","490,000.00","490,028.58",387240,寿险团险,安徽,34012679000023,,寿险团险,安徽,合肥,巢湖支公司,养老险公司,总部,寿险团险,安徽,,,网上交易,国寿养老险,2016-05-12,寿险团险,安徽,合肥,巢湖支公司
CL1002760985,任丽,身份证,342529********2222,CL9033,福寿嘉年21期,"70,000.00","70,000.00","70,004.08",387240,寿险团险,安徽,34250179001007,,寿险团险,安徽,宣城,团拓,养老险公司,总部,寿险团险,安徽,,,网上交易,国寿养老险,2016-05-12,寿险团险,安徽,宣城,团拓
CL1000753726,陈如玲,身份证,341125********0064,CL9033,福寿嘉年21期,"50,000.00","50,000.00","50,002.43",387240,寿险团险,安徽,34112579000024,,寿险团险,安徽,滁州,定远,养老险公司,总部,寿险团险,安徽,,,网上交易,国寿养老险,2016-05-12,寿险团险,安徽,滁州,定远
CL1002795595,余宏丽,身份证,342427********3723,CL9033,福寿嘉年21期,"50,000.00","50,000.00","50,002.92",387240,寿险团险,安徽,34242779000023,,寿险团险,安徽,六安,霍山,养老险公司,总部,寿险团险,安徽,,,网上交易,国寿养老险,2016-05-12,寿险团险,安徽,六安,霍山
CL1002794552,汪玉红,身份证,340224********0021,CL9033,福寿嘉年21期,"50,000.00","50,000.00","50,002.92",387240,寿险团险,安徽,34292313408634,,寿险团险,安徽,池州,青阳支公司,养老险公司,总部,寿险团险,安徽,,,网上交易,国寿养老险,2016-05-12,寿险团险,安徽,池州,青阳支公司
CL1002794552,汪玉红,身份证,340224********0021,CL9033,福寿嘉年21期,"50,000.00","50,000.00","50,002.43",387240,寿险团险,安徽,34292313408634,,寿险团险,安徽,池州,青阳支公司,养老险公司,总部,寿险团险,安徽,,,网上交易,国寿养老险,2016-05-12,寿险团险,安徽,池州,青阳支公司
CL1002840908,姚园园,身份证,341281********0341,CL9033,福寿嘉年21期,"20,000.00","20,000.00","20,000.97",387240,寿险团险,安徽,34213379001013,,寿险团险,安徽,亳州,谯城支公司,养老险公司,总部,寿险团险,安徽,,,网上交易,国寿养老险,2016-05-12,寿险团险,安徽,亳州,谯城支公司
CL1000269878,付绍贤,身份证,342426********3017,CL9033,福寿嘉年21期,"100,000.00","100,000.00","100,004.86",387240,寿险团险,安徽,34242679000001,,寿险团险,安徽,六安,金寨,养老险公司,总部,寿险团险,安徽,,,网上交易,国寿养老险,2016-05-12,寿险团险,安徽,六安,金寨
CL1002874075,吴宗国,身份证,340203********1515,CL9033,福寿嘉年21期,"50,000.00","50,000.00","50,001.94", ,,,34020679000010,,寿险团险,安徽,芜湖,开发区支公司,养老险公司,总部,寿险团险,安徽,芜湖,开发区支公司,网上交易,国寿养老险,2016-05-12,寿险团险,安徽,芜湖,开发区支公司
CL1002874075,吴宗国,身份证,340203********1515,CL9033,福寿嘉年21期,"10,000.00","10,000.00","10,000.39", ,,,34020679000010,,寿险团险,安徽,芜湖,开发区支公司,养老险公司,总部,寿险团险,安徽,芜湖,开发区支公司,网上交易,国寿养老险,2016-05-12,寿险团险,安徽,芜湖,开发区支公司
CL1000793017,张敏,身份证,342201********1229,CL9033,福寿嘉年21期,"30,000.00","30,000.00","30,001.46",387240,寿险团险,安徽,34220379000008,,寿险团险,安徽,宿州,团拓部,养老险公司,总部,寿险团险,安徽,,,网上交易,国寿养老险,2016-05-12,寿险团险,安徽,宿州,团拓部
CL1000720970,张敬琼,身份证,342625********1705,CL9033,福寿嘉年21期,"10,000.00","10,000.00","10,000.58",387240,寿险团险,安徽,34050579000016,,寿险团险,安徽,马鞍山市,含山县团险部,养老险公司,总部,寿险团险,安徽,,,网上交易,国寿养老险,2016-05-12,寿险团险,安徽,马鞍山市,含山县团险部
CL1002798192,石东红,身份证,340826********0042,CL9033,福寿嘉年21期,"20,000.00","20,000.00","20,001.17",387240,寿险团险,安徽,34082679000003,,寿险团险,安徽,安庆,宿松,养老险公司,总部,寿险团险,安徽,,,网上交易,国寿养老险,2016-05-12,寿险团险,安徽,安庆,宿松
CL1002791311,卢峻峰,身份证,342623********0065,CL9033,福寿嘉年21期,"50,000.00","50,000.00","50,002.92",387240,寿险团险,安徽,34021379000025,,寿险团险,安徽,芜湖,无为县支公司,养老险公司,总部,寿险团险,安徽,,,网上交易,国寿养老险,2016-05-12,寿险团险,安徽,芜湖,无为县支公司
CL1001064108,梁支君,身份证,340121********9123,CL9033,福寿嘉年21期,"20,000.00","20,000.00","20,001.17",387240,寿险团险,安徽,34012179000005,,寿险团险,安徽,合肥,长丰支公司,养老险公司,总部,寿险团险,安徽,,,网上交易,国寿养老险,2016-05-12,寿险团险,安徽,合肥,长丰支公司
CL1002842539,陈建群,身份证,340503********023X,CL9033,福寿嘉年21期,"190,000.00","190,000.00","190,009.24",387240,寿险团险,安徽,34050279000025,,寿险团险,安徽,马鞍山市,马鞍山市团拓部,养老险公司,总部,寿险团险,安徽,,,网上交易,国寿养老险,2016-05-12,寿险团险,安徽,马鞍山市,马鞍山市团拓部
CL1002676791,张文凤,身份证,342922********3780,CL9033,福寿嘉年21期,"20,000.00","20,000.00","20,001.17",387240,寿险团险,安徽,34292279000001,,寿险团险,安徽,池州,石台支公司,养老险公司,总部,寿险团险,安徽,,,网上交易,国寿养老险,2016-05-12,寿险团险,安徽,池州,石台支公司
CL1002764336,肖瑶,身份证,340702********0028,CL9033,福寿嘉年21期,"30,000.00","30,000.00","30,001.75",387240,寿险团险,安徽,34070379001002,,寿险团险,安徽,铜陵,团拓部（城区）,养老险公司,总部,寿险团险,安徽,,,网上交易,国寿养老险,2016-05-12,寿险团险,安徽,铜陵,团拓部（城区）
CL1001213125,程如茂,身份证,342530********0014,CL9033,福寿嘉年21期,"20,000.00","20,000.00","20,001.17",387240,寿险团险,安徽, ,,,,,,养老险公司,总部,寿险团险,安徽,,,网上交易,国寿养老险,2016-05-12,寿险团险,安徽,,
CL1002793597,王婷婷,身份证,342423********0120,CL9033,福寿嘉年21期,"210,000.00","210,000.00","210,012.25",387240,寿险团险,安徽,34242379000044,,寿险团险,安徽,六安,霍邱,,,寿险团险,安徽,,,APP,国寿养老险,2016-05-12,寿险团险,安徽,六安,霍邱
CL1002801538,万有昌,身份证,340204********0710,CL9033,福寿嘉年21期,"30,000.00","30,000.00","30,001.46",387240,寿险团险,安徽,34020179000036,,寿险团险,安徽,芜湖,团拓,养老险公司,总部,寿险团险,安徽,,,网上交易,国寿养老险,2016-05-12,寿险团险,安徽,芜湖,团拓
CL1002760574,刘桂生,身份证,340822********2837,CL9033,福寿嘉年21期,"300,000.00","300,000.00","300,017.50",387240,寿险团险,安徽,34082279000004,,寿险团险,安徽,安庆,怀宁,养老险公司,总部,寿险团险,安徽,,,网上交易,国寿养老险,2016-05-12,寿险团险,安徽,安庆,怀宁
CL1002766056,曹艳,身份证,342201********0048,CL9033,福寿嘉年21期,"200,000.00","200,000.00","200,009.72",387240,寿险团险,安徽,34222479002415,,寿险团险,安徽,宿州,灵璧县支公司,养老险公司,总部,寿险团险,安徽,,,网上交易,国寿养老险,2016-05-12,寿险团险,安徽,宿州,灵璧县支公司
CL1002801416,杨祖英,身份证,340206********0027,CL9033,福寿嘉年21期,"50,000.00","50,000.00","50,002.43",387240,寿险团险,安徽,34020179000024,,寿险团险,安徽,芜湖,团拓,养老险公司,总部,寿险团险,安徽,,,网上交易,国寿养老险,2016-05-12,寿险团险,安徽,芜湖,团拓
CL1002705482,吕贝贝,身份证,342901********1223,CL9033,福寿嘉年21期,"10,000.00","10,000.00","10,000.58",387240,寿险团险,安徽,34011371000001,,寿险团险,安徽,合肥,团险拓展部,,,寿险团险,安徽,,,APP,国寿养老险,2016-05-12,寿险团险,安徽,合肥,团险拓展部
CL1002792276,程善娟,身份证,342427********4420,CL9033,福寿嘉年21期,"30,000.00","30,000.00","30,001.75",387240,寿险团险,安徽,34242779000023,,寿险团险,安徽,六安,霍山,养老险公司,总部,寿险团险,安徽,,,网上交易,国寿养老险,2016-05-12,寿险团险,安徽,六安,霍山
CL1000889365,张立丽,身份证,341126********0246,CL9033,福寿嘉年21期,"15,000.00","15,000.00","15,000.88",387240,寿险团险,安徽,34020579000042,,寿险团险,安徽,芜湖,南陵支公司,,,寿险团险,安徽,,,APP,国寿养老险,2016-05-12,寿险团险,安徽,芜湖,南陵支公司
CL1002800584,彭大海,身份证,340602********0617,CL9033,福寿嘉年21期,"30,000.00","30,000.00","30,001.46",387240,寿险团险,安徽,34220379000008,,寿险团险,安徽,宿州,团拓部,养老险公司,总部,寿险团险,安徽,,,网上交易,国寿养老险,2016-05-12,寿险团险,安徽,宿州,团拓部
CL1002792754,张悦,身份证,340121********0026,CL9033,福寿嘉年21期,"10,000.00","10,000.00","10,000.58",387240,寿险团险,安徽,34012179000005,,寿险团险,安徽,合肥,长丰支公司,养老险公司,总部,寿险团险,安徽,,,网上交易,国寿养老险,2016-05-12,寿险团险,安徽,合肥,长丰支公司
CL1002758234,张成翠,身份证,342625********0025,CL9033,福寿嘉年21期,"100,000.00","100,000.00","100,005.83",387240,寿险团险,安徽,34050279000025,,寿险团险,安徽,马鞍山市,马鞍山市团拓部,养老险公司,总部,寿险团险,安徽,,,网上交易,国寿养老险,2016-05-12,寿险团险,安徽,马鞍山市,马鞍山市团拓部
CL1002798170,吴文嘉,身份证,342327********0036,CL9033,福寿嘉年21期,"50,000.00","50,000.00","50,002.92",387240,寿险团险,安徽,34112479000011,,寿险团险,安徽,滁州,全椒,养老险公司,总部,寿险团险,安徽,,,网上交易,国寿养老险,2016-05-12,寿险团险,安徽,滁州,全椒
CL1000038460,周小琴,身份证,342701********0425,CL9033,福寿嘉年21期,"500,000.00","500,000.00","500,024.31",387240,寿险团险,安徽,34100279000003,,寿险团险,安徽,黄山,黄山市团拓部,养老险公司,总部,寿险团险,安徽,,,网上交易,国寿养老险,2016-05-12,寿险团险,安徽,黄山,黄山市团拓部
CL1002840986,鲍欢喜,身份证,340224********1214,CL9033,福寿嘉年21期,"50,000.00","50,000.00","50,002.43",387240,寿险团险,安徽,34292313401493,,寿险团险,安徽,池州,青阳支公司,养老险公司,总部,寿险团险,安徽,,,网上交易,国寿养老险,2016-05-12,寿险团险,安徽,池州,青阳支公司
CL1002758245,程龙飞,身份证,340604********0616,CL9033,福寿嘉年21期,"15,000.00","15,000.00","15,000.88",387240,寿险团险,安徽,34032379000018,,寿险团险,安徽,蚌埠,固镇县支公司,养老险公司,总部,寿险团险,安徽,,,网上交易,国寿养老险,2016-05-12,寿险团险,安徽,蚌埠,固镇县支公司
CL1000712036,钱蓉,身份证,342625********0025,CL9033,福寿嘉年21期,"30,000.00","30,000.00","30,001.46",387240,寿险团险,安徽,34050579000003,,寿险团险,安徽,马鞍山市,含山县团险部,养老险公司,总部,寿险团险,安徽,,,网上交易,国寿养老险,2016-05-12,寿险团险,安徽,马鞍山市,含山县团险部
CL1000639838,汪静,身份证,342901********6622,CL9033,福寿嘉年21期,"21,000.00","21,000.00","21,001.02",387240,寿险团险,安徽,34041179000019,,寿险团险,安徽,淮南,团拓部,,,寿险团险,安徽,,,APP,国寿养老险,2016-05-12,寿险团险,安徽,淮南,团拓部
CL1000988141,韩敏,身份证,340221********0067,CL9033,福寿嘉年21期,"30,000.00","30,000.00","30,001.75",387240,寿险团险,安徽, ,,,,,,,,寿险团险,安徽,,,APP,国寿养老险,2016-05-12,寿险团险,安徽,,
CL1000361751,刘晖,身份证,342222********3700,CL9033,福寿嘉年21期,"150,000.00","150,000.00","150,008.75",387240,寿险团险,安徽,34222279000006,,寿险团险,安徽,宿州,萧县支公司,养老险公司,总部,寿险团险,安徽,,,网上交易,国寿养老险,2016-05-12,寿险团险,安徽,宿州,萧县支公司
CL1000370616,李素珠,身份证,340702********7540,CL9033,福寿嘉年21期,"250,000.00","250,000.00","250,012.15",387240,寿险团险,安徽, ,,,,,,养老险公司,总部,寿险团险,安徽,,,网上交易,国寿养老险,2016-05-12,寿险团险,安徽,,
CL1002765013,胡燕华,身份证,342625********0044,CL9033,福寿嘉年21期,"50,000.00","50,000.00","50,002.92",387240,寿险团险,安徽,34050579000003,,寿险团险,安徽,马鞍山市,含山县团险部,养老险公司,总部,寿险团险,安徽,,,网上交易,国寿养老险,2016-05-12,寿险团险,安徽,马鞍山市,含山县团险部
CL1002798214,王燕,身份证,342822********0020,CL9033,福寿嘉年21期,"70,000.00","70,000.00","70,004.08",387240,寿险团险,安徽, ,,,,,,,,寿险团险,安徽,,,APP,国寿养老险,2016-05-12,寿险团险,安徽,,
CL1002797437,张玉红,身份证,340504********0225,CL9033,福寿嘉年21期,"50,000.00","50,000.00","50,002.43",387240,寿险团险,安徽,34050279000025,,寿险团险,安徽,马鞍山市,马鞍山市团拓部,养老险公司,总部,寿险团险,安徽,,,网上交易,国寿养老险,2016-05-12,寿险团险,安徽,马鞍山市,马鞍山市团拓部
CL1002797437,张玉红,身份证,340504********0225,CL9033,福寿嘉年21期,"50,000.00","50,000.00","50,002.92",387240,寿险团险,安徽,34050279000025,,寿险团险,安徽,马鞍山市,马鞍山市团拓部,养老险公司,总部,寿险团险,安徽,,,网上交易,国寿养老险,2016-05-12,寿险团险,安徽,马鞍山市,马鞍山市团拓部
CL1000256184,张荣华,身份证,340104********2028,CL9033,福寿嘉年21期,"30,000.00","30,000.00","30,001.75",387240,寿险团险,安徽, ,,,,,,养老险公司,总部,寿险团险,安徽,,,网上交易,国寿养老险,2016-05-12,寿险团险,安徽,,
CL1002794496,杨婕,身份证,342502********0307,CL9033,福寿嘉年21期,"70,000.00","70,000.00","70,004.08",387240,寿险团险,安徽,34250179001007,,寿险团险,安徽,宣城,团拓,养老险公司,总部,寿险团险,安徽,,,网上交易,国寿养老险,2016-05-12,寿险团险,安徽,宣城,团拓
CL1000751428,张久荣,身份证,340121********9160,CL9033,福寿嘉年21期,"50,000.00","50,000.00","50,001.94", ,,,34012179000001,,寿险团险,安徽,合肥,长丰支公司,养老险公司,总部,寿险团险,安徽,合肥,长丰支公司,网上交易,国寿养老险,2016-05-12,寿险团险,安徽,合肥,长丰支公司
CL1000751428,张久荣,身份证,340121********9160,CL9033,福寿嘉年21期,"50,000.00","50,000.00","50,002.43",387240,寿险团险,安徽,34012179000001,,寿险团险,安徽,合肥,长丰支公司,养老险公司,总部,寿险团险,安徽,,,网上交易,国寿养老险,2016-05-12,寿险团险,安徽,合肥,长丰支公司
CL1000751428,张久荣,身份证,340121********9160,CL9033,福寿嘉年21期,"50,000.00","50,000.00","50,002.92",387240,寿险团险,安徽,34012179000005,,寿险团险,安徽,合肥,长丰支公司,养老险公司,总部,寿险团险,安徽,,,网上交易,国寿养老险,2016-05-12,寿险团险,安徽,合肥,长丰支公司
CL1002839590,葛凤林,身份证,342822********582X,CL9033,福寿嘉年21期,"50,000.00","50,000.00","50,002.43",387240,寿险团险,安徽,34070379001002,,寿险团险,安徽,铜陵,团拓部（城区）,养老险公司,总部,寿险团险,安徽,,,网上交易,国寿养老险,2016-05-12,寿险团险,安徽,铜陵,团拓部（城区）
CL1002794052,纪慧婷,身份证,342224********0086,CL9033,福寿嘉年21期,"20,000.00","20,000.00","20,001.17",387240,寿险团险,安徽,34222479002415,,寿险团险,安徽,宿州,灵璧县支公司,养老险公司,总部,寿险团险,安徽,,,网上交易,国寿养老险,2016-05-12,寿险团险,安徽,宿州,灵璧县支公司
CL1002792087,李兰,身份证,340221********0421,CL9033,福寿嘉年21期,"30,000.00","30,000.00","30,001.75",387240,寿险团险,安徽,34020679000010,,寿险团险,安徽,芜湖,开发区支公司,养老险公司,总部,寿险团险,安徽,,,网上交易,国寿养老险,2016-05-12,寿险团险,安徽,芜湖,开发区支公司
CL1000169093,伍和怡,身份证,342501********054X,CL9033,福寿嘉年21期,"50,000.00","50,000.00","50,001.94", ,,,34250179001007,,寿险团险,安徽,宣城,团拓,养老险公司,总部,寿险团险,安徽,宣城,团拓,网上交易,国寿养老险,2016-05-12,寿险团险,安徽,宣城,团拓
CL1002800773,刘娟,身份证,342401********0043,CL9033,福寿嘉年21期,"30,000.00","30,000.00","30,001.46",387240,寿险团险,安徽,34242279000011,,寿险团险,安徽,,,养老险公司,总部,寿险团险,安徽,,,网上交易,国寿养老险,2016-05-12,寿险团险,安徽,,
CL1002799979,王心华,身份证,340211********1330,CL9033,福寿嘉年21期,"100,000.00","100,000.00","100,003.89", ,,,34020679000010,,寿险团险,安徽,芜湖,开发区支公司,养老险公司,总部,寿险团险,安徽,芜湖,开发区支公司,网上交易,国寿养老险,2016-05-12,寿险团险,安徽,芜湖,开发区支公司
CL1002082479,卫伟,身份证,340111********4522,CL9033,福寿嘉年21期,"140,000.00","140,000.00","140,008.17",387240,寿险团险,安徽,34011379000001,,寿险团险,安徽,合肥,团险拓展部,养老险公司,总部,寿险团险,安徽,,,网上交易,国寿养老险,2016-05-12,寿险团险,安徽,合肥,团险拓展部
CL1000686319,申玲玲,身份证,341126********4022,CL9033,福寿嘉年21期,"10,000.00","10,000.00","10,000.49",387240,寿险团险,安徽,34112679000003,,寿险团险,安徽,滁州,凤阳,养老险公司,总部,寿险团险,安徽,,,网上交易,国寿养老险,2016-05-12,寿险团险,安徽,滁州,凤阳
CL1000686686,孙平,身份证,342401********3424,CL9033,福寿嘉年21期,"40,000.00","40,000.00","40,002.33",387240,寿险团险,安徽,34240179000022,,寿险团险,安徽,六安,团拓,养老险公司,总部,寿险团险,安徽,,,网上交易,国寿养老险,2016-05-12,寿险团险,安徽,六安,团拓
CL1000686319,申玲玲,身份证,341126********4022,CL9033,福寿嘉年21期,"10,000.00","10,000.00","10,000.49",387240,寿险团险,安徽,34112679000003,,寿险团险,安徽,滁州,凤阳,养老险公司,总部,寿险团险,安徽,,,网上交易,国寿养老险,2016-05-12,寿险团险,安徽,滁州,凤阳
CL1000360696,徐翔,身份证,340223********9034,CL9033,福寿嘉年21期,"50,000.00","50,000.00","50,002.92",965888,养老险公司,安徽,YL34000005,张哲,养老险公司,安徽,,,养老险公司,总部,养老险公司,安徽,,,网上交易,国寿养老险,2016-05-12,养老险公司,安徽,,
CL1000360696,徐翔,身份证,340223********9034,CL9033,福寿嘉年21期,"50,000.00","50,000.00","50,002.92",965888,养老险公司,安徽,YL34000005,张哲,养老险公司,安徽,,,养老险公司,总部,养老险公司,安徽,,,网上交易,国寿养老险,2016-05-12,养老险公司,安徽,,
CL1002841052,王春雷,身份证,342201********0235,CL9033,福寿嘉年21期,"20,000.00","20,000.00","20,000.97",387240,寿险团险,安徽,34213379001013,,寿险团险,安徽,亳州,谯城支公司,养老险公司,总部,寿险团险,安徽,,,网上交易,国寿养老险,2016-05-12,寿险团险,安徽,亳州,谯城支公司
CL1002874186,鲁万元,身份证,340222********2363,CL9033,福寿嘉年21期,"60,000.00","60,000.00","60,002.33", ,,,34020479000040,,寿险团险,安徽,芜湖,繁昌支公司,养老险公司,总部,寿险团险,安徽,芜湖,繁昌支公司,网上交易,国寿养老险,2016-05-12,寿险团险,安徽,芜湖,繁昌支公司
CL1002758489,赵生侠,身份证,340602********0040,CL9033,福寿嘉年21期,"50,000.00","50,000.00","50,002.92",387240,寿险团险,安徽,34032379000016,,寿险团险,安徽,蚌埠,固镇县支公司,养老险公司,总部,寿险团险,安徽,,,网上交易,国寿养老险,2016-05-12,寿险团险,安徽,蚌埠,固镇县支公司
CL1002795762,刘翠锁,身份证,342501********1341,CL9033,福寿嘉年21期,"20,000.00","20,000.00","20,001.17",387240,寿险团险,安徽,34050279000025,,寿险团险,安徽,马鞍山市,马鞍山市团拓部,养老险公司,总部,寿险团险,安徽,,,网上交易,国寿养老险,2016-05-12,寿险团险,安徽,马鞍山市,马鞍山市团拓部
CL1000713568,张立新,身份证,340122********062X,CL9033,福寿嘉年21期,"10,000.00","10,000.00","10,000.39", ,,,34012379000009,,寿险团险,安徽,合肥,肥西支公司,养老险公司,总部,寿险团险,安徽,合肥,肥西支公司,网上交易,国寿养老险,2016-05-12,寿险团险,安徽,合肥,肥西支公司
CL1000143059,鲍德红,身份证,340403********0629,CL9033,福寿嘉年21期,"10,000.00","10,000.00","10,000.39", ,,,340403197010070629, ,财险公司,安徽,,,养老险公司,总部,财险公司,安徽,,,网上交易,国寿养老险,2016-05-12,财险公司,安徽,,
CL1002798281,马雪梅,身份证,341127********1024,CL9033,福寿嘉年21期,"40,000.00","40,000.00","40,002.33",387240,寿险团险,安徽,34290179000011,,寿险团险,安徽,池州,城区团拓部,养老险公司,总部,寿险团险,安徽,,,网上交易,国寿养老险,2016-05-12,寿险团险,安徽,池州,城区团拓部
CL1000278222,汪冬梅,身份证,342423********0102,CL9033,福寿嘉年21期,"30,000.00","30,000.00","30,001.75",387240,寿险团险,安徽, ,,,,,,养老险公司,总部,寿险团险,安徽,,,网上交易,国寿养老险,2016-05-12,寿险团险,安徽,,
CL1000943000,史东兵,身份证,340821********0019,CL9033,福寿嘉年21期,"50,000.00","50,000.00","50,002.92",387240,寿险团险,安徽, ,,,,,,养老险公司,总部,寿险团险,安徽,,,网上交易,国寿养老险,2016-05-12,寿险团险,安徽,,
CL1000943000,史东兵,身份证,340821********0019,CL9033,福寿嘉年21期,"10,000.00","10,000.00","10,000.49",387240,寿险团险,安徽, ,,,,,,养老险公司,总部,寿险团险,安徽,,,网上交易,国寿养老险,2016-05-12,寿险团险,安徽,,
CL1000934001,洪桂华,身份证,340403********0444,CL9033,福寿嘉年21期,"10,000.00","10,000.00","10,000.58",387240,寿险团险,安徽,34041179000019,,寿险团险,安徽,淮南,团拓部,养老险公司,总部,寿险团险,安徽,,,网上交易,国寿养老险,2016-05-12,寿险团险,安徽,淮南,团拓部
CL1000234213,曹靖,身份证,341021********0547,CL9033,福寿嘉年21期,"50,000.00","50,000.00","50,002.92",387240,寿险团险,安徽,34100279000003,,寿险团险,安徽,黄山,黄山市团拓部,养老险公司,总部,寿险团险,安徽,,,网上交易,国寿养老险,2016-05-12,寿险团险,安徽,黄山,黄山市团拓部
CL1002840019,周娅,身份证,340604********104X,CL9033,福寿嘉年21期,"15,000.00","15,000.00","15,000.73",387240,寿险团险,安徽,34060279000004,,寿险团险,安徽,淮北,团拓,养老险公司,总部,寿险团险,安徽,,,网上交易,国寿养老险,2016-05-12,寿险团险,安徽,淮北,团拓
CL1000990847,张庆玲,身份证,340202********2020,CL9033,福寿嘉年21期,"80,000.00","80,000.00","80,004.67",387240,寿险团险,安徽,34020179000036,,寿险团险,安徽,芜湖,团拓,养老险公司,总部,寿险团险,安徽,,,网上交易,国寿养老险,2016-05-12,寿险团险,安徽,芜湖,团拓
CL1002765946,刘朝晖,身份证,340121********0023,CL9033,福寿嘉年21期,"10,000.00","10,000.00","10,000.58",387240,寿险团险,安徽,34012179000005,,寿险团险,安徽,合肥,长丰支公司,养老险公司,总部,寿险团险,安徽,,,网上交易,国寿养老险,2016-05-12,寿险团险,安徽,合肥,长丰支公司
CL1001798263,张红革,身份证,340121********9126,CL9033,福寿嘉年21期,"30,000.00","30,000.00","30,001.46",387240,寿险团险,安徽,34012179000001,,寿险团险,安徽,合肥,长丰支公司,养老险公司,总部,寿险团险,安徽,,,网上交易,国寿养老险,2016-05-12,寿险团险,安徽,合肥,长丰支公司
CL1002636399,石松涛,身份证,340826********0127,CL9033,福寿嘉年21期,"30,000.00","30,000.00","30,001.75",387240,寿险团险,安徽,34082679000003,,寿险团险,安徽,安庆,宿松,养老险公司,总部,寿险团险,安徽,,,网上交易,国寿养老险,2016-05-12,寿险团险,安徽,安庆,宿松
CL1000723766,裴金花,身份证,342625********0865,CL9033,福寿嘉年21期,"20,000.00","20,000.00","20,001.17",387240,寿险团险,安徽,34050579000018,,寿险团险,安徽,马鞍山市,含山县团险部,养老险公司,总部,寿险团险,安徽,,,网上交易,国寿养老险,2016-05-12,寿险团险,安徽,马鞍山市,含山县团险部
CL1000378996,丁春连,身份证,342701********0422,CL9033,福寿嘉年21期,"50,000.00","50,000.00","50,002.92",387240,寿险团险,安徽,34100279000003,,寿险团险,安徽,黄山,黄山市团拓部,养老险公司,总部,寿险团险,安徽,,,网上交易,国寿养老险,2016-05-12,寿险团险,安徽,黄山,黄山市团拓部
CL1000168038,李梦,身份证,342423********0026,CL9033,福寿嘉年21期,"50,000.00","50,000.00","50,002.43",965888,养老险公司,安徽,342701197101281443, ,财险公司,安徽,,,养老险公司,总部,养老险公司,安徽,,,网上交易,国寿养老险,2016-05-12,财险公司,安徽,,
CL1000378996,丁春连,身份证,342701********0422,CL9033,福寿嘉年21期,"35,000.00","35,000.00","35,001.70",387240,寿险团险,安徽,34100279000003,,寿险团险,安徽,黄山,黄山市团拓部,养老险公司,总部,寿险团险,安徽,,,网上交易,国寿养老险,2016-05-12,寿险团险,安徽,黄山,黄山市团拓部
CL1002794229,张红先,身份证,342625********0027,CL9033,福寿嘉年21期,"20,000.00","20,000.00","20,000.97",387240,寿险团险,安徽,34050579000010,,寿险团险,安徽,马鞍山市,含山县团险部,养老险公司,总部,寿险团险,安徽,,,网上交易,国寿养老险,2016-05-12,寿险团险,安徽,马鞍山市,含山县团险部
CL1002799191,邓明光,身份证,340503********042X,CL9033,福寿嘉年21期,"68,000.00","68,000.00","68,003.97",387240,寿险团险,安徽,34050279000025,,寿险团险,安徽,马鞍山市,马鞍山市团拓部,养老险公司,总部,寿险团险,安徽,,,网上交易,国寿养老险,2016-05-12,寿险团险,安徽,马鞍山市,马鞍山市团拓部
CL1002795128,程为本,身份证,342824********0011,CL9033,福寿嘉年21期,"30,000.00","30,000.00","30,001.75",387240,寿险团险,安徽,34082279000008,,寿险团险,安徽,安庆,怀宁,养老险公司,总部,寿险团险,安徽,,,网上交易,国寿养老险,2016-05-12,寿险团险,安徽,安庆,怀宁
CL1000278522,周美凤,身份证,340702********1044,CL9033,福寿嘉年21期,"20,000.00","20,000.00","20,001.17",387240,寿险团险,安徽,34070379001002,,寿险团险,安徽,铜陵,团拓部（城区）,养老险公司,总部,寿险团险,安徽,,,网上交易,国寿养老险,2016-05-12,寿险团险,安徽,铜陵,团拓部（城区）
CL1002792909,洪爱仙,身份证,342726********6222,CL9033,福寿嘉年21期,"199,000.00","199,000.00","199,011.61",387240,寿险团险,安徽,34100279000003,,寿险团险,安徽,黄山,黄山市团拓部,养老险公司,总部,寿险团险,安徽,,,网上交易,国寿养老险,2016-05-12,寿险团险,安徽,黄山,黄山市团拓部
CL1000792807,王桂兰,身份证,340103********0527,CL9033,福寿嘉年21期,"66,000.00","66,000.00","66,003.21",387240,寿险团险,安徽,34011371000001,,寿险团险,安徽,合肥,团险拓展部,养老险公司,总部,寿险团险,安徽,,,网上交易,国寿养老险,2016-05-12,寿险团险,安徽,合肥,团险拓展部
CL1000792807,王桂兰,身份证,340103********0527,CL9033,福寿嘉年21期,"50,000.00","50,000.00","50,002.43",387240,寿险团险,安徽,34011371000001,,寿险团险,安徽,合肥,团险拓展部,养老险公司,总部,寿险团险,安徽,,,网上交易,国寿养老险,2016-05-12,寿险团险,安徽,合肥,团险拓展部
CL1000328096,黄金,身份证,342221********0071,CL9033,福寿嘉年21期,"400,000.00","400,000.00","400,023.33",387240,寿险团险,安徽,34220379001314,,寿险团险,安徽,宿州,团拓部,养老险公司,总部,寿险团险,安徽,,,网上交易,国寿养老险,2016-05-12,寿险团险,安徽,宿州,团拓部
CL1002791200,王建环,身份证,340302********0226,CL9033,福寿嘉年21期,"20,000.00","20,000.00","20,001.17",387240,寿险团险,安徽, ,,,,,,养老险公司,总部,寿险团险,安徽,,,网上交易,国寿养老险,2016-05-12,寿险团险,安徽,,
CL1002791366,朱国蓉,身份证,340206********0023,CL9033,福寿嘉年21期,"50,000.00","50,000.00","50,002.92",387240,寿险团险,安徽, ,,,,,,养老险公司,总部,寿险团险,安徽,,,网上交易,国寿养老险,2016-05-12,寿险团险,安徽,,
CL1002766234,李丽勤,身份证,342725********602X,CL9033,福寿嘉年21期,"20,000.00","20,000.00","20,001.17",387240,寿险团险,安徽,34100279000003,,寿险团险,安徽,黄山,黄山市团拓部,养老险公司,总部,寿险团险,安徽,,,网上交易,国寿养老险,2016-05-12,寿险团险,安徽,黄山,黄山市团拓部
CL1000009721,王浩,身份证,342601********021X,CL9033,福寿嘉年21期,"10,000.00","10,000.00","10,000.58",387240,寿险团险,安徽,34011371000001,,寿险团险,安徽,合肥,团险拓展部,养老险公司,总部,寿险团险,安徽,,,网上交易,国寿养老险,2016-05-12,寿险团险,安徽,合肥,团险拓展部
CL1002797848,陈月娥,身份证,342830********6226,CL9033,福寿嘉年21期,"34,000.00","34,000.00","34,001.98",387240,寿险团险,安徽,34292313401493,,寿险团险,安徽,池州,青阳支公司,养老险公司,总部,寿险团险,安徽,,,网上交易,国寿养老险,2016-05-12,寿险团险,安徽,池州,青阳支公司
CL1000009721,王浩,身份证,342601********021X,CL9033,福寿嘉年21期,"10,000.00","10,000.00","10,000.58",387240,寿险团险,安徽,34011371000001,,寿险团险,安徽,合肥,团险拓展部,养老险公司,总部,寿险团险,安徽,,,网上交易,国寿养老险,2016-05-12,寿险团险,安徽,合肥,团险拓展部
CL1002625303,李友利,身份证,342201********0839,CL9033,福寿嘉年21期,"20,000.00","20,000.00","20,001.17",387240,寿险团险,安徽,34220379000008,,寿险团险,安徽,宿州,团拓部,养老险公司,总部,寿险团险,安徽,,,网上交易,国寿养老险,2016-05-12,寿险团险,安徽,宿州,团拓部
CL1002799502,俞亚萍,身份证,342901********7482,CL9033,福寿嘉年21期,"50,000.00","50,000.00","50,002.92",387240,寿险团险,安徽, ,,,,,,,,寿险团险,安徽,,,APP,国寿养老险,2016-05-12,寿险团险,安徽,,
CL1002760618,王琴,身份证,340822********6246,CL9033,福寿嘉年21期,"20,000.00","20,000.00","20,000.97",387240,寿险团险,安徽,34082279000003,,寿险团险,安徽,安庆,怀宁,养老险公司,总部,寿险团险,安徽,,,网上交易,国寿养老险,2016-05-12,寿险团险,安徽,安庆,怀宁

