﻿FUND_ACCT,CUST_NAME,CERT_TYPE,CERT_NO,FUND_CODE,FUND_NAME,APP_MONEY,ACK_MONEY,ACK_SHARE,INVITECODE,COMPANY_INVITE,BRANCH_INVITE_NEW,REFERID,CUSTNAME_REFER,COMPANY_REFER,BRANCH_REFER_NEW,CT_REFER,CR_REFER,COMPANY_ORG,ORGNAME,SALE_COMPANY_NAME_DTL,SALE_BRANCH_NAME,SALE_CT_NAME,SALE_CR_NAME,ACCEPT_METHOD,AGENCY_NAME,ACK_DATE,SALE_COMPANY_NAME_FEE,SALE_BRANCH_NAME_FEE1,SALE_CT_NAME_FEE,SALE_CR_NAME_FEE
CL1003857405,刘凤丽,身份证,340821********5229,CL9043,福寿嘉年29期,"50,000.00","50,000.00","50,002.43",981210,寿险团险,安徽,34082179000003,,寿险团险,安徽,安庆,桐城,养老险公司,总部,寿险团险,安徽,,,网上交易,国寿养老险,2016-07-11,寿险团险,安徽,安庆,桐城
CL1003968187,严群芳,身份证,340224********4843,CL9043,福寿嘉年29期,"50,000.00","50,000.00","50,002.43",981210,寿险团险,安徽,34292313401493,,寿险团险,安徽,池州,青阳支公司,养老险公司,总部,寿险团险,安徽,,,网上交易,国寿养老险,2016-07-11,寿险团险,安徽,池州,青阳支公司
CL1003968187,严群芳,身份证,340224********4843,CL9043,福寿嘉年29期,"30,000.00","30,000.00","30,001.46",981210,寿险团险,安徽,34292313401493,,寿险团险,安徽,池州,青阳支公司,养老险公司,总部,寿险团险,安徽,,,网上交易,国寿养老险,2016-07-11,寿险团险,安徽,池州,青阳支公司
CL1000874795,刘和来,身份证,342425********4175,CL9043,福寿嘉年29期,"50,000.00","50,000.00","50,002.92",981210,寿险团险,安徽,34010571000104,,寿险团险,安徽,合肥,团险支公司,养老险公司,总部,寿险团险,安徽,,,网上交易,国寿养老险,2016-07-11,寿险团险,安徽,合肥,团险支公司
CL1000874795,刘和来,身份证,342425********4175,CL9043,福寿嘉年29期,"50,000.00","50,000.00","50,002.92",981210,寿险团险,安徽,34010571000104,,寿险团险,安徽,合肥,团险支公司,养老险公司,总部,寿险团险,安徽,,,网上交易,国寿养老险,2016-07-11,寿险团险,安徽,合肥,团险支公司
CL1003887610,刘世学,身份证,342222********2894,CL9043,福寿嘉年29期,"50,000.00","50,000.00","50,002.92",981210,寿险团险,安徽,34222279000006,,寿险团险,安徽,宿州,萧县支公司,养老险公司,总部,寿险团险,安徽,,,网上交易,国寿养老险,2016-07-11,寿险团险,安徽,宿州,萧县支公司
CL1003887610,刘世学,身份证,342222********2894,CL9043,福寿嘉年29期,"50,000.00","50,000.00","50,002.92",981210,寿险团险,安徽,34222279000006,,寿险团险,安徽,宿州,萧县支公司,养老险公司,总部,寿险团险,安徽,,,网上交易,国寿养老险,2016-07-11,寿险团险,安徽,宿州,萧县支公司
CL1003887610,刘世学,身份证,342222********2894,CL9043,福寿嘉年29期,"50,000.00","50,000.00","50,002.92",981210,寿险团险,安徽,34222279000006,,寿险团险,安徽,宿州,萧县支公司,养老险公司,总部,寿险团险,安徽,,,网上交易,国寿养老险,2016-07-11,寿险团险,安徽,宿州,萧县支公司
CL1003887610,刘世学,身份证,342222********2894,CL9043,福寿嘉年29期,"50,000.00","50,000.00","50,002.92",981210,寿险团险,安徽,34222279000006,,寿险团险,安徽,宿州,萧县支公司,养老险公司,总部,寿险团险,安徽,,,网上交易,国寿养老险,2016-07-11,寿险团险,安徽,宿州,萧县支公司
CL1003887610,刘世学,身份证,342222********2894,CL9043,福寿嘉年29期,"50,000.00","50,000.00","50,002.92",981210,寿险团险,安徽,34222279000006,,寿险团险,安徽,宿州,萧县支公司,养老险公司,总部,寿险团险,安徽,,,网上交易,国寿养老险,2016-07-11,寿险团险,安徽,宿州,萧县支公司
CL1003968632,杨润凤,身份证,342425********5724,CL9043,福寿嘉年29期,"50,000.00","50,000.00","50,002.43",981210,寿险团险,安徽,34040471000008,,寿险团险,安徽,淮南,谢家集支公司,养老险公司,总部,寿险团险,安徽,,,网上交易,国寿养老险,2016-07-11,寿险团险,安徽,淮南,谢家集支公司
CL1000647372,王赛男,身份证,342529********0061,CL9043,福寿嘉年29期,"50,000.00","50,000.00","50,002.92",981210,寿险团险,安徽,34250171001007,,寿险团险,安徽,宣城,团拓,养老险公司,总部,寿险团险,安徽,,,网上交易,国寿养老险,2016-07-11,寿险团险,安徽,宣城,团拓
CL1002792076,张林,身份证,340221********0410,CL9043,福寿嘉年29期,"20,000.00","20,000.00","20,001.17",981210,寿险团险,安徽,34020679000010,,寿险团险,安徽,芜湖,开发区支公司,养老险公司,总部,寿险团险,安徽,,,网上交易,国寿养老险,2016-07-11,寿险团险,安徽,芜湖,开发区支公司
CL1000028184,胡敬青,身份证,342830********6063,CL9043,福寿嘉年29期,"70,000.00","70,000.00","70,004.08",981210,寿险团险,安徽,34100279000003,,寿险团险,安徽,黄山,黄山市团拓部,养老险公司,总部,寿险团险,安徽,,,网上交易,国寿养老险,2016-07-11,寿险团险,安徽,黄山,黄山市团拓部
CL1003098088,何继红,身份证,340406********124X,CL9043,福寿嘉年29期,"31,000.00","31,000.00","31,001.81",981210,寿险团险,安徽,34040013402051,,寿险团险,安徽,,,养老险公司,总部,寿险团险,安徽,,,网上交易,国寿养老险,2016-07-11,寿险团险,安徽,,
CL1003595719,陆树军,身份证,340621********9338,CL9043,福寿嘉年29期,"10,000.00","10,000.00","10,000.58",981210,寿险团险,安徽,34213379001013,,寿险团险,安徽,亳州,谯城支公司,养老险公司,总部,寿险团险,安徽,,,网上交易,国寿养老险,2016-07-11,寿险团险,安徽,亳州,谯城支公司
CL1003943475,吴成兰,身份证,342623********0048,CL9043,福寿嘉年29期,"110,000.00","110,000.00","110,006.42",981210,寿险团险,安徽,34021379000025,,寿险团险,安徽,芜湖,无为县支公司,养老险公司,总部,寿险团险,安徽,,,网上交易,国寿养老险,2016-07-11,寿险团险,安徽,芜湖,无为县支公司
CL1000014724,任国英,身份证,340111********1022,CL9043,福寿嘉年29期,"50,000.00","50,000.00","50,002.92",981210,寿险团险,安徽,34011379000004,,寿险团险,安徽,合肥,团险拓展部,养老险公司,总部,寿险团险,安徽,,,网上交易,国寿养老险,2016-07-11,寿险团险,安徽,合肥,团险拓展部
CL1000094073,华甜,身份证,341002********1023,CL9043,福寿嘉年29期,"50,000.00","50,000.00","50,002.92",981210,寿险团险,安徽,34100279000003,,寿险团险,安徽,黄山,黄山市团拓部,养老险公司,总部,寿险团险,安徽,,,网上交易,国寿养老险,2016-07-11,寿险团险,安徽,黄山,黄山市团拓部
CL1000688006,张炳丽,身份证,342622********4106,CL9043,福寿嘉年29期,"100,000.00","100,000.00","100,005.83",981210,寿险团险,安徽,34011371000001,,寿险团险,安徽,合肥,团险拓展部,养老险公司,总部,寿险团险,安徽,,,网上交易,国寿养老险,2016-07-11,寿险团险,安徽,合肥,团险拓展部
CL1000039414,凌霞,身份证,340702********2022,CL9043,福寿嘉年29期,"10,000.00","10,000.00","10,000.49",981210,寿险团险,安徽,34070379001002,,寿险团险,安徽,铜陵,团拓部（城区）,养老险公司,总部,寿险团险,安徽,,,网上交易,国寿养老险,2016-07-11,寿险团险,安徽,铜陵,团拓部（城区）
CL1000165231,王琛,身份证,342324********0099,CL9043,福寿嘉年29期,"100,000.00","100,000.00","100,005.83",825549,寿险银保,安徽,YL34000003,陈俊,养老险公司,安徽,,,养老险公司,总部,寿险银保,安徽,,,网上交易,国寿养老险,2016-07-11,养老险公司,安徽,,
CL1002839690,胡海燕,身份证,341023********252X,CL9043,福寿嘉年29期,"30,000.00","30,000.00","30,001.46",981210,寿险团险,安徽, ,,,,,,,,寿险团险,安徽,,,APP,国寿养老险,2016-07-11,寿险团险,安徽,,
CL1003886755,许龙燕,身份证,340222********3827,CL9043,福寿嘉年29期,"44,000.00","44,000.00","44,002.57",981210,寿险团险,安徽,34020479000040,,寿险团险,安徽,芜湖,繁昌支公司,养老险公司,总部,寿险团险,安徽,,,网上交易,国寿养老险,2016-07-11,寿险团险,安徽,芜湖,繁昌支公司
CL1002251070,汪国仙,身份证,342531********2221,CL9043,福寿嘉年29期,"50,000.00","50,000.00","50,002.92",981210,寿险团险,安徽,34250179001007,,寿险团险,安徽,宣城,团拓,养老险公司,总部,寿险团险,安徽,,,网上交易,国寿养老险,2016-07-11,寿险团险,安徽,宣城,团拓
CL1000645741,纪霞,身份证,340702********2065,CL9043,福寿嘉年29期,"40,000.00","40,000.00","40,002.33",981210,寿险团险,安徽,34070379001002,,寿险团险,安徽,铜陵,团拓部（城区）,养老险公司,总部,寿险团险,安徽,,,网上交易,国寿养老险,2016-07-11,寿险团险,安徽,铜陵,团拓部（城区）
CL1003771522,王燕,身份证,342401********1225,CL9043,福寿嘉年29期,"20,000.00","20,000.00","20,001.17",981210,寿险团险,安徽,34100279000003,,寿险团险,安徽,黄山,黄山市团拓部,养老险公司,总部,寿险团险,安徽,,,网上交易,国寿养老险,2016-07-11,寿险团险,安徽,黄山,黄山市团拓部
CL1002668391,王慧,身份证,340603********0025,CL9043,福寿嘉年29期,"300,000.00","300,000.00","300,017.50",981210,寿险团险,安徽,34060279000056,,寿险团险,安徽,淮北,团拓,养老险公司,总部,寿险团险,安徽,,,网上交易,国寿养老险,2016-07-11,寿险团险,安徽,淮北,团拓
CL1003941144,曾曼,身份证,320324********0622,CL9043,福寿嘉年29期,"100,000.00","100,000.00","100,005.83",981210,寿险团险,安徽,34012379000003,,寿险团险,安徽,合肥,肥西支公司,养老险公司,总部,寿险团险,安徽,,,网上交易,国寿养老险,2016-07-11,寿险团险,安徽,合肥,肥西支公司
CL1001006808,陈瑞华,身份证,341723********0363,CL9043,福寿嘉年29期,"15,000.00","15,000.00","15,000.88",981210,寿险团险,安徽,34292313401493,,寿险团险,安徽,池州,青阳支公司,养老险公司,总部,寿险团险,安徽,,,网上交易,国寿养老险,2016-07-11,寿险团险,安徽,池州,青阳支公司
CL1000016711,石璇,身份证,342301********0620,CL9043,福寿嘉年29期,"41,000.00",0.00,0.00, ,,,34110179000023,,寿险团险,安徽,滁州,团拓,养老险公司,总部,寿险团险,安徽,滁州,团拓,网上交易,国寿养老险,2016-07-11,寿险团险,安徽,滁州,团拓
CL1000016711,石璇,身份证,342301********0620,CL9043,福寿嘉年29期,"50,000.00","50,000.00","50,001.94", ,,,34110179000023,,寿险团险,安徽,滁州,团拓,养老险公司,总部,寿险团险,安徽,滁州,团拓,网上交易,国寿养老险,2016-07-11,寿险团险,安徽,滁州,团拓
CL1000016711,石璇,身份证,342301********0620,CL9043,福寿嘉年29期,"50,000.00","50,000.00","50,001.94", ,,,34110179000023,,寿险团险,安徽,滁州,团拓,养老险公司,总部,寿险团险,安徽,滁州,团拓,网上交易,国寿养老险,2016-07-11,寿险团险,安徽,滁州,团拓
CL1003968076,程云霞,身份证,342723********0547,CL9043,福寿嘉年29期,"10,000.00","10,000.00","10,000.49",981210,寿险团险,安徽,34100279000003,,寿险团险,安徽,黄山,黄山市团拓部,养老险公司,总部,寿险团险,安徽,,,网上交易,国寿养老险,2016-07-11,寿险团险,安徽,黄山,黄山市团拓部
CL1000016711,石璇,身份证,342301********0620,CL9043,福寿嘉年29期,"50,000.00",0.00,0.00, ,,,34110179000023,,寿险团险,安徽,滁州,团拓,养老险公司,总部,寿险团险,安徽,滁州,团拓,网上交易,国寿养老险,2016-07-11,寿险团险,安徽,滁州,团拓
CL1000038015,陈仁全,身份证,342423********0116,CL9043,福寿嘉年29期,"300,000.00","300,000.00","300,017.50",825549,寿险银保,安徽,YL34000008,李娟娟,养老险公司,安徽,,,养老险公司,总部,寿险银保,安徽,,,网上交易,国寿养老险,2016-07-11,养老险公司,安徽,,
CL1000008833,芮青,身份证,342401********1047,CL9043,福寿嘉年29期,"500,000.00","500,000.00","500,029.17",981210,寿险团险,安徽,34240179000022,,寿险团险,安徽,六安,团拓,养老险公司,总部,寿险团险,安徽,,,网上交易,国寿养老险,2016-07-11,寿险团险,安徽,六安,团拓
CL1000680559,郑艳美,身份证,342524********0824,CL9043,福寿嘉年29期,"110,000.00","110,000.00","110,006.42",981210,寿险团险,安徽,34012679000023,,寿险团险,安徽,合肥,巢湖支公司,养老险公司,总部,寿险团险,安徽,,,网上交易,国寿养老险,2016-07-11,寿险团险,安徽,合肥,巢湖支公司
CL1000034964,周雪飞,身份证,340702********0526,CL9043,福寿嘉年29期,"24,000.00","24,000.00","24,001.40",981210,寿险团险,安徽,34070379001002,,寿险团险,安徽,铜陵,团拓部（城区）,养老险公司,总部,寿险团险,安徽,,,网上交易,国寿养老险,2016-07-11,寿险团险,安徽,铜陵,团拓部（城区）
CL1000034964,周雪飞,身份证,340702********0526,CL9043,福寿嘉年29期,"16,000.00","16,000.00","16,000.78",981210,寿险团险,安徽,34070379001002,,寿险团险,安徽,铜陵,团拓部（城区）,养老险公司,总部,寿险团险,安徽,,,网上交易,国寿养老险,2016-07-11,寿险团险,安徽,铜陵,团拓部（城区）
CL1003840760,郑冉,身份证,342222********0088,CL9043,福寿嘉年29期,"100,000.00","100,000.00","100,005.83",981210,寿险团险,安徽,34222279000006,,寿险团险,安徽,宿州,萧县支公司,养老险公司,总部,寿险团险,安徽,,,网上交易,国寿养老险,2016-07-11,寿险团险,安徽,宿州,萧县支公司
CL1000158196,鄢云翠,身份证,340202********1029,CL9043,福寿嘉年29期,"20,000.00","20,000.00","20,001.17",981210,寿险团险,安徽,34020179000011,,寿险团险,安徽,芜湖,团拓,养老险公司,总部,寿险团险,安徽,,,网上交易,国寿养老险,2016-07-11,寿险团险,安徽,芜湖,团拓
CL1003942687,强凤,身份证,340404********0042,CL9043,福寿嘉年29期,"60,000.00","60,000.00","60,003.50",981210,寿险团险,安徽,34041179000035,,寿险团险,安徽,淮南,团拓部,养老险公司,总部,寿险团险,安徽,,,网上交易,国寿养老险,2016-07-11,寿险团险,安徽,淮南,团拓部
CL1000901477,张春香,身份证,342622********288X,CL9043,福寿嘉年29期,"10,000.00","10,000.00","10,000.49",981210,寿险团险,安徽,34010579000126,,寿险团险,安徽,合肥,团险支公司,养老险公司,总部,寿险团险,安徽,,,网上交易,国寿养老险,2016-07-11,寿险团险,安徽,合肥,团险支公司
CL1000901477,张春香,身份证,342622********288X,CL9043,福寿嘉年29期,"10,000.00","10,000.00","10,000.58",981210,寿险团险,安徽,34010579000126,,寿险团险,安徽,合肥,团险支公司,养老险公司,总部,寿险团险,安徽,,,网上交易,国寿养老险,2016-07-11,寿险团险,安徽,合肥,团险支公司
CL1003857338,洪满信,身份证,342830********4826,CL9043,福寿嘉年29期,"300,000.00","300,000.00","300,017.50",981210,寿险团险,安徽,34290179000062,,寿险团险,安徽,池州,城区团拓部,养老险公司,总部,寿险团险,安徽,,,网上交易,国寿养老险,2016-07-11,寿险团险,安徽,池州,城区团拓部
CL1003944730,董善华,身份证,340123********1121,CL9043,福寿嘉年29期,"30,000.00","30,000.00","30,001.75",981210,寿险团险,安徽,34012279000002,,寿险团险,安徽,合肥,肥东支公司,养老险公司,总部,寿险团险,安徽,,,网上交易,国寿养老险,2016-07-11,寿险团险,安徽,合肥,肥东支公司
CL1003946572,黄萍,身份证,342725********6024,CL9043,福寿嘉年29期,"20,000.00","20,000.00","20,000.97",981210,寿险团险,安徽, ,,,,,,,,寿险团险,安徽,,,APP,国寿养老险,2016-07-11,寿险团险,安徽,,
CL1000578423,王丽萍,身份证,341000********0025,CL9043,福寿嘉年29期,"20,000.00","20,000.00","20,001.17",981210,寿险团险,安徽,34100279000003,,寿险团险,安徽,黄山,黄山市团拓部,养老险公司,总部,寿险团险,安徽,,,网上交易,国寿养老险,2016-07-11,寿险团险,安徽,黄山,黄山市团拓部
CL1000578423,王丽萍,身份证,341000********0025,CL9043,福寿嘉年29期,"50,000.00","50,000.00","50,002.92",981210,寿险团险,安徽,34100279000003,,寿险团险,安徽,黄山,黄山市团拓部,养老险公司,总部,寿险团险,安徽,,,网上交易,国寿养老险,2016-07-11,寿险团险,安徽,黄山,黄山市团拓部
CL1003201276,沈金祥,身份证,340403********041X,CL9043,福寿嘉年29期,"50,000.00","50,000.00","50,002.92",981210,寿险团险,安徽,34040479000008,,寿险团险,安徽,淮南,谢家集支公司,养老险公司,总部,寿险团险,安徽,,,网上交易,国寿养老险,2016-07-11,寿险团险,安徽,淮南,谢家集支公司
CL1003201276,沈金祥,身份证,340403********041X,CL9043,福寿嘉年29期,"50,000.00","50,000.00","50,002.43",981210,寿险团险,安徽,34040479000001,,寿险团险,安徽,淮南,谢家集支公司,养老险公司,总部,寿险团险,安徽,,,网上交易,国寿养老险,2016-07-11,寿险团险,安徽,淮南,谢家集支公司
CL1000678631,朱传全,身份证,340104********051X,CL9043,福寿嘉年29期,"190,000.00","190,000.00","190,011.08",981210,寿险团险,安徽,34011379000004,,寿险团险,安徽,合肥,团险拓展部,养老险公司,总部,寿险团险,安徽,,,网上交易,国寿养老险,2016-07-11,寿险团险,安徽,合肥,团险拓展部
CL1003689070,崔海珠,身份证,340721********4524,CL9043,福寿嘉年29期,"20,000.00","20,000.00","20,000.97",981210,寿险团险,安徽,34070379001001,,寿险团险,安徽,铜陵,团拓部（城区）,养老险公司,总部,寿险团险,安徽,,,网上交易,国寿养老险,2016-07-11,寿险团险,安徽,铜陵,团拓部（城区）
CL1003689070,崔海珠,身份证,340721********4524,CL9043,福寿嘉年29期,"50,000.00","50,000.00","50,002.92",981210,寿险团险,安徽,34070379001001,,寿险团险,安徽,铜陵,团拓部（城区）,养老险公司,总部,寿险团险,安徽,,,网上交易,国寿养老险,2016-07-11,寿险团险,安徽,铜陵,团拓部（城区）
CL1003940990,郑晓蒙,身份证,342301********0421,CL9043,福寿嘉年29期,"150,000.00","150,000.00","150,008.75",825549,寿险银保,安徽,341222198602050270, ,财险公司,安徽,,,,,寿险银保,安徽,,,APP,国寿养老险,2016-07-11,财险公司,安徽,,
CL1000024044,郭艳,身份证,342701********1023,CL9043,福寿嘉年29期,"20,000.00","20,000.00","20,000.78", ,,,34100279000003,,寿险团险,安徽,黄山,黄山市团拓部,养老险公司,总部,寿险团险,安徽,黄山,黄山市团拓部,网上交易,国寿养老险,2016-07-11,寿险团险,安徽,黄山,黄山市团拓部
CL1000024044,郭艳,身份证,342701********1023,CL9043,福寿嘉年29期,"50,000.00","50,000.00","50,002.43",981210,寿险团险,安徽,34100279000003,,寿险团险,安徽,黄山,黄山市团拓部,养老险公司,总部,寿险团险,安徽,,,网上交易,国寿养老险,2016-07-11,寿险团险,安徽,黄山,黄山市团拓部
CL1000244411,丁红霞,身份证,342425********0060,CL9043,福寿嘉年29期,"50,000.00","50,000.00","50,002.92",981210,寿险团险,安徽,34242579000011,,寿险团险,安徽,六安,舒城,养老险公司,总部,寿险团险,安徽,,,网上交易,国寿养老险,2016-07-11,寿险团险,安徽,六安,舒城
CL1000244411,丁红霞,身份证,342425********0060,CL9043,福寿嘉年29期,"50,000.00","50,000.00","50,002.43",981210,寿险团险,安徽,34242579000011,,寿险团险,安徽,六安,舒城,养老险公司,总部,寿险团险,安徽,,,网上交易,国寿养老险,2016-07-11,寿险团险,安徽,六安,舒城
CL1000520554,汤毓兰,身份证,340721********0021,CL9043,福寿嘉年29期,"50,000.00","50,000.00","50,002.92",981210,寿险团险,安徽,34070379001002,,寿险团险,安徽,铜陵,团拓部（城区）,养老险公司,总部,寿险团险,安徽,,,网上交易,国寿养老险,2016-07-11,寿险团险,安徽,铜陵,团拓部（城区）
CL1000520554,汤毓兰,身份证,340721********0021,CL9043,福寿嘉年29期,"41,000.00","41,000.00","41,002.39",981210,寿险团险,安徽,34070379001002,,寿险团险,安徽,铜陵,团拓部（城区）,养老险公司,总部,寿险团险,安徽,,,网上交易,国寿养老险,2016-07-11,寿险团险,安徽,铜陵,团拓部（城区）
CL1000833650,高曙芬,身份证,342830********3224,CL9043,福寿嘉年29期,"20,000.00","20,000.00","20,001.17",981210,寿险团险,安徽,34290179000062,,寿险团险,安徽,池州,城区团拓部,养老险公司,总部,寿险团险,安徽,,,网上交易,国寿养老险,2016-07-11,寿险团险,安徽,池州,城区团拓部
CL1000686464,严庭好,身份证,342301********0234,CL9043,福寿嘉年29期,"50,000.00","50,000.00","50,002.43",981210,寿险团险,安徽,34110179000023,,寿险团险,安徽,滁州,团拓,养老险公司,总部,寿险团险,安徽,,,网上交易,国寿养老险,2016-07-11,寿险团险,安徽,滁州,团拓
CL1000686464,严庭好,身份证,342301********0234,CL9043,福寿嘉年29期,"50,000.00","50,000.00","50,002.43",981210,寿险团险,安徽,34110179000023,,寿险团险,安徽,滁州,团拓,养老险公司,总部,寿险团险,安徽,,,网上交易,国寿养老险,2016-07-11,寿险团险,安徽,滁州,团拓
CL1000751262,柏广勤,身份证,341181********3072,CL9043,福寿嘉年29期,"35,000.00","35,000.00","35,002.04",981210,寿险团险,安徽,34118179000041,,寿险团险,安徽,滁州,天长,养老险公司,总部,寿险团险,安徽,,,网上交易,国寿养老险,2016-07-11,寿险团险,安徽,滁州,天长
CL1000673281,叶莉婷,身份证,340803********222X,CL9043,福寿嘉年29期,"40,000.00","40,000.00","40,002.33",981210,寿险团险,安徽,34080179000010,,寿险团险,安徽,安庆,城区团拓部,养老险公司,总部,寿险团险,安徽,,,网上交易,国寿养老险,2016-07-11,寿险团险,安徽,安庆,城区团拓部
CL1000689405,江湘龙,身份证,342821********6212,CL9043,福寿嘉年29期,"1,000,000.00","1,000,000.00","1,000,058.33",981210,寿险团险,安徽,34250179001007,,寿险团险,安徽,宣城,团拓,养老险公司,总部,寿险团险,安徽,,,网上交易,国寿养老险,2016-07-11,寿险团险,安徽,宣城,团拓
CL1000689405,江湘龙,身份证,342821********6212,CL9043,福寿嘉年29期,"200,000.00","200,000.00","200,007.78", ,,,34250179001007,,寿险团险,安徽,宣城,团拓,养老险公司,总部,寿险团险,安徽,宣城,团拓,网上交易,国寿养老险,2016-07-11,寿险团险,安徽,宣城,团拓
CL1000689405,江湘龙,身份证,342821********6212,CL9043,福寿嘉年29期,"930,000.00","930,000.00","930,045.21",981210,寿险团险,安徽,34250179001007,,寿险团险,安徽,宣城,团拓,养老险公司,总部,寿险团险,安徽,,,网上交易,国寿养老险,2016-07-11,寿险团险,安徽,宣城,团拓
CL1000689405,江湘龙,身份证,342821********6212,CL9043,福寿嘉年29期,"70,000.00","70,000.00","70,003.40",981210,寿险团险,安徽,34250179001007,,寿险团险,安徽,宣城,团拓,养老险公司,总部,寿险团险,安徽,,,网上交易,国寿养老险,2016-07-11,寿险团险,安徽,宣城,团拓
CL1003968254,李永华,身份证,340121********0083,CL9043,福寿嘉年29期,"40,000.00","40,000.00","40,001.94",981210,寿险团险,安徽,34012179000029,,寿险团险,安徽,合肥,长丰支公司,养老险公司,总部,寿险团险,安徽,,,网上交易,国寿养老险,2016-07-11,寿险团险,安徽,合肥,长丰支公司
CL1003947426,卢川,身份证,340503********0214,CL9043,福寿嘉年29期,"40,000.00","40,000.00","40,001.94",981210,寿险团险,安徽,34050279000025,,寿险团险,安徽,马鞍山市,马鞍山市团拓部,养老险公司,总部,寿险团险,安徽,,,网上交易,国寿养老险,2016-07-11,寿险团险,安徽,马鞍山市,马鞍山市团拓部
CL1000676033,张怀梅,身份证,340403********1824,CL9043,福寿嘉年29期,"130,000.00","130,000.00","130,007.58",981210,寿险团险,安徽,34040479000008,,寿险团险,安徽,淮南,谢家集支公司,养老险公司,总部,寿险团险,安徽,,,网上交易,国寿养老险,2016-07-11,寿险团险,安徽,淮南,谢家集支公司
CL1000676033,张怀梅,身份证,340403********1824,CL9043,福寿嘉年29期,"90,000.00","90,000.00","90,004.38",981210,寿险团险,安徽,34040479000008,,寿险团险,安徽,淮南,谢家集支公司,养老险公司,总部,寿险团险,安徽,,,网上交易,国寿养老险,2016-07-11,寿险团险,安徽,淮南,谢家集支公司
CL1000657858,朱珉,身份证,340103********2517,CL9043,福寿嘉年29期,"10,000.00","10,000.00","10,000.58",981210,寿险团险,安徽,34011371000001,,寿险团险,安徽,合肥,团险拓展部,养老险公司,总部,寿险团险,安徽,,,网上交易,国寿养老险,2016-07-11,寿险团险,安徽,合肥,团险拓展部
CL1000657858,朱珉,身份证,340103********2517,CL9043,福寿嘉年29期,"55,000.00","55,000.00","55,003.21",981210,寿险团险,安徽,34011371000001,,寿险团险,安徽,合肥,团险拓展部,养老险公司,总部,寿险团险,安徽,,,网上交易,国寿养老险,2016-07-11,寿险团险,安徽,合肥,团险拓展部
CL1000827670,王娟,身份证,342529********0062,CL9043,福寿嘉年29期,"50,000.00","50,000.00","50,002.92",981210,寿险团险,安徽,34250179001007,,寿险团险,安徽,宣城,团拓,养老险公司,总部,寿险团险,安徽,,,网上交易,国寿养老险,2016-07-11,寿险团险,安徽,宣城,团拓
CL1003968932,孙虹,身份证,342427********0025,CL9043,福寿嘉年29期,"50,000.00","50,000.00","50,002.43",981210,寿险团险,安徽,34242779000023,,寿险团险,安徽,六安,霍山,养老险公司,总部,寿险团险,安徽,,,网上交易,国寿养老险,2016-07-11,寿险团险,安徽,六安,霍山
CL1003966523,王群,身份证,330106********0021,CL9043,福寿嘉年29期,"50,000.00","50,000.00","50,002.43",981210,寿险团险,安徽,34080179000010,,寿险团险,安徽,安庆,城区团拓部,养老险公司,总部,寿险团险,安徽,,,网上交易,国寿养老险,2016-07-11,寿险团险,安徽,安庆,城区团拓部
CL1003966523,王群,身份证,330106********0021,CL9043,福寿嘉年29期,"50,000.00","50,000.00","50,001.94", ,,,34080179000010,,寿险团险,安徽,安庆,城区团拓部,养老险公司,总部,寿险团险,安徽,安庆,城区团拓部,网上交易,国寿养老险,2016-07-11,寿险团险,安徽,安庆,城区团拓部
CL1000573662,史爱华,身份证,342201********1248,CL9043,福寿嘉年29期,"50,000.00","50,000.00","50,002.92",981210,寿险团险,安徽,34222479002415,,寿险团险,安徽,宿州,灵璧县支公司,养老险公司,总部,寿险团险,安徽,,,网上交易,国寿养老险,2016-07-11,寿险团险,安徽,宿州,灵璧县支公司
CL1000016477,许萍,身份证,342425********0188,CL9043,福寿嘉年29期,"230,000.00","230,000.00","230,013.42",981210,寿险团险,安徽,34240179000022,,寿险团险,安徽,六安,团拓,养老险公司,总部,寿险团险,安徽,,,网上交易,国寿养老险,2016-07-11,寿险团险,安徽,六安,团拓
CL1000709375,黄文艳,身份证,340803********2149,CL9043,福寿嘉年29期,"50,000.00","50,000.00","50,002.92",981210,寿险团险,安徽,34080179000010,,寿险团险,安徽,安庆,城区团拓部,养老险公司,总部,寿险团险,安徽,,,网上交易,国寿养老险,2016-07-11,寿险团险,安徽,安庆,城区团拓部
CL1000709375,黄文艳,身份证,340803********2149,CL9043,福寿嘉年29期,"50,000.00","50,000.00","50,002.92",981210,寿险团险,安徽,34080179000010,,寿险团险,安徽,安庆,城区团拓部,养老险公司,总部,寿险团险,安徽,,,网上交易,国寿养老险,2016-07-11,寿险团险,安徽,安庆,城区团拓部
CL1000709375,黄文艳,身份证,340803********2149,CL9043,福寿嘉年29期,"50,000.00","50,000.00","50,002.92",981210,寿险团险,安徽,34080179000010,,寿险团险,安徽,安庆,城区团拓部,养老险公司,总部,寿险团险,安徽,,,网上交易,国寿养老险,2016-07-11,寿险团险,安徽,安庆,城区团拓部
CL1003828699,曲俊萍,身份证,340204********1528,CL9043,福寿嘉年29期,"10,000.00","10,000.00","10,000.58",981210,寿险团险,安徽,34020179000036,,寿险团险,安徽,芜湖,团拓,养老险公司,总部,寿险团险,安徽,,,网上交易,国寿养老险,2016-07-11,寿险团险,安徽,芜湖,团拓
CL1000044895,李惠芬,身份证,340702********0029,CL9043,福寿嘉年29期,"20,000.00","20,000.00","20,000.97",981210,寿险团险,安徽,34070379001002,,寿险团险,安徽,铜陵,团拓部（城区）,养老险公司,总部,寿险团险,安徽,,,网上交易,国寿养老险,2016-07-11,寿险团险,安徽,铜陵,团拓部（城区）
CL1003940801,许晓宁,身份证,342423********0065,CL9043,福寿嘉年29期,"50,000.00","50,000.00","50,002.92",981210,寿险团险,安徽, ,,,,,,养老险公司,总部,寿险团险,安徽,,,网上交易,国寿养老险,2016-07-11,寿险团险,安徽,,
CL1003940801,许晓宁,身份证,342423********0065,CL9043,福寿嘉年29期,"50,000.00","50,000.00","50,002.92",981210,寿险团险,安徽, ,,,,,,养老险公司,总部,寿险团险,安徽,,,网上交易,国寿养老险,2016-07-11,寿险团险,安徽,,
CL1000471123,余正杰,身份证,340702********2020,CL9043,福寿嘉年29期,"70,000.00","70,000.00","70,004.08",981210,寿险团险,安徽,34070379001002,,寿险团险,安徽,铜陵,团拓部（城区）,养老险公司,总部,寿险团险,安徽,,,网上交易,国寿养老险,2016-07-11,寿险团险,安徽,铜陵,团拓部（城区）
CL1000958869,凤娟,身份证,340223********0021,CL9043,福寿嘉年29期,"10,000.00","10,000.00","10,000.58",981210,寿险团险,安徽,34020579000040,,寿险团险,安徽,芜湖,南陵支公司,,,寿险团险,安徽,,,APP,国寿养老险,2016-07-11,寿险团险,安徽,芜湖,南陵支公司
CL1003946227,朱永真,身份证,342529********0068,CL9043,福寿嘉年29期,"10,000.00","10,000.00","10,000.58",981210,寿险团险,安徽,34250179001007,,寿险团险,安徽,宣城,团拓,养老险公司,总部,寿险团险,安徽,,,网上交易,国寿养老险,2016-07-11,寿险团险,安徽,宣城,团拓
CL1003940356,张燕书,身份证,340222********004X,CL9043,福寿嘉年29期,"400,000.00","400,000.00","400,023.33",981210,寿险团险,安徽,34020479000040,,寿险团险,安徽,芜湖,繁昌支公司,养老险公司,总部,寿险团险,安徽,,,网上交易,国寿养老险,2016-07-11,寿险团险,安徽,芜湖,繁昌支公司
CL1000958869,凤娟,身份证,340223********0021,CL9043,福寿嘉年29期,"15,000.00","15,000.00","15,000.73",981210,寿险团险,安徽,34020579000040,,寿险团险,安徽,芜湖,南陵支公司,,,寿险团险,安徽,,,APP,国寿养老险,2016-07-11,寿险团险,安徽,芜湖,南陵支公司
CL1000691923,汪莹,身份证,340881********3040,CL9043,福寿嘉年29期,"100,000.00","100,000.00","100,005.83",981210,寿险团险,安徽,34112279000011,,寿险团险,安徽,滁州,来安,养老险公司,总部,寿险团险,安徽,,,网上交易,国寿养老险,2016-07-11,寿险团险,安徽,滁州,来安
CL1000502534,洪枫,身份证,342601********0227,CL9043,福寿嘉年29期,"65,000.00","65,000.00","65,003.79",981210,寿险团险,安徽,34011371000001,,寿险团险,安徽,合肥,团险拓展部,养老险公司,总部,寿险团险,安徽,,,网上交易,国寿养老险,2016-07-11,寿险团险,安徽,合肥,团险拓展部
CL1000278388,张传霞,身份证,342426********5344,CL9043,福寿嘉年29期,"110,000.00","110,000.00","110,006.42",981210,寿险团险,安徽,34242679000001,,寿险团险,安徽,六安,金寨,养老险公司,总部,寿险团险,安徽,,,网上交易,国寿养老险,2016-07-11,寿险团险,安徽,六安,金寨
CL1000278388,张传霞,身份证,342426********5344,CL9043,福寿嘉年29期,"11,000.00","11,000.00","11,000.53",981210,寿险团险,安徽,34242679000001,,寿险团险,安徽,六安,金寨,养老险公司,总部,寿险团险,安徽,,,网上交易,国寿养老险,2016-07-11,寿险团险,安徽,六安,金寨
CL1003715520,李立斌,身份证,340603********043X,CL9043,福寿嘉年29期,"50,000.00","50,000.00","50,002.43",981210,寿险团险,安徽, ,,,,,,养老险公司,总部,寿险团险,安徽,,,网上交易,国寿养老险,2016-07-11,寿险团险,安徽,,
CL1003715520,李立斌,身份证,340603********043X,CL9043,福寿嘉年29期,"200,000.00","200,000.00","200,011.67",981210,寿险团险,安徽, ,,,,,,养老险公司,总部,寿险团险,安徽,,,网上交易,国寿养老险,2016-07-11,寿险团险,安徽,,
CL1003715520,李立斌,身份证,340603********043X,CL9043,福寿嘉年29期,"50,000.00","50,000.00","50,002.92",981210,寿险团险,安徽, ,,,,,,养老险公司,总部,寿险团险,安徽,,,网上交易,国寿养老险,2016-07-11,寿险团险,安徽,,
CL1000020448,韩龄,身份证,340202********2517,CL9043,福寿嘉年29期,"50,000.00","50,000.00","50,002.92",981210,寿险团险,安徽,341222198602050270, ,财险公司,安徽,,,养老险公司,总部,寿险团险,安徽,,,网上交易,国寿养老险,2016-07-11,财险公司,安徽,,
CL1000071325,刘成慧,身份证,342530********0026,CL9043,福寿嘉年29期,"20,000.00","20,000.00","20,001.17",981210,寿险团险,安徽,34100279000003,,寿险团险,安徽,黄山,黄山市团拓部,养老险公司,总部,寿险团险,安徽,,,网上交易,国寿养老险,2016-07-11,寿险团险,安徽,黄山,黄山市团拓部
CL1003946405,郝志霞,身份证,342426********0028,CL9043,福寿嘉年29期,"17,000.00","17,000.00","17,000.83",981210,寿险团险,安徽,34242679000001,,寿险团险,安徽,六安,金寨,养老险公司,总部,寿险团险,安徽,,,网上交易,国寿养老险,2016-07-11,寿险团险,安徽,六安,金寨
CL1000889365,张立丽,身份证,341126********0246,CL9043,福寿嘉年29期,"20,000.00","20,000.00","20,001.17",981210,寿险团险,安徽,34020579000042,,寿险团险,安徽,芜湖,南陵支公司,,,寿险团险,安徽,,,APP,国寿养老险,2016-07-11,寿险团险,安徽,芜湖,南陵支公司
CL1000056568,孙雪蓉,身份证,340103********2028,CL9043,福寿嘉年29期,"100,000.00","100,000.00","100,005.83",981210,寿险团险,安徽,YL34000009,平欣丽,养老险公司,安徽,,,养老险公司,总部,寿险团险,安徽,,,网上交易,国寿养老险,2016-07-11,养老险公司,安徽,,
CL1000147888,黄德英,身份证,342425********0022,CL9043,福寿嘉年29期,"50,000.00","50,000.00","50,002.43",981210,寿险团险,安徽,34242579000011,,寿险团险,安徽,六安,舒城,养老险公司,总部,寿险团险,安徽,,,网上交易,国寿养老险,2016-07-11,寿险团险,安徽,六安,舒城
CL1000147888,黄德英,身份证,342425********0022,CL9043,福寿嘉年29期,"50,000.00","50,000.00","50,002.92",981210,寿险团险,安徽, ,,,,,,养老险公司,总部,寿险团险,安徽,,,网上交易,国寿养老险,2016-07-11,寿险团险,安徽,,
CL1000270164,葛庆华,身份证,342426********044X,CL9043,福寿嘉年29期,"50,000.00","50,000.00","50,002.92",981210,寿险团险,安徽,34242679000001,,寿险团险,安徽,六安,金寨,养老险公司,总部,寿险团险,安徽,,,网上交易,国寿养老险,2016-07-11,寿险团险,安徽,六安,金寨
CL1003887898,李良才,身份证,340202********2014,CL9043,福寿嘉年29期,"1,000,000.00","1,000,000.00","1,000,058.33",981210,寿险团险,安徽,34020179000036,,寿险团险,安徽,芜湖,团拓,养老险公司,总部,寿险团险,安徽,,,网上交易,国寿养老险,2016-07-11,寿险团险,安徽,芜湖,团拓
CL1000269356,陈保荣,身份证,342426********0022,CL9043,福寿嘉年29期,"40,000.00","40,000.00","40,001.94",981210,寿险团险,安徽,34240679000001,,寿险团险,安徽,,,养老险公司,总部,寿险团险,安徽,,,网上交易,国寿养老险,2016-07-11,寿险团险,安徽,,
CL1000920085,王云,身份证,342222********0024,CL9043,福寿嘉年29期,"50,000.00","50,000.00","50,002.43",981210,寿险团险,安徽,34222279000006,,寿险团险,安徽,宿州,萧县支公司,养老险公司,总部,寿险团险,安徽,,,网上交易,国寿养老险,2016-07-11,寿险团险,安徽,宿州,萧县支公司
CL1000920085,王云,身份证,342222********0024,CL9043,福寿嘉年29期,"100,000.00","100,000.00","100,004.86",981210,寿险团险,安徽,34222279000006,,寿险团险,安徽,宿州,萧县支公司,养老险公司,总部,寿险团险,安徽,,,网上交易,国寿养老险,2016-07-11,寿险团险,安徽,宿州,萧县支公司
CL1000920085,王云,身份证,342222********0024,CL9043,福寿嘉年29期,"150,000.00","150,000.00","150,005.83", ,,,34222279000006,,寿险团险,安徽,宿州,萧县支公司,养老险公司,总部,寿险团险,安徽,宿州,萧县支公司,网上交易,国寿养老险,2016-07-11,寿险团险,安徽,宿州,萧县支公司
CL1000007901,熊海龙,身份证,342401********001X,CL9043,福寿嘉年29期,"57,000.00","57,000.00","57,003.33",981210,寿险团险,安徽,34240179000022,,寿险团险,安徽,六安,团拓,养老险公司,总部,寿险团险,安徽,,,网上交易,国寿养老险,2016-07-11,寿险团险,安徽,六安,团拓
CL1000867450,汪琳,身份证,342601********0420,CL9043,福寿嘉年29期,"40,000.00","40,000.00","40,002.33",981210,寿险团险,安徽,34012679000023,,寿险团险,安徽,合肥,巢湖支公司,养老险公司,总部,寿险团险,安徽,,,网上交易,国寿养老险,2016-07-11,寿险团险,安徽,合肥,巢湖支公司
CL1003666955,麻淑玲,身份证,342222********2024,CL9043,福寿嘉年29期,"100,000.00","100,000.00","100,005.83",981210,寿险团险,安徽,34222279000006,,寿险团险,安徽,宿州,萧县支公司,养老险公司,总部,寿险团险,安徽,,,网上交易,国寿养老险,2016-07-11,寿险团险,安徽,宿州,萧县支公司
CL1003943975,赵世洋,身份证,340322********2010,CL9043,福寿嘉年29期,"10,000.00","10,000.00","10,000.58",981210,寿险团险,安徽,34032279000005,,寿险团险,安徽,蚌埠,五河县支公司,养老险公司,总部,寿险团险,安徽,,,网上交易,国寿养老险,2016-07-11,寿险团险,安徽,蚌埠,五河县支公司
CL1003944485,李华金,身份证,342301********0213,CL9043,福寿嘉年29期,"80,000.00","80,000.00","80,004.67",981210,寿险团险,安徽,34112279000011,,寿险团险,安徽,滁州,来安,养老险公司,总部,寿险团险,安徽,,,网上交易,国寿养老险,2016-07-11,寿险团险,安徽,滁州,来安
CL1000677754,何劲松,身份证,340403********0418,CL9043,福寿嘉年29期,"50,000.00","50,000.00","50,002.92",981210,寿险团险,安徽,34041179000035,,寿险团险,安徽,淮南,团拓部,养老险公司,总部,寿险团险,安徽,,,网上交易,国寿养老险,2016-07-11,寿险团险,安徽,淮南,团拓部
CL1000145979,俞敏,身份证,342427********6023,CL9043,福寿嘉年29期,"50,000.00","50,000.00","50,002.43",981210,寿险团险,安徽,34242779000023,,寿险团险,安徽,六安,霍山,养老险公司,总部,寿险团险,安徽,,,网上交易,国寿养老险,2016-07-11,寿险团险,安徽,六安,霍山
CL1000700096,张晚珍,身份证,342700********0023,CL9043,福寿嘉年29期,"50,000.00","50,000.00","50,002.92",981210,寿险团险,安徽,34100279000003,,寿险团险,安徽,黄山,黄山市团拓部,养老险公司,总部,寿险团险,安徽,,,网上交易,国寿养老险,2016-07-11,寿险团险,安徽,黄山,黄山市团拓部
CL1000022802,胡桂梅,身份证,340900********0022,CL9043,福寿嘉年29期,"50,000.00","50,000.00","50,002.92",981210,寿险团险,安徽,34100279000003,,寿险团险,安徽,黄山,黄山市团拓部,养老险公司,总部,寿险团险,安徽,,,网上交易,国寿养老险,2016-07-11,寿险团险,安徽,黄山,黄山市团拓部
CL1000022802,胡桂梅,身份证,340900********0022,CL9043,福寿嘉年29期,"50,000.00","50,000.00","50,002.92",981210,寿险团险,安徽,34100279000003,,寿险团险,安徽,黄山,黄山市团拓部,养老险公司,总部,寿险团险,安徽,,,网上交易,国寿养老险,2016-07-11,寿险团险,安徽,黄山,黄山市团拓部
CL1000022802,胡桂梅,身份证,340900********0022,CL9043,福寿嘉年29期,"50,000.00","50,000.00","50,002.92",981210,寿险团险,安徽,34100279000003,,寿险团险,安徽,黄山,黄山市团拓部,养老险公司,总部,寿险团险,安徽,,,网上交易,国寿养老险,2016-07-11,寿险团险,安徽,黄山,黄山市团拓部
CL1000022802,胡桂梅,身份证,340900********0022,CL9043,福寿嘉年29期,"50,000.00","50,000.00","50,002.92",981210,寿险团险,安徽,34100279000003,,寿险团险,安徽,黄山,黄山市团拓部,养老险公司,总部,寿险团险,安徽,,,网上交易,国寿养老险,2016-07-11,寿险团险,安徽,黄山,黄山市团拓部
CL1000232804,孙琴,身份证,341124********0020,CL9043,福寿嘉年29期,"40,000.00","40,000.00","40,002.33",825549,寿险银保,安徽,YL34000003,陈俊,养老险公司,安徽,,,养老险公司,总部,寿险银保,安徽,,,网上交易,国寿养老险,2016-07-11,养老险公司,安徽,,
CL1000944409,车锦,身份证,340102********3526,CL9043,福寿嘉年29期,"20,000.00","20,000.00","20,001.17",981210,寿险团险,安徽,34011379000001,,寿险团险,安徽,合肥,团险拓展部,养老险公司,总部,寿险团险,安徽,,,网上交易,国寿养老险,2016-07-11,寿险团险,安徽,合肥,团险拓展部
CL1001004911,蔡萍,身份证,340621********0327,CL9043,福寿嘉年29期,"50,000.00","50,000.00","50,002.92",981210,寿险团险,安徽,34060279000027,,寿险团险,安徽,淮北,团拓,养老险公司,总部,寿险团险,安徽,,,网上交易,国寿养老险,2016-07-11,寿险团险,安徽,淮北,团拓
CL1000944465,方霞,身份证,342601********3847,CL9043,福寿嘉年29期,"10,000.00","10,000.00","10,000.58",981210,寿险团险,安徽,34020179000039,,寿险团险,安徽,芜湖,团拓,养老险公司,总部,寿险团险,安徽,,,网上交易,国寿养老险,2016-07-11,寿险团险,安徽,芜湖,团拓
CL1003938549,曹桃霞,身份证,342726********0024,CL9043,福寿嘉年29期,"100,000.00","100,000.00","100,004.86",981210,寿险团险,安徽,34100279000003,,寿险团险,安徽,黄山,黄山市团拓部,养老险公司,总部,寿险团险,安徽,,,网上交易,国寿养老险,2016-07-11,寿险团险,安徽,黄山,黄山市团拓部
CL1000246053,汪勇,身份证,342401********3411,CL9043,福寿嘉年29期,"300,000.00","300,000.00","300,014.58",981210,寿险团险,安徽,34240179000011,,寿险团险,安徽,六安,团拓,养老险公司,总部,寿险团险,安徽,,,网上交易,国寿养老险,2016-07-11,寿险团险,安徽,六安,团拓
CL1000717086,潘毅峰,身份证,342531********0222,CL9043,福寿嘉年29期,"10,000.00","10,000.00","10,000.58",981210,寿险团险,安徽,34250179001007,,寿险团险,安徽,宣城,团拓,养老险公司,总部,寿险团险,安徽,,,网上交易,国寿养老险,2016-07-11,寿险团险,安徽,宣城,团拓
CL1000148809,舒服,身份证,342426********0031,CL9043,福寿嘉年29期,"50,000.00","50,000.00","50,002.92",981210,寿险团险,安徽,34242679000001,,寿险团险,安徽,六安,金寨,养老险公司,总部,寿险团险,安徽,,,网上交易,国寿养老险,2016-07-11,寿险团险,安徽,六安,金寨
CL1002568883,王守军,身份证,340121********0019,CL9043,福寿嘉年29期,"40,000.00","40,000.00","40,001.94",981210,寿险团险,安徽,34012179000029,,寿险团险,安徽,合肥,长丰支公司,养老险公司,总部,寿险团险,安徽,,,网上交易,国寿养老险,2016-07-11,寿险团险,安徽,合肥,长丰支公司
CL1000693809,王楚琴,身份证,342529********0021,CL9043,福寿嘉年29期,"80,000.00","80,000.00","80,004.67",981210,寿险团险,安徽,34250179001007,,寿险团险,安徽,宣城,团拓,养老险公司,总部,寿险团险,安徽,,,网上交易,国寿养老险,2016-07-11,寿险团险,安徽,宣城,团拓
CL1000042719,姚荷花,身份证,342701********0427,CL9043,福寿嘉年29期,"50,000.00","50,000.00","50,002.92",981210,寿险团险,安徽,34100279000003,,寿险团险,安徽,黄山,黄山市团拓部,养老险公司,总部,寿险团险,安徽,,,网上交易,国寿养老险,2016-07-11,寿险团险,安徽,黄山,黄山市团拓部
CL1000033365,陈正慧,身份证,341002********102X,CL9043,福寿嘉年29期,"50,000.00","50,000.00","50,002.92",981210,寿险团险,安徽,34100279000003,,寿险团险,安徽,黄山,黄山市团拓部,,,寿险团险,安徽,,,APP,国寿养老险,2016-07-11,寿险团险,安徽,黄山,黄山市团拓部
CL1003522850,张念云,身份证,342301********0441,CL9043,福寿嘉年29期,"50,000.00","50,000.00","50,002.43",981210,寿险团险,安徽,34110179000023,,寿险团险,安徽,滁州,团拓,养老险公司,总部,寿险团险,安徽,,,网上交易,国寿养老险,2016-07-11,寿险团险,安徽,滁州,团拓
CL1003857494,陈新,身份证,342401********3925,CL9043,福寿嘉年29期,"50,000.00","50,000.00","50,002.43",981210,寿险团险,安徽,34240179000022,,寿险团险,安徽,六安,团拓,养老险公司,总部,寿险团险,安徽,,,网上交易,国寿养老险,2016-07-11,寿险团险,安徽,六安,团拓
CL1003857494,陈新,身份证,342401********3925,CL9043,福寿嘉年29期,"50,000.00","50,000.00","50,002.92",981210,寿险团险,安徽,34240179000022,,寿险团险,安徽,六安,团拓,养老险公司,总部,寿险团险,安徽,,,网上交易,国寿养老险,2016-07-11,寿险团险,安徽,六安,团拓
CL1000693710,石红,身份证,342301********1021,CL9043,福寿嘉年29期,"76,000.00","76,000.00","76,003.69",981210,寿险团险,安徽,34110179000023,,寿险团险,安徽,滁州,团拓,养老险公司,总部,寿险团险,安徽,,,网上交易,国寿养老险,2016-07-11,寿险团险,安徽,滁州,团拓
CL1000277023,张伊仁,身份证,342426********0022,CL9043,福寿嘉年29期,"50,000.00","50,000.00","50,002.92",981210,寿险团险,安徽,34242679000001,,寿险团险,安徽,六安,金寨,养老险公司,总部,寿险团险,安徽,,,网上交易,国寿养老险,2016-07-11,寿险团险,安徽,六安,金寨
CL1000277023,张伊仁,身份证,342426********0022,CL9043,福寿嘉年29期,"30,000.00","30,000.00","30,001.46",981210,寿险团险,安徽,34242679000001,,寿险团险,安徽,六安,金寨,养老险公司,总部,寿险团险,安徽,,,网上交易,国寿养老险,2016-07-11,寿险团险,安徽,六安,金寨
CL1003687638,束阿娣,身份证,340504********0226,CL9043,福寿嘉年29期,"60,000.00","60,000.00","60,003.50",981210,寿险团险,安徽,34050279000025,,寿险团险,安徽,马鞍山市,马鞍山市团拓部,养老险公司,总部,寿险团险,安徽,,,网上交易,国寿养老险,2016-07-11,寿险团险,安徽,马鞍山市,马鞍山市团拓部
CL1003966978,葛来英,身份证,340123********0020,CL9043,福寿嘉年29期,"50,000.00","50,000.00","50,002.43",981210,寿险团险,安徽,34012279000018,,寿险团险,安徽,合肥,肥东支公司,养老险公司,总部,寿险团险,安徽,,,网上交易,国寿养老险,2016-07-11,寿险团险,安徽,合肥,肥东支公司
CL1000038626,刘红卫,身份证,340702********0525,CL9043,福寿嘉年29期,"30,000.00","30,000.00","30,001.46",981210,寿险团险,安徽,34070379001002,,寿险团险,安徽,铜陵,团拓部（城区）,养老险公司,总部,寿险团险,安徽,,,网上交易,国寿养老险,2016-07-11,寿险团险,安徽,铜陵,团拓部（城区）
CL1000565462,孙霞,身份证,342324********0040,CL9043,福寿嘉年29期,"50,000.00","50,000.00","50,002.92",825549,寿险银保,安徽,YL34000003,陈俊,养老险公司,安徽,,,养老险公司,总部,寿险银保,安徽,,,网上交易,国寿养老险,2016-07-11,养老险公司,安徽,,
CL1003889052,胡敏,身份证,342222********0080,CL9043,福寿嘉年29期,"10,000.00","10,000.00","10,000.49",981210,寿险团险,安徽,34222279000006,,寿险团险,安徽,宿州,萧县支公司,养老险公司,总部,寿险团险,安徽,,,网上交易,国寿养老险,2016-07-11,寿险团险,安徽,宿州,萧县支公司
CL1000734830,张磊,身份证,340104********2517,CL9043,福寿嘉年29期,"35,000.00","35,000.00","35,002.04",981210,寿险团险,安徽,34240179000022,,寿险团险,安徽,六安,团拓,养老险公司,总部,寿险团险,安徽,,,网上交易,国寿养老险,2016-07-11,寿险团险,安徽,六安,团拓
CL1001328792,花纯宝,身份证,340406********3219,CL9043,福寿嘉年29期,"10,000.00","10,000.00","10,000.49",981210,寿险团险,安徽,34041079000004,,寿险团险,安徽,淮南,潘集支公司,养老险公司,总部,寿险团险,安徽,,,网上交易,国寿养老险,2016-07-11,寿险团险,安徽,淮南,潘集支公司
CL1003946427,许元龙,身份证,340503********0419,CL9043,福寿嘉年29期,"48,000.00","48,000.00","48,002.33",981210,寿险团险,安徽,34050279000025,,寿险团险,安徽,马鞍山市,马鞍山市团拓部,养老险公司,总部,寿险团险,安徽,,,网上交易,国寿养老险,2016-07-11,寿险团险,安徽,马鞍山市,马鞍山市团拓部
CL1003939704,苑瑞斌,身份证,340403********1631,CL9043,福寿嘉年29期,"50,000.00","50,000.00","50,002.92",981210,寿险团险,安徽,34041179000035,,寿险团险,安徽,淮南,团拓部,养老险公司,总部,寿险团险,安徽,,,网上交易,国寿养老险,2016-07-11,寿险团险,安徽,淮南,团拓部
CL1000071358,许贵红,身份证,340103********2020,CL9043,福寿嘉年29期,"20,000.00","20,000.00","20,001.17",981210,寿险团险,安徽,34100279000003,,寿险团险,安徽,黄山,黄山市团拓部,养老险公司,总部,寿险团险,安徽,,,网上交易,国寿养老险,2016-07-11,寿险团险,安徽,黄山,黄山市团拓部
CL1000570510,陈莹,身份证,341002********0224,CL9043,福寿嘉年29期,"10,000.00","10,000.00","10,000.58",981210,寿险团险,安徽,34100279000003,,寿险团险,安徽,黄山,黄山市团拓部,养老险公司,总部,寿险团险,安徽,,,网上交易,国寿养老险,2016-07-11,寿险团险,安徽,黄山,黄山市团拓部
CL1000678953,王爱华,身份证,342601********0103,CL9043,福寿嘉年29期,"50,000.00","50,000.00","50,002.92",981210,寿险团险,安徽,34012679000023,,寿险团险,安徽,合肥,巢湖支公司,养老险公司,总部,寿险团险,安徽,,,网上交易,国寿养老险,2016-07-11,寿险团险,安徽,合肥,巢湖支公司
CL1000678953,王爱华,身份证,342601********0103,CL9043,福寿嘉年29期,"30,000.00","30,000.00","30,001.75",981210,寿险团险,安徽,34012679000023,,寿险团险,安徽,合肥,巢湖支公司,养老险公司,总部,寿险团险,安徽,,,网上交易,国寿养老险,2016-07-11,寿险团险,安徽,合肥,巢湖支公司
CL1003145844,吕锡平,身份证,342401********0015,CL9043,福寿嘉年29期,"50,000.00","50,000.00","50,002.92",981210,寿险团险,安徽,34240179000022,,寿险团险,安徽,六安,团拓,养老险公司,总部,寿险团险,安徽,,,网上交易,国寿养老险,2016-07-11,寿险团险,安徽,六安,团拓
CL1000753526,王庆龙,身份证,342322********0095,CL9043,福寿嘉年29期,"30,000.00",0.00,0.00, ,,,34112279000011,,寿险团险,安徽,滁州,来安,养老险公司,总部,寿险团险,安徽,滁州,来安,网上交易,国寿养老险,2016-07-11,寿险团险,安徽,滁州,来安
CL1000721557,纪宏,身份证,340123********0047,CL9043,福寿嘉年29期,"19,000.00","19,000.00","19,000.92",981210,寿险团险,安徽,34012279000002,,寿险团险,安徽,合肥,肥东支公司,养老险公司,总部,寿险团险,安徽,,,网上交易,国寿养老险,2016-07-11,寿险团险,安徽,合肥,肥东支公司
CL1003939504,李民,身份证,342222********0074,CL9043,福寿嘉年29期,"50,000.00","50,000.00","50,002.92",981210,寿险团险,安徽,34222279000006,,寿险团险,安徽,宿州,萧县支公司,养老险公司,总部,寿险团险,安徽,,,网上交易,国寿养老险,2016-07-11,寿险团险,安徽,宿州,萧县支公司
CL1003939504,李民,身份证,342222********0074,CL9043,福寿嘉年29期,"50,000.00","50,000.00","50,002.92",981210,寿险团险,安徽,34222279000006,,寿险团险,安徽,宿州,萧县支公司,养老险公司,总部,寿险团险,安徽,,,网上交易,国寿养老险,2016-07-11,寿险团险,安徽,宿州,萧县支公司
CL1003939504,李民,身份证,342222********0074,CL9043,福寿嘉年29期,"50,000.00","50,000.00","50,002.92",981210,寿险团险,安徽,34222279000006,,寿险团险,安徽,宿州,萧县支公司,养老险公司,总部,寿险团险,安徽,,,网上交易,国寿养老险,2016-07-11,寿险团险,安徽,宿州,萧县支公司
CL1003939504,李民,身份证,342222********0074,CL9043,福寿嘉年29期,"50,000.00","50,000.00","50,002.92",981210,寿险团险,安徽,34222279000006,,寿险团险,安徽,宿州,萧县支公司,养老险公司,总部,寿险团险,安徽,,,网上交易,国寿养老险,2016-07-11,寿险团险,安徽,宿州,萧县支公司
CL1003939504,李民,身份证,342222********0074,CL9043,福寿嘉年29期,"50,000.00","50,000.00","50,002.92",981210,寿险团险,安徽,34222279000006,,寿险团险,安徽,宿州,萧县支公司,养老险公司,总部,寿险团险,安徽,,,网上交易,国寿养老险,2016-07-11,寿险团险,安徽,宿州,萧县支公司
CL1003939504,李民,身份证,342222********0074,CL9043,福寿嘉年29期,"50,000.00","50,000.00","50,002.92",981210,寿险团险,安徽,34222279000006,,寿险团险,安徽,宿州,萧县支公司,养老险公司,总部,寿险团险,安徽,,,网上交易,国寿养老险,2016-07-11,寿险团险,安徽,宿州,萧县支公司
CL1003091274,张桂芝,身份证,340402********0028,CL9043,福寿嘉年29期,"50,000.00","50,000.00","50,002.92",981210,寿险团险,安徽,34041179000035,,寿险团险,安徽,淮南,团拓部,养老险公司,总部,寿险团险,安徽,,,网上交易,国寿养老险,2016-07-11,寿险团险,安徽,淮南,团拓部
CL1000363548,杨艾曼,身份证,342201********0426,CL9043,福寿嘉年29期,"200,000.00","200,000.00","200,011.67",981210,寿险团险,安徽,34222479002415,,寿险团险,安徽,宿州,灵璧县支公司,养老险公司,总部,寿险团险,安徽,,,网上交易,国寿养老险,2016-07-11,寿险团险,安徽,宿州,灵璧县支公司
CL1003943297,李平,身份证,340504********0024,CL9043,福寿嘉年29期,"110,000.00","110,000.00","110,005.35",981210,寿险团险,安徽,34050279000025,,寿险团险,安徽,马鞍山市,马鞍山市团拓部,养老险公司,总部,寿险团险,安徽,,,网上交易,国寿养老险,2016-07-11,寿险团险,安徽,马鞍山市,马鞍山市团拓部
CL1003939504,李民,身份证,342222********0074,CL9043,福寿嘉年29期,"50,000.00","50,000.00","50,002.92",981210,寿险团险,安徽,34222279000006,,寿险团险,安徽,宿州,萧县支公司,养老险公司,总部,寿险团险,安徽,,,网上交易,国寿养老险,2016-07-11,寿险团险,安徽,宿州,萧县支公司
CL1003939504,李民,身份证,342222********0074,CL9043,福寿嘉年29期,"50,000.00","50,000.00","50,002.92",981210,寿险团险,安徽,34222279000006,,寿险团险,安徽,宿州,萧县支公司,养老险公司,总部,寿险团险,安徽,,,网上交易,国寿养老险,2016-07-11,寿险团险,安徽,宿州,萧县支公司
CL1003939504,李民,身份证,342222********0074,CL9043,福寿嘉年29期,"50,000.00","50,000.00","50,002.92",981210,寿险团险,安徽,34222279000006,,寿险团险,安徽,宿州,萧县支公司,养老险公司,总部,寿险团险,安徽,,,网上交易,国寿养老险,2016-07-11,寿险团险,安徽,宿州,萧县支公司
CL1003939504,李民,身份证,342222********0074,CL9043,福寿嘉年29期,"50,000.00","50,000.00","50,002.92",981210,寿险团险,安徽,34222279000006,,寿险团险,安徽,宿州,萧县支公司,养老险公司,总部,寿险团险,安徽,,,网上交易,国寿养老险,2016-07-11,寿险团险,安徽,宿州,萧县支公司
CL1000459063,周卓凌,身份证,340702********7525,CL9043,福寿嘉年29期,"50,000.00","50,000.00","50,002.43",981210,寿险团险,安徽,34070379001002,,寿险团险,安徽,铜陵,团拓部（城区）,养老险公司,总部,寿险团险,安徽,,,网上交易,国寿养老险,2016-07-11,寿险团险,安徽,铜陵,团拓部（城区）
CL1000459063,周卓凌,身份证,340702********7525,CL9043,福寿嘉年29期,"50,000.00","50,000.00","50,002.43",981210,寿险团险,安徽,34070379001002,,寿险团险,安徽,铜陵,团拓部（城区）,养老险公司,总部,寿险团险,安徽,,,网上交易,国寿养老险,2016-07-11,寿险团险,安徽,铜陵,团拓部（城区）
CL1001459158,邹成银,身份证,340121********2843,CL9043,福寿嘉年29期,"50,000.00","50,000.00","50,002.43",981210,寿险团险,安徽,34041179000008,,寿险团险,安徽,淮南,团拓部,养老险公司,总部,寿险团险,安徽,,,网上交易,国寿养老险,2016-07-11,寿险团险,安徽,淮南,团拓部
CL1000410771,杨孝华,身份证,340404********0229,CL9043,福寿嘉年29期,"40,000.00","40,000.00","40,002.33",981210,寿险团险,安徽,34041179000019,,寿险团险,安徽,淮南,团拓部,养老险公司,总部,寿险团险,安徽,,,网上交易,国寿养老险,2016-07-11,寿险团险,安徽,淮南,团拓部
CL1000151693,李罗丽,身份证,342623********0028,CL9043,福寿嘉年29期,"49,000.00","49,000.00","49,002.86",981210,寿险团险,安徽,34020179000011,,寿险团险,安徽,芜湖,团拓,养老险公司,总部,寿险团险,安徽,,,网上交易,国寿养老险,2016-07-11,寿险团险,安徽,芜湖,团拓
CL1000151693,李罗丽,身份证,342623********0028,CL9043,福寿嘉年29期,"46,000.00","46,000.00","46,002.68",981210,寿险团险,安徽,34020179000011,,寿险团险,安徽,芜湖,团拓,养老险公司,总部,寿险团险,安徽,,,网上交易,国寿养老险,2016-07-11,寿险团险,安徽,芜湖,团拓
CL1000151693,李罗丽,身份证,342623********0028,CL9043,福寿嘉年29期,"49,000.00","49,000.00","49,002.86",981210,寿险团险,安徽,34020179000011,,寿险团险,安徽,芜湖,团拓,养老险公司,总部,寿险团险,安徽,,,网上交易,国寿养老险,2016-07-11,寿险团险,安徽,芜湖,团拓
CL1000151693,李罗丽,身份证,342623********0028,CL9043,福寿嘉年29期,"49,000.00","49,000.00","49,002.86",981210,寿险团险,安徽,34020179000011,,寿险团险,安徽,芜湖,团拓,养老险公司,总部,寿险团险,安徽,,,网上交易,国寿养老险,2016-07-11,寿险团险,安徽,芜湖,团拓
CL1000151693,李罗丽,身份证,342623********0028,CL9043,福寿嘉年29期,"49,000.00","49,000.00","49,002.86",981210,寿险团险,安徽,34020179000011,,寿险团险,安徽,芜湖,团拓,养老险公司,总部,寿险团险,安徽,,,网上交易,国寿养老险,2016-07-11,寿险团险,安徽,芜湖,团拓
CL1000151693,李罗丽,身份证,342623********0028,CL9043,福寿嘉年29期,"49,000.00","49,000.00","49,002.86",981210,寿险团险,安徽,34020179000011,,寿险团险,安徽,芜湖,团拓,养老险公司,总部,寿险团险,安徽,,,网上交易,国寿养老险,2016-07-11,寿险团险,安徽,芜湖,团拓
CL1000151693,李罗丽,身份证,342623********0028,CL9043,福寿嘉年29期,"49,000.00","49,000.00","49,002.86",981210,寿险团险,安徽,34020179000011,,寿险团险,安徽,芜湖,团拓,养老险公司,总部,寿险团险,安徽,,,网上交易,国寿养老险,2016-07-11,寿险团险,安徽,芜湖,团拓
CL1003942654,王琴,身份证,340223********002X,CL9043,福寿嘉年29期,"300,000.00","300,000.00","300,017.50",981210,寿险团险,安徽,34011371000001,,寿险团险,安徽,合肥,团险拓展部,养老险公司,总部,寿险团险,安徽,,,网上交易,国寿养老险,2016-07-11,寿险团险,安徽,合肥,团险拓展部
CL1001067783,刘晔,身份证,342301********0613,CL9043,福寿嘉年29期,"40,000.00","40,000.00","40,002.33",981210,寿险团险,安徽, ,,,,,,养老险公司,总部,寿险团险,安徽,,,网上交易,国寿养老险,2016-07-11,寿险团险,安徽,,
CL1000951733,朱福英,身份证,340206********0026,CL9043,福寿嘉年29期,"20,000.00","20,000.00","20,000.97",981210,寿险团险,安徽,34020679000010,,寿险团险,安徽,芜湖,开发区支公司,养老险公司,总部,寿险团险,安徽,,,网上交易,国寿养老险,2016-07-11,寿险团险,安徽,芜湖,开发区支公司
CL1000595355,郭为民,身份证,340104********3027,CL9043,福寿嘉年29期,"80,000.00","80,000.00","80,004.67",981210,寿险团险,安徽, ,,,,,,养老险公司,总部,寿险团险,安徽,,,网上交易,国寿养老险,2016-07-11,寿险团险,安徽,,
CL1003889185,胡友柱,身份证,342425********5215,CL9043,福寿嘉年29期,"50,000.00","50,000.00","50,002.43",981210,寿险团险,安徽,34242579000011,,寿险团险,安徽,六安,舒城,养老险公司,总部,寿险团险,安徽,,,网上交易,国寿养老险,2016-07-11,寿险团险,安徽,六安,舒城
CL1003557060,袁文旭,身份证,341002********0216,CL9043,福寿嘉年29期,"50,000.00","50,000.00","50,002.92",981210,寿险团险,安徽,34100279000003,,寿险团险,安徽,黄山,黄山市团拓部,养老险公司,总部,寿险团险,安徽,,,网上交易,国寿养老险,2016-07-11,寿险团险,安徽,黄山,黄山市团拓部
CL1000692255,茅晓鸥,身份证,340104********1541,CL9043,福寿嘉年29期,"50,000.00","50,000.00","50,002.92",981210,寿险团险,安徽,34112279000011,,寿险团险,安徽,滁州,来安,养老险公司,总部,寿险团险,安徽,,,网上交易,国寿养老险,2016-07-11,寿险团险,安徽,滁州,来安
CL1003945773,张文丽,身份证,341122********0025,CL9043,福寿嘉年29期,"100,000.00","100,000.00","100,005.83",825549,寿险银保,安徽,341222198602050270, ,财险公司,安徽,,,,,寿险银保,安徽,,,APP,国寿养老险,2016-07-11,财险公司,安徽,,
CL1000674691,邵珠华,身份证,340403********1427,CL9043,福寿嘉年29期,"10,000.00","10,000.00","10,000.58",981210,寿险团险,安徽,34041179000019,,寿险团险,安徽,淮南,团拓部,养老险公司,总部,寿险团险,安徽,,,网上交易,国寿养老险,2016-07-11,寿险团险,安徽,淮南,团拓部
CL1002799324,杨良宝,身份证,340222********0019,CL9043,福寿嘉年29期,"20,000.00","20,000.00","20,001.17",981210,寿险团险,安徽,34020479000040,,寿险团险,安徽,芜湖,繁昌支公司,养老险公司,总部,寿险团险,安徽,,,网上交易,国寿养老险,2016-07-11,寿险团险,安徽,芜湖,繁昌支公司
CL1000138823,江蕾,身份证,340103********2024,CL9043,福寿嘉年29期,"50,000.00","50,000.00","50,002.43",981210,寿险团险,安徽,34011371000001,,寿险团险,安徽,合肥,团险拓展部,养老险公司,总部,寿险团险,安徽,,,网上交易,国寿养老险,2016-07-11,寿险团险,安徽,合肥,团险拓展部
CL1000138823,江蕾,身份证,340103********2024,CL9043,福寿嘉年29期,"50,000.00","50,000.00","50,002.92",981210,寿险团险,安徽,34011371000001,,寿险团险,安徽,合肥,团险拓展部,养老险公司,总部,寿险团险,安徽,,,网上交易,国寿养老险,2016-07-11,寿险团险,安徽,合肥,团险拓展部
CL1003857316,徐珊丽,身份证,340224********0026,CL9043,福寿嘉年29期,"50,000.00","50,000.00","50,002.92",981210,寿险团险,安徽,34292313401493,,寿险团险,安徽,池州,青阳支公司,养老险公司,总部,寿险团险,安徽,,,网上交易,国寿养老险,2016-07-11,寿险团险,安徽,池州,青阳支公司
CL1003889007,毛守荣,身份证,340221********5421,CL9043,福寿嘉年29期,"60,000.00","60,000.00","60,003.50",981210,寿险团险,安徽,34020300900870,,寿险团险,安徽,芜湖,芜湖县支公司,养老险公司,总部,寿险团险,安徽,,,网上交易,国寿养老险,2016-07-11,寿险团险,安徽,芜湖,芜湖县支公司
CL1003243654,房郑,身份证,340403********1846,CL9043,福寿嘉年29期,"20,000.00","20,000.00","20,000.97",981210,寿险团险,安徽,34040479000015,,寿险团险,安徽,淮南,谢家集支公司,养老险公司,总部,寿险团险,安徽,,,网上交易,国寿养老险,2016-07-11,寿险团险,安徽,淮南,谢家集支公司
CL1003943208,刘新莉,身份证,342222********0047,CL9043,福寿嘉年29期,"100,000.00","100,000.00","100,005.83",981210,寿险团险,安徽,34222279000006,,寿险团险,安徽,宿州,萧县支公司,养老险公司,总部,寿险团险,安徽,,,网上交易,国寿养老险,2016-07-11,寿险团险,安徽,宿州,萧县支公司
CL1003887521,刘启森,身份证,342222********2830,CL9043,福寿嘉年29期,"350,000.00","350,000.00","350,020.42",981210,寿险团险,安徽,34222279000006,,寿险团险,安徽,宿州,萧县支公司,养老险公司,总部,寿险团险,安徽,,,网上交易,国寿养老险,2016-07-11,寿险团险,安徽,宿州,萧县支公司
CL1000166663,邓页刚,身份证,342501********0535,CL9043,福寿嘉年29期,"10,000.00","10,000.00","10,000.49",981210,寿险团险,安徽,34250179000009,,寿险团险,安徽,宣城,团拓,养老险公司,总部,寿险团险,安徽,,,网上交易,国寿养老险,2016-07-11,寿险团险,安徽,宣城,团拓
CL1000718307,李多菊,身份证,342401********0040,CL9043,福寿嘉年29期,"20,000.00","20,000.00","20,001.17",981210,寿险团险,安徽,34240179000022,,寿险团险,安徽,六安,团拓,养老险公司,总部,寿险团险,安徽,,,网上交易,国寿养老险,2016-07-11,寿险团险,安徽,六安,团拓
CL1003566114,吴慧,身份证,342901********5420,CL9043,福寿嘉年29期,"60,000.00","60,000.00","60,003.50",981210,寿险团险,安徽,34290179000062,,寿险团险,安徽,池州,城区团拓部,养老险公司,总部,寿险团险,安徽,,,网上交易,国寿养老险,2016-07-11,寿险团险,安徽,池州,城区团拓部
CL1003966323,彭艳,身份证,342301********0424,CL9043,福寿嘉年29期,"223,000.00","223,000.00","223,010.84",981210,寿险团险,安徽,34110179000041,,寿险团险,安徽,滁州,团拓,养老险公司,总部,寿险团险,安徽,,,网上交易,国寿养老险,2016-07-11,寿险团险,安徽,滁州,团拓
CL1003771044,白梅,身份证,340122********0623,CL9043,福寿嘉年29期,"50,000.00","50,000.00","50,002.92",981210,寿险团险,安徽,34012379000004,,寿险团险,安徽,合肥,肥西支公司,养老险公司,总部,寿险团险,安徽,,,网上交易,国寿养老险,2016-07-11,寿险团险,安徽,合肥,肥西支公司
CL1002795806,许笑梅,身份证,342830********5623,CL9043,福寿嘉年29期,"37,000.00","37,000.00","37,002.16",981210,寿险团险,安徽,34290179000062,,寿险团险,安徽,池州,城区团拓部,养老险公司,总部,寿险团险,安徽,,,网上交易,国寿养老险,2016-07-11,寿险团险,安徽,池州,城区团拓部
CL1000899174,吴明,身份证,340202********0025,CL9043,福寿嘉年29期,"50,000.00","50,000.00","50,002.43",981210,寿险团险,安徽,34020179000036,,寿险团险,安徽,芜湖,团拓,养老险公司,总部,寿险团险,安徽,,,网上交易,国寿养老险,2016-07-11,寿险团险,安徽,芜湖,团拓
CL1000165708,何家芳,身份证,342501********0288,CL9043,福寿嘉年29期,"150,000.00","150,000.00","150,008.75",981210,寿险团险,安徽,34250171001003,,寿险团险,安徽,宣城,团拓,养老险公司,总部,寿险团险,安徽,,,网上交易,国寿养老险,2016-07-11,寿险团险,安徽,宣城,团拓
CL1000040077,刘桂荣,身份证,341322********0028,CL9043,福寿嘉年29期,"300,000.00","300,000.00","300,014.58",981210,寿险团险,安徽,34222179000022,,寿险团险,安徽,宿州,砀山县支公司,养老险公司,总部,寿险团险,安徽,,,网上交易,国寿养老险,2016-07-11,寿险团险,安徽,宿州,砀山县支公司
CL1003942232,邓光辉,身份证,340702********2053,CL9043,福寿嘉年29期,"50,000.00","50,000.00","50,002.92",981210,寿险团险,安徽,34070379001001,,寿险团险,安徽,铜陵,团拓部（城区）,养老险公司,总部,寿险团险,安徽,,,网上交易,国寿养老险,2016-07-11,寿险团险,安徽,铜陵,团拓部（城区）
CL1000233725,方正齐,身份证,340103********4010,CL9043,福寿嘉年29期,"230,000.00","230,000.00","230,013.42",825549,寿险银保,安徽,YL34000003,陈俊,养老险公司,安徽,,,养老险公司,总部,寿险银保,安徽,,,网上交易,国寿养老险,2016-07-11,养老险公司,安徽,,
CL1003941722,陈剑仙,身份证,342523********4629,CL9043,福寿嘉年29期,"200,000.00","200,000.00","200,009.72",981210,寿险团险,安徽,34020179000036,,寿险团险,安徽,芜湖,团拓,养老险公司,总部,寿险团险,安徽,,,网上交易,国寿养老险,2016-07-11,寿险团险,安徽,芜湖,团拓
CL1003938516,张荣平,身份证,320423********1210,CL9043,福寿嘉年29期,"20,000.00","20,000.00","20,000.97",981210,寿险团险,安徽,34118179000041,,寿险团险,安徽,滁州,天长,养老险公司,总部,寿险团险,安徽,,,网上交易,国寿养老险,2016-07-11,寿险团险,安徽,滁州,天长
CL1003946727,李强,身份证,340505********0610,CL9043,福寿嘉年29期,"20,000.00","20,000.00","20,000.97",981210,寿险团险,安徽,34050279000025,,寿险团险,安徽,马鞍山市,马鞍山市团拓部,养老险公司,总部,寿险团险,安徽,,,网上交易,国寿养老险,2016-07-11,寿险团险,安徽,马鞍山市,马鞍山市团拓部
CL1001064920,徐莉莉,身份证,340223********0027,CL9043,福寿嘉年29期,"20,000.00","20,000.00","20,001.17",981210,寿险团险,安徽,34020579000042,,寿险团险,安徽,芜湖,南陵支公司,,,寿险团险,安徽,,,APP,国寿养老险,2016-07-11,寿险团险,安徽,芜湖,南陵支公司
CL1001064920,徐莉莉,身份证,340223********0027,CL9043,福寿嘉年29期,"50,000.00","50,000.00","50,002.92",981210,寿险团险,安徽,34020579000042,,寿险团险,安徽,芜湖,南陵支公司,,,寿险团险,安徽,,,APP,国寿养老险,2016-07-11,寿险团险,安徽,芜湖,南陵支公司
CL1003943219,李敏,身份证,342224********0020,CL9043,福寿嘉年29期,"30,000.00","30,000.00","30,001.75",981210,寿险团险,安徽,34222479000030,,寿险团险,安徽,宿州,灵璧县支公司,养老险公司,总部,寿险团险,安徽,,,网上交易,国寿养老险,2016-07-11,寿险团险,安徽,宿州,灵璧县支公司
CL1003886000,洪先月,身份证,342922********2262,CL9043,福寿嘉年29期,"50,000.00","50,000.00","50,002.92",981210,寿险团险,安徽,34292279000036,,寿险团险,安徽,池州,石台支公司,养老险公司,总部,寿险团险,安徽,,,网上交易,国寿养老险,2016-07-11,寿险团险,安徽,池州,石台支公司
CL1003857672,成应峰,身份证,340221********2852,CL9043,福寿嘉年29期,"20,000.00","20,000.00","20,001.17",981210,寿险团险,安徽,34020379000023,,寿险团险,安徽,芜湖,芜湖县支公司,养老险公司,总部,寿险团险,安徽,,,网上交易,国寿养老险,2016-07-11,寿险团险,安徽,芜湖,芜湖县支公司
CL1003857672,成应峰,身份证,340221********2852,CL9043,福寿嘉年29期,"10,000.00","10,000.00","10,000.58",981210,寿险团险,安徽,34020379000023,,寿险团险,安徽,芜湖,芜湖县支公司,养老险公司,总部,寿险团险,安徽,,,网上交易,国寿养老险,2016-07-11,寿险团险,安徽,芜湖,芜湖县支公司
CL1003966267,姚兰香,身份证,342529********5029,CL9043,福寿嘉年29期,"100,000.00","100,000.00","100,004.86",981210,寿险团险,安徽, ,,,,,,养老险公司,总部,寿险团险,安徽,,,网上交易,国寿养老险,2016-07-11,寿险团险,安徽,,
CL1000191895,徐安民,身份证,340803********2313,CL9043,福寿嘉年29期,"50,000.00","50,000.00","50,002.92",981210,寿险团险,安徽,34080179000010,,寿险团险,安徽,安庆,城区团拓部,养老险公司,总部,寿险团险,安徽,,,网上交易,国寿养老险,2016-07-11,寿险团险,安徽,安庆,城区团拓部
CL1000191895,徐安民,身份证,340803********2313,CL9043,福寿嘉年29期,"50,000.00","50,000.00","50,002.43",981210,寿险团险,安徽,34080179000010,,寿险团险,安徽,安庆,城区团拓部,养老险公司,总部,寿险团险,安徽,,,网上交易,国寿养老险,2016-07-11,寿险团险,安徽,安庆,城区团拓部
CL1000271318,李然,身份证,342426********0021,CL9043,福寿嘉年29期,"15,000.00","15,000.00","15,000.88",981210,寿险团险,安徽,34242679000005,,寿险团险,安徽,六安,金寨,养老险公司,总部,寿险团险,安徽,,,网上交易,国寿养老险,2016-07-11,寿险团险,安徽,六安,金寨
CL1000021714,巫国明,身份证,340102********3513,CL9043,福寿嘉年29期,"564,000.00","564,000.00","564,032.90",981210,寿险团险,安徽, ,,,,,,养老险公司,总部,寿险团险,安徽,,,网上交易,国寿养老险,2016-07-11,寿险团险,安徽,,
CL1000929642,徐光宏,身份证,340223********2533,CL9043,福寿嘉年29期,"50,000.00","50,000.00","50,002.92",981210,寿险团险,安徽,34020579000042,,寿险团险,安徽,芜湖,南陵支公司,,,寿险团险,安徽,,,APP,国寿养老险,2016-07-11,寿险团险,安徽,芜湖,南陵支公司
CL1000929642,徐光宏,身份证,340223********2533,CL9043,福寿嘉年29期,"20,000.00","20,000.00","20,001.17",981210,寿险团险,安徽,34020579000042,,寿险团险,安徽,芜湖,南陵支公司,,,寿险团险,安徽,,,APP,国寿养老险,2016-07-11,寿险团险,安徽,芜湖,南陵支公司
CL1000974203,汪国兵,身份证,342531********0712,CL9043,福寿嘉年29期,"100,000.00","100,000.00","100,005.83",981210,寿险团险,安徽,34250179001007,,寿险团险,安徽,宣城,团拓,养老险公司,总部,寿险团险,安徽,,,网上交易,国寿养老险,2016-07-11,寿险团险,安徽,宣城,团拓
CL1003887821,万大云,身份证,340221********3386,CL9043,福寿嘉年29期,"50,000.00","50,000.00","50,002.92",981210,寿险团险,安徽,34020179000036,,寿险团险,安徽,芜湖,团拓,养老险公司,总部,寿险团险,安徽,,,网上交易,国寿养老险,2016-07-11,寿险团险,安徽,芜湖,团拓
CL1000860746,刘彩云,身份证,342622********0962,CL9043,福寿嘉年29期,"450,000.00","450,000.00","450,026.25",981210,寿险团险,安徽,34020179000026,,寿险团险,安徽,芜湖,团拓,养老险公司,总部,寿险团险,安徽,,,网上交易,国寿养老险,2016-07-11,寿险团险,安徽,芜湖,团拓
CL1003946172,汪洋,身份证,340122********7971,CL9043,福寿嘉年29期,"10,000.00","10,000.00","10,000.58",981210,寿险团险,安徽,34012379000003,,寿险团险,安徽,合肥,肥西支公司,养老险公司,总部,寿险团险,安徽,,,网上交易,国寿养老险,2016-07-11,寿险团险,安徽,合肥,肥西支公司
CL1003102101,滕爱兰,身份证,340223********0021,CL9043,福寿嘉年29期,"50,000.00","50,000.00","50,002.92",981210,寿险团险,安徽,34020579000044,,寿险团险,安徽,芜湖,南陵支公司,,,寿险团险,安徽,,,APP,国寿养老险,2016-07-11,寿险团险,安徽,芜湖,南陵支公司
CL1000823296,熊诗民,身份证,340202********0713,CL9043,福寿嘉年29期,"360,000.00","360,000.00","360,021.00",981210,寿险团险,安徽, ,,,,,,养老险公司,总部,寿险团险,安徽,,,网上交易,国寿养老险,2016-07-11,寿险团险,安徽,,
CL1003098322,盛大治,身份证,342401********0014,CL9043,福寿嘉年29期,"50,000.00","50,000.00","50,002.92",825549,寿险银保,安徽,YL34000015,盛大治,养老险公司,安徽,,,养老险公司,总部,寿险银保,安徽,,,网上交易,国寿养老险,2016-07-11,养老险公司,安徽,,
CL1002791366,朱国蓉,身份证,340206********0023,CL9043,福寿嘉年29期,"50,000.00","50,000.00","50,002.43",981210,寿险团险,安徽,34020679000010,,寿险团险,安徽,芜湖,开发区支公司,养老险公司,总部,寿险团险,安徽,,,网上交易,国寿养老险,2016-07-11,寿险团险,安徽,芜湖,开发区支公司

