﻿FUND_ACCT,CUST_NAME,CERT_TYPE,CERT_NO,FUND_CODE,FUND_NAME,APP_MONEY,ACK_MONEY,ACK_SHARE,INVITECODE,COMPANY_INVITE,BRANCH_INVITE_NEW,REFERID,CUSTNAME_REFER,COMPANY_REFER,BRANCH_REFER_NEW,CT_REFER,CR_REFER,COMPANY_ORG,ORGNAME,SALE_COMPANY_NAME_DTL,SALE_BRANCH_NAME,SALE_CT_NAME,SALE_CR_NAME,ACCEPT_METHOD,AGENCY_NAME,ACK_DATE,SALE_COMPANY_NAME_FEE,SALE_BRANCH_NAME_FEE1,SALE_CT_NAME_FEE,SALE_CR_NAME_FEE
CL1000427938,张跃庭,身份证,340223********0016,CL9014,福寿嘉年03期,"300,000.00","300,000.00","300,014.58",925244,养老险公司,安徽,YL34000005,张哲,养老险公司,安徽,,,养老险公司,总部,养老险公司,安徽,,,网上交易,国寿养老险,2015-09-25,养老险公司,安徽,,
CL1000614048,侯静,身份证,342501********0286,CL9014,福寿嘉年03期,"20,000.00","20,000.00","20,000.78", ,,,34250171001003,,寿险团险,安徽,宣城,团拓,养老险公司,总部,寿险团险,安徽,宣城,团拓,网上交易,国寿养老险,2015-09-25,寿险团险,安徽,宣城,团拓
CL1000619621,陈雯,身份证,341002********0641,CL9014,福寿嘉年03期,"50,000.00","50,000.00","50,001.94", ,,,34100279000003,,寿险团险,安徽,黄山,黄山市团拓部,养老险公司,总部,寿险团险,安徽,黄山,黄山市团拓部,网上交易,国寿养老险,2015-09-25,寿险团险,安徽,黄山,黄山市团拓部
CL1000010039,陈建英,身份证,340121********0067,CL9014,福寿嘉年03期,"260,000.00","260,000.00","260,012.64",925244,养老险公司,安徽,340121196609290013, ,财险公司,安徽,,,养老险公司,总部,养老险公司,安徽,,,网上交易,国寿养老险,2015-09-25,财险公司,安徽,,
CL1000610075,金巧琴,身份证,340121********4328,CL9014,福寿嘉年03期,"40,000.00","40,000.00","40,001.94",925244,养老险公司,安徽,340121196609290013, ,财险公司,安徽,,,养老险公司,总部,养老险公司,安徽,,,网上交易,国寿养老险,2015-09-25,财险公司,安徽,,
CL1000034875,张慧,身份证,341002********0028,CL9014,福寿嘉年03期,"50,000.00","50,000.00","50,001.94", ,,,34100279000003,,寿险团险,安徽,黄山,黄山市团拓部,养老险公司,总部,寿险团险,安徽,黄山,黄山市团拓部,网上交易,国寿养老险,2015-09-25,寿险团险,安徽,黄山,黄山市团拓部
CL1000038460,周小琴,身份证,342701********0425,CL9014,福寿嘉年03期,"150,000.00","150,000.00","150,005.83", ,,,34100279000003,,寿险团险,安徽,黄山,黄山市团拓部,养老险公司,总部,寿险团险,安徽,黄山,黄山市团拓部,网上交易,国寿养老险,2015-09-25,寿险团险,安徽,黄山,黄山市团拓部
CL1000007334,周艳,身份证,340111********1022,CL9014,福寿嘉年03期,"50,000.00","50,000.00","50,001.94", ,,,34011371000001,,寿险团险,安徽,合肥,团险拓展部,养老险公司,总部,寿险团险,安徽,合肥,团险拓展部,网上交易,国寿养老险,2015-09-25,寿险团险,安徽,合肥,团险拓展部
CL1000005825,平欣丽,身份证,340302********0465,CL9014,福寿嘉年03期,"100,000.00","100,000.00","100,004.86",925244,养老险公司,安徽,YL34000009,平欣丽,养老险公司,安徽,,,养老险公司,总部,养老险公司,安徽,,,网上交易,国寿养老险,2015-09-25,养老险公司,安徽,,
CL1000120867,肖琼霞,身份证,432427********3920,CL9014,福寿嘉年03期,"100,000.00","100,000.00","100,004.86",925244,养老险公司,安徽,YL34000003,陈俊,养老险公司,安徽,,,养老险公司,总部,养老险公司,安徽,,,网上交易,国寿养老险,2015-09-25,养老险公司,安徽,,
CL1000034875,张慧,身份证,341002********0028,CL9014,福寿嘉年03期,"10,000.00","10,000.00","10,000.39", ,,,34100279000003,,寿险团险,安徽,黄山,黄山市团拓部,养老险公司,总部,寿险团险,安徽,黄山,黄山市团拓部,网上交易,国寿养老险,2015-09-25,寿险团险,安徽,黄山,黄山市团拓部
CL1000063547,刘继芬,身份证,341127********0025,CL9014,福寿嘉年03期,"100,000.00","100,000.00","100,003.89", ,,,34011371000001,,寿险团险,安徽,合肥,团险拓展部,养老险公司,总部,寿险团险,安徽,合肥,团险拓展部,网上交易,国寿养老险,2015-09-25,寿险团险,安徽,合肥,团险拓展部

