﻿FUND_ACCT,CUST_NAME,CERT_TYPE,CERT_NO,FUND_CODE,FUND_NAME,APP_MONEY,ACK_MONEY,ACK_SHARE,INVITECODE,COMPANY_INVITE,BRANCH_INVITE_NEW,REFERID,CUSTNAME_REFER,COMPANY_REFER,BRANCH_REFER_NEW,CT_REFER,CR_REFER,COMPANY_ORG,ORGNAME,SALE_COMPANY_NAME_DTL,SALE_BRANCH_NAME,SALE_CT_NAME,SALE_CR_NAME,ACCEPT_METHOD,AGENCY_NAME,ACK_DATE,SALE_COMPANY_NAME_FEE,SALE_BRANCH_NAME_FEE1,SALE_CT_NAME_FEE,SALE_CR_NAME_FEE
CL1000897576,杨道凤,身份证,340103********254X,CL9045,福寿嘉年30期,"50,000.00","50,000.00","50,001.94", ,,,34010579000002,,寿险团险,安徽,合肥,团险支公司,养老险公司,总部,寿险团险,安徽,合肥,团险支公司,网上交易,国寿养老险,2016-07-21,寿险团险,安徽,合肥,团险支公司
CL1000929642,徐光宏,身份证,340223********2533,CL9045,福寿嘉年30期,"50,000.00",0.00,0.00, ,,,34020579000042,,寿险团险,安徽,芜湖,南陵支公司,,,寿险团险,安徽,芜湖,南陵支公司,APP,国寿养老险,2016-07-21,寿险团险,安徽,芜湖,南陵支公司
CL1003061225,俞群,身份证,340402********0820,CL9045,福寿嘉年30期,"10,000.00","10,000.00","10,000.39", ,,,34041179000035,,寿险团险,安徽,淮南,团拓部,养老险公司,总部,寿险团险,安徽,淮南,团拓部,网上交易,国寿养老险,2016-07-21,寿险团险,安徽,淮南,团拓部
CL1000874795,刘和来,身份证,342425********4175,CL9045,福寿嘉年30期,"500,000.00","500,000.00","500,019.44", ,,,34010571000104,,寿险团险,安徽,合肥,团险支公司,养老险公司,总部,寿险团险,安徽,合肥,团险支公司,网上交易,国寿养老险,2016-07-21,寿险团险,安徽,合肥,团险支公司
CL1000874795,刘和来,身份证,342425********4175,CL9045,福寿嘉年30期,"10,000.00",0.00,0.00, ,,,34010571000104,,寿险团险,安徽,合肥,团险支公司,养老险公司,总部,寿险团险,安徽,合肥,团险支公司,网上交易,国寿养老险,2016-07-21,寿险团险,安徽,合肥,团险支公司
CL1000165231,王琛,身份证,342324********0099,CL9045,福寿嘉年30期,"300,000.00","300,000.00","300,011.67", ,,,YL34000003,陈俊,养老险公司,安徽,,,养老险公司,总部,养老险公司,安徽,,,网上交易,国寿养老险,2016-07-21,养老险公司,安徽,,
CL1001064964,王兵,身份证,342201********0012,CL9045,福寿嘉年30期,"20,000.00","20,000.00","20,000.78", ,,,34222179000021,,寿险团险,安徽,宿州,砀山县支公司,养老险公司,总部,寿险团险,安徽,宿州,砀山县支公司,网上交易,国寿养老险,2016-07-21,寿险团险,安徽,宿州,砀山县支公司
CL1000010039,陈建英,身份证,340121********0067,CL9045,福寿嘉年30期,"230,000.00","230,000.00","230,008.94", ,,,34011379000004,,寿险团险,安徽,合肥,团险拓展部,养老险公司,总部,寿险团险,安徽,合肥,团险拓展部,网上交易,国寿养老险,2016-07-21,寿险团险,安徽,合肥,团险拓展部
CL1000058155,胡文俊,身份证,342901********5815,CL9045,福寿嘉年30期,"200,000.00","200,000.00","200,007.78", ,,,YL34000012,胡文俊,养老险公司,安徽,,,养老险公司,总部,养老险公司,安徽,,,网上交易,国寿养老险,2016-07-21,养老险公司,安徽,,
CL1004000646,吴俊,身份证,340505********0424,CL9045,福寿嘉年30期,"200,000.00","200,000.00","200,007.78", ,,,34050279000025,,寿险团险,安徽,马鞍山市,马鞍山市团拓部,养老险公司,总部,寿险团险,安徽,马鞍山市,马鞍山市团拓部,网上交易,国寿养老险,2016-07-21,寿险团险,安徽,马鞍山市,马鞍山市团拓部
CL1004000646,吴俊,身份证,340505********0424,CL9045,福寿嘉年30期,"100,000.00",0.00,0.00, ,,,34050279000025,,寿险团险,安徽,马鞍山市,马鞍山市团拓部,养老险公司,总部,寿险团险,安徽,马鞍山市,马鞍山市团拓部,网上交易,国寿养老险,2016-07-21,寿险团险,安徽,马鞍山市,马鞍山市团拓部
CL1004175188,周建,身份证,340122********7211,CL9045,福寿嘉年30期,"40,000.00","40,000.00","40,001.56", ,,,34012279000034,,寿险团险,安徽,合肥,肥东支公司,养老险公司,总部,寿险团险,安徽,合肥,肥东支公司,网上交易,国寿养老险,2016-07-21,寿险团险,安徽,合肥,肥东支公司
CL1000427194,聂宗华,身份证,340111********1562,CL9045,福寿嘉年30期,"200,000.00","200,000.00","200,007.78", ,,,YL34000008,李娟娟,养老险公司,安徽,,,养老险公司,总部,养老险公司,安徽,,,网上交易,国寿养老险,2016-07-21,养老险公司,安徽,,
CL1003966523,王群,身份证,330106********0021,CL9045,福寿嘉年30期,"70,000.00","70,000.00","70,002.72", ,,,34080179000010,,寿险团险,安徽,安庆,城区团拓部,养老险公司,总部,寿险团险,安徽,安庆,城区团拓部,网上交易,国寿养老险,2016-07-21,寿险团险,安徽,安庆,城区团拓部
CL1000149586,张伟,身份证,342422********0161,CL9045,福寿嘉年30期,"80,000.00","80,000.00","80,003.11", ,,,34242279000005,,寿险团险,安徽,,,养老险公司,总部,寿险团险,安徽,,,网上交易,国寿养老险,2016-07-21,寿险团险,安徽,,
CL1000763313,杨娟,身份证,340603********0229,CL9045,福寿嘉年30期,"50,000.00",0.00,0.00, ,,,34222479002415,,寿险团险,安徽,宿州,灵璧县支公司,养老险公司,总部,寿险团险,安徽,宿州,灵璧县支公司,网上交易,国寿养老险,2016-07-21,寿险团险,安徽,宿州,灵璧县支公司
CL1000545599,兰国民,身份证,342701********1425,CL9045,福寿嘉年30期,"50,000.00",0.00,0.00, ,,,34100279000003,,寿险团险,安徽,黄山,黄山市团拓部,养老险公司,总部,寿险团险,安徽,黄山,黄山市团拓部,网上交易,国寿养老险,2016-07-21,寿险团险,安徽,黄山,黄山市团拓部
CL1000765633,余红,身份证,342901********6022,CL9045,福寿嘉年30期,"200,000.00","200,000.00","200,007.78", ,,,34222479002415,,寿险团险,安徽,宿州,灵璧县支公司,养老险公司,总部,寿险团险,安徽,宿州,灵璧县支公司,网上交易,国寿养老险,2016-07-21,寿险团险,安徽,宿州,灵璧县支公司
CL1000676900,陈宝珠,身份证,340103********2520,CL9045,福寿嘉年30期,"130,000.00","130,000.00","130,005.06", ,,,34011379000004,,寿险团险,安徽,合肥,团险拓展部,养老险公司,总部,寿险团险,安徽,合肥,团险拓展部,网上交易,国寿养老险,2016-07-21,寿险团险,安徽,合肥,团险拓展部
CL1000046704,陈朝军,身份证,340223********0020,CL9045,福寿嘉年30期,"340,000.00","340,000.00","340,013.22", ,,,YL34000005,张哲,养老险公司,安徽,,,养老险公司,总部,养老险公司,安徽,,,网上交易,国寿养老险,2016-07-21,养老险公司,安徽,,
CL1000148010,张艾凤,身份证,342224********1161,CL9045,福寿嘉年30期,"90,000.00","90,000.00","90,003.50", ,,,34222479002415,,寿险团险,安徽,宿州,灵璧县支公司,养老险公司,总部,寿险团险,安徽,宿州,灵璧县支公司,网上交易,国寿养老险,2016-07-21,寿险团险,安徽,宿州,灵璧县支公司
CL1004138383,鲍俊生,身份证,342623********0162,CL9045,福寿嘉年30期,"50,000.00","50,000.00","50,001.94", ,,,34021379000025,,寿险团险,安徽,芜湖,无为县支公司,养老险公司,总部,寿险团险,安徽,芜湖,无为县支公司,网上交易,国寿养老险,2016-07-21,寿险团险,安徽,芜湖,无为县支公司
CL1000888800,张占华,身份证,340402********0020,CL9045,福寿嘉年30期,"20,000.00","20,000.00","20,000.78", ,,,34041179000035,,寿险团险,安徽,淮南,团拓部,养老险公司,总部,寿险团险,安徽,淮南,团拓部,网上交易,国寿养老险,2016-07-21,寿险团险,安徽,淮南,团拓部
CL1000541782,齐敏,身份证,342221********0043,CL9045,福寿嘉年30期,"50,000.00","50,000.00","50,001.94", ,,,34222179002172,,寿险团险,安徽,宿州,砀山县支公司,养老险公司,总部,寿险团险,安徽,宿州,砀山县支公司,网上交易,国寿养老险,2016-07-21,寿险团险,安徽,宿州,砀山县支公司
CL1000169237,胡本辉,身份证,342701********0434,CL9045,福寿嘉年30期,"50,000.00","50,000.00","50,001.94", ,,,340122198407080371, ,财险公司,安徽,,,养老险公司,总部,财险公司,安徽,,,网上交易,国寿养老险,2016-07-21,财险公司,安徽,,
CL1000169237,胡本辉,身份证,342701********0434,CL9045,福寿嘉年30期,"110,000.00","110,000.00","110,004.28", ,,,340122198407080371, ,财险公司,安徽,,,养老险公司,总部,财险公司,安徽,,,网上交易,国寿养老险,2016-07-21,财险公司,安徽,,
CL1003594943,孔绘,身份证,340221********002X,CL9045,福寿嘉年30期,"50,000.00","50,000.00","50,001.94", ,,,34020379000023,,寿险团险,安徽,芜湖,芜湖县支公司,养老险公司,总部,寿险团险,安徽,芜湖,芜湖县支公司,网上交易,国寿养老险,2016-07-21,寿险团险,安徽,芜湖,芜湖县支公司
CL1000787459,王晓雯,身份证,340104********0063,CL9045,福寿嘉年30期,"200,000.00","200,000.00","200,007.78", ,,,34010571000104,,寿险团险,安徽,合肥,团险支公司,养老险公司,总部,寿险团险,安徽,合肥,团险支公司,网上交易,国寿养老险,2016-07-21,寿险团险,安徽,合肥,团险支公司
CL1000146445,金陵,身份证,341002********0651,CL9045,福寿嘉年30期,"50,000.00","50,000.00","50,001.94", ,,,341002198112070651, ,财险公司,安徽,,,养老险公司,总部,财险公司,安徽,,,网上交易,国寿养老险,2016-07-21,财险公司,安徽,,
CL1003565359,方应巧,身份证,340505********1020,CL9045,福寿嘉年30期,"200,000.00","200,000.00","200,007.78", ,,,34050279000025,,寿险团险,安徽,马鞍山市,马鞍山市团拓部,养老险公司,总部,寿险团险,安徽,马鞍山市,马鞍山市团拓部,网上交易,国寿养老险,2016-07-21,寿险团险,安徽,马鞍山市,马鞍山市团拓部
CL1000249361,张静,身份证,342701********042X,CL9045,福寿嘉年30期,"15,000.00",0.00,0.00, ,,,34100279000003,,寿险团险,安徽,黄山,黄山市团拓部,养老险公司,总部,寿险团险,安徽,黄山,黄山市团拓部,网上交易,国寿养老险,2016-07-21,寿险团险,安徽,黄山,黄山市团拓部
CL1000874440,王亚娟,身份证,342222********3664,CL9045,福寿嘉年30期,"150,000.00","150,000.00","150,005.83", ,,,34222279000006,,寿险团险,安徽,宿州,萧县支公司,养老险公司,总部,寿险团险,安徽,宿州,萧县支公司,网上交易,国寿养老险,2016-07-21,寿险团险,安徽,宿州,萧县支公司
CL1000760338,李静,身份证,342201********0221,CL9045,福寿嘉年30期,"100,000.00","100,000.00","100,003.89", ,,,34222479002415,,寿险团险,安徽,宿州,灵璧县支公司,养老险公司,总部,寿险团险,安徽,宿州,灵璧县支公司,网上交易,国寿养老险,2016-07-21,寿险团险,安徽,宿州,灵璧县支公司
CL1000761482,徐丽,身份证,342201********0603,CL9045,福寿嘉年30期,"50,000.00","50,000.00","50,001.94", ,,,34222479002415,,寿险团险,安徽,宿州,灵璧县支公司,养老险公司,总部,寿险团险,安徽,宿州,灵璧县支公司,网上交易,国寿养老险,2016-07-21,寿险团险,安徽,宿州,灵璧县支公司
CL1003594654,张荣,身份证,340323********0821,CL9045,福寿嘉年30期,"30,000.00","30,000.00","30,001.17", ,,,34032379000017,,寿险团险,安徽,蚌埠,固镇县支公司,养老险公司,总部,寿险团险,安徽,蚌埠,固镇县支公司,网上交易,国寿养老险,2016-07-21,寿险团险,安徽,蚌埠,固镇县支公司
CL1001459158,邹成银,身份证,340121********2843,CL9045,福寿嘉年30期,"50,000.00",0.00,0.00, ,,,34041179000035,,寿险团险,安徽,淮南,团拓部,养老险公司,总部,寿险团险,安徽,淮南,团拓部,网上交易,国寿养老险,2016-07-21,寿险团险,安徽,淮南,团拓部
CL1000851170,陶涛,身份证,340102********3557,CL9045,福寿嘉年30期,"40,000.00","40,000.00","40,001.56", ,,,34011379000001,,寿险团险,安徽,合肥,团险拓展部,养老险公司,总部,寿险团险,安徽,合肥,团险拓展部,网上交易,国寿养老险,2016-07-21,寿险团险,安徽,合肥,团险拓展部
CL1001067783,刘晔,身份证,342301********0613,CL9045,福寿嘉年30期,"150,000.00","150,000.00","150,005.83", ,,,34110179000023,,寿险团险,安徽,滁州,团拓,养老险公司,总部,寿险团险,安徽,滁州,团拓,网上交易,国寿养老险,2016-07-21,寿险团险,安徽,滁州,团拓
CL1000654328,罗斌,身份证,342601********005X,CL9045,福寿嘉年30期,"35,000.00","35,000.00","35,001.36", ,,,34052179000015,,寿险团险,安徽,马鞍山市,当涂县团险部,养老险公司,总部,寿险团险,安徽,马鞍山市,当涂县团险部,网上交易,国寿养老险,2016-07-21,寿险团险,安徽,马鞍山市,当涂县团险部
CL1000405245,叶风华,身份证,342701********0021,CL9045,福寿嘉年30期,"500,000.00","500,000.00","500,019.44", ,,,34100279000003,,寿险团险,安徽,黄山,黄山市团拓部,养老险公司,总部,寿险团险,安徽,黄山,黄山市团拓部,网上交易,国寿养老险,2016-07-21,寿险团险,安徽,黄山,黄山市团拓部
CL1004165457,裴华兰,身份证,340901********0022,CL9045,福寿嘉年30期,"80,000.00","80,000.00","80,003.11", ,,,34100279000003,,寿险团险,安徽,黄山,黄山市团拓部,养老险公司,总部,寿险团险,安徽,黄山,黄山市团拓部,网上交易,国寿养老险,2016-07-21,寿险团险,安徽,黄山,黄山市团拓部
CL1000048635,高学军,身份证,340602********0826,CL9045,福寿嘉年30期,"50,000.00","50,000.00","50,001.94", ,,,YL34000006,张子明,养老险公司,安徽,,,养老险公司,总部,养老险公司,安徽,,,网上交易,国寿养老险,2016-07-21,养老险公司,安徽,,
CL1000063070,杜云,身份证,342222********0024,CL9045,福寿嘉年30期,"50,000.00","50,000.00","50,001.94", ,,,34222279000006,,寿险团险,安徽,宿州,萧县支公司,养老险公司,总部,寿险团险,安徽,宿州,萧县支公司,网上交易,国寿养老险,2016-07-21,寿险团险,安徽,宿州,萧县支公司
CL1000653885,刘秀珍,身份证,340702********2069,CL9045,福寿嘉年30期,"20,000.00","20,000.00","20,000.78", ,,,34070379001002,,寿险团险,安徽,铜陵,团拓部（城区）,养老险公司,总部,寿险团险,安徽,铜陵,团拓部（城区）,网上交易,国寿养老险,2016-07-21,寿险团险,安徽,铜陵,团拓部（城区）
CL1000653885,刘秀珍,身份证,340702********2069,CL9045,福寿嘉年30期,"10,000.00",0.00,0.00, ,,,34070379001002,,寿险团险,安徽,铜陵,团拓部（城区）,养老险公司,总部,寿险团险,安徽,铜陵,团拓部（城区）,网上交易,国寿养老险,2016-07-21,寿险团险,安徽,铜陵,团拓部（城区）
CL1000653885,刘秀珍,身份证,340702********2069,CL9045,福寿嘉年30期,"50,000.00","50,000.00","50,001.94", ,,,34070379001002,,寿险团险,安徽,铜陵,团拓部（城区）,养老险公司,总部,寿险团险,安徽,铜陵,团拓部（城区）,网上交易,国寿养老险,2016-07-21,寿险团险,安徽,铜陵,团拓部（城区）
CL1000120789,杨勇,身份证,341124********0031,CL9045,福寿嘉年30期,"50,000.00","50,000.00","50,001.94", ,,,YL34000003,陈俊,养老险公司,安徽,,,养老险公司,总部,养老险公司,安徽,,,网上交易,国寿养老险,2016-07-21,养老险公司,安徽,,
CL1000233725,方正齐,身份证,340103********4010,CL9045,福寿嘉年30期,"180,000.00","180,000.00","180,007.00", ,,,YL34000003,陈俊,养老险公司,安徽,,,养老险公司,总部,养老险公司,安徽,,,网上交易,国寿养老险,2016-07-21,养老险公司,安徽,,
CL1000027785,胡桂菊,身份证,342701********0023,CL9045,福寿嘉年30期,"50,000.00","50,000.00","50,001.94", ,,,34100279000003,,寿险团险,安徽,黄山,黄山市团拓部,养老险公司,总部,寿险团险,安徽,黄山,黄山市团拓部,网上交易,国寿养老险,2016-07-21,寿险团险,安徽,黄山,黄山市团拓部
CL1000686975,邬再琴,身份证,340404********0224,CL9045,福寿嘉年30期,"180,000.00","180,000.00","180,007.00", ,,,34011379000004,,寿险团险,安徽,合肥,团险拓展部,养老险公司,总部,寿险团险,安徽,合肥,团险拓展部,网上交易,国寿养老险,2016-07-21,寿险团险,安徽,合肥,团险拓展部
CL1000703193,唐婷,身份证,340702********0526,CL9045,福寿嘉年30期,"20,000.00","20,000.00","20,000.78", ,,,34070379001002,,寿险团险,安徽,铜陵,团拓部（城区）,养老险公司,总部,寿险团险,安徽,铜陵,团拓部（城区）,网上交易,国寿养老险,2016-07-21,寿险团险,安徽,铜陵,团拓部（城区）
CL1003999502,李双双,身份证,340405********1429,CL9045,福寿嘉年30期,"50,000.00","50,000.00","50,001.94", ,,,34041079000004,,寿险团险,安徽,淮南,潘集支公司,养老险公司,总部,寿险团险,安徽,淮南,潘集支公司,网上交易,国寿养老险,2016-07-21,寿险团险,安徽,淮南,潘集支公司
CL1000034120,江栋梁,身份证,342723********0017,CL9045,福寿嘉年30期,"50,000.00","50,000.00","50,001.94", ,,,34100279000003,,寿险团险,安徽,黄山,黄山市团拓部,养老险公司,总部,寿险团险,安徽,黄山,黄山市团拓部,网上交易,国寿养老险,2016-07-21,寿险团险,安徽,黄山,黄山市团拓部
CL1000034120,江栋梁,身份证,342723********0017,CL9045,福寿嘉年30期,"50,000.00","50,000.00","50,001.94", ,,,34100279000003,,寿险团险,安徽,黄山,黄山市团拓部,养老险公司,总部,寿险团险,安徽,黄山,黄山市团拓部,网上交易,国寿养老险,2016-07-21,寿险团险,安徽,黄山,黄山市团拓部
CL1000040344,秦桂凤,身份证,340104********0543,CL9045,福寿嘉年30期,"260,000.00","260,000.00","260,010.11", ,,,YL34000009,平欣丽,养老险公司,安徽,,,养老险公司,总部,养老险公司,安徽,,,网上交易,国寿养老险,2016-07-21,养老险公司,安徽,,
CL1000677698,隗义珍,身份证,342422********0163,CL9045,福寿嘉年30期,"180,000.00","180,000.00","180,007.00", ,,,34242279000019,,寿险团险,安徽,,,养老险公司,总部,寿险团险,安徽,,,网上交易,国寿养老险,2016-07-21,寿险团险,安徽,,
CL1000897576,杨道凤,身份证,340103********254X,CL9045,福寿嘉年30期,"50,000.00","50,000.00","50,001.94", ,,,34010579000002,,寿险团险,安徽,合肥,团险支公司,养老险公司,总部,寿险团险,安徽,合肥,团险支公司,网上交易,国寿养老险,2016-07-21,寿险团险,安徽,合肥,团险支公司

