﻿FUND_ACCT,CUST_NAME,CERT_TYPE,CERT_NO,FUND_CODE,FUND_NAME,APP_MONEY,ACK_MONEY,ACK_SHARE,INVITECODE,COMPANY_INVITE,BRANCH_INVITE_NEW,REFERID,CUSTNAME_REFER,COMPANY_REFER,BRANCH_REFER_NEW,CT_REFER,CR_REFER,COMPANY_ORG,ORGNAME,SALE_COMPANY_NAME_DTL,SALE_BRANCH_NAME,SALE_CT_NAME,SALE_CR_NAME,ACCEPT_METHOD,AGENCY_NAME,ACK_DATE,SALE_COMPANY_NAME_FEE,SALE_BRANCH_NAME_FEE1,SALE_CT_NAME_FEE,SALE_CR_NAME_FEE
CL1000749822,叶晓鹏,身份证,340404********0825,CL9052,福寿嘉年33期,"50,000.00","50,000.00","50,002.92",804125,寿险团险,安徽,34040479000001,,寿险团险,安徽,淮南,谢家集支公司,养老险公司,总部,寿险团险,安徽,,,网上交易,国寿养老险,2016-08-18,寿险团险,安徽,淮南,谢家集支公司
CL1002765824,余娟,身份证,340121********0028,CL9052,福寿嘉年33期,"30,000.00","30,000.00","30,001.75",804125,寿险团险,安徽,34012179000005,,寿险团险,安徽,合肥,长丰支公司,养老险公司,总部,寿险团险,安徽,,,网上交易,国寿养老险,2016-08-18,寿险团险,安徽,合肥,长丰支公司
CL1004459189,汪本琴,身份证,342324********5421,CL9052,福寿嘉年33期,"60,000.00","60,000.00","60,003.50",804125,寿险团险,安徽,34112479000015,,寿险团险,安徽,滁州,全椒,养老险公司,总部,寿险团险,安徽,,,网上交易,国寿养老险,2016-08-18,寿险团险,安徽,滁州,全椒
CL1004339608,陈来堂,身份证,340323********0036,CL9052,福寿嘉年33期,"100,000.00","100,000.00","100,005.83",804125,寿险团险,安徽,34032379000017,,寿险团险,安徽,蚌埠,固镇县支公司,养老险公司,总部,寿险团险,安徽,,,网上交易,国寿养老险,2016-08-18,寿险团险,安徽,蚌埠,固镇县支公司
CL1004442155,吴媛,身份证,342601********0029,CL9052,福寿嘉年33期,"100,000.00","100,000.00","100,005.83",804125,寿险团险,安徽,34012679000023,,寿险团险,安徽,合肥,巢湖支公司,养老险公司,总部,寿险团险,安徽,,,网上交易,国寿养老险,2016-08-18,寿险团险,安徽,合肥,巢湖支公司
CL1004419410,金兆菊,身份证,340121********9128,CL9052,福寿嘉年33期,"30,000.00","30,000.00","30,001.75",804125,寿险团险,安徽,34012179000001,,寿险团险,安徽,合肥,长丰支公司,养老险公司,总部,寿险团险,安徽,,,网上交易,国寿养老险,2016-08-18,寿险团险,安徽,合肥,长丰支公司
CL1004413261,花春阳,身份证,342201********9012,CL9052,福寿嘉年33期,"10,000.00","10,000.00","10,000.58",804125,寿险团险,安徽,34032379000017,,寿险团险,安徽,蚌埠,固镇县支公司,养老险公司,总部,寿险团险,安徽,,,网上交易,国寿养老险,2016-08-18,寿险团险,安徽,蚌埠,固镇县支公司
CL1002250548,徐芳,身份证,342401********3442,CL9052,福寿嘉年33期,"40,000.00","40,000.00","40,002.33",804125,寿险团险,安徽,34240179000022,,寿险团险,安徽,六安,团拓,养老险公司,总部,寿险团险,安徽,,,网上交易,国寿养老险,2016-08-18,寿险团险,安徽,六安,团拓
CL1004460975,周巧林,身份证,342830********5822,CL9052,福寿嘉年33期,"200,000.00","200,000.00","200,011.67",804125,寿险团险,安徽,34290179000062,,寿险团险,安徽,池州,城区团拓部,养老险公司,总部,寿险团险,安徽,,,网上交易,国寿养老险,2016-08-18,寿险团险,安徽,池州,城区团拓部
CL1000427938,张跃庭,身份证,340223********0016,CL9052,福寿嘉年33期,"100,000.00","100,000.00","100,005.83",485977,养老险公司,安徽,YL34000005,张哲,养老险公司,安徽,,,养老险公司,总部,养老险公司,安徽,,,网上交易,国寿养老险,2016-08-18,养老险公司,安徽,,
CL1004458279,孙同军,身份证,340402********0015,CL9052,福寿嘉年33期,"50,000.00","50,000.00","50,002.92",804125,寿险团险,安徽,34041179000035,,寿险团险,安徽,淮南,团拓部,养老险公司,总部,寿险团险,安徽,,,网上交易,国寿养老险,2016-08-18,寿险团险,安徽,淮南,团拓部
CL1000687185,袁海义,身份证,340123********1143,CL9052,福寿嘉年33期,"10,000.00","10,000.00","10,000.58",804125,寿险团险,安徽,34011379000004,,寿险团险,安徽,合肥,团险拓展部,养老险公司,总部,寿险团险,安徽,,,网上交易,国寿养老险,2016-08-18,寿险团险,安徽,合肥,团险拓展部
CL1000234579,孙耘初,身份证,342725********6023,CL9052,福寿嘉年33期,"130,000.00","130,000.00","130,007.58",804125,寿险团险,安徽,34100279000003,,寿险团险,安徽,黄山,黄山市团拓部,养老险公司,总部,寿险团险,安徽,,,网上交易,国寿养老险,2016-08-18,寿险团险,安徽,黄山,黄山市团拓部
CL1004183100,赵莉,身份证,340403********266X,CL9052,福寿嘉年33期,"20,000.00","20,000.00","20,001.17",804125,寿险团险,安徽,34041179000035,,寿险团险,安徽,淮南,团拓部,养老险公司,总部,寿险团险,安徽,,,网上交易,国寿养老险,2016-08-18,寿险团险,安徽,淮南,团拓部
CL1000690680,钮琴,身份证,342501********054X,CL9052,福寿嘉年33期,"230,000.00","230,000.00","230,008.94", ,,,34250179001007,,寿险团险,安徽,宣城,团拓,养老险公司,总部,寿险团险,安徽,宣城,团拓,网上交易,国寿养老险,2016-08-18,寿险团险,安徽,宣城,团拓
CL1004229225,王伟,身份证,340502********0429,CL9052,福寿嘉年33期,"30,000.00","30,000.00","30,001.75",804125,寿险团险,安徽,34050279000025,,寿险团险,安徽,马鞍山市,马鞍山市团拓部,养老险公司,总部,寿险团险,安徽,,,网上交易,国寿养老险,2016-08-18,寿险团险,安徽,马鞍山市,马鞍山市团拓部
CL1004287892,周兰萍,身份证,340323********0049,CL9052,福寿嘉年33期,"120,000.00","120,000.00","120,007.00",804125,寿险团险,安徽,34032379000017,,寿险团险,安徽,蚌埠,固镇县支公司,养老险公司,总部,寿险团险,安徽,,,网上交易,国寿养老险,2016-08-18,寿险团险,安徽,蚌埠,固镇县支公司
CL1000165231,王琛,身份证,342324********0099,CL9052,福寿嘉年33期,"330,000.00","330,000.00","330,019.25",485977,养老险公司,安徽,YL34000003,陈俊,养老险公司,安徽,,,养老险公司,总部,养老险公司,安徽,,,网上交易,国寿养老险,2016-08-18,养老险公司,安徽,,
CL1001068793,刘琴,身份证,342623********0283,CL9052,福寿嘉年33期,"90,000.00","90,000.00","90,005.25",804125,寿险团险,安徽,34021379000025,,寿险团险,安徽,芜湖,无为县支公司,养老险公司,总部,寿险团险,安徽,,,网上交易,国寿养老险,2016-08-18,寿险团险,安徽,芜湖,无为县支公司
CL1004429974,袁祖梅,身份证,340323********0023,CL9052,福寿嘉年33期,"50,000.00","50,000.00","50,002.92",804125,寿险团险,安徽,34032379000017,,寿险团险,安徽,蚌埠,固镇县支公司,养老险公司,总部,寿险团险,安徽,,,网上交易,国寿养老险,2016-08-18,寿险团险,安徽,蚌埠,固镇县支公司
CL1000899529,程俊,身份证,340223********0024,CL9052,福寿嘉年33期,"80,000.00","80,000.00","80,003.11", ,,,34020579000044,,寿险团险,安徽,芜湖,南陵支公司,养老险公司,总部,寿险团险,安徽,芜湖,南陵支公司,网上交易,国寿养老险,2016-08-18,寿险团险,安徽,芜湖,南陵支公司
CL1003101479,朱腊梅,身份证,342824********4825,CL9052,福寿嘉年33期,"40,000.00","40,000.00","40,002.33",804125,寿险团险,安徽,34082479000001,,寿险团险,安徽,安庆,潜山,养老险公司,总部,寿险团险,安徽,,,网上交易,国寿养老险,2016-08-18,寿险团险,安徽,安庆,潜山
CL1000719706,谭丹丹,身份证,342425********1520,CL9052,福寿嘉年33期,"50,000.00","50,000.00","50,002.92",804125,寿险团险,安徽,34011379000001,,寿险团险,安徽,合肥,团险拓展部,养老险公司,总部,寿险团险,安徽,,,网上交易,国寿养老险,2016-08-18,寿险团险,安徽,合肥,团险拓展部
CL1004288324,苏林,身份证,340502********064X,CL9052,福寿嘉年33期,"20,000.00","20,000.00","20,001.17",804125,寿险团险,安徽,34050279000025,,寿险团险,安徽,马鞍山市,马鞍山市团拓部,养老险公司,总部,寿险团险,安徽,,,网上交易,国寿养老险,2016-08-18,寿险团险,安徽,马鞍山市,马鞍山市团拓部
CL1000692699,吴家红,身份证,341122********0029,CL9052,福寿嘉年33期,"50,000.00","50,000.00","50,002.92",804125,寿险团险,安徽,34112279000011,,寿险团险,安徽,滁州,来安,养老险公司,总部,寿险团险,安徽,,,网上交易,国寿养老险,2016-08-18,寿险团险,安徽,滁州,来安
CL1004459745,张梅,身份证,340323********602X,CL9052,福寿嘉年33期,"49,000.00","49,000.00","49,002.86",804125,寿险团险,安徽,34032379000016,,寿险团险,安徽,蚌埠,固镇县支公司,养老险公司,总部,寿险团险,安徽,,,网上交易,国寿养老险,2016-08-18,寿险团险,安徽,蚌埠,固镇县支公司
CL1001212460,陈玲,身份证,342201********042X,CL9052,福寿嘉年33期,"600,000.00","600,000.00","600,035.00",804125,寿险团险,安徽,34222179000022,,寿险团险,安徽,宿州,砀山县支公司,养老险公司,总部,寿险团险,安徽,,,网上交易,国寿养老险,2016-08-18,寿险团险,安徽,宿州,砀山县支公司
CL1000016711,石璇,身份证,342301********0620,CL9052,福寿嘉年33期,"50,000.00","50,000.00","50,002.92",804125,寿险团险,安徽,34110179000023,,寿险团险,安徽,滁州,团拓,养老险公司,总部,寿险团险,安徽,,,网上交易,国寿养老险,2016-08-18,寿险团险,安徽,滁州,团拓
CL1000016711,石璇,身份证,342301********0620,CL9052,福寿嘉年33期,"50,000.00","50,000.00","50,002.92",804125,寿险团险,安徽,34110179000023,,寿险团险,安徽,滁州,团拓,养老险公司,总部,寿险团险,安徽,,,网上交易,国寿养老险,2016-08-18,寿险团险,安徽,滁州,团拓
CL1003966545,舒红梅,身份证,340505********1425,CL9052,福寿嘉年33期,"40,000.00","40,000.00","40,002.33",804125,寿险团险,安徽,34021379000025,,寿险团险,安徽,芜湖,无为县支公司,养老险公司,总部,寿险团险,安徽,,,网上交易,国寿养老险,2016-08-18,寿险团险,安徽,芜湖,无为县支公司
CL1004278960,王萍,身份证,340803********2227,CL9052,福寿嘉年33期,"30,000.00","30,000.00","30,001.75",804125,寿险团险,安徽,34011371000001,,寿险团险,安徽,合肥,团险拓展部,,,寿险团险,安徽,,,APP,国寿养老险,2016-08-18,寿险团险,安徽,合肥,团险拓展部
CL1000707333,胡浩宇,身份证,342201********0431,CL9052,福寿嘉年33期,"100,000.00","100,000.00","100,005.83",804125,寿险团险,安徽,34222179000022,,寿险团险,安徽,宿州,砀山县支公司,养老险公司,总部,寿险团险,安徽,,,网上交易,国寿养老险,2016-08-18,寿险团险,安徽,宿州,砀山县支公司
CL1000671594,沈艳,身份证,342529********5421,CL9052,福寿嘉年33期,"100,000.00","100,000.00","100,005.83",804125,寿险团险,安徽,34250179001007,,寿险团险,安徽,宣城,团拓,养老险公司,总部,寿险团险,安徽,,,网上交易,国寿养老险,2016-08-18,寿险团险,安徽,宣城,团拓
CL1004429618,赵友莉,身份证,340122********0026,CL9052,福寿嘉年33期,"120,000.00","120,000.00","120,007.00",804125,寿险团险,安徽,34012379000018,,寿险团险,安徽,合肥,肥西支公司,养老险公司,总部,寿险团险,安徽,,,网上交易,国寿养老险,2016-08-18,寿险团险,安徽,合肥,肥西支公司
CL1004429974,袁祖梅,身份证,340323********0023,CL9052,福寿嘉年33期,"20,000.00",0.00,0.00, ,,,34032379000017,,寿险团险,安徽,蚌埠,固镇县支公司,养老险公司,总部,寿险团险,安徽,蚌埠,固镇县支公司,网上交易,国寿养老险,2016-08-18,寿险团险,安徽,蚌埠,固镇县支公司
CL1004510961,程龙云,身份证,340406********0026,CL9052,福寿嘉年33期,"66,000.00","66,000.00","66,002.57", ,,,34041179000035,,寿险团险,安徽,淮南,团拓部,养老险公司,总部,寿险团险,安徽,淮南,团拓部,网上交易,国寿养老险,2016-08-18,寿险团险,安徽,淮南,团拓部
CL1000090088,高从容,身份证,342401********0029,CL9052,福寿嘉年33期,"50,000.00","50,000.00","50,002.92",804125,寿险团险,安徽,34240179000013,,寿险团险,安徽,六安,团拓,养老险公司,总部,寿险团险,安徽,,,网上交易,国寿养老险,2016-08-18,寿险团险,安徽,六安,团拓
CL1001064964,王兵,身份证,342201********0012,CL9052,福寿嘉年33期,"50,000.00","50,000.00","50,002.92",804125,寿险团险,安徽,34222179000021,,寿险团险,安徽,宿州,砀山县支公司,养老险公司,总部,寿险团险,安徽,,,网上交易,国寿养老险,2016-08-18,寿险团险,安徽,宿州,砀山县支公司
CL1000090088,高从容,身份证,342401********0029,CL9052,福寿嘉年33期,"150,000.00","150,000.00","150,008.75",804125,寿险团险,安徽,34240179000013,,寿险团险,安徽,六安,团拓,养老险公司,总部,寿险团险,安徽,,,网上交易,国寿养老险,2016-08-18,寿险团险,安徽,六安,团拓
CL1000768129,龙宏霞,身份证,342422********0362,CL9052,福寿嘉年33期,"70,000.00","70,000.00","70,004.08",804125,寿险团险,安徽,34042279000007,,寿险团险,安徽,淮南,寿县支公司,养老险公司,总部,寿险团险,安徽,,,网上交易,国寿养老险,2016-08-18,寿险团险,安徽,淮南,寿县支公司
CL1003946572,黄萍,身份证,342725********6024,CL9052,福寿嘉年33期,"17,000.00","17,000.00","17,000.99",804125,寿险团险,安徽, ,,,,,,,,寿险团险,安徽,,,APP,国寿养老险,2016-08-18,寿险团险,安徽,,
CL1004260159,时斌,身份证,340322********0037,CL9052,福寿嘉年33期,"70,000.00","70,000.00","70,002.72", ,,,34032279000030,,寿险团险,安徽,蚌埠,五河县支公司,养老险公司,总部,寿险团险,安徽,蚌埠,五河县支公司,网上交易,国寿养老险,2016-08-18,寿险团险,安徽,蚌埠,五河县支公司
CL1003201276,沈金祥,身份证,340403********041X,CL9052,福寿嘉年33期,"50,000.00","50,000.00","50,002.92",804125,寿险团险,安徽,34040479000001,,寿险团险,安徽,淮南,谢家集支公司,养老险公司,总部,寿险团险,安徽,,,网上交易,国寿养老险,2016-08-18,寿险团险,安徽,淮南,谢家集支公司
CL1000243590,唐艳华,身份证,342221********3020,CL9052,福寿嘉年33期,"120,000.00","120,000.00","120,007.00",804125,寿险团险,安徽,34222479002415,,寿险团险,安徽,宿州,灵璧县支公司,养老险公司,总部,寿险团险,安徽,,,网上交易,国寿养老险,2016-08-18,寿险团险,安徽,宿州,灵璧县支公司
CL1000058155,胡文俊,身份证,342901********5815,CL9052,福寿嘉年33期,"200,000.00","200,000.00","200,011.67",485977,养老险公司,安徽,YL34000012,胡文俊,养老险公司,安徽,,,养老险公司,总部,养老险公司,安徽,,,网上交易,国寿养老险,2016-08-18,养老险公司,安徽,,
CL1004228882,黄敬兰,身份证,340402********0283,CL9052,福寿嘉年33期,"20,000.00","20,000.00","20,001.17",804125,寿险团险,安徽,34041179000035,,寿险团险,安徽,淮南,团拓部,养老险公司,总部,寿险团险,安徽,,,网上交易,国寿养老险,2016-08-18,寿险团险,安徽,淮南,团拓部
CL1000656371,邵银屏,身份证,340103********2027,CL9052,福寿嘉年33期,"130,000.00","130,000.00","130,007.58",804125,寿险团险,安徽,34011379000004,,寿险团险,安徽,合肥,团险拓展部,养老险公司,总部,寿险团险,安徽,,,网上交易,国寿养老险,2016-08-18,寿险团险,安徽,合肥,团险拓展部
CL1000991135,涂际春,身份证,340824********2823,CL9052,福寿嘉年33期,"10,000.00","10,000.00","10,000.58",804125,寿险团险,安徽, ,,,,,,养老险公司,总部,寿险团险,安徽,,,网上交易,国寿养老险,2016-08-18,寿险团险,安徽,,
CL1004183011,邓江汉,身份证,340111********1038,CL9052,福寿嘉年33期,"20,000.00","20,000.00","20,001.17",804125,寿险团险,安徽, ,,,,,,养老险公司,总部,寿险团险,安徽,,,网上交易,国寿养老险,2016-08-18,寿险团险,安徽,,
CL1000833650,高曙芬,身份证,342830********3224,CL9052,福寿嘉年33期,"50,000.00","50,000.00","50,002.92",804125,寿险团险,安徽,34290179000062,,寿险团险,安徽,池州,城区团拓部,养老险公司,总部,寿险团险,安徽,,,网上交易,国寿养老险,2016-08-18,寿险团险,安徽,池州,城区团拓部
CL1004285949,王干,身份证,342427********6613,CL9052,福寿嘉年33期,"100,000.00","100,000.00","100,005.83",804125,寿险团险,安徽,34242779000023,,寿险团险,安徽,六安,霍山,养老险公司,总部,寿险团险,安徽,,,网上交易,国寿养老险,2016-08-18,寿险团险,安徽,六安,霍山
CL1004429807,王节贤,身份证,342301********2449,CL9052,福寿嘉年33期,"50,000.00","50,000.00","50,002.92",804125,寿险团险,安徽,34112479000012,,寿险团险,安徽,滁州,全椒,养老险公司,总部,寿险团险,安徽,,,网上交易,国寿养老险,2016-08-18,寿险团险,安徽,滁州,全椒
CL1003150392,王四妹,身份证,340322********6821,CL9052,福寿嘉年33期,"50,000.00","50,000.00","50,002.92",804125,寿险团险,安徽,34032279000005,,寿险团险,安徽,蚌埠,五河县支公司,养老险公司,总部,寿险团险,安徽,,,网上交易,国寿养老险,2016-08-18,寿险团险,安徽,蚌埠,五河县支公司
CL1000894113,吴斐,身份证,340223********9028,CL9052,福寿嘉年33期,"50,000.00","50,000.00","50,001.94", ,,,34020579000040,,寿险团险,安徽,芜湖,南陵支公司,养老险公司,总部,寿险团险,安徽,芜湖,南陵支公司,网上交易,国寿养老险,2016-08-18,寿险团险,安徽,芜湖,南陵支公司
CL1000894113,吴斐,身份证,340223********9028,CL9052,福寿嘉年33期,"40,000.00",0.00,0.00, ,,,34020579000040,,寿险团险,安徽,芜湖,南陵支公司,养老险公司,总部,寿险团险,安徽,芜湖,南陵支公司,网上交易,国寿养老险,2016-08-18,寿险团险,安徽,芜湖,南陵支公司
CL1004442800,杨露,身份证,342201********0025,CL9052,福寿嘉年33期,"50,000.00","50,000.00","50,002.92",804125,寿险团险,安徽,34222479002415,,寿险团险,安徽,宿州,灵璧县支公司,养老险公司,总部,寿险团险,安徽,,,网上交易,国寿养老险,2016-08-18,寿险团险,安徽,宿州,灵璧县支公司
CL1000875283,程翔,身份证,342301********0423,CL9052,福寿嘉年33期,"30,000.00","30,000.00","30,001.75",804125,寿险团险,安徽,34011379000001,,寿险团险,安徽,合肥,团险拓展部,养老险公司,总部,寿险团险,安徽,,,网上交易,国寿养老险,2016-08-18,寿险团险,安徽,合肥,团险拓展部
CL1004429029,颜莉,身份证,340901********1029,CL9052,福寿嘉年33期,"100,000.00","100,000.00","100,005.83",804125,寿险团险,安徽,34100279000003,,寿险团险,安徽,黄山,黄山市团拓部,养老险公司,总部,寿险团险,安徽,,,网上交易,国寿养老险,2016-08-18,寿险团险,安徽,黄山,黄山市团拓部
CL1000253309,李红梅,身份证,340102********0525,CL9052,福寿嘉年33期,"200,000.00","200,000.00","200,009.72",115825,财险公司,安徽,YL34000011,殷文懿,养老险公司,安徽,,,养老险公司,总部,财险公司,安徽,,,网上交易,国寿养老险,2016-08-18,养老险公司,安徽,,
CL1004535740,陈桂喜,身份证,340223********0149,CL9052,福寿嘉年33期,"32,000.00","32,000.00","32,001.24", ,,,34020579000042,,寿险团险,安徽,芜湖,南陵支公司,,,寿险团险,安徽,芜湖,南陵支公司,APP,国寿养老险,2016-08-18,寿险团险,安徽,芜湖,南陵支公司
CL1004228937,何静静,身份证,342522********0922,CL9052,福寿嘉年33期,"40,000.00","40,000.00","40,002.33",804125,寿险团险,安徽,34050279000025,,寿险团险,安徽,马鞍山市,马鞍山市团拓部,养老险公司,总部,寿险团险,安徽,,,网上交易,国寿养老险,2016-08-18,寿险团险,安徽,马鞍山市,马鞍山市团拓部
CL1000705179,檀望德,身份证,342921********441X,CL9052,福寿嘉年33期,"10,000.00","10,000.00","10,000.39", ,,,34080179000010,,寿险团险,安徽,安庆,城区团拓部,养老险公司,总部,寿险团险,安徽,安庆,城区团拓部,网上交易,国寿养老险,2016-08-18,寿险团险,安徽,安庆,城区团拓部
CL1000149586,张伟,身份证,342422********0161,CL9052,福寿嘉年33期,"10,000.00","10,000.00","10,000.39", ,,,34042279000007,,寿险团险,安徽,淮南,寿县支公司,养老险公司,总部,寿险团险,安徽,淮南,寿县支公司,网上交易,国寿养老险,2016-08-18,寿险团险,安徽,淮南,寿县支公司
CL1004429963,李敏,身份证,340323********0044,CL9052,福寿嘉年33期,"50,000.00","50,000.00","50,002.92",804125,寿险团险,安徽,34032379000017,,寿险团险,安徽,蚌埠,固镇县支公司,养老险公司,总部,寿险团险,安徽,,,网上交易,国寿养老险,2016-08-18,寿险团险,安徽,蚌埠,固镇县支公司
CL1004236615,方芳,身份证,342923********0044,CL9052,福寿嘉年33期,"50,000.00","50,000.00","50,002.92",804125,寿险团险,安徽,34292413408650,,寿险团险,安徽,池州,九华山支公司,养老险公司,总部,寿险团险,安徽,,,网上交易,国寿养老险,2016-08-18,寿险团险,安徽,池州,九华山支公司
CL1004280588,周思幼,身份证,340321********3109,CL9052,福寿嘉年33期,"50,000.00","50,000.00","50,001.94", ,,,34032179000025,,寿险团险,安徽,蚌埠,怀远县支公司,养老险公司,总部,寿险团险,安徽,蚌埠,怀远县支公司,网上交易,国寿养老险,2016-08-18,寿险团险,安徽,蚌埠,怀远县支公司
CL1004465969,王宗美,身份证,342301********5426,CL9052,福寿嘉年33期,"200,000.00","200,000.00","200,007.78", ,,,34112479000012,,寿险团险,安徽,滁州,全椒,养老险公司,总部,寿险团险,安徽,滁州,全椒,网上交易,国寿养老险,2016-08-18,寿险团险,安徽,滁州,全椒
CL1004430060,陈芳,身份证,340503********0467,CL9052,福寿嘉年33期,"150,000.00","150,000.00","150,008.75",804125,寿险团险,安徽,34050279000025,,寿险团险,安徽,马鞍山市,马鞍山市团拓部,养老险公司,总部,寿险团险,安徽,,,网上交易,国寿养老险,2016-08-18,寿险团险,安徽,马鞍山市,马鞍山市团拓部
CL1000997284,王永红,身份证,342426********0162,CL9052,福寿嘉年33期,"120,000.00","120,000.00","120,007.00",804125,寿险团险,安徽,34242679000001,,寿险团险,安徽,六安,金寨,养老险公司,总部,寿险团险,安徽,,,网上交易,国寿养老险,2016-08-18,寿险团险,安徽,六安,金寨
CL1000690335,邹玮,身份证,342301********0824,CL9052,福寿嘉年33期,"100,000.00","100,000.00","100,005.83",804125,寿险团险,安徽,34110179000020,,寿险团险,安徽,滁州,团拓,养老险公司,总部,寿险团险,安徽,,,网上交易,国寿养老险,2016-08-18,寿险团险,安徽,滁州,团拓
CL1000690335,邹玮,身份证,342301********0824,CL9052,福寿嘉年33期,"50,000.00","50,000.00","50,002.92",804125,寿险团险,安徽,34110179000020,,寿险团险,安徽,滁州,团拓,养老险公司,总部,寿险团险,安徽,,,网上交易,国寿养老险,2016-08-18,寿险团险,安徽,滁州,团拓
CL1000919577,张慧,身份证,342701********1029,CL9052,福寿嘉年33期,"50,000.00","50,000.00","50,002.92",804125,寿险团险,安徽,34100279000003,,寿险团险,安徽,黄山,黄山市团拓部,养老险公司,总部,寿险团险,安徽,,,网上交易,国寿养老险,2016-08-18,寿险团险,安徽,黄山,黄山市团拓部
CL1000268246,钱莺,身份证,342501********0542,CL9052,福寿嘉年33期,"30,000.00","30,000.00","30,001.75",804125,寿险团险,安徽, ,,,,,,养老险公司,总部,寿险团险,安徽,,,网上交易,国寿养老险,2016-08-18,寿险团险,安徽,,
CL1000545599,兰国民,身份证,342701********1425,CL9052,福寿嘉年33期,"20,000.00","20,000.00","20,001.17",804125,寿险团险,安徽,34100279000003,,寿险团险,安徽,黄山,黄山市团拓部,养老险公司,总部,寿险团险,安徽,,,网上交易,国寿养老险,2016-08-18,寿险团险,安徽,黄山,黄山市团拓部
CL1004443332,武天琦,身份证,341102********6452,CL9052,福寿嘉年33期,"50,000.00","50,000.00","50,002.92",804125,寿险团险,安徽,34112279000011,,寿险团险,安徽,滁州,来安,养老险公司,总部,寿险团险,安徽,,,网上交易,国寿养老险,2016-08-18,寿险团险,安徽,滁州,来安
CL1004139804,程和飞,身份证,342626********2072,CL9052,福寿嘉年33期,"20,000.00","20,000.00","20,001.17",804125,寿险团险,安徽,34050279000025,,寿险团险,安徽,马鞍山市,马鞍山市团拓部,养老险公司,总部,寿险团险,安徽,,,网上交易,国寿养老险,2016-08-18,寿险团险,安徽,马鞍山市,马鞍山市团拓部
CL1000979197,胡利青,身份证,342701********0441,CL9052,福寿嘉年33期,"50,000.00","50,000.00","50,002.92",804125,寿险团险,安徽,34100279000003,,寿险团险,安徽,黄山,黄山市团拓部,养老险公司,总部,寿险团险,安徽,,,网上交易,国寿养老险,2016-08-18,寿险团险,安徽,黄山,黄山市团拓部
CL1000676900,陈宝珠,身份证,340103********2520,CL9052,福寿嘉年33期,"160,000.00","160,000.00","160,009.33",804125,寿险团险,安徽,34011379000004,,寿险团险,安徽,合肥,团险拓展部,养老险公司,总部,寿险团险,安徽,,,网上交易,国寿养老险,2016-08-18,寿险团险,安徽,合肥,团险拓展部
CL1001798196,叶仙云,身份证,332623********4133,CL9052,福寿嘉年33期,"1,000,000.00","1,000,000.00","1,000,058.33",804125,寿险团险,安徽,34012179000012,,寿险团险,安徽,合肥,长丰支公司,养老险公司,总部,寿险团险,安徽,,,网上交易,国寿养老险,2016-08-18,寿险团险,安徽,合肥,长丰支公司
CL1004459812,李斌,身份证,342824********0035,CL9052,福寿嘉年33期,"20,000.00","20,000.00","20,001.17",804125,寿险团险,安徽,34082479000001,,寿险团险,安徽,安庆,潜山,养老险公司,总部,寿险团险,安徽,,,网上交易,国寿养老险,2016-08-18,寿险团险,安徽,安庆,潜山
CL1000676855,蔡险峰,身份证,340403********2624,CL9052,福寿嘉年33期,"12,000.00","12,000.00","12,000.70",804125,寿险团险,安徽,34041179000035,,寿险团险,安徽,淮南,团拓部,养老险公司,总部,寿险团险,安徽,,,网上交易,国寿养老险,2016-08-18,寿险团险,安徽,淮南,团拓部
CL1000693176,吴宝莉,身份证,342326********0302,CL9052,福寿嘉年33期,"50,000.00","50,000.00","50,002.92",804125,寿险团险,安徽,34112279000011,,寿险团险,安徽,滁州,来安,养老险公司,总部,寿险团险,安徽,,,网上交易,国寿养老险,2016-08-18,寿险团险,安徽,滁州,来安
CL1002635290,侯晓筱,身份证,342623********0026,CL9052,福寿嘉年33期,"50,000.00","50,000.00","50,002.92",804125,寿险团险,安徽,34021379000025,,寿险团险,安徽,芜湖,无为县支公司,养老险公司,总部,寿险团险,安徽,,,网上交易,国寿养老险,2016-08-18,寿险团险,安徽,芜湖,无为县支公司
CL1000688517,刘焊,身份证,340103********2018,CL9052,福寿嘉年33期,"50,000.00","50,000.00","50,002.92",804125,寿险团险,安徽,34011379000004,,寿险团险,安徽,合肥,团险拓展部,养老险公司,总部,寿险团险,安徽,,,网上交易,国寿养老险,2016-08-18,寿险团险,安徽,合肥,团险拓展部
CL1000686897,叶何莹,身份证,341122********5828,CL9052,福寿嘉年33期,"30,000.00","30,000.00","30,001.75",804125,寿险团险,安徽,34112279000011,,寿险团险,安徽,滁州,来安,养老险公司,总部,寿险团险,安徽,,,网上交易,国寿养老险,2016-08-18,寿险团险,安徽,滁州,来安
CL1004428997,方瑞娟,身份证,340901********1021,CL9052,福寿嘉年33期,"10,000.00","10,000.00","10,000.58",804125,寿险团险,安徽,34100279000003,,寿险团险,安徽,黄山,黄山市团拓部,养老险公司,总部,寿险团险,安徽,,,网上交易,国寿养老险,2016-08-18,寿险团险,安徽,黄山,黄山市团拓部
CL1000090500,张艳,身份证,342401********1320,CL9052,福寿嘉年33期,"180,000.00","180,000.00","180,010.50",804125,寿险团险,安徽,34242679000001,,寿险团险,安徽,六安,金寨,养老险公司,总部,寿险团险,安徽,,,网上交易,国寿养老险,2016-08-18,寿险团险,安徽,六安,金寨
CL1004329899,徐园园,身份证,340604********1021,CL9052,福寿嘉年33期,"200,000.00","200,000.00","200,011.67",804125,寿险团险,安徽, ,,,,,,养老险公司,总部,寿险团险,安徽,,,网上交易,国寿养老险,2016-08-18,寿险团险,安徽,,
CL1000262486,侯殿楠,身份证,340304********002X,CL9052,福寿嘉年33期,"30,000.00","30,000.00","30,001.75",115825,财险公司,安徽,YL34000012,胡文俊,养老险公司,安徽,,,养老险公司,总部,财险公司,安徽,,,网上交易,国寿养老险,2016-08-18,养老险公司,安徽,,
CL1000262486,侯殿楠,身份证,340304********002X,CL9052,福寿嘉年33期,"70,000.00","70,000.00","70,004.08",485977,养老险公司,安徽,YL34000012,胡文俊,养老险公司,安徽,,,养老险公司,总部,养老险公司,安徽,,,网上交易,国寿养老险,2016-08-18,养老险公司,安徽,,
CL1000147888,黄德英,身份证,342425********0022,CL9052,福寿嘉年33期,"50,000.00","50,000.00","50,002.92",804125,寿险团险,安徽,34242379000043,,寿险团险,安徽,六安,霍邱,养老险公司,总部,寿险团险,安徽,,,网上交易,国寿养老险,2016-08-18,寿险团险,安徽,六安,霍邱
CL1000147888,黄德英,身份证,342425********0022,CL9052,福寿嘉年33期,"60,000.00","60,000.00","60,003.50",804125,寿险团险,安徽,34242579000011,,寿险团险,安徽,六安,舒城,养老险公司,总部,寿险团险,安徽,,,网上交易,国寿养老险,2016-08-18,寿险团险,安徽,六安,舒城
CL1000875661,云静,身份证,342426********0040,CL9052,福寿嘉年33期,"100,000.00","100,000.00","100,005.83",804125,寿险团险,安徽,34242679000001,,寿险团险,安徽,六安,金寨,养老险公司,总部,寿险团险,安徽,,,网上交易,国寿养老险,2016-08-18,寿险团险,安徽,六安,金寨
CL1000499409,曹雪,身份证,612133********0963,CL9052,福寿嘉年33期,"20,000.00","20,000.00","20,001.17",804125,寿险团险,安徽,34041179000035,,寿险团险,安徽,淮南,团拓部,养老险公司,总部,寿险团险,安徽,,,网上交易,国寿养老险,2016-08-18,寿险团险,安徽,淮南,团拓部
CL1004443710,孟秀兰,身份证,340323********5427,CL9052,福寿嘉年33期,"20,000.00","20,000.00","20,001.17",804125,寿险团险,安徽,34032379000017,,寿险团险,安徽,蚌埠,固镇县支公司,养老险公司,总部,寿险团险,安徽,,,网上交易,国寿养老险,2016-08-18,寿险团险,安徽,蚌埠,固镇县支公司
CL1003558247,王培,身份证,340403********0028,CL9052,福寿嘉年33期,"210,000.00","210,000.00","210,012.25",485977,养老险公司,安徽,YL34000020,张曦,养老险公司,安徽,,,,,养老险公司,安徽,,,APP,国寿养老险,2016-08-18,养老险公司,安徽,,
CL1002083067,汪海霞,身份证,340504********0220,CL9052,福寿嘉年33期,"50,000.00","50,000.00","50,002.92",804125,寿险团险,安徽,34050279000025,,寿险团险,安徽,马鞍山市,马鞍山市团拓部,养老险公司,总部,寿险团险,安徽,,,网上交易,国寿养老险,2016-08-18,寿险团险,安徽,马鞍山市,马鞍山市团拓部
CL1002019965,陈大虎,身份证,340121********2518,CL9052,福寿嘉年33期,"36,000.00","36,000.00","36,002.10",804125,寿险团险,安徽,34012179000012,,寿险团险,安徽,合肥,长丰支公司,养老险公司,总部,寿险团险,安徽,,,网上交易,国寿养老险,2016-08-18,寿险团险,安徽,合肥,长丰支公司
CL1004280022,唐成,身份证,340321********034X,CL9052,福寿嘉年33期,"50,000.00",0.00,0.00, ,,,34032179000025,,寿险团险,安徽,蚌埠,怀远县支公司,,,寿险团险,安徽,蚌埠,怀远县支公司,APP,国寿养老险,2016-08-18,寿险团险,安徽,蚌埠,怀远县支公司
CL1000700096,张晚珍,身份证,342700********0023,CL9052,福寿嘉年33期,"50,000.00","50,000.00","50,002.92",804125,寿险团险,安徽,34100279000003,,寿险团险,安徽,黄山,黄山市团拓部,养老险公司,总部,寿险团险,安徽,,,网上交易,国寿养老险,2016-08-18,寿险团险,安徽,黄山,黄山市团拓部
CL1000888800,张占华,身份证,340402********0020,CL9052,福寿嘉年33期,"30,000.00","30,000.00","30,001.75",804125,寿险团险,安徽,34041179000035,,寿险团险,安徽,淮南,团拓部,养老险公司,总部,寿险团险,安徽,,,网上交易,国寿养老险,2016-08-18,寿险团险,安徽,淮南,团拓部
CL1004458068,洪成芳,身份证,342623********0288,CL9052,福寿嘉年33期,"100,000.00","100,000.00","100,005.83",804125,寿险团险,安徽,34021379000025,,寿险团险,安徽,芜湖,无为县支公司,养老险公司,总部,寿险团险,安徽,,,网上交易,国寿养老险,2016-08-18,寿险团险,安徽,芜湖,无为县支公司
CL1002251347,李娟,身份证,342901********6029,CL9052,福寿嘉年33期,"25,000.00","25,000.00","25,001.46",804125,寿险团险,安徽,34011371000001,,寿险团险,安徽,合肥,团险拓展部,养老险公司,总部,寿险团险,安徽,,,网上交易,国寿养老险,2016-08-18,寿险团险,安徽,合肥,团险拓展部
CL1000232804,孙琴,身份证,341124********0020,CL9052,福寿嘉年33期,"160,000.00","160,000.00","160,009.33",485977,养老险公司,安徽,YL34000003,陈俊,养老险公司,安徽,,,养老险公司,总部,养老险公司,安徽,,,网上交易,国寿养老险,2016-08-18,养老险公司,安徽,,
CL1004412862,邵伟民,身份证,341003********261X,CL9052,福寿嘉年33期,"150,000.00","150,000.00","150,008.75",804125,寿险团险,安徽,34100279000003,,寿险团险,安徽,黄山,黄山市团拓部,养老险公司,总部,寿险团险,安徽,,,网上交易,国寿养老险,2016-08-18,寿险团险,安徽,黄山,黄山市团拓部
CL1004412862,邵伟民,身份证,341003********261X,CL9052,福寿嘉年33期,"50,000.00","50,000.00","50,002.92",804125,寿险团险,安徽,34100279000003,,寿险团险,安徽,黄山,黄山市团拓部,养老险公司,总部,寿险团险,安徽,,,网上交易,国寿养老险,2016-08-18,寿险团险,安徽,黄山,黄山市团拓部
CL1002705759,许芬萍,身份证,342701********1425,CL9052,福寿嘉年33期,"40,000.00","40,000.00","40,002.33",804125,寿险团险,安徽,34100279000003,,寿险团险,安徽,黄山,黄山市团拓部,养老险公司,总部,寿险团险,安徽,,,网上交易,国寿养老险,2016-08-18,寿险团险,安徽,黄山,黄山市团拓部
CL1004429374,杨秋惠,身份证,340302********022X,CL9052,福寿嘉年33期,"30,000.00","30,000.00","30,001.75",115825,财险公司,安徽,YL34000009,平欣丽,养老险公司,安徽,,,,,财险公司,安徽,,,APP,国寿养老险,2016-08-18,养老险公司,安徽,,
CL1004429130,张丽群,身份证,341003********0824,CL9052,福寿嘉年33期,"100,000.00","100,000.00","100,005.83",804125,寿险团险,安徽,34100279000003,,寿险团险,安徽,黄山,黄山市团拓部,养老险公司,总部,寿险团险,安徽,,,网上交易,国寿养老险,2016-08-18,寿险团险,安徽,黄山,黄山市团拓部
CL1000865830,董少青,身份证,340103********4026,CL9052,福寿嘉年33期,"50,000.00","50,000.00","50,002.92",804125,寿险团险,安徽,34010579000025,,寿险团险,安徽,合肥,团险支公司,养老险公司,总部,寿险团险,安徽,,,网上交易,国寿养老险,2016-08-18,寿险团险,安徽,合肥,团险支公司
CL1000865830,董少青,身份证,340103********4026,CL9052,福寿嘉年33期,"200,000.00","200,000.00","200,011.67",804125,寿险团险,安徽,34010579000025,,寿险团险,安徽,合肥,团险支公司,养老险公司,总部,寿险团险,安徽,,,网上交易,国寿养老险,2016-08-18,寿险团险,安徽,合肥,团险支公司
CL1004442455,凌梦飞,身份证,342623********031X,CL9052,福寿嘉年33期,"50,000.00","50,000.00","50,002.92",804125,寿险团险,安徽,34021379000025,,寿险团险,安徽,芜湖,无为县支公司,养老险公司,总部,寿险团险,安徽,,,网上交易,国寿养老险,2016-08-18,寿险团险,安徽,芜湖,无为县支公司
CL1004369168,周友才,身份证,340323********0275,CL9052,福寿嘉年33期,"30,000.00","30,000.00","30,001.75",804125,寿险团险,安徽,34032379000017,,寿险团险,安徽,蚌埠,固镇县支公司,养老险公司,总部,寿险团险,安徽,,,网上交易,国寿养老险,2016-08-18,寿险团险,安徽,蚌埠,固镇县支公司
CL1000900412,何翠兰,身份证,340223********0021,CL9052,福寿嘉年33期,"50,000.00","50,000.00","50,002.92",485977,养老险公司,安徽,YL34000005,张哲,养老险公司,安徽,,,养老险公司,总部,养老险公司,安徽,,,网上交易,国寿养老险,2016-08-18,养老险公司,安徽,,
CL1000900412,何翠兰,身份证,340223********0021,CL9052,福寿嘉年33期,"50,000.00","50,000.00","50,002.43",115825,财险公司,安徽,YL34000005,张哲,养老险公司,安徽,,,养老险公司,总部,财险公司,安徽,,,网上交易,国寿养老险,2016-08-18,养老险公司,安徽,,
CL1004236926,孙凌,身份证,340503********0027,CL9052,福寿嘉年33期,"30,000.00","30,000.00","30,001.75",804125,寿险团险,安徽,34050279000025,,寿险团险,安徽,马鞍山市,马鞍山市团拓部,养老险公司,总部,寿险团险,安徽,,,网上交易,国寿养老险,2016-08-18,寿险团险,安徽,马鞍山市,马鞍山市团拓部
CL1000904196,徐金荣,身份证,342529********0014,CL9052,福寿嘉年33期,"30,000.00","30,000.00","30,001.75",804125,寿险团险,安徽,34250179001007,,寿险团险,安徽,宣城,团拓,养老险公司,总部,寿险团险,安徽,,,网上交易,国寿养老险,2016-08-18,寿险团险,安徽,宣城,团拓
CL1000989262,马伟维,身份证,342221********656X,CL9052,福寿嘉年33期,"50,000.00","50,000.00","50,002.92",804125,寿险团险,安徽,34011371000001,,寿险团险,安徽,合肥,团险拓展部,,,寿险团险,安徽,,,APP,国寿养老险,2016-08-18,寿险团险,安徽,合肥,团险拓展部
CL1003889163,周世昌,身份证,340403********2611,CL9052,福寿嘉年33期,"130,000.00","130,000.00","130,007.58",804125,寿险团险,安徽,34041179000035,,寿险团险,安徽,淮南,团拓部,养老险公司,总部,寿险团险,安徽,,,网上交易,国寿养老险,2016-08-18,寿险团险,安徽,淮南,团拓部
CL1004443398,郑丽,身份证,341024********0049,CL9052,福寿嘉年33期,"50,000.00","50,000.00","50,002.92",804125,寿险团险,安徽,34100279000003,,寿险团险,安徽,黄山,黄山市团拓部,养老险公司,总部,寿险团险,安徽,,,网上交易,国寿养老险,2016-08-18,寿险团险,安徽,黄山,黄山市团拓部
CL1003687638,束阿娣,身份证,340504********0226,CL9052,福寿嘉年33期,"45,000.00","45,000.00","45,002.63",804125,寿险团险,安徽,34050279000025,,寿险团险,安徽,马鞍山市,马鞍山市团拓部,养老险公司,总部,寿险团险,安徽,,,网上交易,国寿养老险,2016-08-18,寿险团险,安徽,马鞍山市,马鞍山市团拓部
CL1004288179,李明军,身份证,342601********0017,CL9052,福寿嘉年33期,"50,000.00","50,000.00","50,002.92",804125,寿险团险,安徽,34242679000001,,寿险团险,安徽,六安,金寨,养老险公司,总部,寿险团险,安徽,,,网上交易,国寿养老险,2016-08-18,寿险团险,安徽,六安,金寨
CL1000340356,方小红,身份证,340901********2623,CL9052,福寿嘉年33期,"10,000.00","10,000.00","10,000.58",804125,寿险团险,安徽,34100279000003,,寿险团险,安徽,黄山,黄山市团拓部,养老险公司,总部,寿险团险,安徽,,,网上交易,国寿养老险,2016-08-18,寿险团险,安徽,黄山,黄山市团拓部
CL1004462384,周淑云,身份证,342700********0426,CL9052,福寿嘉年33期,"100,000.00","100,000.00","100,003.89", ,,,34100279000003,,寿险团险,安徽,黄山,黄山市团拓部,养老险公司,总部,寿险团险,安徽,黄山,黄山市团拓部,网上交易,国寿养老险,2016-08-18,寿险团险,安徽,黄山,黄山市团拓部
CL1001024428,洪申晖,身份证,342529********0027,CL9052,福寿嘉年33期,"10,000.00","10,000.00","10,000.58",804125,寿险团险,安徽,34250179001007,,寿险团险,安徽,宣城,团拓,养老险公司,总部,寿险团险,安徽,,,网上交易,国寿养老险,2016-08-18,寿险团险,安徽,宣城,团拓
CL1000753148,印松,身份证,341124********0017,CL9052,福寿嘉年33期,"20,000.00","20,000.00","20,001.17",804125,寿险团险,安徽,34112479000012,,寿险团险,安徽,滁州,全椒,养老险公司,总部,寿险团险,安徽,,,网上交易,国寿养老险,2016-08-18,寿险团险,安徽,滁州,全椒
CL1000016377,陈健,身份证,320106********2124,CL9052,福寿嘉年33期,"50,000.00","50,000.00","50,002.92",115825,财险公司,安徽,YL34000006,张子明,养老险公司,安徽,,,养老险公司,总部,财险公司,安徽,,,网上交易,国寿养老险,2016-08-18,养老险公司,安徽,,
CL1000016377,陈健,身份证,320106********2124,CL9052,福寿嘉年33期,"50,000.00","50,000.00","50,002.92",115825,财险公司,安徽,YL34000006,张子明,养老险公司,安徽,,,养老险公司,总部,财险公司,安徽,,,网上交易,国寿养老险,2016-08-18,养老险公司,安徽,,
CL1000016377,陈健,身份证,320106********2124,CL9052,福寿嘉年33期,"50,000.00","50,000.00","50,002.92",115825,财险公司,安徽,YL34000006,张子明,养老险公司,安徽,,,养老险公司,总部,财险公司,安徽,,,网上交易,国寿养老险,2016-08-18,养老险公司,安徽,,
CL1000016377,陈健,身份证,320106********2124,CL9052,福寿嘉年33期,"50,000.00","50,000.00","50,002.92",115825,财险公司,安徽,YL34000006,张子明,养老险公司,安徽,,,养老险公司,总部,财险公司,安徽,,,网上交易,国寿养老险,2016-08-18,养老险公司,安徽,,
CL1000016377,陈健,身份证,320106********2124,CL9052,福寿嘉年33期,"50,000.00","50,000.00","50,002.92",115825,财险公司,安徽,YL34000006,张子明,养老险公司,安徽,,,养老险公司,总部,财险公司,安徽,,,网上交易,国寿养老险,2016-08-18,养老险公司,安徽,,
CL1000016377,陈健,身份证,320106********2124,CL9052,福寿嘉年33期,"50,000.00","50,000.00","50,002.92",115825,财险公司,安徽,YL34000006,张子明,养老险公司,安徽,,,养老险公司,总部,财险公司,安徽,,,网上交易,国寿养老险,2016-08-18,养老险公司,安徽,,
CL1000016377,陈健,身份证,320106********2124,CL9052,福寿嘉年33期,"50,000.00","50,000.00","50,002.92",115825,财险公司,安徽,YL34000006,张子明,养老险公司,安徽,,,养老险公司,总部,财险公司,安徽,,,网上交易,国寿养老险,2016-08-18,养老险公司,安徽,,
CL1004465814,崔文,身份证,340421********0029,CL9052,福寿嘉年33期,"50,000.00","50,000.00","50,002.92",804125,寿险团险,安徽,34042179000010,,寿险团险,安徽,淮南,凤台县支公司,养老险公司,总部,寿险团险,安徽,,,网上交易,国寿养老险,2016-08-18,寿险团险,安徽,淮南,凤台县支公司
CL1000016377,陈健,身份证,320106********2124,CL9052,福寿嘉年33期,"50,000.00","50,000.00","50,002.92",115825,财险公司,安徽,YL34000006,张子明,养老险公司,安徽,,,养老险公司,总部,财险公司,安徽,,,网上交易,国寿养老险,2016-08-18,养老险公司,安徽,,
CL1000016377,陈健,身份证,320106********2124,CL9052,福寿嘉年33期,"50,000.00","50,000.00","50,002.92",115825,财险公司,安徽,YL34000006,张子明,养老险公司,安徽,,,养老险公司,总部,财险公司,安徽,,,网上交易,国寿养老险,2016-08-18,养老险公司,安徽,,
CL1000016377,陈健,身份证,320106********2124,CL9052,福寿嘉年33期,"50,000.00","50,000.00","50,002.92",115825,财险公司,安徽,YL34000006,张子明,养老险公司,安徽,,,养老险公司,总部,财险公司,安徽,,,网上交易,国寿养老险,2016-08-18,养老险公司,安徽,,
CL1000016377,陈健,身份证,320106********2124,CL9052,福寿嘉年33期,"50,000.00","50,000.00","50,002.92",115825,财险公司,安徽,YL34000006,张子明,养老险公司,安徽,,,养老险公司,总部,财险公司,安徽,,,网上交易,国寿养老险,2016-08-18,养老险公司,安徽,,
CL1000016377,陈健,身份证,320106********2124,CL9052,福寿嘉年33期,"50,000.00","50,000.00","50,002.92",115825,财险公司,安徽,YL34000006,张子明,养老险公司,安徽,,,养老险公司,总部,财险公司,安徽,,,网上交易,国寿养老险,2016-08-18,养老险公司,安徽,,
CL1000016377,陈健,身份证,320106********2124,CL9052,福寿嘉年33期,"50,000.00","50,000.00","50,002.92",115825,财险公司,安徽,YL34000006,张子明,养老险公司,安徽,,,养老险公司,总部,财险公司,安徽,,,网上交易,国寿养老险,2016-08-18,养老险公司,安徽,,
CL1000016377,陈健,身份证,320106********2124,CL9052,福寿嘉年33期,"50,000.00","50,000.00","50,002.92",115825,财险公司,安徽,YL34000006,张子明,养老险公司,安徽,,,养老险公司,总部,财险公司,安徽,,,网上交易,国寿养老险,2016-08-18,养老险公司,安徽,,
CL1000016377,陈健,身份证,320106********2124,CL9052,福寿嘉年33期,"50,000.00","50,000.00","50,002.92",115825,财险公司,安徽,YL34000006,张子明,养老险公司,安徽,,,养老险公司,总部,财险公司,安徽,,,网上交易,国寿养老险,2016-08-18,养老险公司,安徽,,
CL1000016377,陈健,身份证,320106********2124,CL9052,福寿嘉年33期,"50,000.00","50,000.00","50,002.92",115825,财险公司,安徽,YL34000006,张子明,养老险公司,安徽,,,养老险公司,总部,财险公司,安徽,,,网上交易,国寿养老险,2016-08-18,养老险公司,安徽,,
CL1000016377,陈健,身份证,320106********2124,CL9052,福寿嘉年33期,"50,000.00","50,000.00","50,002.92",115825,财险公司,安徽,YL34000006,张子明,养老险公司,安徽,,,养老险公司,总部,财险公司,安徽,,,网上交易,国寿养老险,2016-08-18,养老险公司,安徽,,
CL1000016377,陈健,身份证,320106********2124,CL9052,福寿嘉年33期,"50,000.00","50,000.00","50,002.92",115825,财险公司,安徽, ,,,,,,养老险公司,总部,财险公司,安徽,,,网上交易,国寿养老险,2016-08-18,财险公司,安徽,,
CL1000016377,陈健,身份证,320106********2124,CL9052,福寿嘉年33期,"50,000.00","50,000.00","50,002.92",115825,财险公司,安徽,YL34000006,张子明,养老险公司,安徽,,,养老险公司,总部,财险公司,安徽,,,网上交易,国寿养老险,2016-08-18,养老险公司,安徽,,
CL1000016377,陈健,身份证,320106********2124,CL9052,福寿嘉年33期,"50,000.00","50,000.00","50,002.92",115825,财险公司,安徽,YL34000006,张子明,养老险公司,安徽,,,养老险公司,总部,财险公司,安徽,,,网上交易,国寿养老险,2016-08-18,养老险公司,安徽,,
CL1000016377,陈健,身份证,320106********2124,CL9052,福寿嘉年33期,"50,000.00","50,000.00","50,002.92",115825,财险公司,安徽,YL34000006,张子明,养老险公司,安徽,,,养老险公司,总部,财险公司,安徽,,,网上交易,国寿养老险,2016-08-18,养老险公司,安徽,,
CL1000016377,陈健,身份证,320106********2124,CL9052,福寿嘉年33期,"50,000.00","50,000.00","50,002.92",115825,财险公司,安徽,YL34000006,张子明,养老险公司,安徽,,,养老险公司,总部,财险公司,安徽,,,网上交易,国寿养老险,2016-08-18,养老险公司,安徽,,
CL1000690168,潘坚云,身份证,340104********1027,CL9052,福寿嘉年33期,"70,000.00","70,000.00","70,004.08",804125,寿险团险,安徽,34011379000001,,寿险团险,安徽,合肥,团险拓展部,养老险公司,总部,寿险团险,安徽,,,网上交易,国寿养老险,2016-08-18,寿险团险,安徽,合肥,团险拓展部
CL1000249361,张静,身份证,342701********042X,CL9052,福寿嘉年33期,"25,000.00","25,000.00","25,001.46",804125,寿险团险,安徽,34100279000003,,寿险团险,安徽,黄山,黄山市团拓部,养老险公司,总部,寿险团险,安徽,,,网上交易,国寿养老险,2016-08-18,寿险团险,安徽,黄山,黄山市团拓部
CL1004339542,徐济凤,身份证,340502********0422,CL9052,福寿嘉年33期,"50,000.00","50,000.00","50,002.92",804125,寿险团险,安徽,34050279000025,,寿险团险,安徽,马鞍山市,马鞍山市团拓部,养老险公司,总部,寿险团险,安徽,,,网上交易,国寿养老险,2016-08-18,寿险团险,安徽,马鞍山市,马鞍山市团拓部
CL1004284062,钱少华,身份证,342700********0022,CL9052,福寿嘉年33期,"50,000.00","50,000.00","50,002.92",804125,寿险团险,安徽,34100279000003,,寿险团险,安徽,黄山,黄山市团拓部,养老险公司,总部,寿险团险,安徽,,,网上交易,国寿养老险,2016-08-18,寿险团险,安徽,黄山,黄山市团拓部
CL1000840439,吴安明,身份证,342426********0010,CL9052,福寿嘉年33期,"120,000.00","120,000.00","120,007.00",804125,寿险团险,安徽,34242679000024,,寿险团险,安徽,六安,金寨,养老险公司,总部,寿险团险,安徽,,,网上交易,国寿养老险,2016-08-18,寿险团险,安徽,六安,金寨
CL1000680093,汤文菊,身份证,342601********1248,CL9052,福寿嘉年33期,"20,000.00","20,000.00","20,001.17",804125,寿险团险,安徽,34012679000023,,寿险团险,安徽,合肥,巢湖支公司,养老险公司,总部,寿险团险,安徽,,,网上交易,国寿养老险,2016-08-18,寿险团险,安徽,合肥,巢湖支公司
CL1004461630,罗晓艳,身份证,342426********2221,CL9052,福寿嘉年33期,"200,000.00","200,000.00","200,011.67",804125,寿险团险,安徽,34242679000001,,寿险团险,安徽,六安,金寨,养老险公司,总部,寿险团险,安徽,,,网上交易,国寿养老险,2016-08-18,寿险团险,安徽,六安,金寨
CL1004462051,曹莉,身份证,341125********3804,CL9052,福寿嘉年33期,"200,000.00","200,000.00","200,011.67",804125,寿险团险,安徽,34112579000024,,寿险团险,安徽,滁州,定远,,,寿险团险,安徽,,,APP,国寿养老险,2016-08-18,寿险团险,安徽,滁州,定远
CL1000753526,王庆龙,身份证,342322********0095,CL9052,福寿嘉年33期,"30,000.00","30,000.00","30,001.75",804125,寿险团险,安徽,34112279000011,,寿险团险,安徽,滁州,来安,养老险公司,总部,寿险团险,安徽,,,网上交易,国寿养老险,2016-08-18,寿险团险,安徽,滁州,来安
CL1000860213,陶为平,身份证,342427********0062,CL9052,福寿嘉年33期,"50,000.00","50,000.00","50,002.92",804125,寿险团险,安徽,34242779000023,,寿险团险,安徽,六安,霍山,养老险公司,总部,寿险团险,安徽,,,网上交易,国寿养老险,2016-08-18,寿险团险,安徽,六安,霍山
CL1004464737,葛丽霞,身份证,340503********0043,CL9052,福寿嘉年33期,"50,000.00","50,000.00","50,002.92",804125,寿险团险,安徽,34050279000025,,寿险团险,安徽,马鞍山市,马鞍山市团拓部,养老险公司,总部,寿险团险,安徽,,,网上交易,国寿养老险,2016-08-18,寿险团险,安徽,马鞍山市,马鞍山市团拓部
CL1002020028,王春妹,身份证,341021********0223,CL9052,福寿嘉年33期,"70,000.00","70,000.00","70,004.08",804125,寿险团险,安徽,34100279000003,,寿险团险,安徽,黄山,黄山市团拓部,养老险公司,总部,寿险团险,安徽,,,网上交易,国寿养老险,2016-08-18,寿险团险,安徽,黄山,黄山市团拓部
CL1004464737,葛丽霞,身份证,340503********0043,CL9052,福寿嘉年33期,"150,000.00","150,000.00","150,008.75",804125,寿险团险,安徽,34050279000025,,寿险团险,安徽,马鞍山市,马鞍山市团拓部,养老险公司,总部,寿险团险,安徽,,,网上交易,国寿养老险,2016-08-18,寿险团险,安徽,马鞍山市,马鞍山市团拓部
CL1004464737,葛丽霞,身份证,340503********0043,CL9052,福寿嘉年33期,"20,000.00","20,000.00","20,001.17",804125,寿险团险,安徽,34050279000025,,寿险团险,安徽,马鞍山市,马鞍山市团拓部,养老险公司,总部,寿险团险,安徽,,,网上交易,国寿养老险,2016-08-18,寿险团险,安徽,马鞍山市,马鞍山市团拓部
CL1003177446,陈修红,身份证,340121********3700,CL9052,福寿嘉年33期,"20,000.00","20,000.00","20,001.17",804125,寿险团险,安徽,34012179000027,,寿险团险,安徽,合肥,长丰支公司,养老险公司,总部,寿险团险,安徽,,,网上交易,国寿养老险,2016-08-18,寿险团险,安徽,合肥,长丰支公司
CL1004442400,顾春雨,身份证,340323********6817,CL9052,福寿嘉年33期,"50,000.00","50,000.00","50,002.92",804125,寿险团险,安徽,34032379000016,,寿险团险,安徽,蚌埠,固镇县支公司,养老险公司,总部,寿险团险,安徽,,,网上交易,国寿养老险,2016-08-18,寿险团险,安徽,蚌埠,固镇县支公司
CL1000360696,徐翔,身份证,340223********9034,CL9052,福寿嘉年33期,"50,000.00","50,000.00","50,002.92",485977,养老险公司,安徽,YL34000005,张哲,养老险公司,安徽,,,养老险公司,总部,养老险公司,安徽,,,网上交易,国寿养老险,2016-08-18,养老险公司,安徽,,
CL1000360696,徐翔,身份证,340223********9034,CL9052,福寿嘉年33期,"50,000.00","50,000.00","50,002.92",485977,养老险公司,安徽,YL34000005,张哲,养老险公司,安徽,,,养老险公司,总部,养老险公司,安徽,,,网上交易,国寿养老险,2016-08-18,养老险公司,安徽,,
CL1000360696,徐翔,身份证,340223********9034,CL9052,福寿嘉年33期,"50,000.00","50,000.00","50,002.92",485977,养老险公司,安徽,YL34000005,张哲,养老险公司,安徽,,,养老险公司,总部,养老险公司,安徽,,,网上交易,国寿养老险,2016-08-18,养老险公司,安徽,,
CL1000360696,徐翔,身份证,340223********9034,CL9052,福寿嘉年33期,"50,000.00","50,000.00","50,002.92",485977,养老险公司,安徽,YL34000005,张哲,养老险公司,安徽,,,养老险公司,总部,养老险公司,安徽,,,网上交易,国寿养老险,2016-08-18,养老险公司,安徽,,
CL1000360696,徐翔,身份证,340223********9034,CL9052,福寿嘉年33期,"50,000.00","50,000.00","50,002.92",485977,养老险公司,安徽,YL34000005,张哲,养老险公司,安徽,,,养老险公司,总部,养老险公司,安徽,,,网上交易,国寿养老险,2016-08-18,养老险公司,安徽,,
CL1000360696,徐翔,身份证,340223********9034,CL9052,福寿嘉年33期,"50,000.00","50,000.00","50,002.92",485977,养老险公司,安徽,YL34000005,张哲,养老险公司,安徽,,,养老险公司,总部,养老险公司,安徽,,,网上交易,国寿养老险,2016-08-18,养老险公司,安徽,,
CL1000360696,徐翔,身份证,340223********9034,CL9052,福寿嘉年33期,"50,000.00","50,000.00","50,002.92",485977,养老险公司,安徽,YL34000005,张哲,养老险公司,安徽,,,养老险公司,总部,养老险公司,安徽,,,网上交易,国寿养老险,2016-08-18,养老险公司,安徽,,
CL1000029627,戴翠英,身份证,342701********0469,CL9052,福寿嘉年33期,"50,000.00","50,000.00","50,002.92",804125,寿险团险,安徽,34100279000003,,寿险团险,安徽,黄山,黄山市团拓部,养老险公司,总部,寿险团险,安徽,,,网上交易,国寿养老险,2016-08-18,寿险团险,安徽,黄山,黄山市团拓部
CL1000029627,戴翠英,身份证,342701********0469,CL9052,福寿嘉年33期,"10,000.00","10,000.00","10,000.39", ,,,34100279000003,,寿险团险,安徽,黄山,黄山市团拓部,养老险公司,总部,寿险团险,安徽,黄山,黄山市团拓部,网上交易,国寿养老险,2016-08-18,寿险团险,安徽,黄山,黄山市团拓部
CL1002078797,刘磊,身份证,342623********0019,CL9052,福寿嘉年33期,"30,000.00","30,000.00","30,001.75",804125,寿险团险,安徽,34021379000025,,寿险团险,安徽,芜湖,无为县支公司,养老险公司,总部,寿险团险,安徽,,,网上交易,国寿养老险,2016-08-18,寿险团险,安徽,芜湖,无为县支公司
CL1004339308,马敏敏,身份证,342224********1340,CL9052,福寿嘉年33期,"100,000.00","100,000.00","100,005.83",804125,寿险团险,安徽,34222479002415,,寿险团险,安徽,宿州,灵璧县支公司,养老险公司,总部,寿险团险,安徽,,,网上交易,国寿养老险,2016-08-18,寿险团险,安徽,宿州,灵璧县支公司
CL1000867994,程淑芬,身份证,341022********4323,CL9052,福寿嘉年33期,"220,000.00","220,000.00","220,008.56", ,,,34100279000003,,寿险团险,安徽,黄山,黄山市团拓部,养老险公司,总部,寿险团险,安徽,黄山,黄山市团拓部,网上交易,国寿养老险,2016-08-18,寿险团险,安徽,黄山,黄山市团拓部
CL1003942654,王琴,身份证,340223********002X,CL9052,福寿嘉年33期,"10,000.00","10,000.00","10,000.58",804125,寿险团险,安徽,34011371000001,,寿险团险,安徽,合肥,团险拓展部,养老险公司,总部,寿险团险,安徽,,,网上交易,国寿养老险,2016-08-18,寿险团险,安徽,合肥,团险拓展部
CL1004325482,余淼,身份证,342422********2329,CL9052,福寿嘉年33期,"40,000.00","40,000.00","40,002.33",804125,寿险团险,安徽,34011371000001,,寿险团险,安徽,合肥,团险拓展部,养老险公司,总部,寿险团险,安徽,,,网上交易,国寿养老险,2016-08-18,寿险团险,安徽,合肥,团险拓展部
CL1004325482,余淼,身份证,342422********2329,CL9052,福寿嘉年33期,"50,000.00","50,000.00","50,002.92",804125,寿险团险,安徽,34011371000001,,寿险团险,安徽,合肥,团险拓展部,养老险公司,总部,寿险团险,安徽,,,网上交易,国寿养老险,2016-08-18,寿险团险,安徽,合肥,团险拓展部
CL1004443465,许杉,身份证,340104********2032,CL9052,福寿嘉年33期,"50,000.00","50,000.00","50,002.92",804125,寿险团险,安徽,34011371000001,,寿险团险,安徽,合肥,团险拓展部,养老险公司,总部,寿险团险,安徽,,,网上交易,国寿养老险,2016-08-18,寿险团险,安徽,合肥,团险拓展部
CL1002795762,刘翠锁,身份证,342501********1341,CL9052,福寿嘉年33期,"20,000.00","20,000.00","20,001.17",804125,寿险团险,安徽,34050279000025,,寿险团险,安徽,马鞍山市,马鞍山市团拓部,养老险公司,总部,寿险团险,安徽,,,网上交易,国寿养老险,2016-08-18,寿险团险,安徽,马鞍山市,马鞍山市团拓部
CL1000148410,苏存,身份证,342425********0223,CL9052,福寿嘉年33期,"50,000.00","50,000.00","50,002.92",804125,寿险团险,安徽,34242579000011,,寿险团险,安徽,六安,舒城,养老险公司,总部,寿险团险,安徽,,,网上交易,国寿养老险,2016-08-18,寿险团险,安徽,六安,舒城
CL1000148410,苏存,身份证,342425********0223,CL9052,福寿嘉年33期,"20,000.00","20,000.00","20,001.17",804125,寿险团险,安徽,34242579000011,,寿险团险,安徽,六安,舒城,养老险公司,总部,寿险团险,安徽,,,网上交易,国寿养老险,2016-08-18,寿险团险,安徽,六安,舒城
CL1000148410,苏存,身份证,342425********0223,CL9052,福寿嘉年33期,"50,000.00","50,000.00","50,002.92",804125,寿险团险,安徽,34242579000011,,寿险团险,安徽,六安,舒城,养老险公司,总部,寿险团险,安徽,,,网上交易,国寿养老险,2016-08-18,寿险团险,安徽,六安,舒城
CL1004465836,王华,身份证,340421********1249,CL9052,福寿嘉年33期,"50,000.00","50,000.00","50,002.92",804125,寿险团险,安徽,34042179000010,,寿险团险,安徽,淮南,凤台县支公司,养老险公司,总部,寿险团险,安徽,,,网上交易,国寿养老险,2016-08-18,寿险团险,安徽,淮南,凤台县支公司
CL1000148510,张萍,身份证,342401********0044,CL9052,福寿嘉年33期,"70,000.00","70,000.00","70,004.08",804125,寿险团险,安徽,34240179000013,,寿险团险,安徽,六安,团拓,养老险公司,总部,寿险团险,安徽,,,网上交易,国寿养老险,2016-08-18,寿险团险,安徽,六安,团拓
CL1000148821,汪琼,身份证,342427********0043,CL9052,福寿嘉年33期,"110,000.00","110,000.00","110,006.42",804125,寿险团险,安徽,34242779000023,,寿险团险,安徽,六安,霍山,养老险公司,总部,寿险团险,安徽,,,网上交易,国寿养老险,2016-08-18,寿险团险,安徽,六安,霍山
CL1000197422,张丽娟,身份证,342724********0021,CL9052,福寿嘉年33期,"300,000.00","300,000.00","300,017.50",804125,寿险团险,安徽,34100279000003,,寿险团险,安徽,黄山,黄山市团拓部,养老险公司,总部,寿险团险,安徽,,,网上交易,国寿养老险,2016-08-18,寿险团险,安徽,黄山,黄山市团拓部
CL1000895489,陈磊,身份证,342923********1232,CL9052,福寿嘉年33期,"50,000.00","50,000.00","50,002.92",804125,寿险团险,安徽,34292413408650,,寿险团险,安徽,池州,九华山支公司,养老险公司,总部,寿险团险,安徽,,,网上交易,国寿养老险,2016-08-18,寿险团险,安徽,池州,九华山支公司
CL1000202999,盛丹丹,身份证,342601********0223,CL9052,福寿嘉年33期,"150,000.00","150,000.00","150,008.75",804125,寿险团险,安徽,34012679000023,,寿险团险,安徽,合肥,巢湖支公司,养老险公司,总部,寿险团险,安徽,,,网上交易,国寿养老险,2016-08-18,寿险团险,安徽,合肥,巢湖支公司
CL1000348492,严德聪,身份证,340702********2521,CL9052,福寿嘉年33期,"50,000.00","50,000.00","50,002.92",804125,寿险团险,安徽,34070379001002,,寿险团险,安徽,铜陵,团拓部（城区）,养老险公司,总部,寿险团险,安徽,,,网上交易,国寿养老险,2016-08-18,寿险团险,安徽,铜陵,团拓部（城区）
CL1000945119,王素霞,身份证,340405********1623,CL9052,福寿嘉年33期,"12,000.00","12,000.00","12,000.70",804125,寿险团险,安徽,34041179000019,,寿险团险,安徽,淮南,团拓部,养老险公司,总部,寿险团险,安徽,,,网上交易,国寿养老险,2016-08-18,寿险团险,安徽,淮南,团拓部
CL1000690002,刘霞,身份证,342324********0028,CL9052,福寿嘉年33期,"20,000.00","20,000.00","20,001.17",804125,寿险团险,安徽,34112279000011,,寿险团险,安徽,滁州,来安,养老险公司,总部,寿险团险,安徽,,,网上交易,国寿养老险,2016-08-18,寿险团险,安徽,滁州,来安
CL1000690002,刘霞,身份证,342324********0028,CL9052,福寿嘉年33期,"20,000.00","20,000.00","20,001.17",804125,寿险团险,安徽,34112279000011,,寿险团险,安徽,滁州,来安,养老险公司,总部,寿险团险,安徽,,,网上交易,国寿养老险,2016-08-18,寿险团险,安徽,滁州,来安
CL1000674468,胡丽萍,身份证,340403********1245,CL9052,福寿嘉年33期,"130,000.00","130,000.00","130,007.58",804125,寿险团险,安徽,34040479000015,,寿险团险,安徽,淮南,谢家集支公司,养老险公司,总部,寿险团险,安徽,,,网上交易,国寿养老险,2016-08-18,寿险团险,安徽,淮南,谢家集支公司
CL1004358605,周春香,身份证,342601********2126,CL9052,福寿嘉年33期,"30,000.00","30,000.00","30,001.75",804125,寿险团险,安徽,34012679000023,,寿险团险,安徽,合肥,巢湖支公司,养老险公司,总部,寿险团险,安徽,,,网上交易,国寿养老险,2016-08-18,寿险团险,安徽,合肥,巢湖支公司
CL1001919206,孙群,身份证,340121********0021,CL9052,福寿嘉年33期,"10,000.00","10,000.00","10,000.58",804125,寿险团险,安徽,34012179000001,,寿险团险,安徽,合肥,长丰支公司,养老险公司,总部,寿险团险,安徽,,,网上交易,国寿养老险,2016-08-18,寿险团险,安徽,合肥,长丰支公司
CL1000863254,钱文浩,身份证,340224********0056,CL9052,福寿嘉年33期,"50,000.00","50,000.00","50,002.92",804125,寿险团险,安徽,34292313408636,,寿险团险,安徽,池州,青阳支公司,养老险公司,总部,寿险团险,安徽,,,网上交易,国寿养老险,2016-08-18,寿险团险,安徽,池州,青阳支公司
CL1003176947,张振前,身份证,340322********8813,CL9052,福寿嘉年33期,"50,000.00","50,000.00","50,002.92",804125,寿险团险,安徽,34032279000021,,寿险团险,安徽,蚌埠,五河县支公司,养老险公司,总部,寿险团险,安徽,,,网上交易,国寿养老险,2016-08-18,寿险团险,安徽,蚌埠,五河县支公司
CL1000670128,董辂,身份证,342529********002X,CL9052,福寿嘉年33期,"50,000.00","50,000.00","50,002.92",804125,寿险团险,安徽,34250179001007,,寿险团险,安徽,宣城,团拓,养老险公司,总部,寿险团险,安徽,,,网上交易,国寿养老险,2016-08-18,寿险团险,安徽,宣城,团拓
CL1000956405,徐自英,身份证,340121********9120,CL9052,福寿嘉年33期,"20,000.00","20,000.00","20,001.17",804125,寿险团险,安徽,34012179000012,,寿险团险,安徽,合肥,长丰支公司,养老险公司,总部,寿险团险,安徽,,,网上交易,国寿养老险,2016-08-18,寿险团险,安徽,合肥,长丰支公司
CL1000670128,董辂,身份证,342529********002X,CL9052,福寿嘉年33期,"20,000.00","20,000.00","20,001.17",804125,寿险团险,安徽,34250179001007,,寿险团险,安徽,宣城,团拓,养老险公司,总部,寿险团险,安徽,,,网上交易,国寿养老险,2016-08-18,寿险团险,安徽,宣城,团拓
CL1004176954,邹丰敏,身份证,340503********0421,CL9052,福寿嘉年33期,"10,000.00","10,000.00","10,000.58",804125,寿险团险,安徽,34050279000025,,寿险团险,安徽,马鞍山市,马鞍山市团拓部,养老险公司,总部,寿险团险,安徽,,,网上交易,国寿养老险,2016-08-18,寿险团险,安徽,马鞍山市,马鞍山市团拓部
CL1000759053,杨帮庆,身份证,340302********0227,CL9052,福寿嘉年33期,"300,000.00","300,000.00","300,017.50",485977,养老险公司,安徽,YL34000009,平欣丽,养老险公司,安徽,,,养老险公司,总部,养老险公司,安徽,,,网上交易,国寿养老险,2016-08-18,养老险公司,安徽,,
CL1001798263,张红革,身份证,340121********9126,CL9052,福寿嘉年33期,"150,000.00","150,000.00","150,008.75",804125,寿险团险,安徽,34012179000001,,寿险团险,安徽,合肥,长丰支公司,养老险公司,总部,寿险团险,安徽,,,网上交易,国寿养老险,2016-08-18,寿险团险,安徽,合肥,长丰支公司
CL1000573995,陈杨,身份证,342201********0435,CL9052,福寿嘉年33期,"110,000.00","110,000.00","110,006.42",804125,寿险团险,安徽,34222479002415,,寿险团险,安徽,宿州,灵璧县支公司,养老险公司,总部,寿险团险,安徽,,,网上交易,国寿养老险,2016-08-18,寿险团险,安徽,宿州,灵璧县支公司
CL1000233314,夏继林,身份证,342324********0016,CL9052,福寿嘉年33期,"80,000.00","80,000.00","80,004.67",485977,养老险公司,安徽,YL34000003,陈俊,养老险公司,安徽,,,养老险公司,总部,养老险公司,安徽,,,网上交易,国寿养老险,2016-08-18,养老险公司,安徽,,
CL1000954785,马雪梅,身份证,342523********0025,CL9052,福寿嘉年33期,"70,000.00","70,000.00","70,004.08",804125,寿险团险,安徽,34250179001007,,寿险团险,安徽,宣城,团拓,养老险公司,总部,寿险团险,安徽,,,网上交易,国寿养老险,2016-08-18,寿险团险,安徽,宣城,团拓
CL1000120867,肖琼霞,身份证,432427********3920,CL9052,福寿嘉年33期,"150,000.00","150,000.00","150,008.75",485977,养老险公司,安徽,YL34000003,陈俊,养老险公司,安徽,,,养老险公司,总部,养老险公司,安徽,,,网上交易,国寿养老险,2016-08-18,养老险公司,安徽,,
CL1003147064,周玮,身份证,340322********0020,CL9052,福寿嘉年33期,"10,000.00","10,000.00","10,000.58",804125,寿险团险,安徽,34032279000005,,寿险团险,安徽,蚌埠,五河县支公司,养老险公司,总部,寿险团险,安徽,,,网上交易,国寿养老险,2016-08-18,寿险团险,安徽,蚌埠,五河县支公司
CL1004338598,徐临香,身份证,342322********5824,CL9052,福寿嘉年33期,"30,000.00","30,000.00","30,001.75",804125,寿险团险,安徽,34112279000011,,寿险团险,安徽,滁州,来安,养老险公司,总部,寿险团险,安徽,,,网上交易,国寿养老险,2016-08-18,寿险团险,安徽,滁州,来安
CL1000721857,桂慧慧,身份证,342125********0424,CL9052,福寿嘉年33期,"200,000.00","200,000.00","200,011.67",804125,寿险团险,安徽,34212579001007,,寿险团险,安徽,亳州,蒙城县公司,养老险公司,总部,寿险团险,安徽,,,网上交易,国寿养老险,2016-08-18,寿险团险,安徽,亳州,蒙城县公司
CL1004277094,司友凤,身份证,341124********0224,CL9052,福寿嘉年33期,"50,000.00","50,000.00","50,002.92",804125,寿险团险,安徽,34112479000015,,寿险团险,安徽,滁州,全椒,养老险公司,总部,寿险团险,安徽,,,网上交易,国寿养老险,2016-08-18,寿险团险,安徽,滁州,全椒
CL1003147064,周玮,身份证,340322********0020,CL9052,福寿嘉年33期,"40,000.00","40,000.00","40,002.33",804125,寿险团险,安徽,34032279000005,,寿险团险,安徽,蚌埠,五河县支公司,养老险公司,总部,寿险团险,安徽,,,网上交易,国寿养老险,2016-08-18,寿险团险,安徽,蚌埠,五河县支公司
CL1004326858,刘元,身份证,340323********0011,CL9052,福寿嘉年33期,"50,000.00","50,000.00","50,002.92",804125,寿险团险,安徽,34032379000017,,寿险团险,安徽,蚌埠,固镇县支公司,养老险公司,总部,寿险团险,安徽,,,网上交易,国寿养老险,2016-08-18,寿险团险,安徽,蚌埠,固镇县支公司
CL1000932047,查福安,身份证,340505********0011,CL9052,福寿嘉年33期,"105,000.00","105,000.00","105,006.13",804125,寿险团险,安徽,34050279000025,,寿险团险,安徽,马鞍山市,马鞍山市团拓部,养老险公司,总部,寿险团险,安徽,,,网上交易,国寿养老险,2016-08-18,寿险团险,安徽,马鞍山市,马鞍山市团拓部
CL1002708390,丁晓旭,身份证,342530********0084,CL9052,福寿嘉年33期,"20,000.00","20,000.00","20,001.17",804125,寿险团险,安徽, ,,,,,,养老险公司,总部,寿险团险,安徽,,,网上交易,国寿养老险,2016-08-18,寿险团险,安徽,,
CL1004327846,宋惠芳,身份证,340323********004X,CL9052,福寿嘉年33期,"60,000.00","60,000.00","60,003.50",804125,寿险团险,安徽,34032379000016,,寿险团险,安徽,蚌埠,固镇县支公司,养老险公司,总部,寿险团险,安徽,,,网上交易,国寿养老险,2016-08-18,寿险团险,安徽,蚌埠,固镇县支公司
CL1000716910,朱会敏,身份证,342622********0389,CL9052,福寿嘉年33期,"30,000.00","30,000.00","30,001.75",804125,寿险团险,安徽, ,,,,,,养老险公司,总部,寿险团险,安徽,,,网上交易,国寿养老险,2016-08-18,寿险团险,安徽,,
CL1000021714,巫国明,身份证,340102********3513,CL9052,福寿嘉年33期,"200,000.00","200,000.00","200,011.67",804125,寿险团险,安徽,34011371000001,,寿险团险,安徽,合肥,团险拓展部,养老险公司,总部,寿险团险,安徽,,,网上交易,国寿养老险,2016-08-18,寿险团险,安徽,合肥,团险拓展部
CL1003203030,张静,身份证,340323********0062,CL9052,福寿嘉年33期,"50,000.00","50,000.00","50,002.92",804125,寿险团险,安徽,34032379000017,,寿险团险,安徽,蚌埠,固镇县支公司,养老险公司,总部,寿险团险,安徽,,,网上交易,国寿养老险,2016-08-18,寿险团险,安徽,蚌埠,固镇县支公司
CL1004420240,严云安,身份证,340821********4215,CL9052,福寿嘉年33期,"10,000.00","10,000.00","10,000.39", ,,,34082179000003,,寿险团险,安徽,安庆,桐城,养老险公司,总部,寿险团险,安徽,安庆,桐城,网上交易,国寿养老险,2016-08-18,寿险团险,安徽,安庆,桐城
CL1004461318,余中生,身份证,340321********2592,CL9052,福寿嘉年33期,"14,000.00","14,000.00","14,000.82",804125,寿险团险,安徽,34032179000025,,寿险团险,安徽,蚌埠,怀远县支公司,养老险公司,总部,寿险团险,安徽,,,网上交易,国寿养老险,2016-08-18,寿险团险,安徽,蚌埠,怀远县支公司
CL1000863487,李梦雅,身份证,340802********0624,CL9052,福寿嘉年33期,"10,000.00","10,000.00","10,000.58",804125,寿险团险,安徽,341222198602050270, ,财险公司,安徽,,,,,寿险团险,安徽,,,APP,国寿养老险,2016-08-18,财险公司,安徽,,
CL1000863487,李梦雅,身份证,340802********0624,CL9052,福寿嘉年33期,"30,000.00","30,000.00","30,001.75",804125,寿险团险,安徽,341222198602050270, ,财险公司,安徽,,,,,寿险团险,安徽,,,APP,国寿养老险,2016-08-18,财险公司,安徽,,
CL1004177008,田甜,身份证,340505********0028,CL9052,福寿嘉年33期,"10,000.00","10,000.00","10,000.58",804125,寿险团险,安徽,34050279000025,,寿险团险,安徽,马鞍山市,马鞍山市团拓部,养老险公司,总部,寿险团险,安徽,,,网上交易,国寿养老险,2016-08-18,寿险团险,安徽,马鞍山市,马鞍山市团拓部
CL1004429385,张蓓,身份证,340302********0640,CL9052,福寿嘉年33期,"50,000.00","50,000.00","50,002.92",804125,寿险团险,安徽,34011379000001,,寿险团险,安徽,合肥,团险拓展部,养老险公司,总部,寿险团险,安徽,,,网上交易,国寿养老险,2016-08-18,寿险团险,安徽,合肥,团险拓展部
CL1000140841,张明珠,身份证,341202********1161,CL9052,福寿嘉年33期,"50,000.00","50,000.00","50,002.92",804125,寿险团险,安徽,34211779001013,,寿险团险,安徽,阜阳,阜阳团拓部,养老险公司,总部,寿险团险,安徽,,,网上交易,国寿养老险,2016-08-18,寿险团险,安徽,阜阳,阜阳团拓部
CL1000140841,张明珠,身份证,341202********1161,CL9052,福寿嘉年33期,"50,000.00","50,000.00","50,002.92",804125,寿险团险,安徽,34211779001013,,寿险团险,安徽,阜阳,阜阳团拓部,养老险公司,总部,寿险团险,安徽,,,网上交易,国寿养老险,2016-08-18,寿险团险,安徽,阜阳,阜阳团拓部
CL1003147753,凌鹏军,身份证,340322********7862,CL9052,福寿嘉年33期,"50,000.00","50,000.00","50,001.94", ,,,34032279000005,,寿险团险,安徽,蚌埠,五河县支公司,养老险公司,总部,寿险团险,安徽,蚌埠,五河县支公司,网上交易,国寿养老险,2016-08-18,寿险团险,安徽,蚌埠,五河县支公司

