﻿FUND_ACCT,CUST_NAME,CERT_TYPE,CERT_NO,FUND_CODE,FUND_NAME,APP_MONEY,ACK_MONEY,ACK_SHARE,INVITECODE,COMPANY_INVITE,BRANCH_INVITE_NEW,REFERID,CUSTNAME_REFER,COMPANY_REFER,BRANCH_REFER_NEW,CT_REFER,CR_REFER,COMPANY_ORG,ORGNAME,SALE_COMPANY_NAME_DTL,SALE_BRANCH_NAME,SALE_CT_NAME,SALE_CR_NAME,ACCEPT_METHOD,AGENCY_NAME,ACK_DATE,SALE_COMPANY_NAME_FEE,SALE_BRANCH_NAME_FEE1,SALE_CT_NAME_FEE,SALE_CR_NAME_FEE
CL1004914176,李仁茂,身份证,342325********003X,CL9056,福寿嘉年35期,"40,000.00","40,000.00","40,000.78",892224,寿险团险,安徽,34112579000024,,寿险团险,安徽,滁州,定远,,,寿险团险,安徽,,,APP,国寿养老险,2016-09-06,寿险团险,安徽,滁州,定远
CL1000646251,汪洁,身份证,340802********0227,CL9056,福寿嘉年35期,"23,000.00","23,000.00","23,001.12",892224,寿险团险,安徽,34080179000010,,寿险团险,安徽,安庆,城区团拓部,养老险公司,总部,寿险团险,安徽,,,网上交易,国寿养老险,2016-09-06,寿险团险,安徽,安庆,城区团拓部
CL1000530707,邵兰,身份证,340603********0040,CL9056,福寿嘉年35期,"50,000.00","50,000.00","50,000.97",892224,寿险团险,安徽,34222579000006,,寿险团险,安徽,宿州,泗县支公司,养老险公司,总部,寿险团险,安徽,,,网上交易,国寿养老险,2016-09-06,寿险团险,安徽,宿州,泗县支公司
CL1000530707,邵兰,身份证,340603********0040,CL9056,福寿嘉年35期,"50,000.00","50,000.00","50,002.43",892224,寿险团险,安徽,34220379000008,,寿险团险,安徽,宿州,团拓部,养老险公司,总部,寿险团险,安徽,,,网上交易,国寿养老险,2016-09-06,寿险团险,安徽,宿州,团拓部
CL1000052562,李军,身份证,340802********0819,CL9056,福寿嘉年35期,"20,000.00","20,000.00","20,000.97",892224,寿险团险,安徽,34080179000010,,寿险团险,安徽,安庆,城区团拓部,养老险公司,总部,寿险团险,安徽,,,网上交易,国寿养老险,2016-09-06,寿险团险,安徽,安庆,城区团拓部
CL1004764249,沈克凤,身份证,342421********7483,CL9056,福寿嘉年35期,"60,000.00","60,000.00","60,002.92",892224,寿险团险,安徽,34240179000022,,寿险团险,安徽,六安,团拓,养老险公司,总部,寿险团险,安徽,,,网上交易,国寿养老险,2016-09-06,寿险团险,安徽,六安,团拓
CL1000992989,许茉莉,身份证,340881********3725,CL9056,福寿嘉年35期,"90,000.00","90,000.00","90,004.38",892224,寿险团险,安徽, ,,,,,,养老险公司,总部,寿险团险,安徽,,,网上交易,国寿养老险,2016-09-06,寿险团险,安徽,,
CL1001007841,刘婷婷,身份证,341103********422X,CL9056,福寿嘉年35期,"20,000.00","20,000.00","20,000.97",892224,寿险团险,安徽,34110179000018,,寿险团险,安徽,滁州,团拓,养老险公司,总部,寿险团险,安徽,,,网上交易,国寿养老险,2016-09-06,寿险团险,安徽,滁州,团拓
CL1001007841,刘婷婷,身份证,341103********422X,CL9056,福寿嘉年35期,"50,000.00","50,000.00","50,002.43",892224,寿险团险,安徽,34110179000018,,寿险团险,安徽,滁州,团拓,养老险公司,总部,寿险团险,安徽,,,网上交易,国寿养老险,2016-09-06,寿险团险,安徽,滁州,团拓
CL1000994932,戴明兰,身份证,341182********1029,CL9056,福寿嘉年35期,"60,000.00","60,000.00","60,002.92",892224,寿险团险,安徽,34112779000019,,寿险团险,安徽,滁州,明光,养老险公司,总部,寿险团险,安徽,,,网上交易,国寿养老险,2016-09-06,寿险团险,安徽,滁州,明光
CL1000891683,魏红林,身份证,342401********0064,CL9056,福寿嘉年35期,"30,000.00","30,000.00","30,001.46",892224,寿险团险,安徽,34240179000022,,寿险团险,安徽,六安,团拓,养老险公司,总部,寿险团险,安徽,,,网上交易,国寿养老险,2016-09-06,寿险团险,安徽,六安,团拓
CL1000014724,任国英,身份证,340111********1022,CL9056,福寿嘉年35期,"10,000.00","10,000.00","10,000.49",892224,寿险团险,安徽,34012379000009,,寿险团险,安徽,合肥,肥西支公司,养老险公司,总部,寿险团险,安徽,,,网上交易,国寿养老险,2016-09-06,寿险团险,安徽,合肥,肥西支公司
CL1000014724,任国英,身份证,340111********1022,CL9056,福寿嘉年35期,"50,000.00","50,000.00","50,002.43",892224,寿险团险,安徽,34012379000009,,寿险团险,安徽,合肥,肥西支公司,养老险公司,总部,寿险团险,安徽,,,网上交易,国寿养老险,2016-09-06,寿险团险,安徽,合肥,肥西支公司
CL1000014724,任国英,身份证,340111********1022,CL9056,福寿嘉年35期,"50,000.00","50,000.00","50,002.43",892224,寿险团险,安徽,34012379000009,,寿险团险,安徽,合肥,肥西支公司,养老险公司,总部,寿险团险,安徽,,,网上交易,国寿养老险,2016-09-06,寿险团险,安徽,合肥,肥西支公司
CL1000994176,宛云,身份证,340223********7421,CL9056,福寿嘉年35期,"10,000.00","10,000.00","10,000.19",892224,寿险团险,安徽,34020579000042,,寿险团险,安徽,芜湖,南陵支公司,,,寿险团险,安徽,,,APP,国寿养老险,2016-09-06,寿险团险,安徽,芜湖,南陵支公司
CL1002671529,毛荷胜,身份证,342530********2535,CL9056,福寿嘉年35期,"40,000.00","40,000.00","40,001.94",892224,寿险团险,安徽,34250179001007,,寿险团险,安徽,宣城,团拓,养老险公司,总部,寿险团险,安徽,,,网上交易,国寿养老险,2016-09-06,寿险团险,安徽,宣城,团拓
CL1004877507,姚多芹,身份证,340403********0822,CL9056,福寿嘉年35期,"50,000.00","50,000.00","50,002.43",892224,寿险团险,安徽,34041179000035,,寿险团险,安徽,淮南,团拓部,养老险公司,总部,寿险团险,安徽,,,网上交易,国寿养老险,2016-09-06,寿险团险,安徽,淮南,团拓部
CL1003840893,江红梅,身份证,340822********6365,CL9056,福寿嘉年35期,"50,000.00","50,000.00","50,000.97",892224,寿险团险,安徽, ,,,,,,养老险公司,总部,寿险团险,安徽,,,网上交易,国寿养老险,2016-09-06,寿险团险,安徽,,
CL1004696600,汤兰,身份证,342425********0046,CL9056,福寿嘉年35期,"100,000.00","100,000.00","100,004.86",892224,寿险团险,安徽,34240179000022,,寿险团险,安徽,六安,团拓,养老险公司,总部,寿险团险,安徽,,,网上交易,国寿养老险,2016-09-06,寿险团险,安徽,六安,团拓
CL1000833138,张光芹,身份证,340602********1241,CL9056,福寿嘉年35期,"50,000.00","50,000.00","50,002.43",892224,寿险团险,安徽, ,,,,,,养老险公司,总部,寿险团险,安徽,,,网上交易,国寿养老险,2016-09-06,寿险团险,安徽,,
CL1000008399,汪晓红,身份证,342524********0068,CL9056,福寿嘉年35期,"30,000.00","30,000.00","30,000.58",892224,寿险团险,安徽,34250179001007,,寿险团险,安徽,宣城,团拓,养老险公司,总部,寿险团险,安徽,,,网上交易,国寿养老险,2016-09-06,寿险团险,安徽,宣城,团拓
CL1003177857,谢海林,身份证,342301********0050,CL9056,福寿嘉年35期,"15,000.00","15,000.00","15,000.29",892224,寿险团险,安徽,34112479000011,,寿险团险,安徽,滁州,全椒,养老险公司,总部,寿险团险,安徽,,,网上交易,国寿养老险,2016-09-06,寿险团险,安徽,滁州,全椒
CL1002673961,张笑娣,身份证,342222********0026,CL9056,福寿嘉年35期,"110,000.00","110,000.00","110,002.14",892224,寿险团险,安徽,34220379000003,,寿险团险,安徽,宿州,团拓部,养老险公司,总部,寿险团险,安徽,,,网上交易,国寿养老险,2016-09-06,寿险团险,安徽,宿州,团拓部
CL1004462673,庞榴珍,身份证,342401********0049,CL9056,福寿嘉年35期,"50,000.00","50,000.00","50,002.43",892224,寿险团险,安徽,34240179000022,,寿险团险,安徽,六安,团拓,养老险公司,总部,寿险团险,安徽,,,网上交易,国寿养老险,2016-09-06,寿险团险,安徽,六安,团拓
CL1000703404,刘芳,身份证,342824********002X,CL9056,福寿嘉年35期,"40,000.00","40,000.00","40,000.78",892224,寿险团险,安徽,34082479000010,,寿险团险,安徽,安庆,潜山,,,寿险团险,安徽,,,APP,国寿养老险,2016-09-06,寿险团险,安徽,安庆,潜山
CL1000950690,邢小梅,身份证,342529********3025,CL9056,福寿嘉年35期,"60,000.00","60,000.00","60,001.17",892224,寿险团险,安徽, ,,,,,,养老险公司,总部,寿险团险,安徽,,,网上交易,国寿养老险,2016-09-06,寿险团险,安徽,,
CL1000328474,殷琳,身份证,342524********1521,CL9056,福寿嘉年35期,"40,000.00","40,000.00","40,001.94",892224,寿险团险,安徽,34250179000009,,寿险团险,安徽,宣城,团拓,养老险公司,总部,寿险团险,安徽,,,网上交易,国寿养老险,2016-09-06,寿险团险,安徽,宣城,团拓
CL1000038015,陈仁全,身份证,342423********0116,CL9056,福寿嘉年35期,"360,000.00","360,000.00","360,017.50",948676,寿险银保,安徽,YL34000008,李娟娟,养老险公司,安徽,,,养老险公司,总部,寿险银保,安徽,,,网上交易,国寿养老险,2016-09-06,养老险公司,安徽,,
CL1004877629,殷文俊,身份证,342401********0744,CL9056,福寿嘉年35期,"220,000.00","220,000.00","220,010.69",892224,寿险团险,安徽,34240179000022,,寿险团险,安徽,六安,团拓,养老险公司,总部,寿险团险,安徽,,,网上交易,国寿养老险,2016-09-06,寿险团险,安徽,六安,团拓
CL1000813332,徐宏保,身份证,340224********0010,CL9056,福寿嘉年35期,"50,000.00","50,000.00","50,002.43",892224,寿险团险,安徽,34292413408650,,寿险团险,安徽,池州,九华山支公司,养老险公司,总部,寿险团险,安徽,,,网上交易,国寿养老险,2016-09-06,寿险团险,安徽,池州,九华山支公司
CL1004912790,郝敬玲,身份证,342401********002X,CL9056,福寿嘉年35期,"30,000.00","30,000.00","30,001.46",892224,寿险团险,安徽,34240179000022,,寿险团险,安徽,六安,团拓,养老险公司,总部,寿险团险,安徽,,,网上交易,国寿养老险,2016-09-06,寿险团险,安徽,六安,团拓
CL1000034964,周雪飞,身份证,340702********0526,CL9056,福寿嘉年35期,"16,000.00","16,000.00","16,000.16",892224,寿险团险,安徽,34070379001002,,寿险团险,安徽,铜陵,团拓部（城区）,养老险公司,总部,寿险团险,安徽,,,网上交易,国寿养老险,2016-09-06,寿险团险,安徽,铜陵,团拓部（城区）
CL1000983935,杨毅,身份证,340111********4510,CL9056,福寿嘉年35期,"20,000.00","20,000.00","20,000.97",892224,寿险团险,安徽,34011379000004,,寿险团险,安徽,合肥,团险拓展部,养老险公司,总部,寿险团险,安徽,,,网上交易,国寿养老险,2016-09-06,寿险团险,安徽,合肥,团险拓展部
CL1000158196,鄢云翠,身份证,340202********1029,CL9056,福寿嘉年35期,"20,000.00","20,000.00","20,000.97",892224,寿险团险,安徽,34020179000025,,寿险团险,安徽,芜湖,团拓,养老险公司,总部,寿险团险,安徽,,,网上交易,国寿养老险,2016-09-06,寿险团险,安徽,芜湖,团拓
CL1000983935,杨毅,身份证,340111********4510,CL9056,福寿嘉年35期,"30,000.00","30,000.00","30,001.46",892224,寿险团险,安徽,34011379000004,,寿险团险,安徽,合肥,团险拓展部,养老险公司,总部,寿险团险,安徽,,,网上交易,国寿养老险,2016-09-06,寿险团险,安徽,合肥,团险拓展部
CL1000090088,高从容,身份证,342401********0029,CL9056,福寿嘉年35期,"50,000.00","50,000.00","50,000.97",892224,寿险团险,安徽,34240179000013,,寿险团险,安徽,六安,团拓,养老险公司,总部,寿险团险,安徽,,,网上交易,国寿养老险,2016-09-06,寿险团险,安徽,六安,团拓
CL1000090088,高从容,身份证,342401********0029,CL9056,福寿嘉年35期,"50,000.00","50,000.00","50,002.43",892224,寿险团险,安徽,34240179000013,,寿险团险,安徽,六安,团拓,养老险公司,总部,寿险团险,安徽,,,网上交易,国寿养老险,2016-09-06,寿险团险,安徽,六安,团拓
CL1000779815,刘运琴,身份证,342401********1683,CL9056,福寿嘉年35期,"50,000.00","50,000.00","50,002.43",892224,寿险团险,安徽,34240179000022,,寿险团险,安徽,六安,团拓,养老险公司,总部,寿险团险,安徽,,,网上交易,国寿养老险,2016-09-06,寿险团险,安徽,六安,团拓
CL1002842284,张观霞,身份证,340504********0040,CL9056,福寿嘉年35期,"300,000.00","300,000.00","300,014.58",892224,寿险团险,安徽,34050279000025,,寿险团险,安徽,马鞍山市,马鞍山市团拓部,养老险公司,总部,寿险团险,安徽,,,网上交易,国寿养老险,2016-09-06,寿险团险,安徽,马鞍山市,马鞍山市团拓部
CL1003946572,黄萍,身份证,342725********6024,CL9056,福寿嘉年35期,"30,000.00","30,000.00","30,001.46",892224,寿险团险,安徽,34100279000003,,寿险团险,安徽,黄山,黄山市团拓部,,,寿险团险,安徽,,,APP,国寿养老险,2016-09-06,寿险团险,安徽,黄山,黄山市团拓部
CL1000010039,陈建英,身份证,340121********0067,CL9056,福寿嘉年35期,"130,000.00","130,000.00","130,006.32",892224,寿险团险,安徽,34012179000022,,寿险团险,安徽,合肥,长丰支公司,养老险公司,总部,寿险团险,安徽,,,网上交易,国寿养老险,2016-09-06,寿险团险,安徽,合肥,长丰支公司
CL1000045527,陈朝阳,身份证,340104********1516,CL9056,福寿嘉年35期,"50,000.00","50,000.00","50,002.43",948676,寿险银保,安徽,YL34000005,张哲,养老险公司,安徽,,,养老险公司,总部,寿险银保,安徽,,,网上交易,国寿养老险,2016-09-06,养老险公司,安徽,,
CL1000045527,陈朝阳,身份证,340104********1516,CL9056,福寿嘉年35期,"50,000.00","50,000.00","50,002.43",948676,寿险银保,安徽,YL34000005,张哲,养老险公司,安徽,,,养老险公司,总部,寿险银保,安徽,,,网上交易,国寿养老险,2016-09-06,养老险公司,安徽,,
CL1000045527,陈朝阳,身份证,340104********1516,CL9056,福寿嘉年35期,"50,000.00","50,000.00","50,002.43",948676,寿险银保,安徽,YL34000005,张哲,养老险公司,安徽,,,养老险公司,总部,寿险银保,安徽,,,网上交易,国寿养老险,2016-09-06,养老险公司,安徽,,
CL1000045527,陈朝阳,身份证,340104********1516,CL9056,福寿嘉年35期,"50,000.00","50,000.00","50,002.43",948676,寿险银保,安徽,YL34000005,张哲,养老险公司,安徽,,,养老险公司,总部,寿险银保,安徽,,,网上交易,国寿养老险,2016-09-06,养老险公司,安徽,,
CL1000045527,陈朝阳,身份证,340104********1516,CL9056,福寿嘉年35期,"50,000.00","50,000.00","50,002.43",948676,寿险银保,安徽,YL34000005,张哲,养老险公司,安徽,,,养老险公司,总部,寿险银保,安徽,,,网上交易,国寿养老险,2016-09-06,养老险公司,安徽,,
CL1000045527,陈朝阳,身份证,340104********1516,CL9056,福寿嘉年35期,"50,000.00","50,000.00","50,002.43",948676,寿险银保,安徽,YL34000005,张哲,养老险公司,安徽,,,养老险公司,总部,寿险银保,安徽,,,网上交易,国寿养老险,2016-09-06,养老险公司,安徽,,
CL1000656371,邵银屏,身份证,340103********2027,CL9056,福寿嘉年35期,"200,000.00","200,000.00","200,009.72",892224,寿险团险,安徽,34011379000004,,寿险团险,安徽,合肥,团险拓展部,养老险公司,总部,寿险团险,安徽,,,网上交易,国寿养老险,2016-09-06,寿险团险,安徽,合肥,团险拓展部
CL1000941113,余道勤,身份证,342421********1425,CL9056,福寿嘉年35期,"130,000.00","130,000.00","130,002.53",892224,寿险团险,安徽,34240179000022,,寿险团险,安徽,六安,团拓,养老险公司,总部,寿险团险,安徽,,,网上交易,国寿养老险,2016-09-06,寿险团险,安徽,六安,团拓
CL1000939284,江开华,身份证,342401********3428,CL9056,福寿嘉年35期,"50,000.00","50,000.00","50,002.43",892224,寿险团险,安徽,34240179000022,,寿险团险,安徽,六安,团拓,养老险公司,总部,寿险团险,安徽,,,网上交易,国寿养老险,2016-09-06,寿险团险,安徽,六安,团拓
CL1000244411,丁红霞,身份证,342425********0060,CL9056,福寿嘉年35期,"150,000.00","150,000.00","150,007.29",892224,寿险团险,安徽,34242579000011,,寿险团险,安徽,六安,舒城,养老险公司,总部,寿险团险,安徽,,,网上交易,国寿养老险,2016-09-06,寿险团险,安徽,六安,舒城
CL1000639716,张静,身份证,342201********0220,CL9056,福寿嘉年35期,"50,000.00","50,000.00","50,002.43",892224,寿险团险,安徽,34222579000006,,寿险团险,安徽,宿州,泗县支公司,养老险公司,总部,寿险团险,安徽,,,网上交易,国寿养老险,2016-09-06,寿险团险,安徽,宿州,泗县支公司
CL1000991135,涂际春,身份证,340824********2823,CL9056,福寿嘉年35期,"22,000.00","22,000.00","22,001.07",892224,寿险团险,安徽, ,,,,,,养老险公司,总部,寿险团险,安徽,,,网上交易,国寿养老险,2016-09-06,寿险团险,安徽,,
CL1000991135,涂际春,身份证,340824********2823,CL9056,福寿嘉年35期,"50,000.00","50,000.00","50,002.43",892224,寿险团险,安徽, ,,,,,,养老险公司,总部,寿险团险,安徽,,,网上交易,国寿养老险,2016-09-06,寿险团险,安徽,,
CL1000991135,涂际春,身份证,340824********2823,CL9056,福寿嘉年35期,"30,000.00","30,000.00","30,001.46",892224,寿险团险,安徽, ,,,,,,养老险公司,总部,寿险团险,安徽,,,网上交易,国寿养老险,2016-09-06,寿险团险,安徽,,
CL1004942427,朱敏,身份证,341102********244X,CL9056,福寿嘉年35期,"50,000.00","50,000.00","50,000.49",892224,寿险团险,安徽,34112479000010,,寿险团险,安徽,滁州,全椒,养老险公司,总部,寿险团险,安徽,,,网上交易,国寿养老险,2016-09-06,寿险团险,安徽,滁州,全椒
CL1002628044,赵莉,身份证,340303********0426,CL9056,福寿嘉年35期,"40,000.00","40,000.00","40,001.94",892224,寿险团险,安徽,34031079000016,,寿险团险,安徽,蚌埠,团拓,养老险公司,总部,寿险团险,安徽,,,网上交易,国寿养老险,2016-09-06,寿险团险,安徽,蚌埠,团拓
CL1004913100,王如凤,身份证,341125********7761,CL9056,福寿嘉年35期,"40,000.00","40,000.00","40,000.78",892224,寿险团险,安徽,34112579000024,,寿险团险,安徽,滁州,定远,,,寿险团险,安徽,,,APP,国寿养老险,2016-09-06,寿险团险,安徽,滁州,定远
CL1004665652,程美玲,身份证,342724********0324,CL9056,福寿嘉年35期,"70,000.00","70,000.00","70,003.40",892224,寿险团险,安徽,34100279000003,,寿险团险,安徽,黄山,黄山市团拓部,养老险公司,总部,寿险团险,安徽,,,网上交易,国寿养老险,2016-09-06,寿险团险,安徽,黄山,黄山市团拓部
CL1004942283,王芳,身份证,342301********5423,CL9056,福寿嘉年35期,"50,000.00","50,000.00","50,000.97",892224,寿险团险,安徽,34112479000010,,寿险团险,安徽,滁州,全椒,养老险公司,总部,寿险团险,安徽,,,网上交易,国寿养老险,2016-09-06,寿险团险,安徽,滁州,全椒
CL1004942283,王芳,身份证,342301********5423,CL9056,福寿嘉年35期,"50,000.00","50,000.00","50,000.97",892224,寿险团险,安徽,34112479000010,,寿险团险,安徽,滁州,全椒,养老险公司,总部,寿险团险,安徽,,,网上交易,国寿养老险,2016-09-06,寿险团险,安徽,滁州,全椒
CL1000356314,张冬萌,身份证,341281********0613,CL9056,福寿嘉年35期,"50,000.00","50,000.00","50,002.43",892224,寿险团险,安徽,34213379001013,,寿险团险,安徽,亳州,谯城支公司,养老险公司,总部,寿险团险,安徽,,,网上交易,国寿养老险,2016-09-06,寿险团险,安徽,亳州,谯城支公司
CL1000356314,张冬萌,身份证,341281********0613,CL9056,福寿嘉年35期,"50,000.00","50,000.00","50,002.43",892224,寿险团险,安徽,34213379001013,,寿险团险,安徽,亳州,谯城支公司,养老险公司,总部,寿险团险,安徽,,,网上交易,国寿养老险,2016-09-06,寿险团险,安徽,亳州,谯城支公司
CL1000356314,张冬萌,身份证,341281********0613,CL9056,福寿嘉年35期,"50,000.00","50,000.00","50,002.43",892224,寿险团险,安徽,34213379001013,,寿险团险,安徽,亳州,谯城支公司,养老险公司,总部,寿险团险,安徽,,,网上交易,国寿养老险,2016-09-06,寿险团险,安徽,亳州,谯城支公司
CL1000356314,张冬萌,身份证,341281********0613,CL9056,福寿嘉年35期,"50,000.00","50,000.00","50,002.43",892224,寿险团险,安徽,34213379001013,,寿险团险,安徽,亳州,谯城支公司,养老险公司,总部,寿险团险,安徽,,,网上交易,国寿养老险,2016-09-06,寿险团险,安徽,亳州,谯城支公司
CL1000356314,张冬萌,身份证,341281********0613,CL9056,福寿嘉年35期,"50,000.00","50,000.00","50,002.43",892224,寿险团险,安徽,34213379001013,,寿险团险,安徽,亳州,谯城支公司,养老险公司,总部,寿险团险,安徽,,,网上交易,国寿养老险,2016-09-06,寿险团险,安徽,亳州,谯城支公司
CL1000356314,张冬萌,身份证,341281********0613,CL9056,福寿嘉年35期,"50,000.00","50,000.00","50,002.43",892224,寿险团险,安徽,34213379001013,,寿险团险,安徽,亳州,谯城支公司,养老险公司,总部,寿险团险,安徽,,,网上交易,国寿养老险,2016-09-06,寿险团险,安徽,亳州,谯城支公司
CL1000356314,张冬萌,身份证,341281********0613,CL9056,福寿嘉年35期,"50,000.00","50,000.00","50,002.43",892224,寿险团险,安徽,34213379001013,,寿险团险,安徽,亳州,谯城支公司,养老险公司,总部,寿险团险,安徽,,,网上交易,国寿养老险,2016-09-06,寿险团险,安徽,亳州,谯城支公司
CL1000356314,张冬萌,身份证,341281********0613,CL9056,福寿嘉年35期,"50,000.00","50,000.00","50,002.43",892224,寿险团险,安徽,34213379001013,,寿险团险,安徽,亳州,谯城支公司,养老险公司,总部,寿险团险,安徽,,,网上交易,国寿养老险,2016-09-06,寿险团险,安徽,亳州,谯城支公司
CL1000356314,张冬萌,身份证,341281********0613,CL9056,福寿嘉年35期,"50,000.00","50,000.00","50,002.43",892224,寿险团险,安徽,34213379001013,,寿险团险,安徽,亳州,谯城支公司,养老险公司,总部,寿险团险,安徽,,,网上交易,国寿养老险,2016-09-06,寿险团险,安徽,亳州,谯城支公司
CL1000356314,张冬萌,身份证,341281********0613,CL9056,福寿嘉年35期,"50,000.00","50,000.00","50,002.43",892224,寿险团险,安徽,34213379001013,,寿险团险,安徽,亳州,谯城支公司,养老险公司,总部,寿险团险,安徽,,,网上交易,国寿养老险,2016-09-06,寿险团险,安徽,亳州,谯城支公司
CL1004836251,钱亭福,身份证,340502********0613,CL9056,福寿嘉年35期,"100,000.00","100,000.00","100,004.86",892224,寿险团险,安徽,34050279000025,,寿险团险,安徽,马鞍山市,马鞍山市团拓部,养老险公司,总部,寿险团险,安徽,,,网上交易,国寿养老险,2016-09-06,寿险团险,安徽,马鞍山市,马鞍山市团拓部
CL1001068804,唐英,身份证,340222********0023,CL9056,福寿嘉年35期,"30,000.00",0.00,0.00, ,,,34020479000040,,寿险团险,安徽,芜湖,繁昌支公司,养老险公司,总部,寿险团险,安徽,芜湖,繁昌支公司,网上交易,国寿养老险,2016-09-06,寿险团险,安徽,芜湖,繁昌支公司
CL1000657858,朱珉,身份证,340103********2517,CL9056,福寿嘉年35期,"50,000.00","50,000.00","50,002.43",892224,寿险团险,安徽,34011371000001,,寿险团险,安徽,合肥,团险拓展部,养老险公司,总部,寿险团险,安徽,,,网上交易,国寿养老险,2016-09-06,寿险团险,安徽,合肥,团险拓展部
CL1000964694,秦玉华,身份证,340223********8421,CL9056,福寿嘉年35期,"50,000.00","50,000.00","50,000.97",892224,寿险团险,安徽,34020579000042,,寿险团险,安徽,芜湖,南陵支公司,,,寿险团险,安徽,,,APP,国寿养老险,2016-09-06,寿险团险,安徽,芜湖,南陵支公司
CL1004764427,张凤华,身份证,340505********0022,CL9056,福寿嘉年35期,"15,000.00","15,000.00","15,000.73",892224,寿险团险,安徽,34050279000025,,寿险团险,安徽,马鞍山市,马鞍山市团拓部,养老险公司,总部,寿险团险,安徽,,,网上交易,国寿养老险,2016-09-06,寿险团险,安徽,马鞍山市,马鞍山市团拓部
CL1000507928,胡胜利,身份证,340702********753X,CL9056,福寿嘉年35期,"50,000.00","50,000.00","50,000.97",892224,寿险团险,安徽,34070379001002,,寿险团险,安徽,铜陵,团拓部（城区）,养老险公司,总部,寿险团险,安徽,,,网上交易,国寿养老险,2016-09-06,寿险团险,安徽,铜陵,团拓部（城区）
CL1000896188,汪榜山,身份证,342401********3411,CL9056,福寿嘉年35期,"50,000.00","50,000.00","50,002.43",892224,寿险团险,安徽,34240179000022,,寿险团险,安徽,六安,团拓,养老险公司,总部,寿险团险,安徽,,,网上交易,国寿养老险,2016-09-06,寿险团险,安徽,六安,团拓
CL1004939788,华芳,身份证,340323********0247,CL9056,福寿嘉年35期,"50,000.00","50,000.00","50,000.97",892224,寿险团险,安徽,34032379000017,,寿险团险,安徽,蚌埠,固镇县支公司,养老险公司,总部,寿险团险,安徽,,,网上交易,国寿养老险,2016-09-06,寿险团险,安徽,蚌埠,固镇县支公司
CL1000197477,夏玲敏,身份证,340802********0027,CL9056,福寿嘉年35期,"37,000.00","37,000.00","37,000.72",892224,寿险团险,安徽, ,,,,,,养老险公司,总部,寿险团险,安徽,,,网上交易,国寿养老险,2016-09-06,寿险团险,安徽,,
CL1000963184,张红,身份证,370923********3425,CL9056,福寿嘉年35期,"50,000.00","50,000.00","50,000.97",892224,寿险团险,安徽,34060279000056,,寿险团险,安徽,淮北,团拓,养老险公司,总部,寿险团险,安徽,,,网上交易,国寿养老险,2016-09-06,寿险团险,安徽,淮北,团拓
CL1000963184,张红,身份证,370923********3425,CL9056,福寿嘉年35期,"50,000.00","50,000.00","50,000.97",892224,寿险团险,安徽,34060279000056,,寿险团险,安徽,淮北,团拓,养老险公司,总部,寿险团险,安徽,,,网上交易,国寿养老险,2016-09-06,寿险团险,安徽,淮北,团拓
CL1000432142,石云,身份证,342422********0168,CL9056,福寿嘉年35期,"40,000.00","40,000.00","40,001.94",892224,寿险团险,安徽,34240179000022,,寿险团险,安徽,六安,团拓,养老险公司,总部,寿险团险,安徽,,,网上交易,国寿养老险,2016-09-06,寿险团险,安徽,六安,团拓
CL1000432142,石云,身份证,342422********0168,CL9056,福寿嘉年35期,"40,000.00","40,000.00","40,001.94",892224,寿险团险,安徽,34240179000022,,寿险团险,安徽,六安,团拓,养老险公司,总部,寿险团险,安徽,,,网上交易,国寿养老险,2016-09-06,寿险团险,安徽,六安,团拓
CL1000340601,邵慧敏,身份证,341003********0024,CL9056,福寿嘉年35期,"10,000.00","10,000.00","10,000.49",892224,寿险团险,安徽,34100279000003,,寿险团险,安徽,黄山,黄山市团拓部,养老险公司,总部,寿险团险,安徽,,,网上交易,国寿养老险,2016-09-06,寿险团险,安徽,黄山,黄山市团拓部
CL1000904418,方向东,身份证,342830********5817,CL9056,福寿嘉年35期,"50,000.00","50,000.00","50,002.43",892224,寿险团险,安徽,34011371000001,,寿险团险,安徽,合肥,团险拓展部,养老险公司,总部,寿险团险,安徽,,,网上交易,国寿养老险,2016-09-06,寿险团险,安徽,合肥,团险拓展部
CL1000904418,方向东,身份证,342830********5817,CL9056,福寿嘉年35期,"50,000.00","50,000.00","50,002.43",892224,寿险团险,安徽,34011371000001,,寿险团险,安徽,合肥,团险拓展部,养老险公司,总部,寿险团险,安徽,,,网上交易,国寿养老险,2016-09-06,寿险团险,安徽,合肥,团险拓展部
CL1000904418,方向东,身份证,342830********5817,CL9056,福寿嘉年35期,"50,000.00","50,000.00","50,002.43",892224,寿险团险,安徽,34011371000001,,寿险团险,安徽,合肥,团险拓展部,养老险公司,总部,寿险团险,安徽,,,网上交易,国寿养老险,2016-09-06,寿险团险,安徽,合肥,团险拓展部
CL1000904418,方向东,身份证,342830********5817,CL9056,福寿嘉年35期,"50,000.00","50,000.00","50,002.43",892224,寿险团险,安徽,34011371000001,,寿险团险,安徽,合肥,团险拓展部,养老险公司,总部,寿险团险,安徽,,,网上交易,国寿养老险,2016-09-06,寿险团险,安徽,合肥,团险拓展部
CL1000904418,方向东,身份证,342830********5817,CL9056,福寿嘉年35期,"50,000.00","50,000.00","50,002.43",892224,寿险团险,安徽,34011371000001,,寿险团险,安徽,合肥,团险拓展部,养老险公司,总部,寿险团险,安徽,,,网上交易,国寿养老险,2016-09-06,寿险团险,安徽,合肥,团险拓展部
CL1000904418,方向东,身份证,342830********5817,CL9056,福寿嘉年35期,"50,000.00","50,000.00","50,002.43",892224,寿险团险,安徽,34011371000001,,寿险团险,安徽,合肥,团险拓展部,养老险公司,总部,寿险团险,安徽,,,网上交易,国寿养老险,2016-09-06,寿险团险,安徽,合肥,团险拓展部
CL1000904418,方向东,身份证,342830********5817,CL9056,福寿嘉年35期,"50,000.00","50,000.00","50,002.43",892224,寿险团险,安徽,34011371000001,,寿险团险,安徽,合肥,团险拓展部,养老险公司,总部,寿险团险,安徽,,,网上交易,国寿养老险,2016-09-06,寿险团险,安徽,合肥,团险拓展部
CL1000904418,方向东,身份证,342830********5817,CL9056,福寿嘉年35期,"50,000.00","50,000.00","50,002.43",892224,寿险团险,安徽,34011371000001,,寿险团险,安徽,合肥,团险拓展部,养老险公司,总部,寿险团险,安徽,,,网上交易,国寿养老险,2016-09-06,寿险团险,安徽,合肥,团险拓展部
CL1004339575,王朝荣,身份证,340211********1612,CL9056,福寿嘉年35期,"180,000.00","180,000.00","180,008.75",892224,寿险团险,安徽,34020179000036,,寿险团险,安徽,芜湖,团拓,养老险公司,总部,寿险团险,安徽,,,网上交易,国寿养老险,2016-09-06,寿险团险,安徽,芜湖,团拓
CL1000995142,付贤生,身份证,342423********2312,CL9056,福寿嘉年35期,"81,000.00","81,000.00","81,003.94",892224,寿险团险,安徽,34240179000022,,寿险团险,安徽,六安,团拓,养老险公司,总部,寿险团险,安徽,,,网上交易,国寿养老险,2016-09-06,寿险团险,安徽,六安,团拓
CL1000668677,曾启银,身份证,340702********1011,CL9056,福寿嘉年35期,"50,000.00","50,000.00","50,002.43",892224,寿险团险,安徽,34070379001002,,寿险团险,安徽,铜陵,团拓部（城区）,养老险公司,总部,寿险团险,安徽,,,网上交易,国寿养老险,2016-09-06,寿险团险,安徽,铜陵,团拓部（城区）
CL1004443332,武天琦,身份证,341102********6452,CL9056,福寿嘉年35期,"10,000.00","10,000.00","10,000.49",892224,寿险团险,安徽,34112279000011,,寿险团险,安徽,滁州,来安,养老险公司,总部,寿险团险,安徽,,,网上交易,国寿养老险,2016-09-06,寿险团险,安徽,滁州,来安
CL1000958869,凤娟,身份证,340223********0021,CL9056,福寿嘉年35期,"20,000.00","20,000.00","20,000.97",892224,寿险团险,安徽,34020579000040,,寿险团险,安徽,芜湖,南陵支公司,,,寿险团险,安徽,,,APP,国寿养老险,2016-09-06,寿险团险,安徽,芜湖,南陵支公司
CL1000432342,王德霞,身份证,342425********0022,CL9056,福寿嘉年35期,"40,000.00","40,000.00","40,001.94",892224,寿险团险,安徽,34242579000011,,寿险团险,安徽,六安,舒城,养老险公司,总部,寿险团险,安徽,,,网上交易,国寿养老险,2016-09-06,寿险团险,安徽,六安,舒城
CL1004837161,鲍奎松,身份证,342530********1818,CL9056,福寿嘉年35期,"39,000.00","39,000.00","39,001.90",892224,寿险团险,安徽,34250179001007,,寿险团险,安徽,宣城,团拓,养老险公司,总部,寿险团险,安徽,,,网上交易,国寿养老险,2016-09-06,寿险团险,安徽,宣城,团拓
CL1000767064,叶红梅,身份证,342401********2264,CL9056,福寿嘉年35期,"10,000.00","10,000.00","10,000.49",892224,寿险团险,安徽,34240179000022,,寿险团险,安徽,六安,团拓,养老险公司,总部,寿险团险,安徽,,,网上交易,国寿养老险,2016-09-06,寿险团险,安徽,六安,团拓
CL1000767064,叶红梅,身份证,342401********2264,CL9056,福寿嘉年35期,"50,000.00","50,000.00","50,002.43",892224,寿险团险,安徽,34240179000022,,寿险团险,安徽,六安,团拓,养老险公司,总部,寿险团险,安徽,,,网上交易,国寿养老险,2016-09-06,寿险团险,安徽,六安,团拓
CL1000767064,叶红梅,身份证,342401********2264,CL9056,福寿嘉年35期,"50,000.00","50,000.00","50,002.43",892224,寿险团险,安徽, ,,,,,,养老险公司,总部,寿险团险,安徽,,,网上交易,国寿养老险,2016-09-06,寿险团险,安徽,,
CL1000046704,陈朝军,身份证,340223********0020,CL9056,福寿嘉年35期,"125,000.00","125,000.00","125,006.08",948676,寿险银保,安徽,YL34000005,张哲,养老险公司,安徽,,,养老险公司,总部,寿险银保,安徽,,,网上交易,国寿养老险,2016-09-06,养老险公司,安徽,,
CL1000141340,邵领,身份证,342221********5095,CL9056,福寿嘉年35期,"50,000.00","50,000.00","50,002.43",892224,寿险团险,安徽,34222579000006,,寿险团险,安徽,宿州,泗县支公司,养老险公司,总部,寿险团险,安徽,,,网上交易,国寿养老险,2016-09-06,寿险团险,安徽,宿州,泗县支公司
CL1000749933,朱泉霞,身份证,340403********1846,CL9056,福寿嘉年35期,"60,000.00","60,000.00","60,000.58", ,,,34041179000014,,寿险团险,安徽,淮南,团拓部,养老险公司,总部,寿险团险,安徽,淮南,团拓部,网上交易,国寿养老险,2016-09-06,寿险团险,安徽,淮南,团拓部
CL1000502534,洪枫,身份证,342601********0227,CL9056,福寿嘉年35期,"42,000.00","42,000.00","42,002.04",892224,寿险团险,安徽,34011371000001,,寿险团险,安徽,合肥,团险拓展部,养老险公司,总部,寿险团险,安徽,,,网上交易,国寿养老险,2016-09-06,寿险团险,安徽,合肥,团险拓展部
CL1003715520,李立斌,身份证,340603********043X,CL9056,福寿嘉年35期,"100,000.00","100,000.00","100,004.86",892224,寿险团险,安徽, ,,,,,,养老险公司,总部,寿险团险,安徽,,,网上交易,国寿养老险,2016-09-06,寿险团险,安徽,,
CL1000693176,吴宝莉,身份证,342326********0302,CL9056,福寿嘉年35期,"50,000.00","50,000.00","50,002.43",892224,寿险团险,安徽,34112279000011,,寿险团险,安徽,滁州,来安,养老险公司,总部,寿险团险,安徽,,,网上交易,国寿养老险,2016-09-06,寿险团险,安徽,滁州,来安
CL1000071325,刘成慧,身份证,342530********0026,CL9056,福寿嘉年35期,"50,000.00","50,000.00","50,002.43",892224,寿险团险,安徽,34100279000003,,寿险团险,安徽,黄山,黄山市团拓部,养老险公司,总部,寿险团险,安徽,,,网上交易,国寿养老险,2016-09-06,寿险团险,安徽,黄山,黄山市团拓部
CL1000071325,刘成慧,身份证,342530********0026,CL9056,福寿嘉年35期,"50,000.00","50,000.00","50,002.43",892224,寿险团险,安徽,34100279000003,,寿险团险,安徽,黄山,黄山市团拓部,养老险公司,总部,寿险团险,安徽,,,网上交易,国寿养老险,2016-09-06,寿险团险,安徽,黄山,黄山市团拓部
CL1000071325,刘成慧,身份证,342530********0026,CL9056,福寿嘉年35期,"50,000.00","50,000.00","50,002.43",892224,寿险团险,安徽,34100279000003,,寿险团险,安徽,黄山,黄山市团拓部,养老险公司,总部,寿险团险,安徽,,,网上交易,国寿养老险,2016-09-06,寿险团险,安徽,黄山,黄山市团拓部
CL1000071325,刘成慧,身份证,342530********0026,CL9056,福寿嘉年35期,"50,000.00","50,000.00","50,002.43",892224,寿险团险,安徽,34100279000003,,寿险团险,安徽,黄山,黄山市团拓部,养老险公司,总部,寿险团险,安徽,,,网上交易,国寿养老险,2016-09-06,寿险团险,安徽,黄山,黄山市团拓部
CL1003243843,张曼,身份证,340323********0869,CL9056,福寿嘉年35期,"150,000.00","150,000.00","150,007.29",892224,寿险团险,安徽,34032379000025,,寿险团险,安徽,蚌埠,固镇县支公司,养老险公司,总部,寿险团险,安徽,,,网上交易,国寿养老险,2016-09-06,寿险团险,安徽,蚌埠,固镇县支公司
CL1001007730,吴成耘,身份证,342623********0022,CL9056,福寿嘉年35期,"50,000.00","50,000.00","50,000.49",892224,寿险团险,安徽,34021379000025,,寿险团险,安徽,芜湖,无为县支公司,养老险公司,总部,寿险团险,安徽,,,网上交易,国寿养老险,2016-09-06,寿险团险,安徽,芜湖,无为县支公司
CL1000327808,谢家谨,身份证,340122********0064,CL9056,福寿嘉年35期,"140,000.00","140,000.00","140,006.81",892224,寿险团险,安徽,34011371000001,,寿险团险,安徽,合肥,团险拓展部,养老险公司,总部,寿险团险,安徽,,,网上交易,国寿养老险,2016-09-06,寿险团险,安徽,合肥,团险拓展部
CL1000056568,孙雪蓉,身份证,340103********2028,CL9056,福寿嘉年35期,"400,000.00","400,000.00","400,019.44",892224,寿险团险,安徽,YL34000009,平欣丽,养老险公司,安徽,,,养老险公司,总部,寿险团险,安徽,,,网上交易,国寿养老险,2016-09-06,养老险公司,安徽,,
CL1004907397,施利芳,身份证,340821********5307,CL9056,福寿嘉年35期,"25,000.00","25,000.00","25,001.22",892224,寿险团险,安徽,34082179000003,,寿险团险,安徽,安庆,桐城,,,寿险团险,安徽,,,APP,国寿养老险,2016-09-06,寿险团险,安徽,安庆,桐城
CL1004943204,叶敏,身份证,342822********4323,CL9056,福寿嘉年35期,"20,000.00","20,000.00","20,000.19",892224,寿险团险,安徽,34082179000003,,寿险团险,安徽,安庆,桐城,养老险公司,总部,寿险团险,安徽,,,网上交易,国寿养老险,2016-09-06,寿险团险,安徽,安庆,桐城
CL1004943204,叶敏,身份证,342822********4323,CL9056,福寿嘉年35期,"30,000.00","30,000.00","30,000.29",892224,寿险团险,安徽,34082179000003,,寿险团险,安徽,安庆,桐城,养老险公司,总部,寿险团险,安徽,,,网上交易,国寿养老险,2016-09-06,寿险团险,安徽,安庆,桐城
CL1000147888,黄德英,身份证,342425********0022,CL9056,福寿嘉年35期,"20,000.00","20,000.00","20,000.39",892224,寿险团险,安徽,34242579000011,,寿险团险,安徽,六安,舒城,养老险公司,总部,寿险团险,安徽,,,网上交易,国寿养老险,2016-09-06,寿险团险,安徽,六安,舒城
CL1004459856,刘艳,身份证,342827********0024,CL9056,福寿嘉年35期,"40,000.00","40,000.00","40,001.94",892224,寿险团险,安徽,34082779000005,,寿险团险,安徽,安庆,望江,养老险公司,总部,寿险团险,安徽,,,网上交易,国寿养老险,2016-09-06,寿险团险,安徽,安庆,望江
CL1000901788,孙干跃,身份证,342501********6611,CL9056,福寿嘉年35期,"20,000.00","20,000.00","20,000.97",892224,寿险团险,安徽,34250179000009,,寿险团险,安徽,宣城,团拓,养老险公司,总部,寿险团险,安徽,,,网上交易,国寿养老险,2016-09-06,寿险团险,安徽,宣城,团拓
CL1000361873,武影,身份证,342130********0067,CL9056,福寿嘉年35期,"50,000.00","50,000.00","50,000.97",892224,寿险团险,安徽,34213379001013,,寿险团险,安徽,亳州,谯城支公司,养老险公司,总部,寿险团险,安徽,,,网上交易,国寿养老险,2016-09-06,寿险团险,安徽,亳州,谯城支公司
CL1000361873,武影,身份证,342130********0067,CL9056,福寿嘉年35期,"50,000.00","50,000.00","50,000.97",892224,寿险团险,安徽,34213379001013,,寿险团险,安徽,亳州,谯城支公司,养老险公司,总部,寿险团险,安徽,,,网上交易,国寿养老险,2016-09-06,寿险团险,安徽,亳州,谯城支公司
CL1000730034,王晓兵,身份证,342529********009X,CL9056,福寿嘉年35期,"25,000.00","25,000.00","25,000.49",892224,寿险团险,安徽, ,,,,,,养老险公司,总部,寿险团险,安徽,,,网上交易,国寿养老险,2016-09-06,寿险团险,安徽,,
CL1001056520,吴琳琳,身份证,342501********1307,CL9056,福寿嘉年35期,"52,000.00","52,000.00","52,001.01",892224,寿险团险,安徽,34250179001007,,寿险团险,安徽,宣城,团拓,养老险公司,总部,寿险团险,安徽,,,网上交易,国寿养老险,2016-09-06,寿险团险,安徽,宣城,团拓
CL1001056520,吴琳琳,身份证,342501********1307,CL9056,福寿嘉年35期,"60,000.00","60,000.00","60,001.17",892224,寿险团险,安徽,34250179001007,,寿险团险,安徽,宣城,团拓,养老险公司,总部,寿险团险,安徽,,,网上交易,国寿养老险,2016-09-06,寿险团险,安徽,宣城,团拓
CL1004939566,吴长翠,身份证,342701********0825,CL9056,福寿嘉年35期,"50,000.00","50,000.00","50,000.97",892224,寿险团险,安徽,34100279000003,,寿险团险,安徽,黄山,黄山市团拓部,养老险公司,总部,寿险团险,安徽,,,网上交易,国寿养老险,2016-09-06,寿险团险,安徽,黄山,黄山市团拓部
CL1000695641,杨自艳,身份证,341103********1221,CL9056,福寿嘉年35期,"60,000.00","60,000.00","60,001.17",892224,寿险团险,安徽, ,,,,,,养老险公司,总部,寿险团险,安徽,,,网上交易,国寿养老险,2016-09-06,寿险团险,安徽,,
CL1000700096,张晚珍,身份证,342700********0023,CL9056,福寿嘉年35期,"50,000.00","50,000.00","50,002.43",892224,寿险团险,安徽,34100279000003,,寿险团险,安徽,黄山,黄山市团拓部,养老险公司,总部,寿险团险,安徽,,,网上交易,国寿养老险,2016-09-06,寿险团险,安徽,黄山,黄山市团拓部
CL1000063547,刘继芬,身份证,341127********0025,CL9056,福寿嘉年35期,"56,000.00","56,000.00","56,002.72",892224,寿险团险,安徽,34011371000001,,寿险团险,安徽,合肥,团险拓展部,养老险公司,总部,寿险团险,安徽,,,网上交易,国寿养老险,2016-09-06,寿险团险,安徽,合肥,团险拓展部
CL1000472899,李艳丽,身份证,342201********4126,CL9056,福寿嘉年35期,"200,000.00","200,000.00","200,003.89",892224,寿险团险,安徽,34222579000006,,寿险团险,安徽,宿州,泗县支公司,养老险公司,总部,寿险团险,安徽,,,网上交易,国寿养老险,2016-09-06,寿险团险,安徽,宿州,泗县支公司
CL1000700096,张晚珍,身份证,342700********0023,CL9056,福寿嘉年35期,"50,000.00","50,000.00","50,000.97",892224,寿险团险,安徽,34100279000003,,寿险团险,安徽,黄山,黄山市团拓部,养老险公司,总部,寿险团险,安徽,,,网上交易,国寿养老险,2016-09-06,寿险团险,安徽,黄山,黄山市团拓部
CL1000610075,金巧琴,身份证,340121********4328,CL9056,福寿嘉年35期,"70,000.00","70,000.00","70,003.40",892224,寿险团险,安徽,34012179000022,,寿险团险,安徽,合肥,长丰支公司,养老险公司,总部,寿险团险,安徽,,,网上交易,国寿养老险,2016-09-06,寿险团险,安徽,合肥,长丰支公司
CL1000895290,刘和文,身份证,340802********0212,CL9056,福寿嘉年35期,"20,000.00","20,000.00","20,000.19",892224,寿险团险,安徽,34080179000010,,寿险团险,安徽,安庆,城区团拓部,养老险公司,总部,寿险团险,安徽,,,网上交易,国寿养老险,2016-09-06,寿险团险,安徽,安庆,城区团拓部
CL1001003556,张红,身份证,340603********0660,CL9056,福寿嘉年35期,"30,000.00","30,000.00","30,001.46",892224,寿险团险,安徽,34060279000002,,寿险团险,安徽,淮北,团拓,养老险公司,总部,寿险团险,安徽,,,网上交易,国寿养老险,2016-09-06,寿险团险,安徽,淮北,团拓
CL1000149842,陈晓媛,身份证,342401********0044,CL9056,福寿嘉年35期,"70,000.00","70,000.00","70,003.40",892224,寿险团险,安徽,34240179000022,,寿险团险,安徽,六安,团拓,养老险公司,总部,寿险团险,安徽,,,网上交易,国寿养老险,2016-09-06,寿险团险,安徽,六安,团拓
CL1000007734,孙进,身份证,340103********3027,CL9056,福寿嘉年35期,"10,000.00","10,000.00","10,000.49",892224,寿险团险,安徽,34011371000001,,寿险团险,安徽,合肥,团险拓展部,养老险公司,总部,寿险团险,安徽,,,网上交易,国寿养老险,2016-09-06,寿险团险,安徽,合肥,团险拓展部
CL1000760361,闫永平,身份证,342201********122X,CL9056,福寿嘉年35期,"30,000.00","30,000.00","30,001.46",892224,寿险团险,安徽,34222579000006,,寿险团险,安徽,宿州,泗县支公司,养老险公司,总部,寿险团险,安徽,,,网上交易,国寿养老险,2016-09-06,寿险团险,安徽,宿州,泗县支公司
CL1002674071,吴新爱,身份证,342701********244X,CL9056,福寿嘉年35期,"40,000.00","40,000.00","40,001.94",892224,寿险团险,安徽,34100279000003,,寿险团险,安徽,黄山,黄山市团拓部,养老险公司,总部,寿险团险,安徽,,,网上交易,国寿养老险,2016-09-06,寿险团险,安徽,黄山,黄山市团拓部
CL1000181020,沈国惠,身份证,340103********2021,CL9056,福寿嘉年35期,"50,000.00","50,000.00","50,002.43",892224,寿险团险,安徽,34011371000001,,寿险团险,安徽,合肥,团险拓展部,养老险公司,总部,寿险团险,安徽,,,网上交易,国寿养老险,2016-09-06,寿险团险,安徽,合肥,团险拓展部
CL1000181020,沈国惠,身份证,340103********2021,CL9056,福寿嘉年35期,"50,000.00","50,000.00","50,002.43",892224,寿险团险,安徽,34011371000001,,寿险团险,安徽,合肥,团险拓展部,养老险公司,总部,寿险团险,安徽,,,网上交易,国寿养老险,2016-09-06,寿险团险,安徽,合肥,团险拓展部
CL1000989228,汪靓,身份证,340821********5925,CL9056,福寿嘉年35期,"30,000.00","30,000.00","30,001.46",892224,寿险团险,安徽,34082179000003,,寿险团险,安徽,安庆,桐城,,,寿险团险,安徽,,,APP,国寿养老险,2016-09-06,寿险团险,安徽,安庆,桐城
CL1000756501,闫洪英,身份证,211002********5726,CL9056,福寿嘉年35期,"30,000.00","30,000.00","30,000.29",892224,寿险团险,安徽,34112479000010,,寿险团险,安徽,滁州,全椒,养老险公司,总部,寿险团险,安徽,,,网上交易,国寿养老险,2016-09-06,寿险团险,安徽,滁州,全椒
CL1000496413,黄慧,身份证,342524********542X,CL9056,福寿嘉年35期,"40,000.00","40,000.00","40,001.94",892224,寿险团险,安徽,34250171001003,,寿险团险,安徽,宣城,团拓,养老险公司,总部,寿险团险,安徽,,,网上交易,国寿养老险,2016-09-06,寿险团险,安徽,宣城,团拓
CL1001066040,祝惠芳,身份证,342724********0027,CL9056,福寿嘉年35期,"20,000.00","20,000.00","20,000.39",892224,寿险团险,安徽,34100279000003,,寿险团险,安徽,黄山,黄山市团拓部,养老险公司,总部,寿险团险,安徽,,,网上交易,国寿养老险,2016-09-06,寿险团险,安徽,黄山,黄山市团拓部
CL1001066040,祝惠芳,身份证,342724********0027,CL9056,福寿嘉年35期,"50,000.00","50,000.00","50,002.43",892224,寿险团险,安徽,34100279000003,,寿险团险,安徽,黄山,黄山市团拓部,养老险公司,总部,寿险团险,安徽,,,网上交易,国寿养老险,2016-09-06,寿险团险,安徽,黄山,黄山市团拓部
CL1000656793,吴增辉,身份证,341224********0217,CL9056,福寿嘉年35期,"170,000.00","170,000.00","170,008.26",892224,寿险团险,安徽,34011379000004,,寿险团险,安徽,合肥,团险拓展部,养老险公司,总部,寿险团险,安徽,,,网上交易,国寿养老险,2016-09-06,寿险团险,安徽,合肥,团险拓展部
CL1003559091,黄琴,身份证,340203********1522,CL9056,福寿嘉年35期,"10,000.00","10,000.00","10,000.49",892224,寿险团险,安徽,34020179000025,,寿险团险,安徽,芜湖,团拓,养老险公司,总部,寿险团险,安徽,,,网上交易,国寿养老险,2016-09-06,寿险团险,安徽,芜湖,团拓
CL1004942516,许玉佩,身份证,342222********012X,CL9056,福寿嘉年35期,"60,000.00","60,000.00","60,000.58",892224,寿险团险,安徽,34222279000006,,寿险团险,安徽,宿州,萧县支公司,养老险公司,总部,寿险团险,安徽,,,网上交易,国寿养老险,2016-09-06,寿险团险,安徽,宿州,萧县支公司
CL1004942783,薛继南,身份证,340502********0488,CL9056,福寿嘉年35期,"50,000.00","50,000.00","50,000.49",892224,寿险团险,安徽,34050279000031,,寿险团险,安徽,马鞍山市,马鞍山市团拓部,养老险公司,总部,寿险团险,安徽,,,网上交易,国寿养老险,2016-09-06,寿险团险,安徽,马鞍山市,马鞍山市团拓部
CL1000734830,张磊,身份证,340104********2517,CL9056,福寿嘉年35期,"18,000.00","18,000.00","18,000.88",892224,寿险团险,安徽,34240179000022,,寿险团险,安徽,六安,团拓,养老险公司,总部,寿险团险,安徽,,,网上交易,国寿养老险,2016-09-06,寿险团险,安徽,六安,团拓
CL1000169093,伍和怡,身份证,342501********054X,CL9056,福寿嘉年35期,"30,000.00","30,000.00","30,001.46",892224,寿险团险,安徽,34250179001007,,寿险团险,安徽,宣城,团拓,养老险公司,总部,寿险团险,安徽,,,网上交易,国寿养老险,2016-09-06,寿险团险,安徽,宣城,团拓
CL1003939704,苑瑞斌,身份证,340403********1631,CL9056,福寿嘉年35期,"40,000.00","40,000.00","40,000.39", ,,,34041179000035,,寿险团险,安徽,淮南,团拓部,养老险公司,总部,寿险团险,安徽,淮南,团拓部,网上交易,国寿养老险,2016-09-06,寿险团险,安徽,淮南,团拓部
CL1000071358,许贵红,身份证,340103********2020,CL9056,福寿嘉年35期,"14,000.00","14,000.00","14,000.68",892224,寿险团险,安徽,34011379000001,,寿险团险,安徽,合肥,团险拓展部,养老险公司,总部,寿险团险,安徽,,,网上交易,国寿养老险,2016-09-06,寿险团险,安徽,合肥,团险拓展部
CL1004339375,王莉,身份证,342822********0045,CL9056,福寿嘉年35期,"30,000.00","30,000.00","30,001.46",892224,寿险团险,安徽,34082179000003,,寿险团险,安徽,安庆,桐城,养老险公司,总部,寿险团险,安徽,,,网上交易,国寿养老险,2016-09-06,寿险团险,安徽,安庆,桐城
CL1004339375,王莉,身份证,342822********0045,CL9056,福寿嘉年35期,"120,000.00","120,000.00","120,005.83",892224,寿险团险,安徽,34082179000003,,寿险团险,安徽,安庆,桐城,养老险公司,总部,寿险团险,安徽,,,网上交易,国寿养老险,2016-09-06,寿险团险,安徽,安庆,桐城
CL1000016666,魏利,身份证,342401********0046,CL9056,福寿嘉年35期,"30,000.00","30,000.00","30,001.46",892224,寿险团险,安徽,34240179000022,,寿险团险,安徽,六安,团拓,养老险公司,总部,寿险团险,安徽,,,网上交易,国寿养老险,2016-09-06,寿险团险,安徽,六安,团拓
CL1000724465,麻安柱,身份证,340204********1536,CL9056,福寿嘉年35期,"80,000.00","80,000.00","80,003.89",892224,寿险团险,安徽,34020179000036,,寿险团险,安徽,芜湖,团拓,养老险公司,总部,寿险团险,安徽,,,网上交易,国寿养老险,2016-09-06,寿险团险,安徽,芜湖,团拓
CL1004696744,夏伦菊,身份证,340122********1668,CL9056,福寿嘉年35期,"52,000.00","52,000.00","52,002.53",892224,寿险团险,安徽,34040013402051,,寿险团险,安徽,,,养老险公司,总部,寿险团险,安徽,,,网上交易,国寿养老险,2016-09-06,寿险团险,安徽,,
CL1000835792,钱林艳,身份证,340702********0567,CL9056,福寿嘉年35期,"500,000.00","500,000.00","500,024.31",892224,寿险团险,安徽,34011379000004,,寿险团险,安徽,合肥,团险拓展部,养老险公司,总部,寿险团险,安徽,,,网上交易,国寿养老险,2016-09-06,寿险团险,安徽,合肥,团险拓展部
CL1004462051,曹莉,身份证,341125********3804,CL9056,福寿嘉年35期,"550,000.00","550,000.00","550,026.74",892224,寿险团险,安徽,34112579000024,,寿险团险,安徽,滁州,定远,,,寿险团险,安徽,,,APP,国寿养老险,2016-09-06,寿险团险,安徽,滁州,定远
CL1004696233,卢光霞,身份证,342401********5426,CL9056,福寿嘉年35期,"100,000.00","100,000.00","100,004.86",892224,寿险团险,安徽,34240179000022,,寿险团险,安徽,六安,团拓,养老险公司,总部,寿险团险,安徽,,,网上交易,国寿养老险,2016-09-06,寿险团险,安徽,六安,团拓
CL1004636124,白玲侠,身份证,342701********0610,CL9056,福寿嘉年35期,"200,000.00","200,000.00","200,009.72",892224,寿险团险,安徽,34100279000003,,寿险团险,安徽,黄山,黄山市团拓部,养老险公司,总部,寿险团险,安徽,,,网上交易,国寿养老险,2016-09-06,寿险团险,安徽,黄山,黄山市团拓部
CL1001006342,张志田,身份证,342201********001X,CL9056,福寿嘉年35期,"50,000.00","50,000.00","50,002.43",892224,寿险团险,安徽,34222579000006,,寿险团险,安徽,宿州,泗县支公司,养老险公司,总部,寿险团险,安徽,,,网上交易,国寿养老险,2016-09-06,寿险团险,安徽,宿州,泗县支公司
CL1000760338,李静,身份证,342201********0221,CL9056,福寿嘉年35期,"100,000.00","100,000.00","100,004.86",892224,寿险团险,安徽,34222579000006,,寿险团险,安徽,宿州,泗县支公司,养老险公司,总部,寿险团险,安徽,,,网上交易,国寿养老险,2016-09-06,寿险团险,安徽,宿州,泗县支公司
CL1002020028,王春妹,身份证,341021********0223,CL9056,福寿嘉年35期,"120,000.00","120,000.00","120,005.83",892224,寿险团险,安徽,34100279000003,,寿险团险,安徽,黄山,黄山市团拓部,养老险公司,总部,寿险团险,安徽,,,网上交易,国寿养老险,2016-09-06,寿险团险,安徽,黄山,黄山市团拓部
CL1000538309,乔虎,身份证,340222********2916,CL9056,福寿嘉年35期,"32,000.00","32,000.00","32,001.56",892224,寿险团险,安徽,34020179000036,,寿险团险,安徽,芜湖,团拓,养老险公司,总部,寿险团险,安徽,,,网上交易,国寿养老险,2016-09-06,寿险团险,安徽,芜湖,团拓
CL1000927744,赵瑞瑞,身份证,340303********0224,CL9056,福寿嘉年35期,"10,000.00","10,000.00","10,000.49",892224,寿险团险,安徽,34012179000022,,寿险团险,安徽,合肥,长丰支公司,养老险公司,总部,寿险团险,安徽,,,网上交易,国寿养老险,2016-09-06,寿险团险,安徽,合肥,长丰支公司
CL1000779737,佘小君,身份证,340103********3547,CL9056,福寿嘉年35期,"100,000.00","100,000.00","100,000.97",892224,寿险团险,安徽,34011379000001,,寿险团险,安徽,合肥,团险拓展部,养老险公司,总部,寿险团险,安徽,,,网上交易,国寿养老险,2016-09-06,寿险团险,安徽,合肥,团险拓展部
CL1000717075,董金玲,身份证,342821********6286,CL9056,福寿嘉年35期,"50,000.00","50,000.00","50,000.97",892224,寿险团险,安徽,34250179001007,,寿险团险,安徽,宣城,团拓,养老险公司,总部,寿险团险,安徽,,,网上交易,国寿养老险,2016-09-06,寿险团险,安徽,宣城,团拓
CL1000244199,沈克玲,身份证,342421********3720,CL9056,福寿嘉年35期,"70,000.00","70,000.00","70,003.40",892224,寿险团险,安徽,34240179000011,,寿险团险,安徽,六安,团拓,养老险公司,总部,寿险团险,安徽,,,网上交易,国寿养老险,2016-09-06,寿险团险,安徽,六安,团拓
CL1000996507,张明月,身份证,342126********0621,CL9056,福寿嘉年35期,"50,000.00","50,000.00","50,000.97",892224,寿险团险,安徽,34213379001013,,寿险团险,安徽,亳州,谯城支公司,养老险公司,总部,寿险团险,安徽,,,网上交易,国寿养老险,2016-09-06,寿险团险,安徽,亳州,谯城支公司
CL1000996507,张明月,身份证,342126********0621,CL9056,福寿嘉年35期,"50,000.00","50,000.00","50,000.97",892224,寿险团险,安徽,34213379001013,,寿险团险,安徽,亳州,谯城支公司,养老险公司,总部,寿险团险,安徽,,,网上交易,国寿养老险,2016-09-06,寿险团险,安徽,亳州,谯城支公司
CL1000996507,张明月,身份证,342126********0621,CL9056,福寿嘉年35期,"20,000.00","20,000.00","20,000.39",892224,寿险团险,安徽,34213379001013,,寿险团险,安徽,亳州,谯城支公司,养老险公司,总部,寿险团险,安徽,,,网上交易,国寿养老险,2016-09-06,寿险团险,安徽,亳州,谯城支公司
CL1000996507,张明月,身份证,342126********0621,CL9056,福寿嘉年35期,"10,000.00","10,000.00","10,000.19",892224,寿险团险,安徽,34213379001013,,寿险团险,安徽,亳州,谯城支公司,养老险公司,总部,寿险团险,安徽,,,网上交易,国寿养老险,2016-09-06,寿险团险,安徽,亳州,谯城支公司
CL1000459063,周卓凌,身份证,340702********7525,CL9056,福寿嘉年35期,"50,000.00","50,000.00","50,000.49",892224,寿险团险,安徽,34070379001002,,寿险团险,安徽,铜陵,团拓部（城区）,养老险公司,总部,寿险团险,安徽,,,网上交易,国寿养老险,2016-09-06,寿险团险,安徽,铜陵,团拓部（城区）
CL1000459063,周卓凌,身份证,340702********7525,CL9056,福寿嘉年35期,"50,000.00","50,000.00","50,000.49",892224,寿险团险,安徽,34070379001002,,寿险团险,安徽,铜陵,团拓部（城区）,养老险公司,总部,寿险团险,安徽,,,网上交易,国寿养老险,2016-09-06,寿险团险,安徽,铜陵,团拓部（城区）
CL1004836740,许琛,身份证,341223********0029,CL9056,福寿嘉年35期,"100,000.00","100,000.00","100,004.86",892224,寿险团险,安徽,34011379000001,,寿险团险,安徽,合肥,团险拓展部,养老险公司,总部,寿险团险,安徽,,,网上交易,国寿养老险,2016-09-06,寿险团险,安徽,合肥,团险拓展部
CL1000459063,周卓凌,身份证,340702********7525,CL9056,福寿嘉年35期,"50,000.00","50,000.00","50,000.49",892224,寿险团险,安徽,34070379001002,,寿险团险,安徽,铜陵,团拓部（城区）,养老险公司,总部,寿险团险,安徽,,,网上交易,国寿养老险,2016-09-06,寿险团险,安徽,铜陵,团拓部（城区）
CL1000459063,周卓凌,身份证,340702********7525,CL9056,福寿嘉年35期,"50,000.00","50,000.00","50,000.49",892224,寿险团险,安徽,34070379001002,,寿险团险,安徽,铜陵,团拓部（城区）,养老险公司,总部,寿险团险,安徽,,,网上交易,国寿养老险,2016-09-06,寿险团险,安徽,铜陵,团拓部（城区）
CL1004904756,吴立信,身份证,342401********0039,CL9056,福寿嘉年35期,"50,000.00","50,000.00","50,002.43",892224,寿险团险,安徽,34240179000022,,寿险团险,安徽,六安,团拓,养老险公司,总部,寿险团险,安徽,,,网上交易,国寿养老险,2016-09-06,寿险团险,安徽,六安,团拓
CL1004666039,汪金凤,身份证,342827********0060,CL9056,福寿嘉年35期,"50,000.00","50,000.00","50,000.97",892224,寿险团险,安徽,34082779000003,,寿险团险,安徽,安庆,望江,养老险公司,总部,寿险团险,安徽,,,网上交易,国寿养老险,2016-09-06,寿险团险,安徽,安庆,望江
CL1004666039,汪金凤,身份证,342827********0060,CL9056,福寿嘉年35期,"50,000.00","50,000.00","50,002.43",892224,寿险团险,安徽,34082779000003,,寿险团险,安徽,安庆,望江,养老险公司,总部,寿险团险,安徽,,,网上交易,国寿养老险,2016-09-06,寿险团险,安徽,安庆,望江
CL1000942323,徐锡,身份证,340821********0017,CL9056,福寿嘉年35期,"40,000.00","40,000.00","40,000.39",892224,寿险团险,安徽,34082179000003,,寿险团险,安徽,安庆,桐城,养老险公司,总部,寿险团险,安徽,,,网上交易,国寿养老险,2016-09-06,寿险团险,安徽,安庆,桐城
CL1000972794,李青年,身份证,340203********0222,CL9056,福寿嘉年35期,"80,000.00","80,000.00","80,003.89",892224,寿险团险,安徽,34020179000036,,寿险团险,安徽,芜湖,团拓,养老险公司,总部,寿险团险,安徽,,,网上交易,国寿养老险,2016-09-06,寿险团险,安徽,芜湖,团拓
CL1000927711,桂爱萍,身份证,342529********0046,CL9056,福寿嘉年35期,"30,000.00","30,000.00","30,000.29",892224,寿险团险,安徽, ,,,,,,养老险公司,总部,寿险团险,安徽,,,网上交易,国寿养老险,2016-09-06,寿险团险,安徽,,
CL1000583804,谢琴,身份证,342501********5623,CL9056,福寿嘉年35期,"30,000.00","30,000.00","30,000.58",892224,寿险团险,安徽,34250179001007,,寿险团险,安徽,宣城,团拓,养老险公司,总部,寿险团险,安徽,,,网上交易,国寿养老险,2016-09-06,寿险团险,安徽,宣城,团拓
CL1000693909,钱小菊,身份证,340223********0024,CL9056,福寿嘉年35期,"50,000.00","50,000.00","50,002.43",892224,寿险团险,安徽,34060279000061,,寿险团险,安徽,淮北,团拓,养老险公司,总部,寿险团险,安徽,,,网上交易,国寿养老险,2016-09-06,寿险团险,安徽,淮北,团拓
CL1000693909,钱小菊,身份证,340223********0024,CL9056,福寿嘉年35期,"50,000.00","50,000.00","50,002.43",892224,寿险团险,安徽,34060279000061,,寿险团险,安徽,淮北,团拓,养老险公司,总部,寿险团险,安徽,,,网上交易,国寿养老险,2016-09-06,寿险团险,安徽,淮北,团拓
CL1000693909,钱小菊,身份证,340223********0024,CL9056,福寿嘉年35期,"50,000.00","50,000.00","50,002.43",892224,寿险团险,安徽,34060279000061,,寿险团险,安徽,淮北,团拓,养老险公司,总部,寿险团险,安徽,,,网上交易,国寿养老险,2016-09-06,寿险团险,安徽,淮北,团拓
CL1000198543,殷明玲,身份证,342501********0304,CL9056,福寿嘉年35期,"100,000.00","100,000.00","100,004.86",892224,寿险团险,安徽, ,,,,,,养老险公司,总部,寿险团险,安徽,,,网上交易,国寿养老险,2016-09-06,寿险团险,安徽,,
CL1001067783,刘晔,身份证,342301********0613,CL9056,福寿嘉年35期,"60,000.00","60,000.00","60,000.58",892224,寿险团险,安徽,34110179000023,,寿险团险,安徽,滁州,团拓,养老险公司,总部,寿险团险,安徽,,,网上交易,国寿养老险,2016-09-06,寿险团险,安徽,滁州,团拓
CL1001067783,刘晔,身份证,342301********0613,CL9056,福寿嘉年35期,"460,000.00","460,000.00","460,008.94",892224,寿险团险,安徽,34110179000023,,寿险团险,安徽,滁州,团拓,养老险公司,总部,寿险团险,安徽,,,网上交易,国寿养老险,2016-09-06,寿险团险,安徽,滁州,团拓
CL1000895589,朱捷,身份证,340802********0422,CL9056,福寿嘉年35期,"41,000.00","41,000.00","41,001.99",892224,寿险团险,安徽,34080179000010,,寿险团险,安徽,安庆,城区团拓部,,,寿险团险,安徽,,,APP,国寿养老险,2016-09-06,寿险团险,安徽,安庆,城区团拓部
CL1004875410,朱常盛,身份证,340103********301X,CL9056,福寿嘉年35期,"60,000.00","60,000.00","60,002.92",892224,寿险团险,安徽,34011371000001,,寿险团险,安徽,合肥,团险拓展部,养老险公司,总部,寿险团险,安徽,,,网上交易,国寿养老险,2016-09-06,寿险团险,安徽,合肥,团险拓展部
CL1000857774,刘荣乐,身份证,340102********101X,CL9056,福寿嘉年35期,"30,000.00","30,000.00","30,001.46",892224,寿险团险,安徽,34011371000001,,寿险团险,安徽,合肥,团险拓展部,养老险公司,总部,寿险团险,安徽,,,网上交易,国寿养老险,2016-09-06,寿险团险,安徽,合肥,团险拓展部
CL1000787315,高媛,身份证,342401********0028,CL9056,福寿嘉年35期,"80,000.00","80,000.00","80,003.89",892224,寿险团险,安徽,34240179000022,,寿险团险,安徽,六安,团拓,养老险公司,总部,寿险团险,安徽,,,网上交易,国寿养老险,2016-09-06,寿险团险,安徽,六安,团拓
CL1000464699,朱琴,身份证,340702********5029,CL9056,福寿嘉年35期,"29,000.00","29,000.00","29,001.41",892224,寿险团险,安徽,34070379001001,,寿险团险,安徽,铜陵,团拓部（城区）,养老险公司,总部,寿险团险,安徽,,,网上交易,国寿养老险,2016-09-06,寿险团险,安徽,铜陵,团拓部（城区）
CL1002671896,李敏,身份证,342401********2229,CL9056,福寿嘉年35期,"35,000.00","35,000.00","35,001.70",892224,寿险团险,安徽,34240179000022,,寿险团险,安徽,六安,团拓,养老险公司,总部,寿险团险,安徽,,,网上交易,国寿养老险,2016-09-06,寿险团险,安徽,六安,团拓
CL1004906710,王浩然,身份证,340304********1214,CL9056,福寿嘉年35期,"25,000.00","25,000.00","25,001.22",892224,寿险团险,安徽,34032179000025,,寿险团险,安徽,蚌埠,怀远县支公司,养老险公司,总部,寿险团险,安徽,,,网上交易,国寿养老险,2016-09-06,寿险团险,安徽,蚌埠,怀远县支公司
CL1003564249,胡晓美,身份证,340202********1420,CL9056,福寿嘉年35期,"50,000.00","50,000.00","50,002.43",892224,寿险团险,安徽,34020179000036,,寿险团险,安徽,芜湖,团拓,养老险公司,总部,寿险团险,安徽,,,网上交易,国寿养老险,2016-09-06,寿险团险,安徽,芜湖,团拓
CL1000994065,范雪玲,身份证,340223********0044,CL9056,福寿嘉年35期,"50,000.00","50,000.00","50,002.43",892224,寿险团险,安徽,34020579000042,,寿险团险,安徽,芜湖,南陵支公司,,,寿险团险,安徽,,,APP,国寿养老险,2016-09-06,寿险团险,安徽,芜湖,南陵支公司
CL1000669310,姚秋,身份证,342529********0028,CL9056,福寿嘉年35期,"100,000.00","100,000.00","100,000.97", ,,,34250179001007,,寿险团险,安徽,宣城,团拓,养老险公司,总部,寿险团险,安徽,宣城,团拓,网上交易,国寿养老险,2016-09-06,寿险团险,安徽,宣城,团拓
CL1000943000,史东兵,身份证,340821********0019,CL9056,福寿嘉年35期,"10,000.00","10,000.00","10,000.19",892224,寿险团险,安徽, ,,,,,,养老险公司,总部,寿险团险,安徽,,,网上交易,国寿养老险,2016-09-06,寿险团险,安徽,,
CL1000009721,王浩,身份证,342601********021X,CL9056,福寿嘉年35期,"10,000.00","10,000.00","10,000.49",892224,寿险团险,安徽,34011371000001,,寿险团险,安徽,合肥,团险拓展部,养老险公司,总部,寿险团险,安徽,,,网上交易,国寿养老险,2016-09-06,寿险团险,安徽,合肥,团险拓展部
CL1000863254,钱文浩,身份证,340224********0056,CL9056,福寿嘉年35期,"50,000.00","50,000.00","50,000.49",892224,寿险团险,安徽,34292413408650,,寿险团险,安徽,池州,九华山支公司,养老险公司,总部,寿险团险,安徽,,,网上交易,国寿养老险,2016-09-06,寿险团险,安徽,池州,九华山支公司
CL1000863254,钱文浩,身份证,340224********0056,CL9056,福寿嘉年35期,"50,000.00","50,000.00","50,000.97",892224,寿险团险,安徽,34292413409650,,寿险团险,安徽,池州,九华山支公司,养老险公司,总部,寿险团险,安徽,,,网上交易,国寿养老险,2016-09-06,寿险团险,安徽,池州,九华山支公司
CL1003243610,黄李节,身份证,342821********3311,CL9056,福寿嘉年35期,"21,000.00","21,000.00","21,000.41",892224,寿险团险,安徽,34082279000008,,寿险团险,安徽,安庆,怀宁,养老险公司,总部,寿险团险,安徽,,,网上交易,国寿养老险,2016-09-06,寿险团险,安徽,安庆,怀宁
CL1004941573,郭名芝,身份证,342401********1120,CL9056,福寿嘉年35期,"70,000.00","70,000.00","70,001.36",892224,寿险团险,安徽,34240179000022,,寿险团险,安徽,六安,团拓,养老险公司,总部,寿险团险,安徽,,,网上交易,国寿养老险,2016-09-06,寿险团险,安徽,六安,团拓
CL1000165708,何家芳,身份证,342501********0288,CL9056,福寿嘉年35期,"200,000.00","200,000.00","200,003.89",892224,寿险团险,安徽, ,,,,,,养老险公司,总部,寿险团险,安徽,,,网上交易,国寿养老险,2016-09-06,寿险团险,安徽,,
CL1001065696,甄静,身份证,340304********1241,CL9056,福寿嘉年35期,"50,000.00","50,000.00","50,002.43",892224,寿险团险,安徽,34031079000016,,寿险团险,安徽,蚌埠,团拓,养老险公司,总部,寿险团险,安徽,,,网上交易,国寿养老险,2016-09-06,寿险团险,安徽,蚌埠,团拓
CL1001065696,甄静,身份证,340304********1241,CL9056,福寿嘉年35期,"20,000.00","20,000.00","20,000.39",892224,寿险团险,安徽,34031079000016,,寿险团险,安徽,蚌埠,团拓,养老险公司,总部,寿险团险,安徽,,,网上交易,国寿养老险,2016-09-06,寿险团险,安徽,蚌埠,团拓
CL1000224015,许旭梅,身份证,342501********0282,CL9056,福寿嘉年35期,"20,000.00","20,000.00","20,000.97",892224,寿险团险,安徽,34250179001007,,寿险团险,安徽,宣城,团拓,养老险公司,总部,寿险团险,安徽,,,网上交易,国寿养老险,2016-09-06,寿险团险,安徽,宣城,团拓
CL1000573995,陈杨,身份证,342201********0435,CL9056,福寿嘉年35期,"20,000.00","20,000.00","20,000.39",892224,寿险团险,安徽,34222579000006,,寿险团险,安徽,宿州,泗县支公司,养老险公司,总部,寿险团险,安徽,,,网上交易,国寿养老险,2016-09-06,寿险团险,安徽,宿州,泗县支公司
CL1000951466,檀诚英,身份证,340802********0424,CL9056,福寿嘉年35期,"10,000.00","10,000.00","10,000.49",892224,寿险团险,安徽,34080179000010,,寿险团险,安徽,安庆,城区团拓部,养老险公司,总部,寿险团险,安徽,,,网上交易,国寿养老险,2016-09-06,寿险团险,安徽,安庆,城区团拓部
CL1002671085,朱金龙,身份证,342401********1014,CL9056,福寿嘉年35期,"50,000.00","50,000.00","50,002.43",892224,寿险团险,安徽,34240179000022,,寿险团险,安徽,六安,团拓,养老险公司,总部,寿险团险,安徽,,,网上交易,国寿养老险,2016-09-06,寿险团险,安徽,六安,团拓
CL1004877341,张伟玲,身份证,340323********0041,CL9056,福寿嘉年35期,"50,000.00","50,000.00","50,002.43",892224,寿险团险,安徽,34032379000016,,寿险团险,安徽,蚌埠,固镇县支公司,养老险公司,总部,寿险团险,安徽,,,网上交易,国寿养老险,2016-09-06,寿险团险,安徽,蚌埠,固镇县支公司
CL1004877341,张伟玲,身份证,340323********0041,CL9056,福寿嘉年35期,"50,000.00","50,000.00","50,002.43",892224,寿险团险,安徽,34032379000016,,寿险团险,安徽,蚌埠,固镇县支公司,养老险公司,总部,寿险团险,安徽,,,网上交易,国寿养老险,2016-09-06,寿险团险,安徽,蚌埠,固镇县支公司
CL1001064920,徐莉莉,身份证,340223********0027,CL9056,福寿嘉年35期,"50,000.00","50,000.00","50,002.43",892224,寿险团险,安徽,34020579000042,,寿险团险,安徽,芜湖,南陵支公司,,,寿险团险,安徽,,,APP,国寿养老险,2016-09-06,寿险团险,安徽,芜湖,南陵支公司
CL1001064920,徐莉莉,身份证,340223********0027,CL9056,福寿嘉年35期,"50,000.00","50,000.00","50,002.43",892224,寿险团险,安徽,34020579000042,,寿险团险,安徽,芜湖,南陵支公司,,,寿险团险,安徽,,,APP,国寿养老险,2016-09-06,寿险团险,安徽,芜湖,南陵支公司
CL1000903108,吴小园,身份证,342529********5829,CL9056,福寿嘉年35期,"90,000.00","90,000.00","90,001.75",892224,寿险团险,安徽, ,,,,,,养老险公司,总部,寿险团险,安徽,,,网上交易,国寿养老险,2016-09-06,寿险团险,安徽,,
CL1000671350,张莉,身份证,342201********0029,CL9056,福寿嘉年35期,"20,000.00","20,000.00","20,000.39",892224,寿险团险,安徽, ,,,,,,养老险公司,总部,寿险团险,安徽,,,网上交易,国寿养老险,2016-09-06,寿险团险,安徽,,
CL1000716565,潘贵山,身份证,342529********0050,CL9056,福寿嘉年35期,"10,000.00","10,000.00","10,000.19",892224,寿险团险,安徽, ,,,,,,养老险公司,总部,寿险团险,安徽,,,网上交易,国寿养老险,2016-09-06,寿险团险,安徽,,
CL1001204826,王爱学,身份证,340104********2033,CL9056,福寿嘉年35期,"50,000.00","50,000.00","50,002.43",948676,寿险银保,安徽,YL34000008,李娟娟,养老险公司,安徽,,,养老险公司,总部,寿险银保,安徽,,,网上交易,国寿养老险,2016-09-06,养老险公司,安徽,,
CL1001204826,王爱学,身份证,340104********2033,CL9056,福寿嘉年35期,"50,000.00","50,000.00","50,002.43",948676,寿险银保,安徽,YL34000008,李娟娟,养老险公司,安徽,,,养老险公司,总部,寿险银保,安徽,,,网上交易,国寿养老险,2016-09-06,养老险公司,安徽,,
CL1001204826,王爱学,身份证,340104********2033,CL9056,福寿嘉年35期,"50,000.00","50,000.00","50,002.43",948676,寿险银保,安徽,YL34000008,李娟娟,养老险公司,安徽,,,养老险公司,总部,寿险银保,安徽,,,网上交易,国寿养老险,2016-09-06,养老险公司,安徽,,
CL1001204826,王爱学,身份证,340104********2033,CL9056,福寿嘉年35期,"50,000.00","50,000.00","50,002.43",948676,寿险银保,安徽,YL34000008,李娟娟,养老险公司,安徽,,,养老险公司,总部,寿险银保,安徽,,,网上交易,国寿养老险,2016-09-06,养老险公司,安徽,,
CL1001204826,王爱学,身份证,340104********2033,CL9056,福寿嘉年35期,"20,000.00","20,000.00","20,000.97",948676,寿险银保,安徽,YL34000008,李娟娟,养老险公司,安徽,,,养老险公司,总部,寿险银保,安徽,,,网上交易,国寿养老险,2016-09-06,养老险公司,安徽,,
CL1004198647,齐敬兰,身份证,341124********362X,CL9056,福寿嘉年35期,"80,000.00","80,000.00","80,003.89",892224,寿险团险,安徽,34112479000017,,寿险团险,安徽,滁州,全椒,养老险公司,总部,寿险团险,安徽,,,网上交易,国寿养老险,2016-09-06,寿险团险,安徽,滁州,全椒
CL1000998783,杨贤秀,身份证,340802********0025,CL9056,福寿嘉年35期,"60,000.00","60,000.00","60,002.92",892224,寿险团险,安徽,34110013405039,,寿险团险,安徽,,,养老险公司,总部,寿险团险,安徽,,,网上交易,国寿养老险,2016-09-06,寿险团险,安徽,,
CL1004763495,金怡,身份证,341022********0047,CL9056,福寿嘉年35期,"30,000.00","30,000.00","30,001.46",892224,寿险团险,安徽,34100279000003,,寿险团险,安徽,黄山,黄山市团拓部,养老险公司,总部,寿险团险,安徽,,,网上交易,国寿养老险,2016-09-06,寿险团险,安徽,黄山,黄山市团拓部
CL1004275874,甘毅,身份证,340224********0013,CL9056,福寿嘉年35期,"300,000.00","300,000.00","300,014.58",892224,寿险团险,安徽, ,,,,,,养老险公司,总部,寿险团险,安徽,,,网上交易,国寿养老险,2016-09-06,寿险团险,安徽,,
CL1000245098,赵文静,身份证,342401********1720,CL9056,福寿嘉年35期,"48,000.00","48,000.00","48,002.33",892224,寿险团险,安徽,34240179000001,,寿险团险,安徽,六安,团拓,,,寿险团险,安徽,,,APP,国寿养老险,2016-09-06,寿险团险,安徽,六安,团拓
CL1000245098,赵文静,身份证,342401********1720,CL9056,福寿嘉年35期,"7,000.00","7,000.00","7,000.07",892224,寿险团险,安徽,34240179000001,,寿险团险,安徽,六安,团拓,,,寿险团险,安徽,,,APP,国寿养老险,2016-09-06,寿险团险,安徽,六安,团拓
CL1000228688,李娟,身份证,342401********0027,CL9056,福寿嘉年35期,"200,000.00","200,000.00","200,001.94",892224,寿险团险,安徽, ,,,,,,养老险公司,总部,寿险团险,安徽,,,网上交易,国寿养老险,2016-09-06,寿险团险,安徽,,
CL1000228688,李娟,身份证,342401********0027,CL9056,福寿嘉年35期,"800,000.00","800,000.00","800,007.78",892224,寿险团险,安徽, ,,,,,,养老险公司,总部,寿险团险,安徽,,,网上交易,国寿养老险,2016-09-06,寿险团险,安徽,,
CL1000058544,杜妍,身份证,341181********0028,CL9056,福寿嘉年35期,"60,000.00","60,000.00","60,001.17",892224,寿险团险,安徽,34011371000001,,寿险团险,安徽,合肥,团险拓展部,养老险公司,总部,寿险团险,安徽,,,网上交易,国寿养老险,2016-09-06,寿险团险,安徽,合肥,团险拓展部
CL1003102101,滕爱兰,身份证,340223********0021,CL9056,福寿嘉年35期,"50,000.00","50,000.00","50,002.43",892224,寿险团险,安徽,34020579000044,,寿险团险,安徽,芜湖,南陵支公司,,,寿险团险,安徽,,,APP,国寿养老险,2016-09-06,寿险团险,安徽,芜湖,南陵支公司
CL1004911591,杨萍,身份证,340203********0343,CL9056,福寿嘉年35期,"10,000.00","10,000.00","10,000.49",892224,寿险团险,安徽,34020179000036,,寿险团险,安徽,芜湖,团拓,养老险公司,总部,寿险团险,安徽,,,网上交易,国寿养老险,2016-09-06,寿险团险,安徽,芜湖,团拓
CL1004909340,王霞,身份证,340702********3521,CL9056,福寿嘉年35期,"40,000.00","40,000.00","40,001.94",892224,寿险团险,安徽,34070379001001,,寿险团险,安徽,铜陵,团拓部（城区）,养老险公司,总部,寿险团险,安徽,,,网上交易,国寿养老险,2016-09-06,寿险团险,安徽,铜陵,团拓部（城区）
CL1000717720,殷安莉,户口本,342401********382X,CL9056,福寿嘉年35期,"50,000.00","50,000.00","50,002.43",892224,寿险团险,安徽,34240179000022,,寿险团险,安徽,六安,团拓,养老险公司,总部,寿险团险,安徽,,,网上交易,国寿养老险,2016-09-06,寿险团险,安徽,六安,团拓
CL1000182552,汪细丽,身份证,342724********812X,CL9056,福寿嘉年35期,"60,000.00","60,000.00","60,002.92",892224,寿险团险,安徽,34100279000003,,寿险团险,安徽,黄山,黄山市团拓部,养老险公司,总部,寿险团险,安徽,,,网上交易,国寿养老险,2016-09-06,寿险团险,安徽,黄山,黄山市团拓部

