﻿FUND_ACCT,CUST_NAME,CERT_TYPE,CERT_NO,FUND_CODE,FUND_NAME,APP_MONEY,ACK_MONEY,ACK_SHARE,INVITECODE,COMPANY_INVITE,BRANCH_INVITE_NEW,REFERID,CUSTNAME_REFER,COMPANY_REFER,BRANCH_REFER_NEW,CT_REFER,CR_REFER,COMPANY_ORG,ORGNAME,SALE_COMPANY_NAME_DTL,SALE_BRANCH_NAME,SALE_CT_NAME,SALE_CR_NAME,ACCEPT_METHOD,AGENCY_NAME,ACK_DATE,SALE_COMPANY_NAME_FEE,SALE_BRANCH_NAME_FEE1,SALE_CT_NAME_FEE,SALE_CR_NAME_FEE
CL1003968187,严群芳,身份证,340224********4843,CL9063,福寿嘉年38期,"43,000.00","43,000.00","43,002.51",827574,寿险团险,安徽,34292313401493,,寿险团险,安徽,池州,青阳支公司,养老险公司,总部,寿险团险,安徽,,,网上交易,国寿养老险,2016-10-13,寿险团险,安徽,池州,青阳支公司
CL1000278522,周美凤,身份证,340702********1044,CL9063,福寿嘉年38期,"38,000.00","38,000.00","38,001.85",827574,寿险团险,安徽,34070379001002,,寿险团险,安徽,铜陵,团拓部（城区）,养老险公司,总部,寿险团险,安徽,,,网上交易,国寿养老险,2016-10-13,寿险团险,安徽,铜陵,团拓部（城区）
CL1005611129,谈宝霞,身份证,340223********6127,CL9063,福寿嘉年38期,"10,000.00","10,000.00","10,000.49",827574,寿险团险,安徽,34020579000042,,寿险团险,安徽,芜湖,南陵支公司,,,寿险团险,安徽,,,APP,国寿养老险,2016-10-13,寿险团险,安徽,芜湖,南陵支公司
CL1001029690,王月英,身份证,340223********7429,CL9063,福寿嘉年38期,"15,000.00","15,000.00","15,000.88",603070,财险公司,安徽,34020579000042,,寿险团险,安徽,芜湖,南陵支公司,,,财险公司,安徽,,,APP,国寿养老险,2016-10-13,寿险团险,安徽,芜湖,南陵支公司
CL1003968054,程梅,身份证,342422********8568,CL9063,福寿嘉年38期,"100,000.00","100,000.00","100,004.86",827574,寿险团险,安徽,34040479000008,,寿险团险,安徽,淮南,谢家集支公司,养老险公司,总部,寿险团险,安徽,,,网上交易,国寿养老险,2016-10-13,寿险团险,安徽,淮南,谢家集支公司
CL1002765491,唐芳,身份证,340402********0042,CL9063,福寿嘉年38期,"40,000.00","40,000.00","40,002.33",827574,寿险团险,安徽,34041179000035,,寿险团险,安徽,淮南,团拓部,养老险公司,总部,寿险团险,安徽,,,网上交易,国寿养老险,2016-10-13,寿险团险,安徽,淮南,团拓部
CL1002765491,唐芳,身份证,340402********0042,CL9063,福寿嘉年38期,"100,000.00","100,000.00","100,005.83",827574,寿险团险,安徽,34041179000035,,寿险团险,安徽,淮南,团拓部,养老险公司,总部,寿险团险,安徽,,,网上交易,国寿养老险,2016-10-13,寿险团险,安徽,淮南,团拓部
CL1005485816,徐润平,身份证,340821********0046,CL9063,福寿嘉年38期,"10,000.00","10,000.00","10,000.58",827574,寿险团险,安徽,34082179000003,,寿险团险,安徽,安庆,桐城,养老险公司,总部,寿险团险,安徽,,,网上交易,国寿养老险,2016-10-13,寿险团险,安徽,安庆,桐城
CL1002625303,李友利,身份证,342201********0839,CL9063,福寿嘉年38期,"80,000.00","80,000.00","80,004.67",603070,财险公司,安徽,34222579000006,,寿险团险,安徽,宿州,泗县支公司,养老险公司,总部,财险公司,安徽,,,网上交易,国寿养老险,2016-10-13,寿险团险,安徽,宿州,泗县支公司
CL1005484373,顾曼曼,身份证,340406********3821,CL9063,福寿嘉年38期,"36,000.00","36,000.00","36,002.10",603070,财险公司,安徽, ,,,,,,养老险公司,总部,财险公司,安徽,,,网上交易,国寿养老险,2016-10-13,财险公司,安徽,,
CL1005351975,张玉芬,身份证,340403********1824,CL9063,福寿嘉年38期,"50,000.00","50,000.00","50,002.92",827574,寿险团险,安徽,34050279000030,,寿险团险,安徽,马鞍山市,马鞍山市团拓部,养老险公司,总部,寿险团险,安徽,,,网上交易,国寿养老险,2016-10-13,寿险团险,安徽,马鞍山市,马鞍山市团拓部
CL1005351975,张玉芬,身份证,340403********1824,CL9063,福寿嘉年38期,"50,000.00","50,000.00","50,002.92",827574,寿险团险,安徽,34050279000030,,寿险团险,安徽,马鞍山市,马鞍山市团拓部,养老险公司,总部,寿险团险,安徽,,,网上交易,国寿养老险,2016-10-13,寿险团险,安徽,马鞍山市,马鞍山市团拓部
CL1000042497,章国宏,身份证,341022********0053,CL9063,福寿嘉年38期,"60,000.00","60,000.00","60,003.50",827574,寿险团险,安徽,34100271000002,,寿险团险,安徽,黄山,黄山市团拓部,养老险公司,总部,寿险团险,安徽,,,网上交易,国寿养老险,2016-10-13,寿险团险,安徽,黄山,黄山市团拓部
CL1000120390,聂梅芳,身份证,340122********4081,CL9063,福寿嘉年38期,"50,000.00","50,000.00","50,002.43",827574,寿险团险,安徽,YL34000008,李娟娟,养老险公司,安徽,,,养老险公司,总部,寿险团险,安徽,,,网上交易,国寿养老险,2016-10-13,养老险公司,安徽,,
CL1000994176,宛云,身份证,340223********7421,CL9063,福寿嘉年38期,"12,000.00","12,000.00","12,000.70",827574,寿险团险,安徽,34020579000042,,寿险团险,安徽,芜湖,南陵支公司,,,寿险团险,安徽,,,APP,国寿养老险,2016-10-13,寿险团险,安徽,芜湖,南陵支公司
CL1002672273,仇玉珍,身份证,340222********0022,CL9063,福寿嘉年38期,"18,000.00","18,000.00","18,001.05",827574,寿险团险,安徽,34020479000034,,寿险团险,安徽,芜湖,繁昌支公司,养老险公司,总部,寿险团险,安徽,,,网上交易,国寿养老险,2016-10-13,寿险团险,安徽,芜湖,繁昌支公司
CL1000143059,鲍德红,身份证,340403********0629,CL9063,福寿嘉年38期,"10,000.00","10,000.00","10,000.58",827574,寿险团险,安徽,340403197010070629, ,财险公司,安徽,,,养老险公司,总部,寿险团险,安徽,,,网上交易,国寿养老险,2016-10-13,财险公司,安徽,,
CL1001004677,徐嵘,身份证,340821********0028,CL9063,福寿嘉年38期,"10,000.00","10,000.00","10,000.58",827574,寿险团险,安徽,34082179000003,,寿险团险,安徽,安庆,桐城,养老险公司,总部,寿险团险,安徽,,,网上交易,国寿养老险,2016-10-13,寿险团险,安徽,安庆,桐城
CL1000790176,闵雪琼,身份证,340702********202X,CL9063,福寿嘉年38期,"50,000.00","50,000.00","50,002.92",827574,寿险团险,安徽,34070379001002,,寿险团险,安徽,铜陵,团拓部（城区）,养老险公司,总部,寿险团险,安徽,,,网上交易,国寿养老险,2016-10-13,寿险团险,安徽,铜陵,团拓部（城区）
CL1000790176,闵雪琼,身份证,340702********202X,CL9063,福寿嘉年38期,"30,000.00","30,000.00","30,001.46",827574,寿险团险,安徽,34070379001002,,寿险团险,安徽,铜陵,团拓部（城区）,养老险公司,总部,寿险团险,安徽,,,网上交易,国寿养老险,2016-10-13,寿险团险,安徽,铜陵,团拓部（城区）
CL1001006808,陈瑞华,身份证,341723********0363,CL9063,福寿嘉年38期,"80,000.00","80,000.00","80,004.67",827574,寿险团险,安徽,34292313401493,,寿险团险,安徽,池州,青阳支公司,养老险公司,总部,寿险团险,安徽,,,网上交易,国寿养老险,2016-10-13,寿险团险,安徽,池州,青阳支公司
CL1002684180,胡明,身份证,342901********6416,CL9063,福寿嘉年38期,"100,000.00","100,000.00","100,004.86",827574,寿险团险,安徽,34292179000023,,寿险团险,安徽,池州,东至支公司,养老险公司,总部,寿险团险,安徽,,,网上交易,国寿养老险,2016-10-13,寿险团险,安徽,池州,东至支公司
CL1001212460,陈玲,身份证,342201********042X,CL9063,福寿嘉年38期,"540,000.00","540,000.00","540,031.50",827574,寿险团险,安徽,34222579000006,,寿险团险,安徽,宿州,泗县支公司,养老险公司,总部,寿险团险,安徽,,,网上交易,国寿养老险,2016-10-13,寿险团险,安徽,宿州,泗县支公司
CL1000994287,耿燕,身份证,342623********0029,CL9063,福寿嘉年38期,"50,000.00","50,000.00","50,002.43",827574,寿险团险,安徽,34020679000018,,寿险团险,安徽,芜湖,开发区支公司,,,寿险团险,安徽,,,APP,国寿养老险,2016-10-13,寿险团险,安徽,芜湖,开发区支公司
CL1003092840,丁锦华,身份证,340822********2645,CL9063,福寿嘉年38期,"50,000.00","50,000.00","50,002.92",827574,寿险团险,安徽,34082279000008,,寿险团险,安徽,安庆,怀宁,养老险公司,总部,寿险团险,安徽,,,网上交易,国寿养老险,2016-10-13,寿险团险,安徽,安庆,怀宁
CL1005392121,刘宗悦,身份证,340202********1058,CL9063,福寿嘉年38期,"500,000.00","500,000.00","500,029.17",827574,寿险团险,安徽,34020179000054,,寿险团险,安徽,芜湖,团拓,养老险公司,总部,寿险团险,安徽,,,网上交易,国寿养老险,2016-10-13,寿险团险,安徽,芜湖,团拓
CL1000138301,盛兰,身份证,340103********0542,CL9063,福寿嘉年38期,"550,000.00","550,000.00","550,032.08",770919,养老险公司,安徽,YL34000005,张哲,养老险公司,安徽,,,养老险公司,总部,养老险公司,安徽,,,网上交易,国寿养老险,2016-10-13,养老险公司,安徽,,
CL1000062848,徐磊,身份证,340702********2025,CL9063,福寿嘉年38期,"200,000.00","200,000.00","200,011.67",827574,寿险团险,安徽,34070379001002,,寿险团险,安徽,铜陵,团拓部（城区）,养老险公司,总部,寿险团险,安徽,,,网上交易,国寿养老险,2016-10-13,寿险团险,安徽,铜陵,团拓部（城区）
CL1000243590,唐艳华,身份证,342221********3020,CL9063,福寿嘉年38期,"30,000.00","30,000.00","30,001.75",603070,财险公司,安徽,34222579000006,,寿险团险,安徽,宿州,泗县支公司,养老险公司,总部,财险公司,安徽,,,网上交易,国寿养老险,2016-10-13,寿险团险,安徽,宿州,泗县支公司
CL1000936210,张新佩,身份证,340403********1822,CL9063,福寿嘉年38期,"30,000.00","30,000.00","30,001.46",827574,寿险团险,安徽,34041179000035,,寿险团险,安徽,淮南,团拓部,养老险公司,总部,寿险团险,安徽,,,网上交易,国寿养老险,2016-10-13,寿险团险,安徽,淮南,团拓部
CL1002766056,曹艳,身份证,342201********0048,CL9063,福寿嘉年38期,"100,000.00","100,000.00","100,004.86",827574,寿险团险,安徽,34222579000006,,寿险团险,安徽,宿州,泗县支公司,养老险公司,总部,寿险团险,安徽,,,网上交易,国寿养老险,2016-10-13,寿险团险,安徽,宿州,泗县支公司
CL1002637276,叶先锋,身份证,340721********4541,CL9063,福寿嘉年38期,"50,000.00","50,000.00","50,002.92",827574,寿险团险,安徽,34070379001002,,寿险团险,安徽,铜陵,团拓部（城区）,养老险公司,总部,寿险团险,安徽,,,网上交易,国寿养老险,2016-10-13,寿险团险,安徽,铜陵,团拓部（城区）
CL1002637276,叶先锋,身份证,340721********4541,CL9063,福寿嘉年38期,"50,000.00","50,000.00","50,002.92",827574,寿险团险,安徽,34070379001002,,寿险团险,安徽,铜陵,团拓部（城区）,养老险公司,总部,寿险团险,安徽,,,网上交易,国寿养老险,2016-10-13,寿险团险,安徽,铜陵,团拓部（城区）
CL1000895856,李鸿梅,身份证,342321********1647,CL9063,福寿嘉年38期,"70,000.00","70,000.00","70,004.08",827574,寿险团险,安徽,34118179000041,,寿险团险,安徽,滁州,天长,养老险公司,总部,寿险团险,安徽,,,网上交易,国寿养老险,2016-10-13,寿险团险,安徽,滁州,天长
CL1000833650,高曙芬,身份证,342830********3224,CL9063,福寿嘉年38期,"50,000.00","50,000.00","50,002.43",827574,寿险团险,安徽,34292179000023,,寿险团险,安徽,池州,东至支公司,养老险公司,总部,寿险团险,安徽,,,网上交易,国寿养老险,2016-10-13,寿险团险,安徽,池州,东至支公司
CL1000751262,柏广勤,身份证,341181********3072,CL9063,福寿嘉年38期,"25,000.00","25,000.00","25,001.46",827574,寿险团险,安徽,34118179000041,,寿险团险,安徽,滁州,天长,养老险公司,总部,寿险团险,安徽,,,网上交易,国寿养老险,2016-10-13,寿险团险,安徽,滁州,天长
CL1003944107,卞金玲,身份证,340404********0667,CL9063,福寿嘉年38期,"15,000.00","15,000.00","15,000.73",827574,寿险团险,安徽,34040479000008,,寿险团险,安徽,淮南,谢家集支公司,养老险公司,总部,寿险团险,安徽,,,网上交易,国寿养老险,2016-10-13,寿险团险,安徽,淮南,谢家集支公司
CL1000936332,顾宁安,身份证,340403********0823,CL9063,福寿嘉年38期,"100,000.00","100,000.00","100,005.83",827574,寿险团险,安徽,34041179000035,,寿险团险,安徽,淮南,团拓部,养老险公司,总部,寿险团险,安徽,,,网上交易,国寿养老险,2016-10-13,寿险团险,安徽,淮南,团拓部
CL1003061447,施国才,身份证,340224********1218,CL9063,福寿嘉年38期,"20,000.00","20,000.00","20,000.97",827574,寿险团险,安徽,34292313401493,,寿险团险,安徽,池州,青阳支公司,养老险公司,总部,寿险团险,安徽,,,网上交易,国寿养老险,2016-10-13,寿险团险,安徽,池州,青阳支公司
CL1005481932,曹绪兰,身份证,340502********0104,CL9063,福寿嘉年38期,"30,000.00","30,000.00","30,001.46",827574,寿险团险,安徽,34050279000030,,寿险团险,安徽,马鞍山市,马鞍山市团拓部,养老险公司,总部,寿险团险,安徽,,,网上交易,国寿养老险,2016-10-13,寿险团险,安徽,马鞍山市,马鞍山市团拓部
CL1000676033,张怀梅,身份证,340403********1824,CL9063,福寿嘉年38期,"20,000.00","20,000.00","20,001.17",827574,寿险团险,安徽,34041179000035,,寿险团险,安徽,淮南,团拓部,养老险公司,总部,寿险团险,安徽,,,网上交易,国寿养老险,2016-10-13,寿险团险,安徽,淮南,团拓部
CL1005479958,王海英,身份证,342822********3527,CL9063,福寿嘉年38期,"15,000.00","15,000.00","15,000.88",827574,寿险团险,安徽,34082179000003,,寿险团险,安徽,安庆,桐城,养老险公司,总部,寿险团险,安徽,,,网上交易,国寿养老险,2016-10-13,寿险团险,安徽,安庆,桐城
CL1003566214,李玲,身份证,340323********8721,CL9063,福寿嘉年38期,"60,000.00","60,000.00","60,003.50",827574,寿险团险,安徽,34032379000017,,寿险团险,安徽,蚌埠,固镇县支公司,养老险公司,总部,寿险团险,安徽,,,网上交易,国寿养老险,2016-10-13,寿险团险,安徽,蚌埠,固镇县支公司
CL1003566214,李玲,身份证,340323********8721,CL9063,福寿嘉年38期,"80,000.00","80,000.00","80,004.67",603070,财险公司,安徽,34032379000017,,寿险团险,安徽,蚌埠,固镇县支公司,养老险公司,总部,财险公司,安徽,,,网上交易,国寿养老险,2016-10-13,寿险团险,安徽,蚌埠,固镇县支公司
CL1004764427,张凤华,身份证,340505********0022,CL9063,福寿嘉年38期,"20,000.00","20,000.00","20,000.97",827574,寿险团险,安徽,34050279000030,,寿险团险,安徽,马鞍山市,马鞍山市团拓部,养老险公司,总部,寿险团险,安徽,,,网上交易,国寿养老险,2016-10-13,寿险团险,安徽,马鞍山市,马鞍山市团拓部
CL1005368810,沈立艳,身份证,340403********1821,CL9063,福寿嘉年38期,"30,000.00","30,000.00","30,001.46",827574,寿险团险,安徽,34041179000035,,寿险团险,安徽,淮南,团拓部,养老险公司,总部,寿险团险,安徽,,,网上交易,国寿养老险,2016-10-13,寿险团险,安徽,淮南,团拓部
CL1005368810,沈立艳,身份证,340403********1821,CL9063,福寿嘉年38期,"50,000.00","50,000.00","50,002.92",827574,寿险团险,安徽, ,,,,,,养老险公司,总部,寿险团险,安徽,,,网上交易,国寿养老险,2016-10-13,寿险团险,安徽,,
CL1000719973,夏凤霞,身份证,342622********012X,CL9063,福寿嘉年38期,"40,000.00","40,000.00","40,002.33",827574,寿险团险,安徽,34012779000122,,寿险团险,安徽,合肥,庐江支公司,养老险公司,总部,寿险团险,安徽,,,网上交易,国寿养老险,2016-10-13,寿险团险,安徽,合肥,庐江支公司
CL1004236615,方芳,身份证,342923********0044,CL9063,福寿嘉年38期,"16,000.00","16,000.00","16,000.93",827574,寿险团险,安徽,34292313408650,,寿险团险,安徽,池州,青阳支公司,养老险公司,总部,寿险团险,安徽,,,网上交易,国寿养老险,2016-10-13,寿险团险,安徽,池州,青阳支公司
CL1005493161,孙建玲,身份证,340505********0047,CL9063,福寿嘉年38期,"150,000.00","150,000.00","150,007.29",827574,寿险团险,安徽,34050279000030,,寿险团险,安徽,马鞍山市,马鞍山市团拓部,养老险公司,总部,寿险团险,安徽,,,网上交易,国寿养老险,2016-10-13,寿险团险,安徽,马鞍山市,马鞍山市团拓部
CL1005493161,孙建玲,身份证,340505********0047,CL9063,福寿嘉年38期,"50,000.00","50,000.00","50,002.43",827574,寿险团险,安徽,34050279000030,,寿险团险,安徽,马鞍山市,马鞍山市团拓部,养老险公司,总部,寿险团险,安徽,,,网上交易,国寿养老险,2016-10-13,寿险团险,安徽,马鞍山市,马鞍山市团拓部
CL1005481343,李慧萍,身份证,342923********4823,CL9063,福寿嘉年38期,"40,000.00","40,000.00","40,001.94",827574,寿险团险,安徽,34292313401493,,寿险团险,安徽,池州,青阳支公司,养老险公司,总部,寿险团险,安徽,,,网上交易,国寿养老险,2016-10-13,寿险团险,安徽,池州,青阳支公司
CL1002794552,汪玉红,身份证,340224********0021,CL9063,福寿嘉年38期,"50,000.00","50,000.00","50,002.43",827574,寿险团险,安徽,34292313408634,,寿险团险,安徽,池州,青阳支公司,养老险公司,总部,寿险团险,安徽,,,网上交易,国寿养老险,2016-10-13,寿险团险,安徽,池州,青阳支公司
CL1002795151,梁翠侠,身份证,342201********4763,CL9063,福寿嘉年38期,"40,000.00","40,000.00","40,001.56", ,,,34222579000006,,寿险团险,安徽,宿州,泗县支公司,养老险公司,总部,寿险团险,安徽,宿州,泗县支公司,网上交易,国寿养老险,2016-10-13,寿险团险,安徽,宿州,泗县支公司
CL1000985777,李振玲,身份证,340222********0048,CL9063,福寿嘉年38期,"100,000.00","100,000.00","100,005.83",827574,寿险团险,安徽,34020479000040,,寿险团险,安徽,芜湖,繁昌支公司,养老险公司,总部,寿险团险,安徽,,,网上交易,国寿养老险,2016-10-13,寿险团险,安徽,芜湖,繁昌支公司
CL1000690335,邹玮,身份证,342301********0824,CL9063,福寿嘉年38期,"200,000.00","200,000.00","200,011.67",827574,寿险团险,安徽, ,,,,,,养老险公司,总部,寿险团险,安徽,,,网上交易,国寿养老险,2016-10-13,寿险团险,安徽,,
CL1002791311,卢峻峰,身份证,342623********0065,CL9063,福寿嘉年38期,"50,000.00","50,000.00","50,001.94", ,,,34021379000025,,寿险团险,安徽,芜湖,无为县支公司,养老险公司,总部,寿险团险,安徽,芜湖,无为县支公司,网上交易,国寿养老险,2016-10-13,寿险团险,安徽,芜湖,无为县支公司
CL1005481009,马丽娜,身份证,340403********2843,CL9063,福寿嘉年38期,"50,000.00","50,000.00","50,002.92",827574,寿险团险,安徽,34041179000035,,寿险团险,安徽,淮南,团拓部,养老险公司,总部,寿险团险,安徽,,,网上交易,国寿养老险,2016-10-13,寿险团险,安徽,淮南,团拓部
CL1001011556,郑淑云,身份证,340403********0429,CL9063,福寿嘉年38期,"150,000.00","150,000.00","150,007.29",827574,寿险团险,安徽,34040479000015,,寿险团险,安徽,淮南,谢家集支公司,养老险公司,总部,寿险团险,安徽,,,网上交易,国寿养老险,2016-10-13,寿险团险,安徽,淮南,谢家集支公司
CL1005479514,严文庆,身份证,340404********0016,CL9063,福寿嘉年38期,"120,000.00","120,000.00","120,005.83",827574,寿险团险,安徽,34040471000022,,寿险团险,安徽,淮南,谢家集支公司,养老险公司,总部,寿险团险,安徽,,,网上交易,国寿养老险,2016-10-13,寿险团险,安徽,淮南,谢家集支公司
CL1000927933,王桂花,身份证,342622********4784,CL9063,福寿嘉年38期,"10,000.00","10,000.00","10,000.58",827574,寿险团险,安徽,34012779000122,,寿险团险,安徽,合肥,庐江支公司,养老险公司,总部,寿险团险,安徽,,,网上交易,国寿养老险,2016-10-13,寿险团险,安徽,合肥,庐江支公司
CL1000927933,王桂花,身份证,342622********4784,CL9063,福寿嘉年38期,"20,000.00","20,000.00","20,001.17",827574,寿险团险,安徽,34012779000122,,寿险团险,安徽,合肥,庐江支公司,养老险公司,总部,寿险团险,安徽,,,网上交易,国寿养老险,2016-10-13,寿险团险,安徽,合肥,庐江支公司
CL1000723211,笪路程,身份证,342622********0016,CL9063,福寿嘉年38期,"50,000.00","50,000.00","50,002.92",827574,寿险团险,安徽,34012779000122,,寿险团险,安徽,合肥,庐江支公司,养老险公司,总部,寿险团险,安徽,,,网上交易,国寿养老险,2016-10-13,寿险团险,安徽,合肥,庐江支公司
CL1000956272,薄月娥,身份证,342521********802X,CL9063,福寿嘉年38期,"90,000.00","90,000.00","90,004.38",827574,寿险团险,安徽, ,,,,,,养老险公司,总部,寿险团险,安徽,,,网上交易,国寿养老险,2016-10-13,寿险团险,安徽,,
CL1000678120,欧阳岷,身份证,342321********002X,CL9063,福寿嘉年38期,"80,000.00","80,000.00","80,004.67",827574,寿险团险,安徽,34118179000041,,寿险团险,安徽,滁州,天长,养老险公司,总部,寿险团险,安徽,,,网上交易,国寿养老险,2016-10-13,寿险团险,安徽,滁州,天长
CL1004443332,武天琦,身份证,341102********6452,CL9063,福寿嘉年38期,"26,000.00","26,000.00","26,001.52",770919,养老险公司,安徽,34112279000011,,寿险团险,安徽,滁州,来安,养老险公司,总部,养老险公司,安徽,,,网上交易,国寿养老险,2016-10-13,寿险团险,安徽,滁州,来安
CL1000237654,李静,身份证,340504********024X,CL9063,福寿嘉年38期,"10,000.00","10,000.00","10,000.49",827574,寿险团险,安徽,34050279000030,,寿险团险,安徽,马鞍山市,马鞍山市团拓部,养老险公司,总部,寿险团险,安徽,,,网上交易,国寿养老险,2016-10-13,寿险团险,安徽,马鞍山市,马鞍山市团拓部
CL1005483052,李世兰,身份证,340503********0220,CL9063,福寿嘉年38期,"60,000.00","60,000.00","60,003.50",827574,寿险团险,安徽,34050279000030,,寿险团险,安徽,马鞍山市,马鞍山市团拓部,养老险公司,总部,寿险团险,安徽,,,网上交易,国寿养老险,2016-10-13,寿险团险,安徽,马鞍山市,马鞍山市团拓部
CL1000693876,岳喜凤,身份证,341103********2824,CL9063,福寿嘉年38期,"50,000.00","50,000.00","50,002.92",770919,养老险公司,安徽,34112279000011,,寿险团险,安徽,滁州,来安,养老险公司,总部,养老险公司,安徽,,,网上交易,国寿养老险,2016-10-13,寿险团险,安徽,滁州,来安
CL1005489934,王惠玲,身份证,340403********186X,CL9063,福寿嘉年38期,"100,000.00","100,000.00","100,004.86",827574,寿险团险,安徽, ,,,,,,养老险公司,总部,寿险团险,安徽,,,网上交易,国寿养老险,2016-10-13,寿险团险,安徽,,
CL1005464666,娄彩侠,身份证,342224********0022,CL9063,福寿嘉年38期,"70,000.00","70,000.00","70,004.08",827574,寿险团险,安徽,34032379000016,,寿险团险,安徽,蚌埠,固镇县支公司,养老险公司,总部,寿险团险,安徽,,,网上交易,国寿养老险,2016-10-13,寿险团险,安徽,蚌埠,固镇县支公司
CL1000688517,刘焊,身份证,340103********2018,CL9063,福寿嘉年38期,"50,000.00","50,000.00","50,002.92",603070,财险公司,安徽,34011379000004,,寿险团险,安徽,合肥,团险拓展部,养老险公司,总部,财险公司,安徽,,,网上交易,国寿养老险,2016-10-13,寿险团险,安徽,合肥,团险拓展部
CL1002705971,俞文霞,身份证,342724********0045,CL9063,福寿嘉年38期,"20,000.00","20,000.00","20,001.17",603070,财险公司,安徽,34100279000003,,寿险团险,安徽,黄山,黄山市团拓部,养老险公司,总部,财险公司,安徽,,,网上交易,国寿养老险,2016-10-13,寿险团险,安徽,黄山,黄山市团拓部
CL1005486482,张强,身份证,342224********0011,CL9063,福寿嘉年38期,"50,000.00","50,000.00","50,001.94", ,,,34222479002415,,寿险团险,安徽,宿州,灵璧县支公司,养老险公司,总部,寿险团险,安徽,宿州,灵璧县支公司,网上交易,国寿养老险,2016-10-13,寿险团险,安徽,宿州,灵璧县支公司
CL1005486482,张强,身份证,342224********0011,CL9063,福寿嘉年38期,"50,000.00","50,000.00","50,002.43",827574,寿险团险,安徽,34222479002415,,寿险团险,安徽,宿州,灵璧县支公司,养老险公司,总部,寿险团险,安徽,,,网上交易,国寿养老险,2016-10-13,寿险团险,安徽,宿州,灵璧县支公司
CL1002764336,肖瑶,身份证,340702********0028,CL9063,福寿嘉年38期,"30,000.00","30,000.00","30,001.46",827574,寿险团险,安徽,34070379001002,,寿险团险,安徽,铜陵,团拓部（城区）,养老险公司,总部,寿险团险,安徽,,,网上交易,国寿养老险,2016-10-13,寿险团险,安徽,铜陵,团拓部（城区）
CL1005482320,刘莎莎,身份证,340323********1325,CL9063,福寿嘉年38期,"75,000.00","75,000.00","75,004.38",827574,寿险团险,安徽,34032379000017,,寿险团险,安徽,蚌埠,固镇县支公司,养老险公司,总部,寿险团险,安徽,,,网上交易,国寿养老险,2016-10-13,寿险团险,安徽,蚌埠,固镇县支公司
CL1005485961,赵群,身份证,340901********062X,CL9063,福寿嘉年38期,"30,000.00","30,000.00","30,001.75",827574,寿险团险,安徽,34100279000003,,寿险团险,安徽,黄山,黄山市团拓部,养老险公司,总部,寿险团险,安徽,,,网上交易,国寿养老险,2016-10-13,寿险团险,安徽,黄山,黄山市团拓部
CL1005226191,夏晓妍,身份证,342531********2521,CL9063,福寿嘉年38期,"240,000.00","240,000.00","240,014.00",827574,寿险团险,安徽,34250179001007,,寿险团险,安徽,宣城,团拓,养老险公司,总部,寿险团险,安徽,,,网上交易,国寿养老险,2016-10-13,寿险团险,安徽,宣城,团拓
CL1005484062,许春婷,身份证,340104********2609,CL9063,福寿嘉年38期,"50,000.00","50,000.00","50,002.92",827574,寿险团险,安徽,34100279000003,,寿险团险,安徽,黄山,黄山市团拓部,养老险公司,总部,寿险团险,安徽,,,网上交易,国寿养老险,2016-10-13,寿险团险,安徽,黄山,黄山市团拓部
CL1005483685,詹晨晨,身份证,340103********4525,CL9063,福寿嘉年38期,"200,000.00","200,000.00","200,011.67",603070,财险公司,安徽,34010579000129,,寿险团险,安徽,合肥,团险支公司,养老险公司,总部,财险公司,安徽,,,网上交易,国寿养老险,2016-10-13,寿险团险,安徽,合肥,团险支公司
CL1001064108,梁支君,身份证,340121********9123,CL9063,福寿嘉年38期,"20,000.00","20,000.00","20,001.17",603070,财险公司,安徽,34012179000005,,寿险团险,安徽,合肥,长丰支公司,养老险公司,总部,财险公司,安徽,,,网上交易,国寿养老险,2016-10-13,寿险团险,安徽,合肥,长丰支公司
CL1000147888,黄德英,身份证,342425********0022,CL9063,福寿嘉年38期,"20,000.00","20,000.00","20,001.17",827574,寿险团险,安徽,34242379000043,,寿险团险,安徽,六安,霍邱,养老险公司,总部,寿险团险,安徽,,,网上交易,国寿养老险,2016-10-13,寿险团险,安徽,六安,霍邱
CL1000147888,黄德英,身份证,342425********0022,CL9063,福寿嘉年38期,"30,000.00","30,000.00","30,001.75",827574,寿险团险,安徽,34242379000043,,寿险团险,安徽,六安,霍邱,养老险公司,总部,寿险团险,安徽,,,网上交易,国寿养老险,2016-10-13,寿险团险,安徽,六安,霍邱
CL1001002391,张雷丽,身份证,340223********0028,CL9063,福寿嘉年38期,"27,000.00","27,000.00","27,001.58",827574,寿险团险,安徽,34020579000044,,寿险团险,安徽,芜湖,南陵支公司,,,寿险团险,安徽,,,APP,国寿养老险,2016-10-13,寿险团险,安徽,芜湖,南陵支公司
CL1002648384,鲁翠英,身份证,342922********0028,CL9063,福寿嘉年38期,"10,000.00","10,000.00","10,000.58",827574,寿险团险,安徽,34292279000001,,寿险团险,安徽,池州,石台支公司,养老险公司,总部,寿险团险,安徽,,,网上交易,国寿养老险,2016-10-13,寿险团险,安徽,池州,石台支公司
CL1002798170,吴文嘉,身份证,342327********0036,CL9063,福寿嘉年38期,"100,000.00","100,000.00","100,005.83",770919,养老险公司,安徽,34112479000011,,寿险团险,安徽,滁州,全椒,养老险公司,总部,养老险公司,安徽,,,网上交易,国寿养老险,2016-10-13,寿险团险,安徽,滁州,全椒
CL1002798170,吴文嘉,身份证,342327********0036,CL9063,福寿嘉年38期,"50,000.00","50,000.00","50,002.92",770919,养老险公司,安徽, ,,,,,,养老险公司,总部,养老险公司,安徽,,,网上交易,国寿养老险,2016-10-13,养老险公司,安徽,,
CL1002798170,吴文嘉,身份证,342327********0036,CL9063,福寿嘉年38期,"100,000.00","100,000.00","100,004.86",770919,养老险公司,安徽,34112479000011,,寿险团险,安徽,滁州,全椒,养老险公司,总部,养老险公司,安徽,,,网上交易,国寿养老险,2016-10-13,寿险团险,安徽,滁州,全椒
CL1004906521,何静,身份证,340103********4523,CL9063,福寿嘉年38期,"110,000.00","110,000.00","110,006.42",827574,寿险团险,安徽,34011379000001,,寿险团险,安徽,合肥,团险拓展部,养老险公司,总部,寿险团险,安徽,,,网上交易,国寿养老险,2016-10-13,寿险团险,安徽,合肥,团险拓展部
CL1000934345,徐文英,身份证,340405********0228,CL9063,福寿嘉年38期,"50,000.00","50,000.00","50,002.43",827574,寿险团险,安徽,34041179000035,,寿险团险,安徽,淮南,团拓部,养老险公司,总部,寿险团险,安徽,,,网上交易,国寿养老险,2016-10-13,寿险团险,安徽,淮南,团拓部
CL1000935844,王宏兰,身份证,340224********1244,CL9063,福寿嘉年38期,"20,000.00","20,000.00","20,000.97",827574,寿险团险,安徽,34292313401493,,寿险团险,安徽,池州,青阳支公司,养老险公司,总部,寿险团险,安徽,,,网上交易,国寿养老险,2016-10-13,寿险团险,安徽,池州,青阳支公司
CL1000935844,王宏兰,身份证,340224********1244,CL9063,福寿嘉年38期,"50,000.00","50,000.00","50,002.43",827574,寿险团险,安徽,34292313401493,,寿险团险,安徽,池州,青阳支公司,养老险公司,总部,寿险团险,安徽,,,网上交易,国寿养老险,2016-10-13,寿险团险,安徽,池州,青阳支公司
CL1000927899,王雅妮,身份证,340403********0421,CL9063,福寿嘉年38期,"50,000.00","50,000.00","50,001.94", ,,,34041179000035,,寿险团险,安徽,淮南,团拓部,养老险公司,总部,寿险团险,安徽,淮南,团拓部,网上交易,国寿养老险,2016-10-13,寿险团险,安徽,淮南,团拓部
CL1002019965,陈大虎,身份证,340121********2518,CL9063,福寿嘉年38期,"50,000.00","50,000.00","50,002.92",827574,寿险团险,安徽,34012179000023,,寿险团险,安徽,合肥,长丰支公司,养老险公司,总部,寿险团险,安徽,,,网上交易,国寿养老险,2016-10-13,寿险团险,安徽,合肥,长丰支公司
CL1002840986,鲍欢喜,身份证,340224********1214,CL9063,福寿嘉年38期,"50,000.00","50,000.00","50,002.43",827574,寿险团险,安徽,34292313401493,,寿险团险,安徽,池州,青阳支公司,养老险公司,总部,寿险团险,安徽,,,网上交易,国寿养老险,2016-10-13,寿险团险,安徽,池州,青阳支公司
CL1002080026,陶桂兰,身份证,340206********0045,CL9063,福寿嘉年38期,"20,000.00","20,000.00","20,001.17",827574,寿险团险,安徽,34020679000010,,寿险团险,安徽,芜湖,开发区支公司,养老险公司,总部,寿险团险,安徽,,,网上交易,国寿养老险,2016-10-13,寿险团险,安徽,芜湖,开发区支公司
CL1000541782,齐敏,身份证,342221********0043,CL9063,福寿嘉年38期,"85,000.00","85,000.00","85,004.96",603070,财险公司,安徽,34222179002172,,寿险团险,安徽,宿州,砀山县支公司,养老险公司,总部,财险公司,安徽,,,网上交易,国寿养老险,2016-10-13,寿险团险,安徽,宿州,砀山县支公司
CL1005480766,李秋霞,身份证,342501********0369,CL9063,福寿嘉年38期,"80,000.00","80,000.00","80,004.67",827574,寿险团险,安徽,34250171001003,,寿险团险,安徽,宣城,团拓,养老险公司,总部,寿险团险,安徽,,,网上交易,国寿养老险,2016-10-13,寿险团险,安徽,宣城,团拓
CL1005480766,李秋霞,身份证,342501********0369,CL9063,福寿嘉年38期,"50,000.00","50,000.00","50,002.92",827574,寿险团险,安徽,34250171001003,,寿险团险,安徽,宣城,团拓,养老险公司,总部,寿险团险,安徽,,,网上交易,国寿养老险,2016-10-13,寿险团险,安徽,宣城,团拓
CL1005485927,郑江生,身份证,340821********0322,CL9063,福寿嘉年38期,"10,000.00","10,000.00","10,000.58",827574,寿险团险,安徽,34082179000003,,寿险团险,安徽,安庆,桐城,养老险公司,总部,寿险团险,安徽,,,网上交易,国寿养老险,2016-10-13,寿险团险,安徽,安庆,桐城
CL1003594943,孔绘,身份证,340221********002X,CL9063,福寿嘉年38期,"30,000.00","30,000.00","30,001.75",827574,寿险团险,安徽,34020379000023,,寿险团险,安徽,芜湖,芜湖县支公司,养老险公司,总部,寿险团险,安徽,,,网上交易,国寿养老险,2016-10-13,寿险团险,安徽,芜湖,芜湖县支公司
CL1000717086,潘毅峰,身份证,342531********0222,CL9063,福寿嘉年38期,"20,000.00","20,000.00","20,001.17",827574,寿险团险,安徽,34250179001007,,寿险团险,安徽,宣城,团拓,养老险公司,总部,寿险团险,安徽,,,网上交易,国寿养老险,2016-10-13,寿险团险,安徽,宣城,团拓
CL1003556949,靳舒林,身份证,340421********0226,CL9063,福寿嘉年38期,"50,000.00","50,000.00","50,002.43",827574,寿险团险,安徽, ,,,,,,养老险公司,总部,寿险团险,安徽,,,网上交易,国寿养老险,2016-10-13,寿险团险,安徽,,
CL1000828224,章新春,身份证,342531********0229,CL9063,福寿嘉年38期,"160,000.00","160,000.00","160,007.78",827574,寿险团险,安徽, ,,,,,,养老险公司,总部,寿险团险,安徽,,,网上交易,国寿养老险,2016-10-13,寿险团险,安徽,,
CL1002723468,张红,身份证,340223********004X,CL9063,福寿嘉年38期,"40,000.00","40,000.00","40,002.33",603070,财险公司,安徽,34020579000042,,寿险团险,安徽,芜湖,南陵支公司,,,财险公司,安徽,,,APP,国寿养老险,2016-10-13,寿险团险,安徽,芜湖,南陵支公司
CL1005010773,马莉,身份证,340323********1741,CL9063,福寿嘉年38期,"110,000.00","110,000.00","110,006.42",827574,寿险团险,安徽,34032379000017,,寿险团险,安徽,蚌埠,固镇县支公司,养老险公司,总部,寿险团险,安徽,,,网上交易,国寿养老险,2016-10-13,寿险团险,安徽,蚌埠,固镇县支公司
CL1003148029,杨磊,身份证,340322********0075,CL9063,福寿嘉年38期,"10,000.00","10,000.00","10,000.58",827574,寿险团险,安徽,34032279000005,,寿险团险,安徽,蚌埠,五河县支公司,养老险公司,总部,寿险团险,安徽,,,网上交易,国寿养老险,2016-10-13,寿险团险,安徽,蚌埠,五河县支公司
CL1001009372,方健,身份证,341122********5815,CL9063,福寿嘉年38期,"30,000.00","30,000.00","30,001.75",603070,财险公司,安徽,34112279000011,,寿险团险,安徽,滁州,来安,养老险公司,总部,财险公司,安徽,,,网上交易,国寿养老险,2016-10-13,寿险团险,安徽,滁州,来安
CL1000361751,刘晖,身份证,342222********3700,CL9063,福寿嘉年38期,"300,000.00","300,000.00","300,017.50",827574,寿险团险,安徽,34222279000006,,寿险团险,安徽,宿州,萧县支公司,养老险公司,总部,寿险团险,安徽,,,网上交易,国寿养老险,2016-10-13,寿险团险,安徽,宿州,萧县支公司
CL1002798214,王燕,身份证,342822********0020,CL9063,福寿嘉年38期,"100,000.00","100,000.00","100,005.83",827574,寿险团险,安徽,34082179000003,,寿险团险,安徽,安庆,桐城,养老险公司,总部,寿险团险,安徽,,,网上交易,国寿养老险,2016-10-13,寿险团险,安徽,安庆,桐城
CL1001213225,施召兰,身份证,340521********2626,CL9063,福寿嘉年38期,"20,000.00","20,000.00","20,001.17",827574,寿险团险,安徽,34052179000027,,寿险团险,安徽,马鞍山市,当涂县团险部,养老险公司,总部,寿险团险,安徽,,,网上交易,国寿养老险,2016-10-13,寿险团险,安徽,马鞍山市,当涂县团险部
CL1000989262,马伟维,身份证,342221********656X,CL9063,福寿嘉年38期,"30,000.00","30,000.00","30,001.75",603070,财险公司,安徽,34011371000001,,寿险团险,安徽,合肥,团险拓展部,,,财险公司,安徽,,,APP,国寿养老险,2016-10-13,寿险团险,安徽,合肥,团险拓展部
CL1004139637,陈效林,身份证,340503********0017,CL9063,福寿嘉年38期,"50,000.00","50,000.00","50,002.92",827574,寿险团险,安徽,34050279000030,,寿险团险,安徽,马鞍山市,马鞍山市团拓部,养老险公司,总部,寿险团险,安徽,,,网上交易,国寿养老险,2016-10-13,寿险团险,安徽,马鞍山市,马鞍山市团拓部
CL1003687638,束阿娣,身份证,340504********0226,CL9063,福寿嘉年38期,"130,000.00","130,000.00","130,007.58",827574,寿险团险,安徽,34050279000025,,寿险团险,安徽,马鞍山市,马鞍山市团拓部,养老险公司,总部,寿险团险,安徽,,,网上交易,国寿养老险,2016-10-13,寿险团险,安徽,马鞍山市,马鞍山市团拓部
CL1005485361,于学杰,身份证,340403********1211,CL9063,福寿嘉年38期,"280,000.00","280,000.00","280,013.61",827574,寿险团险,安徽,34040471000022,,寿险团险,安徽,淮南,谢家集支公司,养老险公司,总部,寿险团险,安徽,,,网上交易,国寿养老险,2016-10-13,寿险团险,安徽,淮南,谢家集支公司
CL1000688606,张萍,身份证,340102********252X,CL9063,福寿嘉年38期,"40,000.00","40,000.00","40,002.33",827574,寿险团险,安徽,34011379000001,,寿险团险,安徽,合肥,团险拓展部,养老险公司,总部,寿险团险,安徽,,,网上交易,国寿养老险,2016-10-13,寿险团险,安徽,合肥,团险拓展部
CL1000960032,陶二梅,身份证,340211********1922,CL9063,福寿嘉年38期,"120,000.00","120,000.00","120,007.00",827574,寿险团险,安徽,34020679000010,,寿险团险,安徽,芜湖,开发区支公司,养老险公司,总部,寿险团险,安徽,,,网上交易,国寿养老险,2016-10-13,寿险团险,安徽,芜湖,开发区支公司
CL1004462384,周淑云,身份证,342700********0426,CL9063,福寿嘉年38期,"80,000.00","80,000.00","80,004.67",827574,寿险团险,安徽,34100279000003,,寿险团险,安徽,黄山,黄山市团拓部,养老险公司,总部,寿险团险,安徽,,,网上交易,国寿养老险,2016-10-13,寿险团险,安徽,黄山,黄山市团拓部
CL1001065741,徐娴,身份证,342922********3764,CL9063,福寿嘉年38期,"20,000.00","20,000.00","20,001.17",827574,寿险团险,安徽,34292279000001,,寿险团险,安徽,池州,石台支公司,养老险公司,总部,寿险团险,安徽,,,网上交易,国寿养老险,2016-10-13,寿险团险,安徽,池州,石台支公司
CL1000724565,程弦,身份证,342622********435X,CL9063,福寿嘉年38期,"70,000.00","70,000.00","70,004.08",827574,寿险团险,安徽,34012779000122,,寿险团险,安徽,合肥,庐江支公司,养老险公司,总部,寿险团险,安徽,,,网上交易,国寿养老险,2016-10-13,寿险团险,安徽,合肥,庐江支公司
CL1000751428,张久荣,身份证,340121********9160,CL9063,福寿嘉年38期,"50,000.00","50,000.00","50,002.43",827574,寿险团险,安徽,34012179000005,,寿险团险,安徽,合肥,长丰支公司,养老险公司,总部,寿险团险,安徽,,,网上交易,国寿养老险,2016-10-13,寿险团险,安徽,合肥,长丰支公司
CL1000751428,张久荣,身份证,340121********9160,CL9063,福寿嘉年38期,"50,000.00","50,000.00","50,002.92",827574,寿险团险,安徽,34012179000005,,寿险团险,安徽,合肥,长丰支公司,养老险公司,总部,寿险团险,安徽,,,网上交易,国寿养老险,2016-10-13,寿险团险,安徽,合肥,长丰支公司
CL1002794052,纪慧婷,身份证,342224********0086,CL9063,福寿嘉年38期,"20,000.00","20,000.00","20,001.17",827574,寿险团险,安徽,34222479002415,,寿险团险,安徽,宿州,灵璧县支公司,养老险公司,总部,寿险团险,安徽,,,网上交易,国寿养老险,2016-10-13,寿险团险,安徽,宿州,灵璧县支公司
CL1005223916,方玉萍,身份证,342701********2222,CL9063,福寿嘉年38期,"50,000.00","50,000.00","50,002.92",770919,养老险公司,安徽,34112479000012,,寿险团险,安徽,滁州,全椒,养老险公司,总部,养老险公司,安徽,,,网上交易,国寿养老险,2016-10-13,寿险团险,安徽,滁州,全椒
CL1000678953,王爱华,身份证,342601********0103,CL9063,福寿嘉年38期,"40,000.00","40,000.00","40,002.33",827574,寿险团险,安徽,34012679000023,,寿险团险,安徽,合肥,巢湖支公司,养老险公司,总部,寿险团险,安徽,,,网上交易,国寿养老险,2016-10-13,寿险团险,安徽,合肥,巢湖支公司
CL1005486204,唐义珍,身份证,342901********6041,CL9063,福寿嘉年38期,"50,000.00","50,000.00","50,002.92",827574,寿险团险,安徽, ,,,,,,养老险公司,总部,寿险团险,安徽,,,网上交易,国寿养老险,2016-10-13,寿险团险,安徽,,
CL1000765100,徐昇,身份证,340403********0621,CL9063,福寿嘉年38期,"30,000.00","30,000.00","30,001.75",827574,寿险团险,安徽, ,,,,,,养老险公司,总部,寿险团险,安徽,,,网上交易,国寿养老险,2016-10-13,寿险团险,安徽,,
CL1001070222,沈晓杰,身份证,342201********0023,CL9063,福寿嘉年38期,"700,000.00","700,000.00","700,040.83",603070,财险公司,安徽,34222579000006,,寿险团险,安徽,宿州,泗县支公司,养老险公司,总部,财险公司,安徽,,,网上交易,国寿养老险,2016-10-13,寿险团险,安徽,宿州,泗县支公司
CL1000936010,孟宪强,身份证,320102********3256,CL9063,福寿嘉年38期,"150,000.00","150,000.00","150,007.29",827574,寿险团险,安徽,34041179000035,,寿险团险,安徽,淮南,团拓部,养老险公司,总部,寿险团险,安徽,,,网上交易,国寿养老险,2016-10-13,寿险团险,安徽,淮南,团拓部
CL1000757333,程梅荣,身份证,340121********0088,CL9063,福寿嘉年38期,"10,000.00","10,000.00","10,000.58",603070,财险公司,安徽,34012179000001,,寿险团险,安徽,合肥,长丰支公司,养老险公司,总部,财险公司,安徽,,,网上交易,国寿养老险,2016-10-13,寿险团险,安徽,合肥,长丰支公司
CL1001459158,邹成银,身份证,340121********2843,CL9063,福寿嘉年38期,"15,000.00","15,000.00","15,000.88",827574,寿险团险,安徽,34041179000035,,寿险团险,安徽,淮南,团拓部,养老险公司,总部,寿险团险,安徽,,,网上交易,国寿养老险,2016-10-13,寿险团险,安徽,淮南,团拓部
CL1001049330,梁丽,身份证,340223********8126,CL9063,福寿嘉年38期,"50,000.00","50,000.00","50,002.92",603070,财险公司,安徽,34020579000042,,寿险团险,安徽,芜湖,南陵支公司,,,财险公司,安徽,,,APP,国寿养老险,2016-10-13,寿险团险,安徽,芜湖,南陵支公司
CL1005486582,高传红,身份证,342224********1324,CL9063,福寿嘉年38期,"100,000.00","100,000.00","100,005.83",827574,寿险团险,安徽,34222479002415,,寿险团险,安徽,宿州,灵璧县支公司,养老险公司,总部,寿险团险,安徽,,,网上交易,国寿养老险,2016-10-13,寿险团险,安徽,宿州,灵璧县支公司
CL1002795762,刘翠锁,身份证,342501********1341,CL9063,福寿嘉年38期,"30,000.00","30,000.00","30,001.75",827574,寿险团险,安徽,34050279000030,,寿险团险,安徽,马鞍山市,马鞍山市团拓部,养老险公司,总部,寿险团险,安徽,,,网上交易,国寿养老险,2016-10-13,寿险团险,安徽,马鞍山市,马鞍山市团拓部
CL1001354578,刘有香,身份证,340224********1223,CL9063,福寿嘉年38期,"40,000.00","40,000.00","40,002.33",827574,寿险团险,安徽,34292313401493,,寿险团险,安徽,池州,青阳支公司,养老险公司,总部,寿险团险,安徽,,,网上交易,国寿养老险,2016-10-13,寿险团险,安徽,池州,青阳支公司
CL1000979286,张春华,身份证,342829********4847,CL9063,福寿嘉年38期,"200,000.00","200,000.00","200,011.67",827574,寿险团险,安徽,34292179000030,,寿险团险,安徽,池州,东至支公司,养老险公司,总部,寿险团险,安徽,,,网上交易,国寿养老险,2016-10-13,寿险团险,安徽,池州,东至支公司
CL1000962574,赵红,身份证,340223********0042,CL9063,福寿嘉年38期,"20,000.00","20,000.00","20,001.17",827574,寿险团险,安徽, ,,,,,,养老险公司,总部,寿险团险,安徽,,,网上交易,国寿养老险,2016-10-13,寿险团险,安徽,,
CL1001067605,胡健,身份证,342601********0040,CL9063,福寿嘉年38期,"50,000.00","50,000.00","50,002.92",827574,寿险团险,安徽,34012679000023,,寿险团险,安徽,合肥,巢湖支公司,养老险公司,总部,寿险团险,安徽,,,网上交易,国寿养老险,2016-10-13,寿险团险,安徽,合肥,巢湖支公司
CL1002078331,尹昆山,身份证,340121********2535,CL9063,福寿嘉年38期,"50,000.00","50,000.00","50,002.92",827574,寿险团险,安徽,34012179000005,,寿险团险,安徽,合肥,长丰支公司,养老险公司,总部,寿险团险,安徽,,,网上交易,国寿养老险,2016-10-13,寿险团险,安徽,合肥,长丰支公司
CL1002798281,马雪梅,身份证,341127********1024,CL9063,福寿嘉年38期,"40,000.00","40,000.00","40,002.33",827574,寿险团险,安徽, ,,,,,,养老险公司,总部,寿险团险,安徽,,,网上交易,国寿养老险,2016-10-13,寿险团险,安徽,,
CL1000074100,侯艳苗,身份证,340603********1023,CL9063,福寿嘉年38期,"50,000.00","50,000.00","50,002.92",827574,寿险团险,安徽,34011371000001,,寿险团险,安徽,合肥,团险拓展部,养老险公司,总部,寿险团险,安徽,,,网上交易,国寿养老险,2016-10-13,寿险团险,安徽,合肥,团险拓展部
CL1004458224,李娟,身份证,340403********2647,CL9063,福寿嘉年38期,"50,000.00","50,000.00","50,002.92",827574,寿险团险,安徽,34041179000032,,寿险团险,安徽,淮南,团拓部,养老险公司,总部,寿险团险,安徽,,,网上交易,国寿养老险,2016-10-13,寿险团险,安徽,淮南,团拓部
CL1002797437,张玉红,身份证,340504********0225,CL9063,福寿嘉年38期,"100,000.00","100,000.00","100,005.83",827574,寿险团险,安徽,34050279000025,,寿险团险,安徽,马鞍山市,马鞍山市团拓部,养老险公司,总部,寿险团险,安徽,,,网上交易,国寿养老险,2016-10-13,寿险团险,安徽,马鞍山市,马鞍山市团拓部
CL1005362683,杜婷,身份证,342625********3127,CL9063,福寿嘉年38期,"20,000.00","20,000.00","20,001.17",770919,养老险公司,安徽,YL34000008,李娟娟,养老险公司,安徽,,,养老险公司,总部,养老险公司,安徽,,,网上交易,国寿养老险,2016-10-13,养老险公司,安徽,,
CL1005231494,罗桂花,身份证,340803********2221,CL9063,福寿嘉年38期,"50,000.00","50,000.00","50,002.92",827574,寿险团险,安徽, ,,,,,,养老险公司,总部,寿险团险,安徽,,,网上交易,国寿养老险,2016-10-13,寿险团险,安徽,,
CL1005231494,罗桂花,身份证,340803********2221,CL9063,福寿嘉年38期,"50,000.00","50,000.00","50,002.92",827574,寿险团险,安徽, ,,,,,,养老险公司,总部,寿险团险,安徽,,,网上交易,国寿养老险,2016-10-13,寿险团险,安徽,,
CL1000953086,许晓玲,身份证,340223********006X,CL9063,福寿嘉年38期,"60,000.00","60,000.00","60,003.50",827574,寿险团险,安徽, ,,,,,,,,寿险团险,安徽,,,APP,国寿养老险,2016-10-13,寿险团险,安徽,,
CL1000009721,王浩,身份证,342601********021X,CL9063,福寿嘉年38期,"20,000.00","20,000.00","20,001.17",827574,寿险团险,安徽,34011371000001,,寿险团险,安徽,合肥,团险拓展部,养老险公司,总部,寿险团险,安徽,,,网上交易,国寿养老险,2016-10-13,寿险团险,安徽,合肥,团险拓展部
CL1001015463,冯冀,身份证,342201********0047,CL9063,福寿嘉年38期,"50,000.00","50,000.00","50,002.92",827574,寿险团险,安徽,34011371000001,,寿险团险,安徽,合肥,团险拓展部,养老险公司,总部,寿险团险,安徽,,,网上交易,国寿养老险,2016-10-13,寿险团险,安徽,合肥,团险拓展部
CL1000863254,钱文浩,身份证,340224********0056,CL9063,福寿嘉年38期,"20,000.00","20,000.00","20,000.97",827574,寿险团险,安徽,34292313408636,,寿险团险,安徽,池州,青阳支公司,养老险公司,总部,寿险团险,安徽,,,网上交易,国寿养老险,2016-10-13,寿险团险,安徽,池州,青阳支公司
CL1005484940,陈娟,身份证,340302********0428,CL9063,福寿嘉年38期,"50,000.00","50,000.00","50,002.92",827574,寿险团险,安徽,34050279000030,,寿险团险,安徽,马鞍山市,马鞍山市团拓部,养老险公司,总部,寿险团险,安徽,,,网上交易,国寿养老险,2016-10-13,寿险团险,安徽,马鞍山市,马鞍山市团拓部
CL1005480366,叶金芳,身份证,342822********642X,CL9063,福寿嘉年38期,"140,000.00","140,000.00","140,008.17",827574,寿险团险,安徽,34082179000003,,寿险团险,安徽,安庆,桐城,养老险公司,总部,寿险团险,安徽,,,网上交易,国寿养老险,2016-10-13,寿险团险,安徽,安庆,桐城
CL1004176954,邹丰敏,身份证,340503********0421,CL9063,福寿嘉年38期,"10,000.00","10,000.00","10,000.49",827574,寿险团险,安徽,34050279000025,,寿险团险,安徽,马鞍山市,马鞍山市团拓部,养老险公司,总部,寿险团险,安徽,,,网上交易,国寿养老险,2016-10-13,寿险团险,安徽,马鞍山市,马鞍山市团拓部
CL1002630762,钱秀平,身份证,342923********6626,CL9063,福寿嘉年38期,"50,000.00","50,000.00","50,002.43",827574,寿险团险,安徽,34292313401493,,寿险团险,安徽,池州,青阳支公司,养老险公司,总部,寿险团险,安徽,,,网上交易,国寿养老险,2016-10-13,寿险团险,安徽,池州,青阳支公司
CL1002630762,钱秀平,身份证,342923********6626,CL9063,福寿嘉年38期,"50,000.00","50,000.00","50,002.43",827574,寿险团险,安徽,34292313401493,,寿险团险,安徽,池州,青阳支公司,养老险公司,总部,寿险团险,安徽,,,网上交易,国寿养老险,2016-10-13,寿险团险,安徽,池州,青阳支公司
CL1002630762,钱秀平,身份证,342923********6626,CL9063,福寿嘉年38期,"50,000.00","50,000.00","50,002.43",827574,寿险团险,安徽,34292313401493,,寿险团险,安徽,池州,青阳支公司,养老险公司,总部,寿险团险,安徽,,,网上交易,国寿养老险,2016-10-13,寿险团险,安徽,池州,青阳支公司
CL1002630762,钱秀平,身份证,342923********6626,CL9063,福寿嘉年38期,"50,000.00","50,000.00","50,002.43",827574,寿险团险,安徽,34292313401493,,寿险团险,安徽,池州,青阳支公司,养老险公司,总部,寿险团险,安徽,,,网上交易,国寿养老险,2016-10-13,寿险团险,安徽,池州,青阳支公司
CL1001798263,张红革,身份证,340121********9126,CL9063,福寿嘉年38期,"20,000.00","20,000.00","20,000.97",827574,寿险团险,安徽,34012179000001,,寿险团险,安徽,合肥,长丰支公司,养老险公司,总部,寿险团险,安徽,,,网上交易,国寿养老险,2016-10-13,寿险团险,安徽,合肥,长丰支公司
CL1000979397,倪莉亚,身份证,342701********0424,CL9063,福寿嘉年38期,"50,000.00","50,000.00","50,002.92",827574,寿险团险,安徽,34100279000003,,寿险团险,安徽,黄山,黄山市团拓部,养老险公司,总部,寿险团险,安徽,,,网上交易,国寿养老险,2016-10-13,寿险团险,安徽,黄山,黄山市团拓部
CL1000979397,倪莉亚,身份证,342701********0424,CL9063,福寿嘉年38期,"50,000.00","50,000.00","50,002.92",827574,寿险团险,安徽,34100279000003,,寿险团险,安徽,黄山,黄山市团拓部,养老险公司,总部,寿险团险,安徽,,,网上交易,国寿养老险,2016-10-13,寿险团险,安徽,黄山,黄山市团拓部
CL1003942232,邓光辉,身份证,340702********2053,CL9063,福寿嘉年38期,"200,000.00","200,000.00","200,011.67",603070,财险公司,安徽,34070379001001,,寿险团险,安徽,铜陵,团拓部（城区）,养老险公司,总部,财险公司,安徽,,,网上交易,国寿养老险,2016-10-13,寿险团险,安徽,铜陵,团拓部（城区）
CL1000718596,洪丽秀,身份证,342531********0227,CL9063,福寿嘉年38期,"10,000.00","10,000.00","10,000.49",827574,寿险团险,安徽,34250179001007,,寿险团险,安徽,宣城,团拓,养老险公司,总部,寿险团险,安徽,,,网上交易,国寿养老险,2016-10-13,寿险团险,安徽,宣城,团拓
CL1000718596,洪丽秀,身份证,342531********0227,CL9063,福寿嘉年38期,"40,000.00","40,000.00","40,001.94",827574,寿险团险,安徽,34250179001007,,寿险团险,安徽,宣城,团拓,养老险公司,总部,寿险团险,安徽,,,网上交易,国寿养老险,2016-10-13,寿险团险,安徽,宣城,团拓
CL1005484939,蒋浩田,身份证,340221********4652,CL9063,福寿嘉年38期,"50,000.00","50,000.00","50,002.92",827574,寿险团险,安徽,34020379000023,,寿险团险,安徽,芜湖,芜湖县支公司,养老险公司,总部,寿险团险,安徽,,,网上交易,国寿养老险,2016-10-13,寿险团险,安徽,芜湖,芜湖县支公司
CL1005491763,王燕,身份证,340121********9125,CL9063,福寿嘉年38期,"20,000.00","20,000.00","20,000.97",827574,寿险团险,安徽,34012179000005,,寿险团险,安徽,合肥,长丰支公司,养老险公司,总部,寿险团险,安徽,,,网上交易,国寿养老险,2016-10-13,寿险团险,安徽,合肥,长丰支公司
CL1003946727,李强,身份证,340505********0610,CL9063,福寿嘉年38期,"190,000.00","190,000.00","190,009.24",827574,寿险团险,安徽,34050279000025,,寿险团险,安徽,马鞍山市,马鞍山市团拓部,养老险公司,总部,寿险团险,安徽,,,网上交易,国寿养老险,2016-10-13,寿险团险,安徽,马鞍山市,马鞍山市团拓部
CL1003946727,李强,身份证,340505********0610,CL9063,福寿嘉年38期,"10,000.00",0.00,0.00, ,,,34050279000025,,寿险团险,安徽,马鞍山市,马鞍山市团拓部,养老险公司,总部,寿险团险,安徽,马鞍山市,马鞍山市团拓部,网上交易,国寿养老险,2016-10-13,寿险团险,安徽,马鞍山市,马鞍山市团拓部
CL1002636399,石松涛,身份证,340826********0127,CL9063,福寿嘉年38期,"20,000.00","20,000.00","20,001.17",827574,寿险团险,安徽,34082679000003,,寿险团险,安徽,安庆,宿松,养老险公司,总部,寿险团险,安徽,,,网上交易,国寿养老险,2016-10-13,寿险团险,安徽,安庆,宿松
CL1002636399,石松涛,身份证,340826********0127,CL9063,福寿嘉年38期,"50,000.00","50,000.00","50,002.92",827574,寿险团险,安徽,34082679000003,,寿险团险,安徽,安庆,宿松,养老险公司,总部,寿险团险,安徽,,,网上交易,国寿养老险,2016-10-13,寿险团险,安徽,安庆,宿松
CL1002636399,石松涛,身份证,340826********0127,CL9063,福寿嘉年38期,"50,000.00","50,000.00","50,002.92",827574,寿险团险,安徽,34082679000003,,寿险团险,安徽,安庆,宿松,养老险公司,总部,寿险团险,安徽,,,网上交易,国寿养老险,2016-10-13,寿险团险,安徽,安庆,宿松
CL1002636399,石松涛,身份证,340826********0127,CL9063,福寿嘉年38期,"50,000.00","50,000.00","50,002.92",827574,寿险团险,安徽,34082679000003,,寿险团险,安徽,安庆,宿松,养老险公司,总部,寿险团险,安徽,,,网上交易,国寿养老险,2016-10-13,寿险团险,安徽,安庆,宿松
CL1002799191,邓明光,身份证,340503********042X,CL9063,福寿嘉年38期,"60,000.00","60,000.00","60,003.50",827574,寿险团险,安徽,34050279000025,,寿险团险,安徽,马鞍山市,马鞍山市团拓部,养老险公司,总部,寿险团险,安徽,,,网上交易,国寿养老险,2016-10-13,寿险团险,安徽,马鞍山市,马鞍山市团拓部
CL1000939017,徐启军,身份证,342322********3615,CL9063,福寿嘉年38期,"50,000.00","50,000.00","50,002.92",603070,财险公司,安徽,34112279000011,,寿险团险,安徽,滁州,来安,养老险公司,总部,财险公司,安徽,,,网上交易,国寿养老险,2016-10-13,寿险团险,安徽,滁州,来安
CL1000943399,陶群,身份证,340121********0041,CL9063,福寿嘉年38期,"10,000.00","10,000.00","10,000.49",827574,寿险团险,安徽,34012179000005,,寿险团险,安徽,合肥,长丰支公司,养老险公司,总部,寿险团险,安徽,,,网上交易,国寿养老险,2016-10-13,寿险团险,安徽,合肥,长丰支公司
CL1000932047,查福安,身份证,340505********0011,CL9063,福寿嘉年38期,"11,000.00","11,000.00","11,000.53",827574,寿险团险,安徽,34050279000025,,寿险团险,安徽,马鞍山市,马鞍山市团拓部,养老险公司,总部,寿险团险,安徽,,,网上交易,国寿养老险,2016-10-13,寿险团险,安徽,马鞍山市,马鞍山市团拓部
CL1003062713,汪光兰,身份证,342501********0066,CL9063,福寿嘉年38期,"14,000.00","14,000.00","14,000.82",827574,寿险团险,安徽,34050279000025,,寿险团险,安徽,马鞍山市,马鞍山市团拓部,养老险公司,总部,寿险团险,安徽,,,网上交易,国寿养老险,2016-10-13,寿险团险,安徽,马鞍山市,马鞍山市团拓部
CL1003062713,汪光兰,身份证,342501********0066,CL9063,福寿嘉年38期,"11,000.00","11,000.00","11,000.64",603070,财险公司,安徽,34050279000025,,寿险团险,安徽,马鞍山市,马鞍山市团拓部,养老险公司,总部,财险公司,安徽,,,网上交易,国寿养老险,2016-10-13,寿险团险,安徽,马鞍山市,马鞍山市团拓部
CL1005221707,殷惠芳,身份证,340502********0026,CL9063,福寿嘉年38期,"30,000.00","30,000.00","30,001.46",827574,寿险团险,安徽,34050279000025,,寿险团险,安徽,马鞍山市,马鞍山市团拓部,养老险公司,总部,寿险团险,安徽,,,网上交易,国寿养老险,2016-10-13,寿险团险,安徽,马鞍山市,马鞍山市团拓部
CL1002792909,洪爱仙,身份证,342726********6222,CL9063,福寿嘉年38期,"200,000.00","200,000.00","200,007.78", ,,,34100279000003,,寿险团险,安徽,黄山,黄山市团拓部,养老险公司,总部,寿险团险,安徽,黄山,黄山市团拓部,网上交易,国寿养老险,2016-10-13,寿险团险,安徽,黄山,黄山市团拓部
CL1004876519,尹良华,身份证,340403********2221,CL9063,福寿嘉年38期,"30,000.00","30,000.00","30,001.75",827574,寿险团险,安徽,34041179000035,,寿险团险,安徽,淮南,团拓部,养老险公司,总部,寿险团险,安徽,,,网上交易,国寿养老险,2016-10-13,寿险团险,安徽,淮南,团拓部
CL1000716910,朱会敏,身份证,342622********0389,CL9063,福寿嘉年38期,"50,000.00","50,000.00","50,002.92",827574,寿险团险,安徽, ,,,,,,养老险公司,总部,寿险团险,安徽,,,网上交易,国寿养老险,2016-10-13,寿险团险,安徽,,
CL1000328096,黄金,身份证,342221********0071,CL9063,福寿嘉年38期,"250,000.00","250,000.00","250,014.58",603070,财险公司,安徽,34220379001314,,寿险团险,安徽,宿州,团拓部,养老险公司,总部,财险公司,安徽,,,网上交易,国寿养老险,2016-10-13,寿险团险,安徽,宿州,团拓部
CL1005482364,张平,身份证,340323********0848,CL9063,福寿嘉年38期,"10,000.00","10,000.00","10,000.58",827574,寿险团险,安徽,34032379000017,,寿险团险,安徽,蚌埠,固镇县支公司,养老险公司,总部,寿险团险,安徽,,,网上交易,国寿养老险,2016-10-13,寿险团险,安徽,蚌埠,固镇县支公司
CL1000841916,卞晓雯,身份证,342623********0046,CL9063,福寿嘉年38期,"50,000.00","50,000.00","50,002.92",827574,寿险团险,安徽,34021379000025,,寿险团险,安徽,芜湖,无为县支公司,养老险公司,总部,寿险团险,安徽,,,网上交易,国寿养老险,2016-10-13,寿险团险,安徽,芜湖,无为县支公司
CL1003203030,张静,身份证,340323********0062,CL9063,福寿嘉年38期,"30,000.00","30,000.00","30,001.75",827574,寿险团险,安徽,34032379000017,,寿险团险,安徽,蚌埠,固镇县支公司,养老险公司,总部,寿险团险,安徽,,,网上交易,国寿养老险,2016-10-13,寿险团险,安徽,蚌埠,固镇县支公司
CL1005481010,朱爱文,身份证,340403********1249,CL9063,福寿嘉年38期,"120,000.00","120,000.00","120,007.00",827574,寿险团险,安徽, ,,,,,,养老险公司,总部,寿险团险,安徽,,,网上交易,国寿养老险,2016-10-13,寿险团险,安徽,,
CL1003947548,姚付美,身份证,340404********0446,CL9063,福寿嘉年38期,"30,000.00","30,000.00","30,001.46",827574,寿险团险,安徽,34040479000008,,寿险团险,安徽,淮南,谢家集支公司,养老险公司,总部,寿险团险,安徽,,,网上交易,国寿养老险,2016-10-13,寿险团险,安徽,淮南,谢家集支公司
CL1000863487,李梦雅,身份证,340802********0624,CL9063,福寿嘉年38期,"10,000.00","10,000.00","10,000.58",603070,财险公司,安徽,341222198602050270, ,财险公司,安徽,,,,,财险公司,安徽,,,APP,国寿养老险,2016-10-13,财险公司,安徽,,
CL1000144225,李恩燕,身份证,342401********3841,CL9063,福寿嘉年38期,"50,000.00","50,000.00","50,002.92",827574,寿险团险,安徽,34240179000010,,寿险团险,安徽,六安,团拓,养老险公司,总部,寿险团险,安徽,,,网上交易,国寿养老险,2016-10-13,寿险团险,安徽,六安,团拓
CL1000144225,李恩燕,身份证,342401********3841,CL9063,福寿嘉年38期,"50,000.00","50,000.00","50,002.92",827574,寿险团险,安徽,34240179000010,,寿险团险,安徽,六安,团拓,养老险公司,总部,寿险团险,安徽,,,网上交易,国寿养老险,2016-10-13,寿险团险,安徽,六安,团拓

