﻿FUND_ACCT,CUST_NAME,CERT_TYPE,CERT_NO,FUND_CODE,FUND_NAME,APP_MONEY,ACK_MONEY,ACK_SHARE,INVITECODE,COMPANY_INVITE,BRANCH_INVITE_NEW,REFERID,CUSTNAME_REFER,COMPANY_REFER,BRANCH_REFER_NEW,CT_REFER,CR_REFER,COMPANY_ORG,ORGNAME,SALE_COMPANY_NAME_DTL,SALE_BRANCH_NAME,SALE_CT_NAME,SALE_CR_NAME,ACCEPT_METHOD,AGENCY_NAME,ACK_DATE,SALE_COMPANY_NAME_FEE,SALE_BRANCH_NAME_FEE1,SALE_CT_NAME_FEE,SALE_CR_NAME_FEE
CL1005490642,夏黎明,身份证,342623********0035,CL9064,福寿嘉年39期,"130,000.00","130,000.00","130,007.58",802779,寿险团险,安徽,34021379000025,,寿险团险,安徽,芜湖,无为县支公司,养老险公司,总部,寿险团险,安徽,,,网上交易,国寿养老险,2016-10-13,寿险团险,安徽,芜湖,无为县支公司
CL1000646251,汪洁,身份证,340802********0227,CL9064,福寿嘉年39期,"30,000.00","30,000.00","30,001.75",802779,寿险团险,安徽,34080179000010,,寿险团险,安徽,安庆,城区团拓部,养老险公司,总部,寿险团险,安徽,,,网上交易,国寿养老险,2016-10-13,寿险团险,安徽,安庆,城区团拓部
CL1000573740,窦淑兰,身份证,342201********0488,CL9064,福寿嘉年39期,"50,000.00","50,000.00","50,002.92",802779,寿险团险,安徽,34222579000006,,寿险团险,安徽,宿州,泗县支公司,养老险公司,总部,寿险团险,安徽,,,网上交易,国寿养老险,2016-10-13,寿险团险,安徽,宿州,泗县支公司
CL1005489289,袁玉梅,身份证,340123********2620,CL9064,福寿嘉年39期,"30,000.00","30,000.00","30,001.75",776701,养老险公司,安徽,34012279000018,,寿险团险,安徽,合肥,肥东支公司,养老险公司,总部,养老险公司,安徽,,,网上交易,国寿养老险,2016-10-13,寿险团险,安徽,合肥,肥东支公司
CL1005489289,袁玉梅,身份证,340123********2620,CL9064,福寿嘉年39期,"50,000.00","50,000.00","50,002.92",776701,养老险公司,安徽,34012279000018,,寿险团险,安徽,合肥,肥东支公司,养老险公司,总部,养老险公司,安徽,,,网上交易,国寿养老险,2016-10-13,寿险团险,安徽,合肥,肥东支公司
CL1005489601,骆承启,身份证,340222********001X,CL9064,福寿嘉年39期,"30,000.00","30,000.00","30,001.75",802779,寿险团险,安徽,34020479000040,,寿险团险,安徽,芜湖,繁昌支公司,养老险公司,总部,寿险团险,安徽,,,网上交易,国寿养老险,2016-10-13,寿险团险,安徽,芜湖,繁昌支公司
CL1002792076,张林,身份证,340221********0410,CL9064,福寿嘉年39期,"10,000.00","10,000.00","10,000.58",802779,寿险团险,安徽,34020679000010,,寿险团险,安徽,芜湖,开发区支公司,养老险公司,总部,寿险团险,安徽,,,网上交易,国寿养老险,2016-10-13,寿险团险,安徽,芜湖,开发区支公司
CL1002671529,毛荷胜,身份证,342530********2535,CL9064,福寿嘉年39期,"10,000.00","10,000.00","10,000.49",802779,寿险团险,安徽,34250179001007,,寿险团险,安徽,宣城,团拓,养老险公司,总部,寿险团险,安徽,,,网上交易,国寿养老险,2016-10-13,寿险团险,安徽,宣城,团拓
CL1003945028,程笑玲,身份证,342530********0021,CL9064,福寿嘉年39期,"12,000.00","12,000.00","12,000.70",802779,寿险团险,安徽,34250179001007,,寿险团险,安徽,宣城,团拓,养老险公司,总部,寿险团险,安徽,,,网上交易,国寿养老险,2016-10-13,寿险团险,安徽,宣城,团拓
CL1005482264,牛红艳,身份证,341126********0240,CL9064,福寿嘉年39期,"120,000.00","120,000.00","120,004.67",802779,寿险团险,安徽, ,,,,,,养老险公司,总部,寿险团险,安徽,,,网上交易,国寿养老险,2016-10-13,寿险团险,安徽,,
CL1003371235,李建平,身份证,360403********0938,CL9064,福寿嘉年39期,"50,000.00","50,000.00","50,002.92",776701,养老险公司,安徽,yl34000018,叶妮娜,养老险公司,安徽,,,,,养老险公司,安徽,,,APP,国寿养老险,2016-10-13,养老险公司,安徽,,
CL1003371235,李建平,身份证,360403********0938,CL9064,福寿嘉年39期,"10,000.00","10,000.00","10,000.49",776701,养老险公司,安徽,yl34000018,叶妮娜,养老险公司,安徽,,,,,养老险公司,安徽,,,APP,国寿养老险,2016-10-13,养老险公司,安徽,,
CL1000996063,蒋玉清,身份证,340202********0724,CL9064,福寿嘉年39期,"50,000.00","50,000.00","50,002.92",802779,寿险团险,安徽,34020679000010,,寿险团险,安徽,芜湖,开发区支公司,养老险公司,总部,寿险团险,安徽,,,网上交易,国寿养老险,2016-10-13,寿险团险,安徽,芜湖,开发区支公司
CL1000244222,鲍玮玮,身份证,342425********0223,CL9064,福寿嘉年39期,"13,000.00","13,000.00","13,000.76",776701,养老险公司,安徽,34242579000011,,寿险团险,安徽,六安,舒城,养老险公司,总部,养老险公司,安徽,,,网上交易,国寿养老险,2016-10-13,寿险团险,安徽,六安,舒城
CL1000244222,鲍玮玮,身份证,342425********0223,CL9064,福寿嘉年39期,"50,000.00","50,000.00","50,002.92",802779,寿险团险,安徽,34242579000011,,寿险团险,安徽,六安,舒城,养老险公司,总部,寿险团险,安徽,,,网上交易,国寿养老险,2016-10-13,寿险团险,安徽,六安,舒城
CL1000143059,鲍德红,身份证,340403********0629,CL9064,福寿嘉年39期,"20,000.00","20,000.00","20,001.17",802779,寿险团险,安徽,340403197010070629, ,财险公司,安徽,,,养老险公司,总部,寿险团险,安徽,,,网上交易,国寿养老险,2016-10-13,财险公司,安徽,,
CL1001004677,徐嵘,身份证,340821********0028,CL9064,福寿嘉年39期,"120,000.00","120,000.00","120,007.00",802779,寿险团险,安徽,34082179000003,,寿险团险,安徽,安庆,桐城,养老险公司,总部,寿险团险,安徽,,,网上交易,国寿养老险,2016-10-13,寿险团险,安徽,安庆,桐城
CL1005483896,吴萍香,身份证,342724********1520,CL9064,福寿嘉年39期,"20,000.00","20,000.00","20,001.17",802779,寿险团险,安徽,34100279000003,,寿险团险,安徽,黄山,黄山市团拓部,养老险公司,总部,寿险团险,安徽,,,网上交易,国寿养老险,2016-10-13,寿险团险,安徽,黄山,黄山市团拓部
CL1005485616,奚桂花,身份证,340221********0021,CL9064,福寿嘉年39期,"20,000.00","20,000.00","20,001.17",802779,寿险团险,安徽,34020379000028,,寿险团险,安徽,芜湖,芜湖县支公司,养老险公司,总部,寿险团险,安徽,,,网上交易,国寿养老险,2016-10-13,寿险团险,安徽,芜湖,芜湖县支公司
CL1004536750,刘六九,身份证,340828********2124,CL9064,福寿嘉年39期,"40,000.00","40,000.00","40,002.33",802779,寿险团险,安徽,34082879008009,,寿险团险,安徽,安庆,岳西,养老险公司,总部,寿险团险,安徽,,,网上交易,国寿养老险,2016-10-13,寿险团险,安徽,安庆,岳西
CL1005487792,刘銮姣,身份证,340828********0140,CL9064,福寿嘉年39期,"100,000.00","100,000.00","100,005.83",802779,寿险团险,安徽,34082879008009,,寿险团险,安徽,安庆,岳西,养老险公司,总部,寿险团险,安徽,,,网上交易,国寿养老险,2016-10-13,寿险团险,安徽,安庆,岳西
CL1001025738,席德平,身份证,341103********2829,CL9064,福寿嘉年39期,"50,000.00","50,000.00","50,001.94", ,,,34110179000004,,寿险团险,安徽,滁州,团拓,养老险公司,总部,寿险团险,安徽,滁州,团拓,网上交易,国寿养老险,2016-10-13,寿险团险,安徽,滁州,团拓
CL1000032155,郑颖,身份证,340702********0520,CL9064,福寿嘉年39期,"30,000.00","30,000.00","30,001.75",776701,养老险公司,安徽,34070379001002,,寿险团险,安徽,铜陵,团拓部（城区）,养老险公司,总部,养老险公司,安徽,,,网上交易,国寿养老险,2016-10-13,寿险团险,安徽,铜陵,团拓部（城区）
CL1002683069,余燕,身份证,340828********0140,CL9064,福寿嘉年39期,"100,000.00","100,000.00","100,005.83",802779,寿险团险,安徽,34082879008009,,寿险团险,安徽,安庆,岳西,养老险公司,总部,寿险团险,安徽,,,网上交易,国寿养老险,2016-10-13,寿险团险,安徽,安庆,岳西
CL1001072353,吴火兴,身份证,360622********3931,CL9064,福寿嘉年39期,"50,000.00","50,000.00","50,001.94", ,,,34021379000025,,寿险团险,安徽,芜湖,无为县支公司,养老险公司,总部,寿险团险,安徽,芜湖,无为县支公司,网上交易,国寿养老险,2016-10-13,寿险团险,安徽,芜湖,无为县支公司
CL1000236900,彭树梅,身份证,340503********042X,CL9064,福寿嘉年39期,"10,000.00","10,000.00","10,000.49",776701,养老险公司,安徽,34050279000030,,寿险团险,安徽,马鞍山市,马鞍山市团拓部,养老险公司,总部,养老险公司,安徽,,,网上交易,国寿养老险,2016-10-13,寿险团险,安徽,马鞍山市,马鞍山市团拓部
CL1005392121,刘宗悦,身份证,340202********1058,CL9064,福寿嘉年39期,"500,000.00","500,000.00","500,029.17",802779,寿险团险,安徽,34020179000054,,寿险团险,安徽,芜湖,团拓,养老险公司,总部,寿险团险,安徽,,,网上交易,国寿养老险,2016-10-13,寿险团险,安徽,芜湖,团拓
CL1002843449,舒木兰,身份证,342530********1626,CL9064,福寿嘉年39期,"100,000.00","100,000.00","100,005.83",802779,寿险团险,安徽,34253079001007,,寿险团险,安徽,宣城,旌德支公司,养老险公司,总部,寿险团险,安徽,,,网上交易,国寿养老险,2016-10-13,寿险团险,安徽,宣城,旌德支公司
CL1000158196,鄢云翠,身份证,340202********1029,CL9064,福寿嘉年39期,"40,000.00","40,000.00","40,002.33",802779,寿险团险,安徽,34020179000011,,寿险团险,安徽,芜湖,团拓,养老险公司,总部,寿险团险,安徽,,,网上交易,国寿养老险,2016-10-13,寿险团险,安徽,芜湖,团拓
CL1000905040,王胜男,身份证,342529********4623,CL9064,福寿嘉年39期,"50,000.00","50,000.00","50,002.92",802779,寿险团险,安徽,34250179001007,,寿险团险,安徽,宣城,团拓,养老险公司,总部,寿险团险,安徽,,,网上交易,国寿养老险,2016-10-13,寿险团险,安徽,宣城,团拓
CL1000905040,王胜男,身份证,342529********4623,CL9064,福寿嘉年39期,"50,000.00","50,000.00","50,002.92",802779,寿险团险,安徽,34250179001007,,寿险团险,安徽,宣城,团拓,养老险公司,总部,寿险团险,安徽,,,网上交易,国寿养老险,2016-10-13,寿险团险,安徽,宣城,团拓
CL1000905040,王胜男,身份证,342529********4623,CL9064,福寿嘉年39期,"50,000.00","50,000.00","50,002.92",802779,寿险团险,安徽,34250179001007,,寿险团险,安徽,宣城,团拓,养老险公司,总部,寿险团险,安徽,,,网上交易,国寿养老险,2016-10-13,寿险团险,安徽,宣城,团拓
CL1000905040,王胜男,身份证,342529********4623,CL9064,福寿嘉年39期,"50,000.00","50,000.00","50,002.92",802779,寿险团险,安徽,34250179001007,,寿险团险,安徽,宣城,团拓,养老险公司,总部,寿险团险,安徽,,,网上交易,国寿养老险,2016-10-13,寿险团险,安徽,宣城,团拓
CL1000010039,陈建英,身份证,340121********0067,CL9064,福寿嘉年39期,"20,000.00","20,000.00","20,001.17",802779,寿险团险,安徽,34011379000004,,寿险团险,安徽,合肥,团险拓展部,养老险公司,总部,寿险团险,安徽,,,网上交易,国寿养老险,2016-10-13,寿险团险,安徽,合肥,团险拓展部
CL1004259474,江辉,身份证,342724********3319,CL9064,福寿嘉年39期,"300,000.00","300,000.00","300,017.50",802779,寿险团险,安徽,34100279000003,,寿险团险,安徽,黄山,黄山市团拓部,养老险公司,总部,寿险团险,安徽,,,网上交易,国寿养老险,2016-10-13,寿险团险,安徽,黄山,黄山市团拓部
CL1003219487,王晓龙,身份证,342822********2216,CL9064,福寿嘉年39期,"700,000.00","700,000.00","700,040.83",802779,寿险团险,安徽,34082181000002,,寿险银保,安徽,安庆,桐城,,,寿险团险,安徽,,,APP,国寿养老险,2016-10-13,寿险银保,安徽,安庆,桐城
CL1002637276,叶先锋,身份证,340721********4541,CL9064,福寿嘉年39期,"50,000.00","50,000.00","50,002.92",802779,寿险团险,安徽,34070379001002,,寿险团险,安徽,铜陵,团拓部（城区）,养老险公司,总部,寿险团险,安徽,,,网上交易,国寿养老险,2016-10-13,寿险团险,安徽,铜陵,团拓部（城区）
CL1002637276,叶先锋,身份证,340721********4541,CL9064,福寿嘉年39期,"50,000.00","50,000.00","50,002.92",802779,寿险团险,安徽,34070379001002,,寿险团险,安徽,铜陵,团拓部（城区）,养老险公司,总部,寿险团险,安徽,,,网上交易,国寿养老险,2016-10-13,寿险团险,安徽,铜陵,团拓部（城区）
CL1002637276,叶先锋,身份证,340721********4541,CL9064,福寿嘉年39期,"50,000.00","50,000.00","50,002.92",802779,寿险团险,安徽,34070379001002,,寿险团险,安徽,铜陵,团拓部（城区）,养老险公司,总部,寿险团险,安徽,,,网上交易,国寿养老险,2016-10-13,寿险团险,安徽,铜陵,团拓部（城区）
CL1002637276,叶先锋,身份证,340721********4541,CL9064,福寿嘉年39期,"50,000.00","50,000.00","50,002.92",802779,寿险团险,安徽,34070379001002,,寿险团险,安徽,铜陵,团拓部（城区）,养老险公司,总部,寿险团险,安徽,,,网上交易,国寿养老险,2016-10-13,寿险团险,安徽,铜陵,团拓部（城区）
CL1000687574,卜海凤,身份证,340102********2524,CL9064,福寿嘉年39期,"20,000.00","20,000.00","20,001.17",802779,寿险团险,安徽, ,,,,,,养老险公司,总部,寿险团险,安徽,,,网上交易,国寿养老险,2016-10-13,寿险团险,安徽,,
CL1000678242,陈荣斌,身份证,332625********1818,CL9064,福寿嘉年39期,"50,000.00","50,000.00","50,002.43",802779,寿险团险,安徽,34118179000041,,寿险团险,安徽,滁州,天长,养老险公司,总部,寿险团险,安徽,,,网上交易,国寿养老险,2016-10-13,寿险团险,安徽,滁州,天长
CL1005483030,张冰,身份证,342723********1489,CL9064,福寿嘉年39期,"26,000.00","26,000.00","26,001.52",802779,寿险团险,安徽,34100279000003,,寿险团险,安徽,黄山,黄山市团拓部,养老险公司,总部,寿险团险,安徽,,,网上交易,国寿养老险,2016-10-13,寿险团险,安徽,黄山,黄山市团拓部
CL1000657858,朱珉,身份证,340103********2517,CL9064,福寿嘉年39期,"70,000.00","70,000.00","70,004.08",802779,寿险团险,安徽,34011371000001,,寿险团险,安徽,合肥,团险拓展部,养老险公司,总部,寿险团险,安徽,,,网上交易,国寿养老险,2016-10-13,寿险团险,安徽,合肥,团险拓展部
CL1004764427,张凤华,身份证,340505********0022,CL9064,福寿嘉年39期,"10,000.00","10,000.00","10,000.58",802779,寿险团险,安徽,34050279000030,,寿险团险,安徽,马鞍山市,马鞍山市团拓部,养老险公司,总部,寿险团险,安徽,,,网上交易,国寿养老险,2016-10-13,寿险团险,安徽,马鞍山市,马鞍山市团拓部
CL1000705179,檀望德,身份证,342921********441X,CL9064,福寿嘉年39期,"26,000.00","26,000.00","26,001.52",802779,寿险团险,安徽,34080179000010,,寿险团险,安徽,安庆,城区团拓部,养老险公司,总部,寿险团险,安徽,,,网上交易,国寿养老险,2016-10-13,寿险团险,安徽,安庆,城区团拓部
CL1003413132,张惠武,身份证,340123********0022,CL9064,福寿嘉年39期,"50,000.00","50,000.00","50,002.92",802779,寿险团险,安徽,34011379000001,,寿险团险,安徽,合肥,团险拓展部,养老险公司,总部,寿险团险,安徽,,,网上交易,国寿养老险,2016-10-13,寿险团险,安徽,合肥,团险拓展部
CL1005220275,邓衡玉,身份证,340503********0429,CL9064,福寿嘉年39期,"50,000.00","50,000.00","50,001.94", ,,,34050279000025,,寿险团险,安徽,马鞍山市,马鞍山市团拓部,养老险公司,总部,寿险团险,安徽,马鞍山市,马鞍山市团拓部,网上交易,国寿养老险,2016-10-13,寿险团险,安徽,马鞍山市,马鞍山市团拓部
CL1000191440,孟华伟,身份证,342201********0014,CL9064,福寿嘉年39期,"380,000.00","380,000.00","380,022.17",802779,寿险团险,安徽,34222279000006,,寿险团险,安徽,宿州,萧县支公司,养老险公司,总部,寿险团险,安徽,,,网上交易,国寿养老险,2016-10-13,寿险团险,安徽,宿州,萧县支公司
CL1005228277,姚文翠,身份证,342522********5422,CL9064,福寿嘉年39期,"60,000.00","60,000.00","60,003.50",802779,寿险团险,安徽,34250179001007,,寿险团险,安徽,宣城,团拓,养老险公司,总部,寿险团险,安徽,,,网上交易,国寿养老险,2016-10-13,寿险团险,安徽,宣城,团拓
CL1005478660,许永芳,身份证,340104********2041,CL9064,福寿嘉年39期,"30,000.00","30,000.00","30,001.75",776701,养老险公司,安徽,34011371000001,,寿险团险,安徽,合肥,团险拓展部,养老险公司,总部,养老险公司,安徽,,,网上交易,国寿养老险,2016-10-13,寿险团险,安徽,合肥,团险拓展部
CL1001212726,吴晶,身份证,342721********0225,CL9064,福寿嘉年39期,"10,000.00","10,000.00","10,000.58",802779,寿险团险,安徽,34250179001007,,寿险团险,安徽,宣城,团拓,养老险公司,总部,寿险团险,安徽,,,网上交易,国寿养老险,2016-10-13,寿险团险,安徽,宣城,团拓
CL1000765633,余红,身份证,342901********6022,CL9064,福寿嘉年39期,"100,000.00","100,000.00","100,005.83",802779,寿险团险,安徽, ,,,,,,养老险公司,总部,寿险团险,安徽,,,网上交易,国寿养老险,2016-10-13,寿险团险,安徽,,
CL1005493638,朱赟怡,身份证,340503********0220,CL9064,福寿嘉年39期,"50,000.00","50,000.00","50,002.92",802779,寿险团险,安徽,34050279000028,,寿险团险,安徽,马鞍山市,马鞍山市团拓部,养老险公司,总部,寿险团险,安徽,,,网上交易,国寿养老险,2016-10-13,寿险团险,安徽,马鞍山市,马鞍山市团拓部
CL1005489378,梅红,身份证,342822********0023,CL9064,福寿嘉年39期,"400,000.00","400,000.00","400,019.44",802779,寿险团险,安徽,34082179000003,,寿险团险,安徽,安庆,桐城,养老险公司,总部,寿险团险,安徽,,,网上交易,国寿养老险,2016-10-13,寿险团险,安徽,安庆,桐城
CL1005489378,梅红,身份证,342822********0023,CL9064,福寿嘉年39期,"40,000.00","40,000.00","40,001.94",802779,寿险团险,安徽,34082179000003,,寿险团险,安徽,安庆,桐城,养老险公司,总部,寿险团险,安徽,,,网上交易,国寿养老险,2016-10-13,寿险团险,安徽,安庆,桐城
CL1005489378,梅红,身份证,342822********0023,CL9064,福寿嘉年39期,"100,000.00","100,000.00","100,004.86",802779,寿险团险,安徽,34082179000003,,寿险团险,安徽,安庆,桐城,养老险公司,总部,寿险团险,安徽,,,网上交易,国寿养老险,2016-10-13,寿险团险,安徽,安庆,桐城
CL1005489378,梅红,身份证,342822********0023,CL9064,福寿嘉年39期,"10,000.00","10,000.00","10,000.49",802779,寿险团险,安徽,34082179000003,,寿险团险,安徽,安庆,桐城,养老险公司,总部,寿险团险,安徽,,,网上交易,国寿养老险,2016-10-13,寿险团险,安徽,安庆,桐城
CL1000117562,谢黎,身份证,342726********0020,CL9064,福寿嘉年39期,"50,000.00","50,000.00","50,002.43",802779,寿险团险,安徽,34100279000003,,寿险团险,安徽,黄山,黄山市团拓部,养老险公司,总部,寿险团险,安徽,,,网上交易,国寿养老险,2016-10-13,寿险团险,安徽,黄山,黄山市团拓部
CL1000117562,谢黎,身份证,342726********0020,CL9064,福寿嘉年39期,"50,000.00","50,000.00","50,002.43",802779,寿险团险,安徽,34100279000003,,寿险团险,安徽,黄山,黄山市团拓部,养老险公司,总部,寿险团险,安徽,,,网上交易,国寿养老险,2016-10-13,寿险团险,安徽,黄山,黄山市团拓部
CL1000723911,闫桂芝,身份证,342222********0122,CL9064,福寿嘉年39期,"50,000.00","50,000.00","50,001.94", ,,,34222279000006,,寿险团险,安徽,宿州,萧县支公司,养老险公司,总部,寿险团险,安徽,宿州,萧县支公司,网上交易,国寿养老险,2016-10-13,寿险团险,安徽,宿州,萧县支公司
CL1000723911,闫桂芝,身份证,342222********0122,CL9064,福寿嘉年39期,"14,000.00","14,000.00","14,000.54", ,,,34222279000006,,寿险团险,安徽,宿州,萧县支公司,,,寿险团险,安徽,宿州,萧县支公司,APP,国寿养老险,2016-10-13,寿险团险,安徽,宿州,萧县支公司
CL1000432342,王德霞,身份证,342425********0022,CL9064,福寿嘉年39期,"40,000.00","40,000.00","40,001.56", ,,,34242579000011,,寿险团险,安徽,六安,舒城,养老险公司,总部,寿险团险,安徽,六安,舒城,网上交易,国寿养老险,2016-10-13,寿险团险,安徽,六安,舒城
CL1005492339,胡文,身份证,340223********0023,CL9064,福寿嘉年39期,"90,000.00","90,000.00","90,005.25",802779,寿险团险,安徽,34020579000042,,寿险团险,安徽,芜湖,南陵支公司,,,寿险团险,安徽,,,APP,国寿养老险,2016-10-13,寿险团险,安徽,芜湖,南陵支公司
CL1005492339,胡文,身份证,340223********0023,CL9064,福寿嘉年39期,"10,000.00","10,000.00","10,000.49",802779,寿险团险,安徽,34020579000042,,寿险团险,安徽,芜湖,南陵支公司,,,寿险团险,安徽,,,APP,国寿养老险,2016-10-13,寿险团险,安徽,芜湖,南陵支公司
CL1001279461,王梅仙,身份证,342721********0242,CL9064,福寿嘉年39期,"90,000.00","90,000.00","90,004.38",802779,寿险团险,安徽,34250179001007,,寿险团险,安徽,宣城,团拓,养老险公司,总部,寿险团险,安徽,,,网上交易,国寿养老险,2016-10-13,寿险团险,安徽,宣城,团拓
CL1000502534,洪枫,身份证,342601********0227,CL9064,福寿嘉年39期,"20,000.00","20,000.00","20,001.17",802779,寿险团险,安徽,34011371000001,,寿险团险,安徽,合肥,团险拓展部,养老险公司,总部,寿险团险,安徽,,,网上交易,国寿养老险,2016-10-13,寿险团险,安徽,合肥,团险拓展部
CL1005610308,汪耀庭,身份证,342829********2513,CL9064,福寿嘉年39期,"11,000.00","11,000.00","11,000.53",802779,寿险团险,安徽,34292179000030,,寿险团险,安徽,池州,东至支公司,养老险公司,总部,寿险团险,安徽,,,网上交易,国寿养老险,2016-10-13,寿险团险,安徽,池州,东至支公司
CL1003715520,李立斌,身份证,340603********043X,CL9064,福寿嘉年39期,"30,000.00","30,000.00","30,001.75",802779,寿险团险,安徽, ,,,,,,养老险公司,总部,寿险团险,安徽,,,网上交易,国寿养老险,2016-10-13,寿险团险,安徽,,
CL1000723755,况燕,身份证,340603********0447,CL9064,福寿嘉年39期,"50,000.00","50,000.00","50,002.43",802779,寿险团险,安徽,34060279000027,,寿险团险,安徽,淮北,团拓,养老险公司,总部,寿险团险,安徽,,,网上交易,国寿养老险,2016-10-13,寿险团险,安徽,淮北,团拓
CL1000723755,况燕,身份证,340603********0447,CL9064,福寿嘉年39期,"10,000.00","10,000.00","10,000.49",802779,寿险团险,安徽, ,,,,,,养老险公司,总部,寿险团险,安徽,,,网上交易,国寿养老险,2016-10-13,寿险团险,安徽,,
CL1002760985,任丽,身份证,342529********2222,CL9064,福寿嘉年39期,"90,000.00","90,000.00","90,005.25",802779,寿险团险,安徽,34250179001007,,寿险团险,安徽,宣城,团拓,养老险公司,总部,寿险团险,安徽,,,网上交易,国寿养老险,2016-10-13,寿险团险,安徽,宣城,团拓
CL1000685598,郭金凤,身份证,340421********0243,CL9064,福寿嘉年39期,"50,000.00","50,000.00","50,002.92",802779,寿险团险,安徽, ,,,,,,养老险公司,总部,寿险团险,安徽,,,网上交易,国寿养老险,2016-10-13,寿险团险,安徽,,
CL1005490331,张晓侠,身份证,342221********0020,CL9064,福寿嘉年39期,"20,000.00","20,000.00","20,001.17",802779,寿险团险,安徽,34011379000001,,寿险团险,安徽,合肥,团险拓展部,养老险公司,总部,寿险团险,安徽,,,网上交易,国寿养老险,2016-10-13,寿险团险,安徽,合肥,团险拓展部
CL1001001592,何丽娟,身份证,340702********1027,CL9064,福寿嘉年39期,"50,000.00","50,000.00","50,002.92",802779,寿险团险,安徽,34070379001001,,寿险团险,安徽,铜陵,团拓部（城区）,养老险公司,总部,寿险团险,安徽,,,网上交易,国寿养老险,2016-10-13,寿险团险,安徽,铜陵,团拓部（城区）
CL1000954952,李广松,身份证,340121********0058,CL9064,福寿嘉年39期,"40,000.00","40,000.00","40,002.33",802779,寿险团险,安徽,34012179000012,,寿险团险,安徽,合肥,长丰支公司,养老险公司,总部,寿险团险,安徽,,,网上交易,国寿养老险,2016-10-13,寿险团险,安徽,合肥,长丰支公司
CL1005491174,李孝敏,身份证,342901********4529,CL9064,福寿嘉年39期,"20,000.00","20,000.00","20,001.17",802779,寿险团险,安徽, ,,,,,,养老险公司,总部,寿险团险,安徽,,,网上交易,国寿养老险,2016-10-13,寿险团险,安徽,,
CL1000090022,范文波,身份证,340104********1519,CL9064,福寿嘉年39期,"100,000.00","100,000.00","100,005.83",802779,寿险团险,安徽,34011371000001,,寿险团险,安徽,合肥,团险拓展部,养老险公司,总部,寿险团险,安徽,,,网上交易,国寿养老险,2016-10-13,寿险团险,安徽,合肥,团险拓展部
CL1004907397,施利芳,身份证,340821********5307,CL9064,福寿嘉年39期,"10,000.00","10,000.00","10,000.49",776701,养老险公司,安徽,34082179000003,,寿险团险,安徽,安庆,桐城,,,养老险公司,安徽,,,APP,国寿养老险,2016-10-13,寿险团险,安徽,安庆,桐城
CL1005488502,戴军,身份证,340223********0047,CL9064,福寿嘉年39期,"100,000.00","100,000.00","100,005.83",776701,养老险公司,安徽,34020579000042,,寿险团险,安徽,芜湖,南陵支公司,,,养老险公司,安徽,,,APP,国寿养老险,2016-10-13,寿险团险,安徽,芜湖,南陵支公司
CL1000942212,侯彩虹,身份证,340603********0426,CL9064,福寿嘉年39期,"20,000.00","20,000.00","20,001.17",802779,寿险团险,安徽,34060279000002,,寿险团险,安徽,淮北,团拓,养老险公司,总部,寿险团险,安徽,,,网上交易,国寿养老险,2016-10-13,寿险团险,安徽,淮北,团拓
CL1004183244,金晓虹,身份证,340503********0220,CL9064,福寿嘉年39期,"10,000.00","10,000.00","10,000.39",802779,寿险团险,安徽,34050279000025,,寿险团险,安徽,马鞍山市,马鞍山市团拓部,养老险公司,总部,寿险团险,安徽,,,网上交易,国寿养老险,2016-10-13,寿险团险,安徽,马鞍山市,马鞍山市团拓部
CL1004275796,钱鑫,身份证,340322********1234,CL9064,福寿嘉年39期,"50,000.00","50,000.00","50,002.92",802779,寿险团险,安徽,34032279000028,,寿险团险,安徽,蚌埠,五河县支公司,养老险公司,总部,寿险团险,安徽,,,网上交易,国寿养老险,2016-10-13,寿险团险,安徽,蚌埠,五河县支公司
CL1005379706,胡海鹏,身份证,342701********1417,CL9064,福寿嘉年39期,"70,000.00","70,000.00","70,003.40",802779,寿险团险,安徽,34100279000003,,寿险团险,安徽,黄山,黄山市团拓部,养老险公司,总部,寿险团险,安徽,,,网上交易,国寿养老险,2016-10-13,寿险团险,安徽,黄山,黄山市团拓部
CL1000931137,石洁洁,身份证,341126********5025,CL9064,福寿嘉年39期,"50,000.00","50,000.00","50,001.94", ,,,34250179001007,,寿险团险,安徽,宣城,团拓,养老险公司,总部,寿险团险,安徽,宣城,团拓,网上交易,国寿养老险,2016-10-13,寿险团险,安徽,宣城,团拓
CL1000472899,李艳丽,身份证,342201********4126,CL9064,福寿嘉年39期,"400,000.00","400,000.00","400,015.56", ,,,34222579000006,,寿险团险,安徽,宿州,泗县支公司,养老险公司,总部,寿险团险,安徽,宿州,泗县支公司,网上交易,国寿养老险,2016-10-13,寿险团险,安徽,宿州,泗县支公司
CL1000541782,齐敏,身份证,342221********0043,CL9064,福寿嘉年39期,"50,000.00","50,000.00","50,002.92",802779,寿险团险,安徽,34222179002172,,寿险团险,安徽,宿州,砀山县支公司,养老险公司,总部,寿险团险,安徽,,,网上交易,国寿养老险,2016-10-13,寿险团险,安徽,宿州,砀山县支公司
CL1005481498,张明,身份证,340103********3559,CL9064,福寿嘉年39期,"120,000.00","120,000.00","120,007.00",802779,寿险团险,安徽,34011371000001,,寿险团险,安徽,合肥,团险拓展部,养老险公司,总部,寿险团险,安徽,,,网上交易,国寿养老险,2016-10-13,寿险团险,安徽,合肥,团险拓展部
CL1001028146,詹艳,身份证,340204********1541,CL9064,福寿嘉年39期,"10,000.00","10,000.00","10,000.58",802779,寿险团险,安徽,34020179000036,,寿险团险,安徽,芜湖,团拓,养老险公司,总部,寿险团险,安徽,,,网上交易,国寿养老险,2016-10-13,寿险团险,安徽,芜湖,团拓
CL1003176681,胡非,身份证,342301********0238,CL9064,福寿嘉年39期,"60,000.00","60,000.00","60,003.50",802779,寿险团险,安徽,34112479000010,,寿险团险,安徽,滁州,全椒,养老险公司,总部,寿险团险,安徽,,,网上交易,国寿养老险,2016-10-13,寿险团险,安徽,滁州,全椒
CL1005487703,王小兵,身份证,342922********3013,CL9064,福寿嘉年39期,"20,000.00","20,000.00","20,001.17",802779,寿险团险,安徽,34292279000001,,寿险团险,安徽,池州,石台支公司,养老险公司,总部,寿险团险,安徽,,,网上交易,国寿养老险,2016-10-13,寿险团险,安徽,池州,石台支公司
CL1005487703,王小兵,身份证,342922********3013,CL9064,福寿嘉年39期,"500,000.00","500,000.00","500,029.17",802779,寿险团险,安徽,34292279000001,,寿险团险,安徽,池州,石台支公司,养老险公司,总部,寿险团险,安徽,,,网上交易,国寿养老险,2016-10-13,寿险团险,安徽,池州,石台支公司
CL1004911013,徐元珍,身份证,340721********0082,CL9064,福寿嘉年39期,"90,000.00","90,000.00","90,005.25",802779,寿险团险,安徽,34072179000004,,寿险团险,安徽,铜陵,铜陵县支公司（县支）,养老险公司,总部,寿险团险,安徽,,,网上交易,国寿养老险,2016-10-13,寿险团险,安徽,铜陵,铜陵县支公司（县支）
CL1000639838,汪静,身份证,342901********6622,CL9064,福寿嘉年39期,"10,000.00","10,000.00","10,000.58",802779,寿险团险,安徽,34041179000019,,寿险团险,安徽,淮南,团拓部,,,寿险团险,安徽,,,APP,国寿养老险,2016-10-13,寿险团险,安徽,淮南,团拓部
CL1000639838,汪静,身份证,342901********6622,CL9064,福寿嘉年39期,"22,000.00","22,000.00","22,001.28",802779,寿险团险,安徽,34041179000019,,寿险团险,安徽,淮南,团拓部,,,寿险团险,安徽,,,APP,国寿养老险,2016-10-13,寿险团险,安徽,淮南,团拓部
CL1002678488,王梅英,身份证,342321********3423,CL9064,福寿嘉年39期,"30,000.00","30,000.00","30,001.75",802779,寿险团险,安徽,34118179000041,,寿险团险,安徽,滁州,天长,养老险公司,总部,寿险团险,安徽,,,网上交易,国寿养老险,2016-10-13,寿险团险,安徽,滁州,天长
CL1000720536,高文娇,身份证,342625********0024,CL9064,福寿嘉年39期,"16,000.00","16,000.00","16,000.93",802779,寿险团险,安徽,34050579000014,,寿险团险,安徽,马鞍山市,含山县团险部,养老险公司,总部,寿险团险,安徽,,,网上交易,国寿养老险,2016-10-13,寿险团险,安徽,马鞍山市,含山县团险部
CL1000149842,陈晓媛,身份证,342401********0044,CL9064,福寿嘉年39期,"43,000.00","43,000.00","43,002.51",802779,寿险团险,安徽,34240179000022,,寿险团险,安徽,六安,团拓,养老险公司,总部,寿险团险,安徽,,,网上交易,国寿养老险,2016-10-13,寿险团险,安徽,六安,团拓
CL1000693809,王楚琴,身份证,342529********0021,CL9064,福寿嘉年39期,"100,000.00","100,000.00","100,005.83",802779,寿险团险,安徽,34250179001007,,寿险团险,安徽,宣城,团拓,养老险公司,总部,寿险团险,安徽,,,网上交易,国寿养老险,2016-10-13,寿险团险,安徽,宣城,团拓
CL1002674071,吴新爱,身份证,342701********244X,CL9064,福寿嘉年39期,"40,000.00","40,000.00","40,001.56", ,,,34100279000003,,寿险团险,安徽,黄山,黄山市团拓部,养老险公司,总部,寿险团险,安徽,黄山,黄山市团拓部,网上交易,国寿养老险,2016-10-13,寿险团险,安徽,黄山,黄山市团拓部
CL1000996585,刘首厂,身份证,341102********6412,CL9064,福寿嘉年39期,"190,000.00","190,000.00","190,011.08",802779,寿险团险,安徽,34112679000003,,寿险团险,安徽,滁州,凤阳,养老险公司,总部,寿险团险,安徽,,,网上交易,国寿养老险,2016-10-13,寿险团险,安徽,滁州,凤阳
CL1002649150,苏兰,身份证,340323********0100,CL9064,福寿嘉年39期,"66,000.00","66,000.00","66,003.85",776701,养老险公司,安徽,34032379000015,,寿险团险,安徽,蚌埠,固镇县支公司,养老险公司,总部,养老险公司,安徽,,,网上交易,国寿养老险,2016-10-13,寿险团险,安徽,蚌埠,固镇县支公司
CL1004288346,许素芬,身份证,340323********0020,CL9064,福寿嘉年39期,"30,000.00","30,000.00","30,001.75",802779,寿险团险,安徽,34032379000017,,寿险团险,安徽,蚌埠,固镇县支公司,养老险公司,总部,寿险团险,安徽,,,网上交易,国寿养老险,2016-10-13,寿险团险,安徽,蚌埠,固镇县支公司
CL1003687638,束阿娣,身份证,340504********0226,CL9064,福寿嘉年39期,"100,000.00","100,000.00","100,005.83",802779,寿险团险,安徽,34050279000025,,寿险团险,安徽,马鞍山市,马鞍山市团拓部,养老险公司,总部,寿险团险,安徽,,,网上交易,国寿养老险,2016-10-13,寿险团险,安徽,马鞍山市,马鞍山市团拓部
CL1001048264,吴慧芳,身份证,340222********002X,CL9064,福寿嘉年39期,"40,000.00","40,000.00","40,001.56", ,,,34020479000040,,寿险团险,安徽,芜湖,繁昌支公司,养老险公司,总部,寿险团险,安徽,芜湖,繁昌支公司,网上交易,国寿养老险,2016-10-13,寿险团险,安徽,芜湖,繁昌支公司
CL1002792087,李兰,身份证,340221********0421,CL9064,福寿嘉年39期,"30,000.00","30,000.00","30,001.75",802779,寿险团险,安徽,34020679000010,,寿险团险,安徽,芜湖,开发区支公司,养老险公司,总部,寿险团险,安徽,,,网上交易,国寿养老险,2016-10-13,寿险团险,安徽,芜湖,开发区支公司
CL1000717275,郭芙蓉,身份证,342523********0041,CL9064,福寿嘉年39期,"50,000.00","50,000.00","50,001.94", ,,,34250179001007,,寿险团险,安徽,宣城,团拓,养老险公司,总部,寿险团险,安徽,宣城,团拓,网上交易,国寿养老险,2016-10-13,寿险团险,安徽,宣城,团拓
CL1000169093,伍和怡,身份证,342501********054X,CL9064,福寿嘉年39期,"50,000.00","50,000.00","50,002.92",802779,寿险团险,安徽,34250179001007,,寿险团险,安徽,宣城,团拓,养老险公司,总部,寿险团险,安徽,,,网上交易,国寿养老险,2016-10-13,寿险团险,安徽,宣城,团拓
CL1000071358,许贵红,身份证,340103********2020,CL9064,福寿嘉年39期,"50,000.00","50,000.00","50,002.92",802779,寿险团险,安徽,34011379000001,,寿险团险,安徽,合肥,团险拓展部,养老险公司,总部,寿险团险,安徽,,,网上交易,国寿养老险,2016-10-13,寿险团险,安徽,合肥,团险拓展部
CL1003145844,吕锡平,身份证,342401********0015,CL9064,福寿嘉年39期,"50,000.00","50,000.00","50,002.92",802779,寿险团险,安徽,34240179000022,,寿险团险,安徽,六安,团拓,养老险公司,总部,寿险团险,安徽,,,网上交易,国寿养老险,2016-10-13,寿险团险,安徽,六安,团拓
CL1000721557,纪宏,身份证,340123********0047,CL9064,福寿嘉年39期,"50,000.00","50,000.00","50,002.92",776701,养老险公司,安徽,34012279000002,,寿险团险,安徽,合肥,肥东支公司,养老险公司,总部,养老险公司,安徽,,,网上交易,国寿养老险,2016-10-13,寿险团险,安徽,合肥,肥东支公司
CL1005610297,方友华,身份证,340828********0124,CL9064,福寿嘉年39期,"100,000.00","100,000.00","100,004.86",802779,寿险团险,安徽, ,,,,,,养老险公司,总部,寿险团险,安徽,,,网上交易,国寿养老险,2016-10-13,寿险团险,安徽,,
CL1000966258,许颖,身份证,341322********0028,CL9064,福寿嘉年39期,"50,000.00","50,000.00","50,002.92",802779,寿险团险,安徽,34222279000006,,寿险团险,安徽,宿州,萧县支公司,养老险公司,总部,寿险团险,安徽,,,网上交易,国寿养老险,2016-10-13,寿险团险,安徽,宿州,萧县支公司
CL1000966258,许颖,身份证,341322********0028,CL9064,福寿嘉年39期,"50,000.00","50,000.00","50,002.43",802779,寿险团险,安徽,34222279000006,,寿险团险,安徽,宿州,萧县支公司,养老险公司,总部,寿险团险,安徽,,,网上交易,国寿养老险,2016-10-13,寿险团险,安徽,宿州,萧县支公司
CL1003332598,张小玲,身份证,340828********2025,CL9064,福寿嘉年39期,"10,000.00","10,000.00","10,000.58",802779,寿险团险,安徽,34082879008009,,寿险团险,安徽,安庆,岳西,养老险公司,总部,寿险团险,安徽,,,网上交易,国寿养老险,2016-10-13,寿险团险,安徽,安庆,岳西
CL1000268268,潘伟娟,身份证,342501********2824,CL9064,福寿嘉年39期,"50,000.00","50,000.00","50,002.92",776701,养老险公司,安徽,342501198510272824, ,财险公司,安徽,,,养老险公司,总部,养老险公司,安徽,,,网上交易,国寿养老险,2016-10-13,财险公司,安徽,,
CL1005484928,居新民,身份证,342622********0016,CL9064,福寿嘉年39期,"50,000.00","50,000.00","50,002.92",802779,寿险团险,安徽,34012679000023,,寿险团险,安徽,合肥,巢湖支公司,养老险公司,总部,寿险团险,安徽,,,网上交易,国寿养老险,2016-10-13,寿险团险,安徽,合肥,巢湖支公司
CL1005483241,徐志荣,身份证,342501********0809,CL9064,福寿嘉年39期,"10,000.00","10,000.00","10,000.58",802779,寿险团险,安徽, ,,,,,,养老险公司,总部,寿险团险,安徽,,,网上交易,国寿养老险,2016-10-13,寿险团险,安徽,,
CL1005610119,江丽,身份证,342522********0028,CL9064,福寿嘉年39期,"50,000.00","50,000.00","50,002.43",802779,寿险团险,安徽,34250179001007,,寿险团险,安徽,宣城,团拓,养老险公司,总部,寿险团险,安徽,,,网上交易,国寿养老险,2016-10-13,寿险团险,安徽,宣城,团拓
CL1000951733,朱福英,身份证,340206********0026,CL9064,福寿嘉年39期,"10,000.00","10,000.00","10,000.58",802779,寿险团险,安徽,34020679000010,,寿险团险,安徽,芜湖,开发区支公司,养老险公司,总部,寿险团险,安徽,,,网上交易,国寿养老险,2016-10-13,寿险团险,安徽,芜湖,开发区支公司
CL1005486882,徐赤东,身份证,340821********0019,CL9064,福寿嘉年39期,"110,000.00","110,000.00","110,006.42",802779,寿险团险,安徽,34082179000003,,寿险团险,安徽,安庆,桐城,养老险公司,总部,寿险团险,安徽,,,网上交易,国寿养老险,2016-10-13,寿险团险,安徽,安庆,桐城
CL1001049330,梁丽,身份证,340223********8126,CL9064,福寿嘉年39期,"140,000.00","140,000.00","140,008.17",776701,养老险公司,安徽,34020579000042,,寿险团险,安徽,芜湖,南陵支公司,,,养老险公司,安徽,,,APP,国寿养老险,2016-10-13,寿险团险,安徽,芜湖,南陵支公司
CL1005480755,况敏,身份证,340603********0423,CL9064,福寿嘉年39期,"200,000.00","200,000.00","200,009.72",776701,养老险公司,安徽,34060279000027,,寿险团险,安徽,淮北,团拓,养老险公司,总部,养老险公司,安徽,,,网上交易,国寿养老险,2016-10-13,寿险团险,安徽,淮北,团拓
CL1005480755,况敏,身份证,340603********0423,CL9064,福寿嘉年39期,"50,000.00","50,000.00","50,002.43",802779,寿险团险,安徽,34060279000027,,寿险团险,安徽,淮北,团拓,养老险公司,总部,寿险团险,安徽,,,网上交易,国寿养老险,2016-10-13,寿险团险,安徽,淮北,团拓
CL1005480755,况敏,身份证,340603********0423,CL9064,福寿嘉年39期,"20,000.00","20,000.00","20,000.97",776701,养老险公司,安徽, ,,,,,,养老险公司,总部,养老险公司,安徽,,,网上交易,国寿养老险,2016-10-13,养老险公司,安徽,,
CL1003557060,袁文旭,身份证,341002********0216,CL9064,福寿嘉年39期,"50,000.00","50,000.00","50,002.92",802779,寿险团险,安徽,34100279000003,,寿险团险,安徽,黄山,黄山市团拓部,养老险公司,总部,寿险团险,安徽,,,网上交易,国寿养老险,2016-10-13,寿险团险,安徽,黄山,黄山市团拓部
CL1004465836,王华,身份证,340421********1249,CL9064,福寿嘉年39期,"50,000.00","50,000.00","50,001.94", ,,,34042179000010,,寿险团险,安徽,淮南,凤台县支公司,养老险公司,总部,寿险团险,安徽,淮南,凤台县支公司,网上交易,国寿养老险,2016-10-13,寿险团险,安徽,淮南,凤台县支公司
CL1000846099,朱丽玮,身份证,340223********0025,CL9064,福寿嘉年39期,"14,000.00","14,000.00","14,000.82",802779,寿险团险,安徽,34020579000042,,寿险团险,安徽,芜湖,南陵支公司,,,寿险团险,安徽,,,APP,国寿养老险,2016-10-13,寿险团险,安徽,芜湖,南陵支公司
CL1005485261,张虎,身份证,342222********0039,CL9064,福寿嘉年39期,"50,000.00","50,000.00","50,002.92",776701,养老险公司,安徽,34010571000112,,寿险团险,安徽,合肥,团险支公司,养老险公司,总部,养老险公司,安徽,,,网上交易,国寿养老险,2016-10-13,寿险团险,安徽,合肥,团险支公司
CL1002727020,程秀华,身份证,340825********0228,CL9064,福寿嘉年39期,"50,000.00","50,000.00","50,002.92",802779,寿险团险,安徽,34082579000002,,寿险团险,安徽,安庆,太湖,养老险公司,总部,寿险团险,安徽,,,网上交易,国寿养老险,2016-10-13,寿险团险,安徽,安庆,太湖
CL1002727020,程秀华,身份证,340825********0228,CL9064,福寿嘉年39期,"50,000.00","50,000.00","50,002.92",802779,寿险团险,安徽,34082579000002,,寿险团险,安徽,安庆,太湖,养老险公司,总部,寿险团险,安徽,,,网上交易,国寿养老险,2016-10-13,寿险团险,安徽,安庆,太湖
CL1000905339,高清珍,身份证,340224********0027,CL9064,福寿嘉年39期,"50,000.00","50,000.00","50,002.92",802779,寿险团险,安徽,34292313402324,,寿险团险,安徽,池州,青阳支公司,养老险公司,总部,寿险团险,安徽,,,网上交易,国寿养老险,2016-10-13,寿险团险,安徽,池州,青阳支公司
CL1000964772,罗巧云,身份证,342529********0023,CL9064,福寿嘉年39期,"50,000.00","50,000.00","50,002.92",802779,寿险团险,安徽,34250179001007,,寿险团险,安徽,宣城,团拓,养老险公司,总部,寿险团险,安徽,,,网上交易,国寿养老险,2016-10-13,寿险团险,安徽,宣城,团拓
CL1005490831,李艳,身份证,342221********0042,CL9064,福寿嘉年39期,"10,000.00","10,000.00","10,000.58",802779,寿险团险,安徽,34011379000001,,寿险团险,安徽,合肥,团险拓展部,养老险公司,总部,寿险团险,安徽,,,网上交易,国寿养老险,2016-10-13,寿险团险,安徽,合肥,团险拓展部
CL1005491896,孙良莉,身份证,340121********0021,CL9064,福寿嘉年39期,"10,000.00","10,000.00","10,000.58",802779,寿险团险,安徽,34012179000005,,寿险团险,安徽,合肥,长丰支公司,养老险公司,总部,寿险团险,安徽,,,网上交易,国寿养老险,2016-10-13,寿险团险,安徽,合肥,长丰支公司
CL1000966169,查日玲,身份证,342901********5829,CL9064,福寿嘉年39期,"40,000.00","40,000.00","40,002.33",802779,寿险团险,安徽, ,,,,,,养老险公司,总部,寿险团险,安徽,,,网上交易,国寿养老险,2016-10-13,寿险团险,安徽,,
CL1005464711,王木根,身份证,340901********2019,CL9064,福寿嘉年39期,"200,000.00","200,000.00","200,011.67",802779,寿险团险,安徽,34100279000003,,寿险团险,安徽,黄山,黄山市团拓部,养老险公司,总部,寿险团险,安徽,,,网上交易,国寿养老险,2016-10-13,寿险团险,安徽,黄山,黄山市团拓部
CL1005612306,谢玉琴,身份证,342524********0627,CL9064,福寿嘉年39期,"50,000.00","50,000.00","50,001.94", ,,,34250179001007,,寿险团险,安徽,宣城,团拓,养老险公司,总部,寿险团险,安徽,宣城,团拓,网上交易,国寿养老险,2016-10-13,寿险团险,安徽,宣城,团拓
CL1000233725,方正齐,身份证,340103********4010,CL9064,福寿嘉年39期,"120,000.00","120,000.00","120,007.00",776701,养老险公司,安徽,YL34000003,陈俊,养老险公司,安徽,,,养老险公司,总部,养老险公司,安徽,,,网上交易,国寿养老险,2016-10-13,养老险公司,安徽,,
CL1000954785,马雪梅,身份证,342523********0025,CL9064,福寿嘉年39期,"40,000.00","40,000.00","40,001.56", ,,,34250179001007,,寿险团险,安徽,宣城,团拓,养老险公司,总部,寿险团险,安徽,宣城,团拓,网上交易,国寿养老险,2016-10-13,寿险团险,安徽,宣城,团拓
CL1005485005,武金平,身份证,340221********0081,CL9064,福寿嘉年39期,"10,000.00","10,000.00","10,000.58",802779,寿险团险,安徽,34020379000024,,寿险团险,安徽,芜湖,芜湖县支公司,养老险公司,总部,寿险团险,安徽,,,网上交易,国寿养老险,2016-10-13,寿险团险,安徽,芜湖,芜湖县支公司
CL1005491330,何大胜,身份证,342823********4911,CL9064,福寿嘉年39期,"50,000.00","50,000.00","50,002.92",802779,寿险团险,安徽, ,,,,,,养老险公司,总部,寿险团险,安徽,,,网上交易,国寿养老险,2016-10-13,寿险团险,安徽,,
CL1000733831,邹德朝,身份证,342401********3418,CL9064,福寿嘉年39期,"30,000.00","30,000.00","30,001.75",802779,寿险团险,安徽,34240179000022,,寿险团险,安徽,六安,团拓,养老险公司,总部,寿险团险,安徽,,,网上交易,国寿养老险,2016-10-13,寿险团险,安徽,六安,团拓
CL1005609967,耿广武,身份证,340121********7336,CL9064,福寿嘉年39期,"50,000.00","50,000.00","50,002.43",802779,寿险团险,安徽,34012179000005,,寿险团险,安徽,合肥,长丰支公司,养老险公司,总部,寿险团险,安徽,,,网上交易,国寿养老险,2016-10-13,寿险团险,安徽,合肥,长丰支公司
CL1005491507,王瑞玲,身份证,342529********0020,CL9064,福寿嘉年39期,"50,000.00","50,000.00","50,002.92",802779,寿险团险,安徽,34250179001007,,寿险团险,安徽,宣城,团拓,养老险公司,总部,寿险团险,安徽,,,网上交易,国寿养老险,2016-10-13,寿险团险,安徽,宣城,团拓
CL1001075194,徐冬青,身份证,342222********0086,CL9064,福寿嘉年39期,"20,000.00","20,000.00","20,001.17",802779,寿险团险,安徽,34222279000006,,寿险团险,安徽,宿州,萧县支公司,养老险公司,总部,寿险团险,安徽,,,网上交易,国寿养老险,2016-10-13,寿险团险,安徽,宿州,萧县支公司
CL1002708390,丁晓旭,身份证,342530********0084,CL9064,福寿嘉年39期,"10,000.00","10,000.00","10,000.58",776701,养老险公司,安徽,34250179001007,,寿险团险,安徽,宣城,团拓,养老险公司,总部,养老险公司,安徽,,,网上交易,国寿养老险,2016-10-13,寿险团险,安徽,宣城,团拓
CL1000990858,蔡龙,身份证,340202********2512,CL9064,福寿嘉年39期,"50,000.00","50,000.00","50,002.92",802779,寿险团险,安徽,34020179000036,,寿险团险,安徽,芜湖,团拓,养老险公司,总部,寿险团险,安徽,,,网上交易,国寿养老险,2016-10-13,寿险团险,安徽,芜湖,团拓
CL1005169426,黄雪玲,身份证,340602********0025,CL9064,福寿嘉年39期,"50,000.00","50,000.00","50,002.92",802779,寿险团险,安徽,34060279000002,,寿险团险,安徽,淮北,团拓,养老险公司,总部,寿险团险,安徽,,,网上交易,国寿养老险,2016-10-13,寿险团险,安徽,淮北,团拓
CL1002676924,陈鹏,身份证,342601********0625,CL9064,福寿嘉年39期,"50,000.00","50,000.00","50,002.92",802779,寿险团险,安徽,34011379000001,,寿险团险,安徽,合肥,团险拓展部,养老险公司,总部,寿险团险,安徽,,,网上交易,国寿养老险,2016-10-13,寿险团险,安徽,合肥,团险拓展部
CL1005488346,汪飞飞,身份证,340221********6539,CL9064,福寿嘉年39期,"120,000.00","120,000.00","120,007.00",776701,养老险公司,安徽,34020379000030,,寿险团险,安徽,芜湖,芜湖县支公司,,,养老险公司,安徽,,,APP,国寿养老险,2016-10-13,寿险团险,安徽,芜湖,芜湖县支公司
CL1000021714,巫国明,身份证,340102********3513,CL9064,福寿嘉年39期,"1,000,000.00","1,000,000.00","1,000,058.33",802779,寿险团险,安徽,34011371000001,,寿险团险,安徽,合肥,团险拓展部,养老险公司,总部,寿险团险,安徽,,,网上交易,国寿养老险,2016-10-13,寿险团险,安徽,合肥,团险拓展部
CL1000021714,巫国明,身份证,340102********3513,CL9064,福寿嘉年39期,"360,000.00","360,000.00","360,021.00",802779,寿险团险,安徽,34011371000001,,寿险团险,安徽,合肥,团险拓展部,养老险公司,总部,寿险团险,安徽,,,网上交易,国寿养老险,2016-10-13,寿险团险,安徽,合肥,团险拓展部
CL1000423687,郑德友,身份证,340702********0550,CL9064,福寿嘉年39期,"10,000.00","10,000.00","10,000.39",802779,寿险团险,安徽,34070379001002,,寿险团险,安徽,铜陵,团拓部（城区）,养老险公司,总部,寿险团险,安徽,,,网上交易,国寿养老险,2016-10-13,寿险团险,安徽,铜陵,团拓部（城区）
CL1000423687,郑德友,身份证,340702********0550,CL9064,福寿嘉年39期,"50,000.00","50,000.00","50,002.92",776701,养老险公司,安徽,34070379001002,,寿险团险,安徽,铜陵,团拓部（城区）,养老险公司,总部,养老险公司,安徽,,,网上交易,国寿养老险,2016-10-13,寿险团险,安徽,铜陵,团拓部（城区）
CL1002669312,项桂菊,身份证,340404********0666,CL9064,福寿嘉年39期,"103,000.00","103,000.00","103,006.01",802779,寿险团险,安徽,34011379000001,,寿险团险,安徽,合肥,团险拓展部,养老险公司,总部,寿险团险,安徽,,,网上交易,国寿养老险,2016-10-13,寿险团险,安徽,合肥,团险拓展部
CL1002674959,葛美君,身份证,340103********4028,CL9064,福寿嘉年39期,"90,000.00","90,000.00","90,005.25",802779,寿险团险,安徽,34010579000005,,寿险团险,安徽,合肥,团险支公司,养老险公司,总部,寿险团险,安徽,,,网上交易,国寿养老险,2016-10-13,寿险团险,安徽,合肥,团险支公司
CL1005612673,陈军祥,身份证,342523********6739,CL9064,福寿嘉年39期,"50,000.00","50,000.00","50,001.94", ,,,34250179001007,,寿险团险,安徽,宣城,团拓,养老险公司,总部,寿险团险,安徽,宣城,团拓,网上交易,国寿养老险,2016-10-13,寿险团险,安徽,宣城,团拓
CL1000994043,黄荣子,身份证,340221********0069,CL9064,福寿嘉年39期,"30,000.00","30,000.00","30,001.46",802779,寿险团险,安徽,34020379000023,,寿险团险,安徽,芜湖,芜湖县支公司,养老险公司,总部,寿险团险,安徽,,,网上交易,国寿养老险,2016-10-13,寿险团险,安徽,芜湖,芜湖县支公司
CL1000994043,黄荣子,身份证,340221********0069,CL9064,福寿嘉年39期,"70,000.00","70,000.00","70,003.40",802779,寿险团险,安徽,34020379000017,,寿险团险,安徽,芜湖,芜湖县支公司,养老险公司,总部,寿险团险,安徽,,,网上交易,国寿养老险,2016-10-13,寿险团险,安徽,芜湖,芜湖县支公司
CL1000182552,汪细丽,身份证,342724********812X,CL9064,福寿嘉年39期,"119,000.00","119,000.00","119,006.94",802779,寿险团险,安徽,34100279000003,,寿险团险,安徽,黄山,黄山市团拓部,养老险公司,总部,寿险团险,安徽,,,网上交易,国寿养老险,2016-10-13,寿险团险,安徽,黄山,黄山市团拓部
CL1003558536,潘娟,身份证,340202********2529,CL9064,福寿嘉年39期,"11,000.00","11,000.00","11,000.64",776701,养老险公司,安徽,34020179000025,,寿险团险,安徽,芜湖,团拓,养老险公司,总部,养老险公司,安徽,,,网上交易,国寿养老险,2016-10-13,寿险团险,安徽,芜湖,团拓

