﻿FUND_ACCT,CUST_NAME,CERT_TYPE,CERT_NO,FUND_CODE,FUND_NAME,APP_MONEY,ACK_MONEY,ACK_SHARE,INVITECODE,COMPANY_INVITE,BRANCH_INVITE_NEW,REFERID,CUSTNAME_REFER,COMPANY_REFER,BRANCH_REFER_NEW,CT_REFER,CR_REFER,COMPANY_ORG,ORGNAME,SALE_COMPANY_NAME_DTL,SALE_BRANCH_NAME,SALE_CT_NAME,SALE_CR_NAME,ACCEPT_METHOD,AGENCY_NAME,ACK_DATE,SALE_COMPANY_NAME_FEE,SALE_BRANCH_NAME_FEE1,SALE_CT_NAME_FEE,SALE_CR_NAME_FEE
CL1004339608,陈来堂,身份证,340323********0036,CL9070,福寿嘉年42期,"100,000.00","100,000.00","100,003.89", ,,,34032379000017,,寿险团险,安徽,蚌埠,固镇县支公司,养老险公司,总部,寿险团险,安徽,蚌埠,固镇县支公司,网上交易,国寿养老险,2016-11-10,寿险团险,安徽,蚌埠,固镇县支公司
CL1002765746,沈玉荣,身份证,340304********0621,CL9070,福寿嘉年42期,"40,000.00","40,000.00","40,002.33",920785,寿险团险,安徽, ,,,,,,养老险公司,总部,寿险团险,安徽,,,网上交易,国寿养老险,2016-11-10,寿险团险,安徽,,
CL1000647372,王赛男,身份证,342529********0061,CL9070,福寿嘉年42期,"20,000.00","20,000.00","20,001.17",920785,寿险团险,安徽, ,,,,,,养老险公司,总部,寿险团险,安徽,,,网上交易,国寿养老险,2016-11-10,寿险团险,安徽,,
CL1000992989,许茉莉,身份证,340881********3725,CL9070,福寿嘉年42期,"28,000.00","28,000.00","28,001.36",920785,寿险团险,安徽, ,,,,,,养老险公司,总部,寿险团险,安徽,,,网上交易,国寿养老险,2016-11-10,寿险团险,安徽,,
CL1000874795,刘和来,身份证,342425********4175,CL9070,福寿嘉年42期,"160,000.00","160,000.00","160,009.33",920785,寿险团险,安徽,34010571000104,,寿险团险,安徽,合肥,团险支公司,养老险公司,总部,寿险团险,安徽,,,网上交易,国寿养老险,2016-11-10,寿险团险,安徽,合肥,团险支公司
CL1001007841,刘婷婷,身份证,341103********422X,CL9070,福寿嘉年42期,"20,000.00","20,000.00","20,000.97",920785,寿险团险,安徽, ,,,,,,养老险公司,总部,寿险团险,安徽,,,网上交易,国寿养老险,2016-11-10,寿险团险,安徽,,
CL1003595719,陆树军,身份证,340621********9338,CL9070,福寿嘉年42期,"10,000.00","10,000.00","10,000.58",920785,寿险团险,安徽,34212579001007,,寿险团险,安徽,亳州,蒙城县公司,养老险公司,总部,寿险团险,安徽,,,网上交易,国寿养老险,2016-11-10,寿险团险,安徽,亳州,蒙城县公司
CL1002672495,余淑红,身份证,340822********6260,CL9070,福寿嘉年42期,"20,000.00","20,000.00","20,001.17",920785,寿险团险,安徽,34082279000004,,寿险团险,安徽,安庆,怀宁,养老险公司,总部,寿险团险,安徽,,,网上交易,国寿养老险,2016-11-10,寿险团险,安徽,安庆,怀宁
CL1003371235,李建平,身份证,360403********0938,CL9070,福寿嘉年42期,"50,000.00","50,000.00","50,002.92",782457,养老险公司,安徽,yl34000018,叶妮娜,养老险公司,安徽,,,,,养老险公司,安徽,,,APP,国寿养老险,2016-11-10,养老险公司,安徽,,
CL1003371235,李建平,身份证,360403********0938,CL9070,福寿嘉年42期,"50,000.00","50,000.00","50,002.92",782457,养老险公司,安徽,yl34000018,叶妮娜,养老险公司,安徽,,,,,养老险公司,安徽,,,APP,国寿养老险,2016-11-10,养老险公司,安徽,,
CL1000966325,张如玥,身份证,342426********0022,CL9070,福寿嘉年42期,"30,000.00","30,000.00","30,001.75",920785,寿险团险,安徽,34012379000009,,寿险团险,安徽,合肥,肥西支公司,养老险公司,总部,寿险团险,安徽,,,网上交易,国寿养老险,2016-11-10,寿险团险,安徽,合肥,肥西支公司
CL1000645741,纪霞,身份证,340702********2065,CL9070,福寿嘉年42期,"50,000.00","50,000.00","50,001.94", ,,,34070379001002,,寿险团险,安徽,铜陵,团拓部（城区）,养老险公司,总部,寿险团险,安徽,铜陵,团拓部（城区）,网上交易,国寿养老险,2016-11-10,寿险团险,安徽,铜陵,团拓部（城区）
CL1006320112,董良志,身份证,340504********0633,CL9070,福寿嘉年42期,"10,000.00","10,000.00","10,000.58",920785,寿险团险,安徽,34050279000030,,寿险团险,安徽,马鞍山市,马鞍山市团拓部,养老险公司,总部,寿险团险,安徽,,,网上交易,国寿养老险,2016-11-10,寿险团险,安徽,马鞍山市,马鞍山市团拓部
CL1000041587,刘艳红,身份证,342225********8020,CL9070,福寿嘉年42期,"30,000.00","30,000.00","30,001.17", ,,,34220379001343,,寿险团险,安徽,宿州,团拓部,养老险公司,总部,寿险团险,安徽,宿州,团拓部,网上交易,国寿养老险,2016-11-10,寿险团险,安徽,宿州,团拓部
CL1006302703,汪瑾女,身份证,341022********4328,CL9070,福寿嘉年42期,"50,000.00","50,000.00","50,002.92",920785,寿险团险,安徽,34100279000003,,寿险团险,安徽,黄山,黄山市团拓部,养老险公司,总部,寿险团险,安徽,,,网上交易,国寿养老险,2016-11-10,寿险团险,安徽,黄山,黄山市团拓部
CL1006302703,汪瑾女,身份证,341022********4328,CL9070,福寿嘉年42期,"50,000.00","50,000.00","50,002.92",920785,寿险团险,安徽,34100279000003,,寿险团险,安徽,黄山,黄山市团拓部,养老险公司,总部,寿险团险,安徽,,,网上交易,国寿养老险,2016-11-10,寿险团险,安徽,黄山,黄山市团拓部
CL1000703404,刘芳,身份证,342824********002X,CL9070,福寿嘉年42期,"25,000.00","25,000.00","25,001.22",920785,寿险团险,安徽,34082479000010,,寿险团险,安徽,安庆,潜山,,,寿险团险,安徽,,,APP,国寿养老险,2016-11-10,寿险团险,安徽,安庆,潜山
CL1002705204,王雪琴,身份证,340221********0081,CL9070,福寿嘉年42期,"50,000.00","50,000.00","50,002.92",920785,寿险团险,安徽,34020379000015,,寿险团险,安徽,芜湖,芜湖县支公司,养老险公司,总部,寿险团险,安徽,,,网上交易,国寿养老险,2016-11-10,寿险团险,安徽,芜湖,芜湖县支公司
CL1002705204,王雪琴,身份证,340221********0081,CL9070,福寿嘉年42期,"50,000.00","50,000.00","50,002.92",920785,寿险团险,安徽,34020379000015,,寿险团险,安徽,芜湖,芜湖县支公司,养老险公司,总部,寿险团险,安徽,,,网上交易,国寿养老险,2016-11-10,寿险团险,安徽,芜湖,芜湖县支公司
CL1002705204,王雪琴,身份证,340221********0081,CL9070,福寿嘉年42期,"20,000.00","20,000.00","20,001.17",920785,寿险团险,安徽,34020379000015,,寿险团险,安徽,芜湖,芜湖县支公司,养老险公司,总部,寿险团险,安徽,,,网上交易,国寿养老险,2016-11-10,寿险团险,安徽,芜湖,芜湖县支公司
CL1006302103,杨学芳,身份证,340221********006X,CL9070,福寿嘉年42期,"50,000.00","50,000.00","50,002.92",920785,寿险团险,安徽,34020379000023,,寿险团险,安徽,芜湖,芜湖县支公司,养老险公司,总部,寿险团险,安徽,,,网上交易,国寿养老险,2016-11-10,寿险团险,安徽,芜湖,芜湖县支公司
CL1002801472,吴峰,身份证,342222********2070,CL9070,福寿嘉年42期,"40,000.00","40,000.00","40,002.33",920785,寿险团险,安徽,34222279000006,,寿险团险,安徽,宿州,萧县支公司,养老险公司,总部,寿险团险,安徽,,,网上交易,国寿养老险,2016-11-10,寿险团险,安徽,宿州,萧县支公司
CL1006302103,杨学芳,身份证,340221********006X,CL9070,福寿嘉年42期,"50,000.00","50,000.00","50,002.92",920785,寿险团险,安徽,34020379000023,,寿险团险,安徽,芜湖,芜湖县支公司,养老险公司,总部,寿险团险,安徽,,,网上交易,国寿养老险,2016-11-10,寿险团险,安徽,芜湖,芜湖县支公司
CL1001212460,陈玲,身份证,342201********042X,CL9070,福寿嘉年42期,"50,000.00","50,000.00","50,002.43",920785,寿险团险,安徽,34222179000022,,寿险团险,安徽,宿州,砀山县支公司,养老险公司,总部,寿险团险,安徽,,,网上交易,国寿养老险,2016-11-10,寿险团险,安徽,宿州,砀山县支公司
CL1003556338,张梅梅,身份证,342201********0442,CL9070,福寿嘉年42期,"1,000,000.00","1,000,000.00","1,000,058.33",920785,寿险团险,安徽, ,,,,,,养老险公司,总部,寿险团险,安徽,,,网上交易,国寿养老险,2016-11-10,寿险团险,安徽,,
CL1004278960,王萍,身份证,340803********2227,CL9070,福寿嘉年42期,"10,000.00","10,000.00","10,000.58",920785,寿险团险,安徽,34011371000001,,寿险团险,安徽,合肥,团险拓展部,,,寿险团险,安徽,,,APP,国寿养老险,2016-11-10,寿险团险,安徽,合肥,团险拓展部
CL1001055209,靳玉真,身份证,341322********0020,CL9070,福寿嘉年42期,"20,000.00","20,000.00","20,001.17",920785,寿险团险,安徽,34222279000009,,寿险团险,安徽,宿州,萧县支公司,养老险公司,总部,寿险团险,安徽,,,网上交易,国寿养老险,2016-11-10,寿险团险,安徽,宿州,萧县支公司
CL1000236900,彭树梅,身份证,340503********042X,CL9070,福寿嘉年42期,"30,000.00","30,000.00","30,001.75",920785,寿险团险,安徽,34050279000030,,寿险团险,安徽,马鞍山市,马鞍山市团拓部,养老险公司,总部,寿险团险,安徽,,,网上交易,国寿养老险,2016-11-10,寿险团险,安徽,马鞍山市,马鞍山市团拓部
CL1000813332,徐宏保,身份证,340224********0010,CL9070,福寿嘉年42期,"50,000.00","50,000.00","50,002.92",920785,寿险团险,安徽,34292313401493,,寿险团险,安徽,池州,青阳支公司,养老险公司,总部,寿险团险,安徽,,,网上交易,国寿养老险,2016-11-10,寿险团险,安徽,池州,青阳支公司
CL1006188385,曹玲,身份证,340303********0626,CL9070,福寿嘉年42期,"120,000.00","120,000.00","120,007.00",920785,寿险团险,安徽,34031079000005,,寿险团险,安徽,蚌埠,团拓,养老险公司,总部,寿险团险,安徽,,,网上交易,国寿养老险,2016-11-10,寿险团险,安徽,蚌埠,团拓
CL1000138301,盛兰,身份证,340103********0542,CL9070,福寿嘉年42期,"400,000.00","400,000.00","400,023.33",782457,养老险公司,安徽,YL34000005,张哲,养老险公司,安徽,,,养老险公司,总部,养老险公司,安徽,,,网上交易,国寿养老险,2016-11-10,养老险公司,安徽,,
CL1000994287,耿燕,身份证,342623********0029,CL9070,福寿嘉年42期,"30,000.00","30,000.00","30,001.46",920785,寿险团险,安徽,34012679000023,,寿险团险,安徽,合肥,巢湖支公司,,,寿险团险,安徽,,,APP,国寿养老险,2016-11-10,寿险团险,安徽,合肥,巢湖支公司
CL1000994287,耿燕,身份证,342623********0029,CL9070,福寿嘉年42期,"20,000.00","20,000.00","20,000.97",920785,寿险团险,安徽,34012679000023,,寿险团险,安徽,合肥,巢湖支公司,,,寿险团险,安徽,,,APP,国寿养老险,2016-11-10,寿险团险,安徽,合肥,巢湖支公司
CL1000767653,方俊,身份证,340803********2334,CL9070,福寿嘉年42期,"40,000.00","40,000.00","40,002.33",920785,寿险团险,安徽,34100279000003,,寿险团险,安徽,黄山,黄山市团拓部,养老险公司,总部,寿险团险,安徽,,,网上交易,国寿养老险,2016-11-10,寿险团险,安徽,黄山,黄山市团拓部
CL1000686631,张仁华,身份证,341121********1024,CL9070,福寿嘉年42期,"40,000.00","40,000.00","40,002.33",920785,寿险团险,安徽,34118179000041,,寿险团险,安徽,滁州,天长,养老险公司,总部,寿险团险,安徽,,,网上交易,国寿养老险,2016-11-10,寿险团险,安徽,滁州,天长
CL1006079690,孔晓芝,身份证,340406********3647,CL9070,福寿嘉年42期,"70,000.00","70,000.00","70,004.08",920785,寿险团险,安徽,34041179000035,,寿险团险,安徽,淮南,团拓部,养老险公司,总部,寿险团险,安徽,,,网上交易,国寿养老险,2016-11-10,寿险团险,安徽,淮南,团拓部
CL1000045527,陈朝阳,身份证,340104********1516,CL9070,福寿嘉年42期,"40,000.00","40,000.00","40,002.33",782457,养老险公司,安徽,YL34000005,张哲,养老险公司,安徽,,,养老险公司,总部,养老险公司,安徽,,,网上交易,国寿养老险,2016-11-10,养老险公司,安徽,,
CL1005349879,叶宜松,身份证,340404********0214,CL9070,福寿嘉年42期,"50,000.00","50,000.00","50,002.92",782457,养老险公司,安徽,YL34000018,叶妮娜,养老险公司,安徽,,,养老险公司,总部,养老险公司,安徽,,,网上交易,国寿养老险,2016-11-10,养老险公司,安徽,,
CL1005349879,叶宜松,身份证,340404********0214,CL9070,福寿嘉年42期,"50,000.00","50,000.00","50,002.92",782457,养老险公司,安徽,YL34000018,叶妮娜,养老险公司,安徽,,,养老险公司,总部,养老险公司,安徽,,,网上交易,国寿养老险,2016-11-10,养老险公司,安徽,,
CL1006322165,吕文斯,身份证,340881********7067,CL9070,福寿嘉年42期,"50,000.00","50,000.00","50,002.92",920785,寿险团险,安徽,34082179000003,,寿险团险,安徽,安庆,桐城,养老险公司,总部,寿险团险,安徽,,,网上交易,国寿养老险,2016-11-10,寿险团险,安徽,安庆,桐城
CL1000678931,胡碧云,身份证,342224********9969,CL9070,福寿嘉年42期,"50,000.00","50,000.00","50,002.92",920785,寿险团险,安徽,34012379000015,,寿险团险,安徽,合肥,肥西支公司,养老险公司,总部,寿险团险,安徽,,,网上交易,国寿养老险,2016-11-10,寿险团险,安徽,合肥,肥西支公司
CL1000678931,胡碧云,身份证,342224********9969,CL9070,福寿嘉年42期,"90,000.00","90,000.00","90,005.25",920785,寿险团险,安徽,34012379000015,,寿险团险,安徽,合肥,肥西支公司,养老险公司,总部,寿险团险,安徽,,,网上交易,国寿养老险,2016-11-10,寿险团险,安徽,合肥,肥西支公司
CL1000717842,许俊,身份证,340122********7971,CL9070,福寿嘉年42期,"20,000.00","20,000.00","20,001.17",920785,寿险团险,安徽,34012379000009,,寿险团险,安徽,合肥,肥西支公司,养老险公司,总部,寿险团险,安徽,,,网上交易,国寿养老险,2016-11-10,寿险团险,安徽,合肥,肥西支公司
CL1000833650,高曙芬,身份证,342830********3224,CL9070,福寿嘉年42期,"40,000.00","40,000.00","40,002.33",920785,寿险团险,安徽,34292179000023,,寿险团险,安徽,池州,东至支公司,养老险公司,总部,寿险团险,安徽,,,网上交易,国寿养老险,2016-11-10,寿险团险,安徽,池州,东至支公司
CL1006167046,刘永普,身份证,342601********5110,CL9070,福寿嘉年42期,"70,000.00","70,000.00","70,004.08",920785,寿险团险,安徽,34012679000023,,寿险团险,安徽,合肥,巢湖支公司,养老险公司,总部,寿险团险,安徽,,,网上交易,国寿养老险,2016-11-10,寿险团险,安徽,合肥,巢湖支公司
CL1006381231,朱蕾,身份证,342423********0303,CL9070,福寿嘉年42期,"50,000.00","50,000.00","50,001.94", ,,,34242379000053,,寿险团险,安徽,六安,霍邱,,,寿险团险,安徽,六安,霍邱,APP,国寿养老险,2016-11-10,寿险团险,安徽,六安,霍邱
CL1003150392,王四妹,身份证,340322********6821,CL9070,福寿嘉年42期,"50,000.00","50,000.00","50,002.92",920785,寿险团险,安徽,34032279000005,,寿险团险,安徽,蚌埠,五河县支公司,养老险公司,总部,寿险团险,安徽,,,网上交易,国寿养老险,2016-11-10,寿险团险,安徽,蚌埠,五河县支公司
CL1004913100,王如凤,身份证,341125********7761,CL9070,福寿嘉年42期,"20,000.00","20,000.00","20,001.17",920785,寿险团险,安徽,34112579000024,,寿险团险,安徽,滁州,定远,,,寿险团险,安徽,,,APP,国寿养老险,2016-11-10,寿险团险,安徽,滁州,定远
CL1000856308,张海燕,身份证,340405********0427,CL9070,福寿嘉年42期,"20,000.00","20,000.00","20,001.17",920785,寿险团险,安徽,34041179000035,,寿险团险,安徽,淮南,团拓部,养老险公司,总部,寿险团险,安徽,,,网上交易,国寿养老险,2016-11-10,寿险团险,安徽,淮南,团拓部
CL1000686764,杨秀玉,身份证,340102********202X,CL9070,福寿嘉年42期,"50,000.00","50,000.00","50,001.94", ,,,34011379000004,,寿险团险,安徽,合肥,团险拓展部,养老险公司,总部,寿险团险,安徽,合肥,团险拓展部,网上交易,国寿养老险,2016-11-10,寿险团险,安徽,合肥,团险拓展部
CL1006321922,杨兰,身份证,340102********3029,CL9070,福寿嘉年42期,"10,000.00","10,000.00","10,000.58",920785,寿险团险,安徽,34012379000009,,寿险团险,安徽,合肥,肥西支公司,养老险公司,总部,寿险团险,安徽,,,网上交易,国寿养老险,2016-11-10,寿险团险,安徽,合肥,肥西支公司
CL1000930661,汪开茂,身份证,342623********8953,CL9070,福寿嘉年42期,"190,000.00","190,000.00","190,011.08",920785,寿险团险,安徽,34021379000025,,寿险团险,安徽,芜湖,无为县支公司,养老险公司,总部,寿险团险,安徽,,,网上交易,国寿养老险,2016-11-10,寿险团险,安徽,芜湖,无为县支公司
CL1005217414,潘晓娟,身份证,340223********1141,CL9070,福寿嘉年42期,"10,000.00","10,000.00","10,000.58",920785,寿险团险,安徽,34082677900000,,寿险团险,安徽,安庆,宿松,养老险公司,总部,寿险团险,安徽,,,网上交易,国寿养老险,2016-11-10,寿险团险,安徽,安庆,宿松
CL1000507928,胡胜利,身份证,340702********753X,CL9070,福寿嘉年42期,"120,000.00","120,000.00","120,007.00",920785,寿险团险,安徽,34070379001002,,寿险团险,安徽,铜陵,团拓部（城区）,养老险公司,总部,寿险团险,安徽,,,网上交易,国寿养老险,2016-11-10,寿险团险,安徽,铜陵,团拓部（城区）
CL1006323486,陈建,身份证,340303********0618,CL9070,福寿嘉年42期,"10,000.00","10,000.00","10,000.58",920785,寿险团险,安徽,34031079000005,,寿险团险,安徽,蚌埠,团拓,养老险公司,总部,寿险团险,安徽,,,网上交易,国寿养老险,2016-11-10,寿险团险,安徽,蚌埠,团拓
CL1000573662,史爱华,身份证,342201********1248,CL9070,福寿嘉年42期,"70,000.00","70,000.00","70,004.08",920785,寿险团险,安徽,34222479002415,,寿险团险,安徽,宿州,灵璧县支公司,养老险公司,总部,寿险团险,安徽,,,网上交易,国寿养老险,2016-11-10,寿险团险,安徽,宿州,灵璧县支公司
CL1000719973,夏凤霞,身份证,342622********012X,CL9070,福寿嘉年42期,"20,000.00","20,000.00","20,001.17",920785,寿险团险,安徽, ,,,,,,养老险公司,总部,寿险团险,安徽,,,网上交易,国寿养老险,2016-11-10,寿险团险,安徽,,
CL1000029094,许娅,身份证,340204********1527,CL9070,福寿嘉年42期,"45,000.00","45,000.00","45,002.63",920785,寿险团险,安徽, ,,,,,,养老险公司,总部,寿险团险,安徽,,,网上交易,国寿养老险,2016-11-10,寿险团险,安徽,,
CL1000029094,许娅,身份证,340204********1527,CL9070,福寿嘉年42期,"130,000.00","130,000.00","130,007.58",920785,寿险团险,安徽, ,,,,,,养老险公司,总部,寿险团险,安徽,,,网上交易,国寿养老险,2016-11-10,寿险团险,安徽,,
CL1002874075,吴宗国,身份证,340203********1515,CL9070,福寿嘉年42期,"50,000.00","50,000.00","50,002.92",920785,寿险团险,安徽,34020679000010,,寿险团险,安徽,芜湖,开发区支公司,养老险公司,总部,寿险团险,安徽,,,网上交易,国寿养老险,2016-11-10,寿险团险,安徽,芜湖,开发区支公司
CL1000817894,李永萍,身份证,342701********0446,CL9070,福寿嘉年42期,"30,000.00","30,000.00","30,001.75",920785,寿险团险,安徽,34100279000003,,寿险团险,安徽,黄山,黄山市团拓部,养老险公司,总部,寿险团险,安徽,,,网上交易,国寿养老险,2016-11-10,寿险团险,安徽,黄山,黄山市团拓部
CL1006324429,孙保香,身份证,340505********0820,CL9070,福寿嘉年42期,"50,000.00","50,000.00","50,002.43",920785,寿险团险,安徽,34050279000030,,寿险团险,安徽,马鞍山市,马鞍山市团拓部,养老险公司,总部,寿险团险,安徽,,,网上交易,国寿养老险,2016-11-10,寿险团险,安徽,马鞍山市,马鞍山市团拓部
CL1006324429,孙保香,身份证,340505********0820,CL9070,福寿嘉年42期,"50,000.00","50,000.00","50,002.43",920785,寿险团险,安徽,34050279000030,,寿险团险,安徽,马鞍山市,马鞍山市团拓部,养老险公司,总部,寿险团险,安徽,,,网上交易,国寿养老险,2016-11-10,寿险团险,安徽,马鞍山市,马鞍山市团拓部
CL1006324429,孙保香,身份证,340505********0820,CL9070,福寿嘉年42期,"50,000.00","50,000.00","50,002.43",920785,寿险团险,安徽,34050279000030,,寿险团险,安徽,马鞍山市,马鞍山市团拓部,养老险公司,总部,寿险团险,安徽,,,网上交易,国寿养老险,2016-11-10,寿险团险,安徽,马鞍山市,马鞍山市团拓部
CL1006324429,孙保香,身份证,340505********0820,CL9070,福寿嘉年42期,"50,000.00","50,000.00","50,002.43",920785,寿险团险,安徽,34050279000030,,寿险团险,安徽,马鞍山市,马鞍山市团拓部,养老险公司,总部,寿险团险,安徽,,,网上交易,国寿养老险,2016-11-10,寿险团险,安徽,马鞍山市,马鞍山市团拓部
CL1000723211,笪路程,身份证,342622********0016,CL9070,福寿嘉年42期,"50,000.00","50,000.00","50,002.92",920785,寿险团险,安徽, ,,,,,,养老险公司,总部,寿险团险,安徽,,,网上交易,国寿养老险,2016-11-10,寿险团险,安徽,,
CL1000724387,王奎,身份证,340602********025X,CL9070,福寿嘉年42期,"40,000.00","40,000.00","40,001.94",920785,寿险团险,安徽,34060279000056,,寿险团险,安徽,淮北,团拓,养老险公司,总部,寿险团险,安徽,,,网上交易,国寿养老险,2016-11-10,寿险团险,安徽,淮北,团拓
CL1002425154,高伟,身份证,340802********086X,CL9070,福寿嘉年42期,"10,000.00","10,000.00","10,000.49",920785,寿险团险,安徽,34080179000010,,寿险团险,安徽,安庆,城区团拓部,养老险公司,总部,寿险团险,安徽,,,网上交易,国寿养老险,2016-11-10,寿险团险,安徽,安庆,城区团拓部
CL1005483052,李世兰,身份证,340503********0220,CL9070,福寿嘉年42期,"10,000.00","10,000.00","10,000.49",920785,寿险团险,安徽,34050279000030,,寿险团险,安徽,马鞍山市,马鞍山市团拓部,养老险公司,总部,寿险团险,安徽,,,网上交易,国寿养老险,2016-11-10,寿险团险,安徽,马鞍山市,马鞍山市团拓部
CL1006302369,童雪雪,身份证,340603********0620,CL9070,福寿嘉年42期,"50,000.00","50,000.00","50,002.92",782457,养老险公司,安徽,YL34000007,白邃,养老险公司,安徽,,,养老险公司,总部,养老险公司,安徽,,,网上交易,国寿养老险,2016-11-10,养老险公司,安徽,,
CL1006302369,童雪雪,身份证,340603********0620,CL9070,福寿嘉年42期,"50,000.00","50,000.00","50,002.92",782457,养老险公司,安徽,YL34000007,白邃,养老险公司,安徽,,,养老险公司,总部,养老险公司,安徽,,,网上交易,国寿养老险,2016-11-10,养老险公司,安徽,,
CL1006325240,张风芸,身份证,340505********0029,CL9070,福寿嘉年42期,"50,000.00","50,000.00","50,002.92",782457,养老险公司,安徽,34050279000030,,寿险团险,安徽,马鞍山市,马鞍山市团拓部,养老险公司,总部,养老险公司,安徽,,,网上交易,国寿养老险,2016-11-10,寿险团险,安徽,马鞍山市,马鞍山市团拓部
CL1000749933,朱泉霞,身份证,340403********1846,CL9070,福寿嘉年42期,"36,000.00","36,000.00","36,001.75",920785,寿险团险,安徽,34041179000035,,寿险团险,安徽,淮南,团拓部,养老险公司,总部,寿险团险,安徽,,,网上交易,国寿养老险,2016-11-10,寿险团险,安徽,淮南,团拓部
CL1005799422,王国军,身份证,341022********1315,CL9070,福寿嘉年42期,"50,000.00","50,000.00","50,002.92",920785,寿险团险,安徽,34100279000003,,寿险团险,安徽,黄山,黄山市团拓部,养老险公司,总部,寿险团险,安徽,,,网上交易,国寿养老险,2016-11-10,寿险团险,安徽,黄山,黄山市团拓部
CL1006046855,李思瑛,身份证,340503********0424,CL9070,福寿嘉年42期,"90,000.00","90,000.00","90,003.50", ,,,34050279000030,,寿险团险,安徽,马鞍山市,马鞍山市团拓部,养老险公司,总部,寿险团险,安徽,马鞍山市,马鞍山市团拓部,网上交易,国寿养老险,2016-11-10,寿险团险,安徽,马鞍山市,马鞍山市团拓部
CL1006319815,刘青,身份证,340502********0226,CL9070,福寿嘉年42期,"13,000.00","13,000.00","13,000.76",920785,寿险团险,安徽,34050279000030,,寿险团险,安徽,马鞍山市,马鞍山市团拓部,养老险公司,总部,寿险团险,安徽,,,网上交易,国寿养老险,2016-11-10,寿险团险,安徽,马鞍山市,马鞍山市团拓部
CL1000955239,叶国红,身份证,342523********0027,CL9070,福寿嘉年42期,"50,000.00","50,000.00","50,002.43",920785,寿险团险,安徽,34250179001007,,寿险团险,安徽,宣城,团拓,养老险公司,总部,寿险团险,安徽,,,网上交易,国寿养老险,2016-11-10,寿险团险,安徽,宣城,团拓
CL1005488502,戴军,身份证,340223********0047,CL9070,福寿嘉年42期,"125,000.00","125,000.00","125,007.29",920785,寿险团险,安徽,34020579000042,,寿险团险,安徽,芜湖,南陵支公司,,,寿险团险,安徽,,,APP,国寿养老险,2016-11-10,寿险团险,安徽,芜湖,南陵支公司
CL1002758234,张成翠,身份证,342625********0025,CL9070,福寿嘉年42期,"150,000.00","150,000.00","150,007.29",920785,寿险团险,安徽,34050279000025,,寿险团险,安徽,马鞍山市,马鞍山市团拓部,养老险公司,总部,寿险团险,安徽,,,网上交易,国寿养老险,2016-11-10,寿险团险,安徽,马鞍山市,马鞍山市团拓部
CL1002648384,鲁翠英,身份证,342922********0028,CL9070,福寿嘉年42期,"15,000.00","15,000.00","15,000.88",920785,寿险团险,安徽,34292279000001,,寿险团险,安徽,池州,石台支公司,养老险公司,总部,寿险团险,安徽,,,网上交易,国寿养老险,2016-11-10,寿险团险,安徽,池州,石台支公司
CL1003558247,王培,身份证,340403********0028,CL9070,福寿嘉年42期,"100,000.00","100,000.00","100,005.83",782457,养老险公司,安徽,YL34000020,张曦,养老险公司,安徽,,,,,养老险公司,安徽,,,APP,国寿养老险,2016-11-10,养老险公司,安徽,,
CL1002648651,朱潜,身份证,342824********002X,CL9070,福寿嘉年42期,"30,000.00","30,000.00","30,001.46",920785,寿险团险,安徽, ,,,,,,养老险公司,总部,寿险团险,安徽,,,网上交易,国寿养老险,2016-11-10,寿险团险,安徽,,
CL1003144612,刘恒,身份证,340211********1322,CL9070,福寿嘉年42期,"50,000.00","50,000.00","50,002.92",920785,寿险团险,安徽,341222198602050270, ,财险公司,安徽,,,养老险公司,总部,寿险团险,安徽,,,网上交易,国寿养老险,2016-11-10,财险公司,安徽,,
CL1000931137,石洁洁,身份证,341126********5025,CL9070,福寿嘉年42期,"20,000.00","20,000.00","20,000.97",920785,寿险团险,安徽, ,,,,,,养老险公司,总部,寿险团险,安徽,,,网上交易,国寿养老险,2016-11-10,寿险团险,安徽,,
CL1006167002,郑晖,身份证,340502********0229,CL9070,福寿嘉年42期,"30,000.00","30,000.00","30,001.75",920785,寿险团险,安徽,34050279000030,,寿险团险,安徽,马鞍山市,马鞍山市团拓部,养老险公司,总部,寿险团险,安徽,,,网上交易,国寿养老险,2016-11-10,寿险团险,安徽,马鞍山市,马鞍山市团拓部
CL1006356254,潘爱萍,身份证,340822********4340,CL9070,福寿嘉年42期,"56,000.00","56,000.00","56,002.72",920785,寿险团险,安徽,34082279000003,,寿险团险,安徽,安庆,怀宁,养老险公司,总部,寿险团险,安徽,,,网上交易,国寿养老险,2016-11-10,寿险团险,安徽,安庆,怀宁
CL1006325940,陈莉,身份证,340102********2561,CL9070,福寿嘉年42期,"100,000.00","100,000.00","100,003.89", ,,,34010579000141,,寿险团险,安徽,合肥,团险支公司,养老险公司,总部,寿险团险,安徽,合肥,团险支公司,网上交易,国寿养老险,2016-11-10,寿险团险,安徽,合肥,团险支公司
CL1004260415,李斐,身份证,340103********1059,CL9070,福寿嘉年42期,"122,000.00","122,000.00","122,005.93",920785,寿险团险,安徽, ,,,,,,养老险公司,总部,寿险团险,安徽,,,网上交易,国寿养老险,2016-11-10,寿险团险,安徽,,
CL1000705979,陈庭梅,身份证,342523********0049,CL9070,福寿嘉年42期,"30,000.00","30,000.00","30,001.46",920785,寿险团险,安徽,34250179001007,,寿险团险,安徽,宣城,团拓,养老险公司,总部,寿险团险,安徽,,,网上交易,国寿养老险,2016-11-10,寿险团险,安徽,宣城,团拓
CL1000639838,汪静,身份证,342901********6622,CL9070,福寿嘉年42期,"10,000.00","10,000.00","10,000.49",920785,寿险团险,安徽,34041179000019,,寿险团险,安徽,淮南,团拓部,,,寿险团险,安徽,,,APP,国寿养老险,2016-11-10,寿险团险,安徽,淮南,团拓部
CL1006381097,曹云,身份证,340122********0029,CL9070,福寿嘉年42期,"100,000.00","100,000.00","100,003.89", ,,,34012379000009,,寿险团险,安徽,合肥,肥西支公司,养老险公司,总部,寿险团险,安徽,合肥,肥西支公司,网上交易,国寿养老险,2016-11-10,寿险团险,安徽,合肥,肥西支公司
CL1003148029,杨磊,身份证,340322********0075,CL9070,福寿嘉年42期,"50,000.00","50,000.00","50,002.92",920785,寿险团险,安徽,34032279000005,,寿险团险,安徽,蚌埠,五河县支公司,养老险公司,总部,寿险团险,安徽,,,网上交易,国寿养老险,2016-11-10,寿险团险,安徽,蚌埠,五河县支公司
CL1006045990,胡少平,身份证,341023********0510,CL9070,福寿嘉年42期,"50,000.00","50,000.00","50,002.92",920785,寿险团险,安徽,34100279000003,,寿险团险,安徽,黄山,黄山市团拓部,养老险公司,总部,寿险团险,安徽,,,网上交易,国寿养老险,2016-11-10,寿险团险,安徽,黄山,黄山市团拓部
CL1004280233,程姗姗,身份证,340123********0327,CL9070,福寿嘉年42期,"40,000.00","40,000.00","40,002.33",782457,养老险公司,安徽,YL34000020,张曦,养老险公司,安徽,,,,,养老险公司,安徽,,,APP,国寿养老险,2016-11-10,养老险公司,安徽,,
CL1004139637,陈效林,身份证,340503********0017,CL9070,福寿嘉年42期,"50,000.00","50,000.00","50,002.92",920785,寿险团险,安徽,34050279000030,,寿险团险,安徽,马鞍山市,马鞍山市团拓部,养老险公司,总部,寿险团险,安徽,,,网上交易,国寿养老险,2016-11-10,寿险团险,安徽,马鞍山市,马鞍山市团拓部
CL1004139637,陈效林,身份证,340503********0017,CL9070,福寿嘉年42期,"50,000.00","50,000.00","50,002.43",920785,寿险团险,安徽,34050279000030,,寿险团险,安徽,马鞍山市,马鞍山市团拓部,养老险公司,总部,寿险团险,安徽,,,网上交易,国寿养老险,2016-11-10,寿险团险,安徽,马鞍山市,马鞍山市团拓部
CL1000627887,郑开翀,身份证,340121********4377,CL9070,福寿嘉年42期,"20,000.00","20,000.00","20,000.97",920785,寿险团险,安徽,340121196609290013, ,财险公司,安徽,,,养老险公司,总部,寿险团险,安徽,,,网上交易,国寿养老险,2016-11-10,财险公司,安徽,,
CL1000347948,胡娟,身份证,342201********102X,CL9070,福寿嘉年42期,"30,000.00","30,000.00","30,001.17", ,,,34220379000008,,寿险团险,安徽,宿州,团拓部,养老险公司,总部,寿险团险,安徽,宿州,团拓部,网上交易,国寿养老险,2016-11-10,寿险团险,安徽,宿州,团拓部
CL1001065741,徐娴,身份证,342922********3764,CL9070,福寿嘉年42期,"20,000.00","20,000.00","20,001.17",920785,寿险团险,安徽,34292279000001,,寿险团险,安徽,池州,石台支公司,养老险公司,总部,寿险团险,安徽,,,网上交易,国寿养老险,2016-11-10,寿险团险,安徽,池州,石台支公司
CL1006357942,张良华,身份证,340503********0624,CL9070,福寿嘉年42期,"100,000.00","100,000.00","100,003.89", ,,,34050279000030,,寿险团险,安徽,马鞍山市,马鞍山市团拓部,养老险公司,总部,寿险团险,安徽,马鞍山市,马鞍山市团拓部,网上交易,国寿养老险,2016-11-10,寿险团险,安徽,马鞍山市,马鞍山市团拓部
CL1000169093,伍和怡,身份证,342501********054X,CL9070,福寿嘉年42期,"40,000.00","40,000.00","40,002.33",920785,寿险团险,安徽,34250179001007,,寿险团险,安徽,宣城,团拓,养老险公司,总部,寿险团险,安徽,,,网上交易,国寿养老险,2016-11-10,寿险团险,安徽,宣城,团拓
CL1006324296,周媛媛,身份证,340323********0122,CL9070,福寿嘉年42期,"50,000.00","50,000.00","50,001.94", ,,,34032379000016,,寿险团险,安徽,蚌埠,固镇县支公司,养老险公司,总部,寿险团险,安徽,蚌埠,固镇县支公司,网上交易,国寿养老险,2016-11-10,寿险团险,安徽,蚌埠,固镇县支公司
CL1003150103,孙静,身份证,340322********0047,CL9070,福寿嘉年42期,"60,000.00","60,000.00","60,003.50",920785,寿险团险,安徽,34032279000028,,寿险团险,安徽,蚌埠,五河县支公司,养老险公司,总部,寿险团险,安徽,,,网上交易,国寿养老险,2016-11-10,寿险团险,安徽,蚌埠,五河县支公司
CL1004462051,曹莉,身份证,341125********3804,CL9070,福寿嘉年42期,"80,000.00","80,000.00","80,004.67",920785,寿险团险,安徽,34112579000024,,寿险团险,安徽,滁州,定远,,,寿险团险,安徽,,,APP,国寿养老险,2016-11-10,寿险团险,安徽,滁州,定远
CL1000679185,姚尚荣,身份证,340121********0025,CL9070,福寿嘉年42期,"50,000.00","50,000.00","50,001.94", ,,,34010571000104,,寿险团险,安徽,合肥,团险支公司,养老险公司,总部,寿险团险,安徽,合肥,团险支公司,网上交易,国寿养老险,2016-11-10,寿险团险,安徽,合肥,团险支公司
CL1002020028,王春妹,身份证,341021********0223,CL9070,福寿嘉年42期,"40,000.00","40,000.00","40,002.33",920785,寿险团险,安徽,34100279000003,,寿险团险,安徽,黄山,黄山市团拓部,养老险公司,总部,寿险团险,安徽,,,网上交易,国寿养老险,2016-11-10,寿险团险,安徽,黄山,黄山市团拓部
CL1003148830,李亚,身份证,342823********2522,CL9070,福寿嘉年42期,"50,000.00","50,000.00","50,002.92",920785,寿险团险,安徽,34290179000011,,寿险团险,安徽,池州,城区团拓部,养老险公司,总部,寿险团险,安徽,,,网上交易,国寿养老险,2016-11-10,寿险团险,安徽,池州,城区团拓部
CL1000541582,武慧,身份证,342221********0165,CL9070,福寿嘉年42期,"20,000.00","20,000.00","20,000.97",920785,寿险团险,安徽, ,,,,,,养老险公司,总部,寿险团险,安徽,,,网上交易,国寿养老险,2016-11-10,寿险团险,安徽,,
CL1000196490,王元元,身份证,340621********563X,CL9070,福寿嘉年42期,"15,000.00","15,000.00","15,000.88",920785,寿险团险,安徽,34011371000001,,寿险团险,安徽,合肥,团险拓展部,养老险公司,总部,寿险团险,安徽,,,网上交易,国寿养老险,2016-11-10,寿险团险,安徽,合肥,团险拓展部
CL1000583804,谢琴,身份证,342501********5623,CL9070,福寿嘉年42期,"20,000.00","20,000.00","20,001.17",920785,寿险团险,安徽,34250179001005,,寿险团险,安徽,宣城,团拓,养老险公司,总部,寿险团险,安徽,,,网上交易,国寿养老险,2016-11-10,寿险团险,安徽,宣城,团拓
CL1006046588,孙敏,身份证,340505********0026,CL9070,福寿嘉年42期,"30,000.00","30,000.00","30,001.75",782457,养老险公司,安徽,34050279000030,,寿险团险,安徽,马鞍山市,马鞍山市团拓部,养老险公司,总部,养老险公司,安徽,,,网上交易,国寿养老险,2016-11-10,寿险团险,安徽,马鞍山市,马鞍山市团拓部
CL1000693909,钱小菊,身份证,340223********0024,CL9070,福寿嘉年42期,"50,000.00","50,000.00","50,002.43",920785,寿险团险,安徽,34060279000061,,寿险团险,安徽,淮北,团拓,养老险公司,总部,寿险团险,安徽,,,网上交易,国寿养老险,2016-11-10,寿险团险,安徽,淮北,团拓
CL1000693909,钱小菊,身份证,340223********0024,CL9070,福寿嘉年42期,"50,000.00","50,000.00","50,002.43",920785,寿险团险,安徽,34060279000061,,寿险团险,安徽,淮北,团拓,养老险公司,总部,寿险团险,安徽,,,网上交易,国寿养老险,2016-11-10,寿险团险,安徽,淮北,团拓
CL1002874042,查江根,身份证,340822********021X,CL9070,福寿嘉年42期,"500,000.00","500,000.00","500,029.17",920785,寿险团险,安徽,34082279000002,,寿险团险,安徽,安庆,怀宁,养老险公司,总部,寿险团险,安徽,,,网上交易,国寿养老险,2016-11-10,寿险团险,安徽,安庆,怀宁
CL1000930561,董亚丽,身份证,342623********0025,CL9070,福寿嘉年42期,"60,000.00","60,000.00","60,003.50",920785,寿险团险,安徽,34021379000025,,寿险团险,安徽,芜湖,无为县支公司,养老险公司,总部,寿险团险,安徽,,,网上交易,国寿养老险,2016-11-10,寿险团险,安徽,芜湖,无为县支公司
CL1000931437,张坤,身份证,342622********0122,CL9070,福寿嘉年42期,"10,000.00","10,000.00","10,000.58",920785,寿险团险,安徽,34012779000122,,寿险团险,安徽,合肥,庐江支公司,养老险公司,总部,寿险团险,安徽,,,网上交易,国寿养老险,2016-11-10,寿险团险,安徽,合肥,庐江支公司
CL1000198543,殷明玲,身份证,342501********0304,CL9070,福寿嘉年42期,"140,000.00","140,000.00","140,008.17",920785,寿险团险,安徽,34250171001003,,寿险团险,安徽,宣城,团拓,养老险公司,总部,寿险团险,安徽,,,网上交易,国寿养老险,2016-11-10,寿险团险,安徽,宣城,团拓
CL1005944409,彭志玲,身份证,342921********2644,CL9070,福寿嘉年42期,"30,000.00","30,000.00","30,001.75",920785,寿险团险,安徽,34292179000030,,寿险团险,安徽,池州,东至支公司,养老险公司,总部,寿险团险,安徽,,,网上交易,国寿养老险,2016-11-10,寿险团险,安徽,池州,东至支公司
CL1005944409,彭志玲,身份证,342921********2644,CL9070,福寿嘉年42期,"30,000.00","30,000.00","30,001.75",920785,寿险团险,安徽,34292179000030,,寿险团险,安徽,池州,东至支公司,养老险公司,总部,寿险团险,安徽,,,网上交易,国寿养老险,2016-11-10,寿险团险,安徽,池州,东至支公司
CL1002795762,刘翠锁,身份证,342501********1341,CL9070,福寿嘉年42期,"10,000.00","10,000.00","10,000.58",782457,养老险公司,安徽,34050279000030,,寿险团险,安徽,马鞍山市,马鞍山市团拓部,养老险公司,总部,养老险公司,安徽,,,网上交易,国寿养老险,2016-11-10,寿险团险,安徽,马鞍山市,马鞍山市团拓部
CL1006357608,周芳,身份证,340402********0246,CL9070,福寿嘉年42期,"42,000.00","42,000.00","42,002.04",920785,寿险团险,安徽,34040479000015,,寿险团险,安徽,淮南,谢家集支公司,养老险公司,总部,寿险团险,安徽,,,网上交易,国寿养老险,2016-11-10,寿险团险,安徽,淮南,谢家集支公司
CL1006015763,吴慧青,身份证,340221********4382,CL9070,福寿嘉年42期,"180,000.00","180,000.00","180,010.50",920785,寿险团险,安徽,34020313401891,,寿险团险,安徽,芜湖,芜湖县支公司,养老险公司,总部,寿险团险,安徽,,,网上交易,国寿养老险,2016-11-10,寿险团险,安徽,芜湖,芜湖县支公司
CL1000812577,陈元生,身份证,340222********0091,CL9070,福寿嘉年42期,"260,000.00","260,000.00","260,015.17",920785,寿险团险,安徽, ,,,,,,养老险公司,总部,寿险团险,安徽,,,网上交易,国寿养老险,2016-11-10,寿险团险,安徽,,
CL1006322954,张莉,身份证,340322********0042,CL9070,福寿嘉年42期,"50,000.00","50,000.00","50,002.92",920785,寿险团险,安徽,34032279000021,,寿险团险,安徽,蚌埠,五河县支公司,养老险公司,总部,寿险团险,安徽,,,网上交易,国寿养老险,2016-11-10,寿险团险,安徽,蚌埠,五河县支公司
CL1002636777,刘宁,身份证,340103********1522,CL9070,福寿嘉年42期,"350,000.00","350,000.00","350,020.42",920785,寿险团险,安徽,34012379000009,,寿险团险,安徽,合肥,肥西支公司,养老险公司,总部,寿险团险,安徽,,,网上交易,国寿养老险,2016-11-10,寿险团险,安徽,合肥,肥西支公司
CL1002645832,卫红,身份证,342625********0024,CL9070,福寿嘉年42期,"10,000.00","10,000.00","10,000.58",920785,寿险团险,安徽,34012379000009,,寿险团险,安徽,合肥,肥西支公司,养老险公司,总部,寿险团险,安徽,,,网上交易,国寿养老险,2016-11-10,寿险团险,安徽,合肥,肥西支公司
CL1006187920,邓道发,身份证,340503********0415,CL9070,福寿嘉年42期,"30,000.00","30,000.00","30,001.75",920785,寿险团险,安徽,34050279000030,,寿险团险,安徽,马鞍山市,马鞍山市团拓部,养老险公司,总部,寿险团险,安徽,,,网上交易,国寿养老险,2016-11-10,寿险团险,安徽,马鞍山市,马鞍山市团拓部
CL1000953086,许晓玲,身份证,340223********006X,CL9070,福寿嘉年42期,"100,000.00","100,000.00","100,005.83",920785,寿险团险,安徽, ,,,,,,,,寿险团险,安徽,,,APP,国寿养老险,2016-11-10,寿险团险,安徽,,
CL1006188707,李萍,身份证,342201********0485,CL9070,福寿嘉年42期,"30,000.00","30,000.00","30,001.75",920785,寿险团险,安徽,34222479002415,,寿险团险,安徽,宿州,灵璧县支公司,养老险公司,总部,寿险团险,安徽,,,网上交易,国寿养老险,2016-11-10,寿险团险,安徽,宿州,灵璧县支公司
CL1006045189,余真德,身份证,340122********005X,CL9070,福寿嘉年42期,"350,000.00","350,000.00","350,020.42",920785,寿险团险,安徽,34012379000009,,寿险团险,安徽,合肥,肥西支公司,养老险公司,总部,寿险团险,安徽,,,网上交易,国寿养老险,2016-11-10,寿险团险,安徽,合肥,肥西支公司
CL1006045189,余真德,身份证,340122********005X,CL9070,福寿嘉年42期,"100,000.00","100,000.00","100,005.83",920785,寿险团险,安徽,34012379000009,,寿险团险,安徽,合肥,肥西支公司,养老险公司,总部,寿险团险,安徽,,,网上交易,国寿养老险,2016-11-10,寿险团险,安徽,合肥,肥西支公司
CL1000990847,张庆玲,身份证,340202********2020,CL9070,福寿嘉年42期,"40,000.00","40,000.00","40,002.33",920785,寿险团险,安徽, ,,,,,,养老险公司,总部,寿险团险,安徽,,,网上交易,国寿养老险,2016-11-10,寿险团险,安徽,,
CL1000990847,张庆玲,身份证,340202********2020,CL9070,福寿嘉年42期,"80,000.00","80,000.00","80,004.67",920785,寿险团险,安徽, ,,,,,,养老险公司,总部,寿险团险,安徽,,,网上交易,国寿养老险,2016-11-10,寿险团险,安徽,,
CL1003094315,葛婷婷,身份证,340403********0820,CL9070,福寿嘉年42期,"100,000.00","100,000.00","100,005.83",920785,寿险团险,安徽,34041179000035,,寿险团险,安徽,淮南,团拓部,养老险公司,总部,寿险团险,安徽,,,网上交易,国寿养老险,2016-11-10,寿险团险,安徽,淮南,团拓部
CL1000120867,肖琼霞,身份证,432427********3920,CL9070,福寿嘉年42期,"250,000.00","250,000.00","250,014.58",782457,养老险公司,安徽,YL34000003,陈俊,养老险公司,安徽,,,养老险公司,总部,养老险公司,安徽,,,网上交易,国寿养老险,2016-11-10,养老险公司,安徽,,
CL1001063221,王晶晶,身份证,340202********0023,CL9070,福寿嘉年42期,"70,000.00","70,000.00","70,004.08",920785,寿险团险,安徽,34011371000001,,寿险团险,安徽,合肥,团险拓展部,养老险公司,总部,寿险团险,安徽,,,网上交易,国寿养老险,2016-11-10,寿险团险,安徽,合肥,团险拓展部
CL1006188563,徐瑞华,身份证,340504********0040,CL9070,福寿嘉年42期,"50,000.00","50,000.00","50,002.92",920785,寿险团险,安徽,34050279000030,,寿险团险,安徽,马鞍山市,马鞍山市团拓部,养老险公司,总部,寿险团险,安徽,,,网上交易,国寿养老险,2016-11-10,寿险团险,安徽,马鞍山市,马鞍山市团拓部
CL1006188563,徐瑞华,身份证,340504********0040,CL9070,福寿嘉年42期,"50,000.00","50,000.00","50,002.92",920785,寿险团险,安徽,34050279000030,,寿险团险,安徽,马鞍山市,马鞍山市团拓部,养老险公司,总部,寿险团险,安徽,,,网上交易,国寿养老险,2016-11-10,寿险团险,安徽,马鞍山市,马鞍山市团拓部
CL1004413283,武智育,身份证,340323********2419,CL9070,福寿嘉年42期,"40,000.00","40,000.00","40,002.33",920785,寿险团险,安徽,34032379000017,,寿险团险,安徽,蚌埠,固镇县支公司,养老险公司,总部,寿险团险,安徽,,,网上交易,国寿养老险,2016-11-10,寿险团险,安徽,蚌埠,固镇县支公司
CL1002636399,石松涛,身份证,340826********0127,CL9070,福寿嘉年42期,"50,000.00","50,000.00","50,002.92",920785,寿险团险,安徽,34082679000003,,寿险团险,安徽,安庆,宿松,养老险公司,总部,寿险团险,安徽,,,网上交易,国寿养老险,2016-11-10,寿险团险,安徽,安庆,宿松
CL1002667214,张嵘涛,身份证,340822********6253,CL9070,福寿嘉年42期,"15,000.00","15,000.00","15,000.88",920785,寿险团险,安徽,34082279000003,,寿险团险,安徽,安庆,怀宁,养老险公司,总部,寿险团险,安徽,,,网上交易,国寿养老险,2016-11-10,寿险团险,安徽,安庆,怀宁
CL1002646019,王梦婷,身份证,340323********4748,CL9070,福寿嘉年42期,"50,000.00","50,000.00","50,002.92",920785,寿险团险,安徽, ,,,,,,养老险公司,总部,寿险团险,安徽,,,网上交易,国寿养老险,2016-11-10,寿险团险,安徽,,
CL1000691201,赵瑞红,身份证,342623********032X,CL9070,福寿嘉年42期,"50,000.00","50,000.00","50,002.92",920785,寿险团险,安徽,34020179000008,,寿险团险,安徽,芜湖,团拓,养老险公司,总部,寿险团险,安徽,,,网上交易,国寿养老险,2016-11-10,寿险团险,安徽,芜湖,团拓
CL1006322698,葛媛媛,身份证,340123********1409,CL9070,福寿嘉年42期,"10,000.00","10,000.00","10,000.58",920785,寿险团险,安徽,34011371000001,,寿险团险,安徽,合肥,团险拓展部,,,寿险团险,安徽,,,APP,国寿养老险,2016-11-10,寿险团险,安徽,合肥,团险拓展部
CL1006322698,葛媛媛,身份证,340123********1409,CL9070,福寿嘉年42期,"10,000.00","10,000.00","10,000.58",920785,寿险团险,安徽,34011371000001,,寿险团险,安徽,合肥,团险拓展部,,,寿险团险,安徽,,,APP,国寿养老险,2016-11-10,寿险团险,安徽,合肥,团险拓展部
CL1006188041,刘云惠,身份证,340304********1043,CL9070,福寿嘉年42期,"10,000.00","10,000.00","10,000.58",920785,寿险团险,安徽,34031682001185,,寿险银保,安徽,,,养老险公司,总部,寿险团险,安徽,,,网上交易,国寿养老险,2016-11-10,寿险银保,安徽,,
CL1000691201,赵瑞红,身份证,342623********032X,CL9070,福寿嘉年42期,"50,000.00","50,000.00","50,002.92",920785,寿险团险,安徽,34020179000008,,寿险团险,安徽,芜湖,团拓,养老险公司,总部,寿险团险,安徽,,,网上交易,国寿养老险,2016-11-10,寿险团险,安徽,芜湖,团拓
CL1002799191,邓明光,身份证,340503********042X,CL9070,福寿嘉年42期,"15,000.00","15,000.00","15,000.88",920785,寿险团险,安徽,34050279000030,,寿险团险,安徽,马鞍山市,马鞍山市团拓部,养老险公司,总部,寿险团险,安徽,,,网上交易,国寿养老险,2016-11-10,寿险团险,安徽,马鞍山市,马鞍山市团拓部
CL1002672517,武建琼,身份证,340123********5281,CL9070,福寿嘉年42期,"40,000.00","40,000.00","40,002.33",920785,寿险团险,安徽,34012379000015,,寿险团险,安徽,合肥,肥西支公司,养老险公司,总部,寿险团险,安徽,,,网上交易,国寿养老险,2016-11-10,寿险团险,安徽,合肥,肥西支公司
CL1003040519,王丽霞,身份证,340828********6443,CL9070,福寿嘉年42期,"120,000.00","120,000.00","120,005.83",920785,寿险团险,安徽,34082879008009,,寿险团险,安徽,安庆,岳西,养老险公司,总部,寿险团险,安徽,,,网上交易,国寿养老险,2016-11-10,寿险团险,安徽,安庆,岳西
CL1006322243,王舒离,身份证,342622********0040,CL9070,福寿嘉年42期,"50,000.00","50,000.00","50,002.92",920785,寿险团险,安徽,34012779000017,,寿险团险,安徽,合肥,庐江支公司,养老险公司,总部,寿险团险,安徽,,,网上交易,国寿养老险,2016-11-10,寿险团险,安徽,合肥,庐江支公司
CL1000713702,王世梅,身份证,340122********0049,CL9070,福寿嘉年42期,"170,000.00","170,000.00","170,009.92",920785,寿险团险,安徽,34012379000009,,寿险团险,安徽,合肥,肥西支公司,养老险公司,总部,寿险团险,安徽,,,网上交易,国寿养老险,2016-11-10,寿险团险,安徽,合肥,肥西支公司
CL1006187831,杨辛欣,身份证,341124********0024,CL9070,福寿嘉年42期,"90,000.00","90,000.00","90,005.25",782457,养老险公司,安徽,YL34000003,陈俊,养老险公司,安徽,,,养老险公司,总部,养老险公司,安徽,,,网上交易,国寿养老险,2016-11-10,养老险公司,安徽,,
CL1000833894,伍巧玉,身份证,342623********0362,CL9070,福寿嘉年42期,"100,000.00","100,000.00","100,004.86",920785,寿险团险,安徽, ,,,,,,养老险公司,总部,寿险团险,安徽,,,网上交易,国寿养老险,2016-11-10,寿险团险,安徽,,
CL1000833283,孙方林,身份证,320322********0326,CL9070,福寿嘉年42期,"50,000.00","50,000.00","50,002.43",920785,寿险团险,安徽,34060279000056,,寿险团险,安徽,淮北,团拓,养老险公司,总部,寿险团险,安徽,,,网上交易,国寿养老险,2016-11-10,寿险团险,安徽,淮北,团拓
CL1000833894,伍巧玉,身份证,342623********0362,CL9070,福寿嘉年42期,"100,000.00","100,000.00","100,005.83",920785,寿险团险,安徽, ,,,,,,养老险公司,总部,寿险团险,安徽,,,网上交易,国寿养老险,2016-11-10,寿险团险,安徽,,
CL1000716910,朱会敏,身份证,342622********0389,CL9070,福寿嘉年42期,"50,000.00","50,000.00","50,002.92",920785,寿险团险,安徽,34012779000122,,寿险团险,安徽,合肥,庐江支公司,养老险公司,总部,寿险团险,安徽,,,网上交易,国寿养老险,2016-11-10,寿险团险,安徽,合肥,庐江支公司
CL1000792807,王桂兰,身份证,340103********0527,CL9070,福寿嘉年42期,"110,000.00","110,000.00","110,006.42",920785,寿险团险,安徽,34011371000001,,寿险团险,安徽,合肥,团险拓展部,养老险公司,总部,寿险团险,安徽,,,网上交易,国寿养老险,2016-11-10,寿险团险,安徽,合肥,团险拓展部
CL1000328096,黄金,身份证,342221********0071,CL9070,福寿嘉年42期,"100,000.00","100,000.00","100,005.83",920785,寿险团险,安徽,34220379001314,,寿险团险,安徽,宿州,团拓部,养老险公司,总部,寿险团险,安徽,,,网上交易,国寿养老险,2016-11-10,寿险团险,安徽,宿州,团拓部
CL1006145308,夏新凤,身份证,342522********3021,CL9070,福寿嘉年42期,"160,000.00","160,000.00","160,009.33",920785,寿险团险,安徽,34252279000001,,寿险团险,安徽,宣城,郎溪支公司,养老险公司,总部,寿险团险,安徽,,,网上交易,国寿养老险,2016-11-10,寿险团险,安徽,宣城,郎溪支公司
CL1003098122,郑云,身份证,342321********0032,CL9070,福寿嘉年42期,"20,000.00","20,000.00","20,001.17",920785,寿险团险,安徽,34118179000038,,寿险团险,安徽,滁州,天长,养老险公司,总部,寿险团险,安徽,,,网上交易,国寿养老险,2016-11-10,寿险团险,安徽,滁州,天长
CL1003098122,郑云,身份证,342321********0032,CL9070,福寿嘉年42期,"50,000.00","50,000.00","50,002.92",920785,寿险团险,安徽,34118179000038,,寿险团险,安徽,滁州,天长,养老险公司,总部,寿险团险,安徽,,,网上交易,国寿养老险,2016-11-10,寿险团险,安徽,滁州,天长
CL1000929642,徐光宏,身份证,340223********2533,CL9070,福寿嘉年42期,"10,000.00","10,000.00","10,000.39", ,,,34020579000042,,寿险团险,安徽,芜湖,南陵支公司,,,寿险团险,安徽,芜湖,南陵支公司,APP,国寿养老险,2016-11-10,寿险团险,安徽,芜湖,南陵支公司
CL1003947548,姚付美,身份证,340404********0446,CL9070,福寿嘉年42期,"100,000.00","100,000.00","100,005.83",920785,寿险团险,安徽,34040479000008,,寿险团险,安徽,淮南,谢家集支公司,养老险公司,总部,寿险团险,安徽,,,网上交易,国寿养老险,2016-11-10,寿险团险,安徽,淮南,谢家集支公司
CL1000646073,邵燕,身份证,340403********1426,CL9070,福寿嘉年42期,"12,000.00","12,000.00","12,000.70",920785,寿险团险,安徽,34041179000019,,寿险团险,安徽,淮南,团拓部,养老险公司,总部,寿险团险,安徽,,,网上交易,国寿养老险,2016-11-10,寿险团险,安徽,淮南,团拓部
CL1003147753,凌鹏军,身份证,340322********7862,CL9070,福寿嘉年42期,"10,000.00","10,000.00","10,000.58",920785,寿险团险,安徽,34032279000005,,寿险团险,安徽,蚌埠,五河县支公司,养老险公司,总部,寿险团险,安徽,,,网上交易,国寿养老险,2016-11-10,寿险团险,安徽,蚌埠,五河县支公司
CL1000954563,聂磊,身份证,340121********0057,CL9070,福寿嘉年42期,"46,000.00","46,000.00","46,002.68",920785,寿险团险,安徽,34011371000001,,寿险团险,安徽,合肥,团险拓展部,养老险公司,总部,寿险团险,安徽,,,网上交易,国寿养老险,2016-11-10,寿险团险,安徽,合肥,团险拓展部
CL1000955806,朱功玲,身份证,340505********064X,CL9070,福寿嘉年42期,"20,000.00","20,000.00","20,001.17",920785,寿险团险,安徽,34050279000030,,寿险团险,安徽,马鞍山市,马鞍山市团拓部,养老险公司,总部,寿险团险,安徽,,,网上交易,国寿养老险,2016-11-10,寿险团险,安徽,马鞍山市,马鞍山市团拓部
CL1006188263,吴敏刚,身份证,340504********0019,CL9070,福寿嘉年42期,"100,000.00","100,000.00","100,005.83",920785,寿险团险,安徽,34050279000030,,寿险团险,安徽,马鞍山市,马鞍山市团拓部,养老险公司,总部,寿险团险,安徽,,,网上交易,国寿养老险,2016-11-10,寿险团险,安徽,马鞍山市,马鞍山市团拓部
CL1001052746,张志英,身份证,342921********2641,CL9070,福寿嘉年42期,"70,000.00","70,000.00","70,003.40",920785,寿险团险,安徽,34292179000030,,寿险团险,安徽,池州,东至支公司,养老险公司,总部,寿险团险,安徽,,,网上交易,国寿养老险,2016-11-10,寿险团险,安徽,池州,东至支公司
CL1000957226,李世花,身份证,340505********0043,CL9070,福寿嘉年42期,"50,000.00","50,000.00","50,002.43",920785,寿险团险,安徽,34050279000030,,寿险团险,安徽,马鞍山市,马鞍山市团拓部,养老险公司,总部,寿险团险,安徽,,,网上交易,国寿养老险,2016-11-10,寿险团险,安徽,马鞍山市,马鞍山市团拓部
CL1000957226,李世花,身份证,340505********0043,CL9070,福寿嘉年42期,"50,000.00","50,000.00","50,002.43",920785,寿险团险,安徽,34050279000030,,寿险团险,安徽,马鞍山市,马鞍山市团拓部,养老险公司,总部,寿险团险,安徽,,,网上交易,国寿养老险,2016-11-10,寿险团险,安徽,马鞍山市,马鞍山市团拓部
CL1000025654,田中福,身份证,342423********0119,CL9070,福寿嘉年42期,"690,000.00","690,000.00","690,040.25",782457,养老险公司,安徽,YL34000004,田中福,养老险公司,安徽,,,养老险公司,总部,养老险公司,安徽,,,网上交易,国寿养老险,2016-11-10,养老险公司,安徽,,
CL1000025654,田中福,身份证,342423********0119,CL9070,福寿嘉年42期,"400,000.00","400,000.00","400,019.44",920785,寿险团险,安徽,YL34000004,田中福,养老险公司,安徽,,,养老险公司,总部,寿险团险,安徽,,,网上交易,国寿养老险,2016-11-10,养老险公司,安徽,,

