﻿FUND_ACCT,CUST_NAME,CERT_TYPE,CERT_NO,FUND_CODE,FUND_NAME,APP_MONEY,ACK_MONEY,ACK_SHARE,INVITECODE,COMPANY_INVITE,BRANCH_INVITE_NEW,REFERID,CUSTNAME_REFER,COMPANY_REFER,BRANCH_REFER_NEW,CT_REFER,CR_REFER,COMPANY_ORG,ORGNAME,SALE_COMPANY_NAME_DTL,SALE_BRANCH_NAME,SALE_CT_NAME,SALE_CR_NAME,ACCEPT_METHOD,AGENCY_NAME,ACK_DATE,SALE_COMPANY_NAME_FEE,SALE_BRANCH_NAME_FEE1,SALE_CT_NAME_FEE,SALE_CR_NAME_FEE
CL1000647372,王赛男,身份证,342529********0061,CL9071,福寿嘉年43期,"50,000.00","50,000.00","50,002.92",734099,寿险团险,安徽, ,,,,,,养老险公司,总部,寿险团险,安徽,,,网上交易,国寿养老险,2016-11-10,寿险团险,安徽,,
CL1000732765,孙元明,身份证,342422********015X,CL9071,福寿嘉年43期,"200,000.00","200,000.00","200,011.67",854191,养老险公司,安徽,342422197302200262, ,财险公司,安徽,,,养老险公司,总部,养老险公司,安徽,,,网上交易,国寿养老险,2016-11-10,财险公司,安徽,,
CL1000171311,贺娅,身份证,340104********3547,CL9071,福寿嘉年43期,"100,000.00","100,000.00","100,005.83",854191,养老险公司,安徽,340104197605093539, ,财险公司,安徽,,,养老险公司,总部,养老险公司,安徽,,,网上交易,国寿养老险,2016-11-10,财险公司,安徽,,
CL1000647372,王赛男,身份证,342529********0061,CL9071,福寿嘉年43期,"380,000.00","380,000.00","380,022.17",734099,寿险团险,安徽, ,,,,,,养老险公司,总部,寿险团险,安徽,,,网上交易,国寿养老险,2016-11-10,寿险团险,安徽,,
CL1003595719,陆树军,身份证,340621********9338,CL9071,福寿嘉年43期,"10,000.00","10,000.00","10,000.58",734099,寿险团险,安徽,34212579001007,,寿险团险,安徽,亳州,蒙城县公司,养老险公司,总部,寿险团险,安徽,,,网上交易,国寿养老险,2016-11-10,寿险团险,安徽,亳州,蒙城县公司
CL1006357519,徐晨思,身份证,340503********0223,CL9071,福寿嘉年43期,"10,000.00","10,000.00","10,000.49",854191,养老险公司,安徽,YL34000003,陈俊,养老险公司,安徽,,,养老险公司,总部,养老险公司,安徽,,,网上交易,国寿养老险,2016-11-10,养老险公司,安徽,,
CL1000008399,汪晓红,身份证,342524********0068,CL9071,福寿嘉年43期,"17,000.00","17,000.00","17,000.83",854191,养老险公司,安徽,34250179001007,,寿险团险,安徽,宣城,团拓,,,养老险公司,安徽,,,APP,国寿养老险,2016-11-10,寿险团险,安徽,宣城,团拓
CL1003556338,张梅梅,身份证,342201********0442,CL9071,福寿嘉年43期,"1,000,000.00","1,000,000.00","1,000,058.33",734099,寿险团险,安徽, ,,,,,,养老险公司,总部,寿险团险,安徽,,,网上交易,国寿养老险,2016-11-10,寿险团险,安徽,,
CL1003556338,张梅梅,身份证,342201********0442,CL9071,福寿嘉年43期,"1,000,000.00","1,000,000.00","1,000,058.33",734099,寿险团险,安徽, ,,,,,,养老险公司,总部,寿险团险,安徽,,,网上交易,国寿养老险,2016-11-10,寿险团险,安徽,,
CL1001064964,王兵,身份证,342201********0012,CL9071,福寿嘉年43期,"60,000.00","60,000.00","60,003.50",734099,寿险团险,安徽,34222179000021,,寿险团险,安徽,宿州,砀山县支公司,养老险公司,总部,寿险团险,安徽,,,网上交易,国寿养老险,2016-11-10,寿险团险,安徽,宿州,砀山县支公司
CL1000941113,余道勤,身份证,342421********1425,CL9071,福寿嘉年43期,"120,000.00","120,000.00","120,007.00",734099,寿险团险,安徽,34240179000022,,寿险团险,安徽,六安,团拓,养老险公司,总部,寿险团险,安徽,,,网上交易,国寿养老险,2016-11-10,寿险团险,安徽,六安,团拓
CL1000432142,石云,身份证,342422********0168,CL9071,福寿嘉年43期,"285,000.00","285,000.00","285,016.63",734099,寿险团险,安徽,34240179000022,,寿险团险,安徽,六安,团拓,养老险公司,总部,寿险团险,安徽,,,网上交易,国寿养老险,2016-11-10,寿险团险,安徽,六安,团拓
CL1005489378,梅红,身份证,342822********0023,CL9071,福寿嘉年43期,"50,000.00","50,000.00","50,002.92",734099,寿险团险,安徽,34082179000003,,寿险团险,安徽,安庆,桐城,养老险公司,总部,寿险团险,安徽,,,网上交易,国寿养老险,2016-11-10,寿险团险,安徽,安庆,桐城
CL1004261125,陈梦影,身份证,340403********1623,CL9071,福寿嘉年43期,"40,000.00","40,000.00","40,002.33",734099,寿险团险,安徽,34041179000035,,寿险团险,安徽,淮南,团拓部,养老险公司,总部,寿险团险,安徽,,,网上交易,国寿养老险,2016-11-10,寿险团险,安徽,淮南,团拓部
CL1000029872,秦凤霞,身份证,340721********484X,CL9071,福寿嘉年43期,"155,000.00","155,000.00","155,007.53",854191,养老险公司,安徽,34070379001002,,寿险团险,安徽,铜陵,团拓部（城区）,养老险公司,总部,养老险公司,安徽,,,网上交易,国寿养老险,2016-11-10,寿险团险,安徽,铜陵,团拓部（城区）
CL1000327808,谢家谨,身份证,340122********0064,CL9071,福寿嘉年43期,"10,000.00","10,000.00","10,000.58",734099,寿险团险,安徽,34011371000001,,寿险团险,安徽,合肥,团险拓展部,养老险公司,总部,寿险团险,安徽,,,网上交易,国寿养老险,2016-11-10,寿险团险,安徽,合肥,团险拓展部
CL1000011449,孙元芹,身份证,342422********0262,CL9071,福寿嘉年43期,"150,000.00","150,000.00","150,008.75",854191,养老险公司,安徽,342422197302200262, ,财险公司,安徽,,,养老险公司,总部,养老险公司,安徽,,,网上交易,国寿养老险,2016-11-10,财险公司,安徽,,
CL1000011449,孙元芹,身份证,342422********0262,CL9071,福寿嘉年43期,"50,000.00","50,000.00","50,002.92",854191,养老险公司,安徽,342422197302200262, ,财险公司,安徽,,,养老险公司,总部,养老险公司,安徽,,,网上交易,国寿养老险,2016-11-10,财险公司,安徽,,
CL1000713324,王思军,身份证,342601********061X,CL9071,福寿嘉年43期,"200,000.00","200,000.00","200,011.67",734099,寿险团险,安徽,34012679000023,,寿险团险,安徽,合肥,巢湖支公司,养老险公司,总部,寿险团险,安徽,,,网上交易,国寿养老险,2016-11-10,寿险团险,安徽,合肥,巢湖支公司
CL1000700096,张晚珍,身份证,342700********0023,CL9071,福寿嘉年43期,"50,000.00","50,000.00","50,002.92",734099,寿险团险,安徽,34100279000003,,寿险团险,安徽,黄山,黄山市团拓部,养老险公司,总部,寿险团险,安徽,,,网上交易,国寿养老险,2016-11-10,寿险团险,安徽,黄山,黄山市团拓部
CL1000022802,胡桂梅,身份证,340900********0022,CL9071,福寿嘉年43期,"50,000.00","50,000.00","50,002.92",734099,寿险团险,安徽,34100279000003,,寿险团险,安徽,黄山,黄山市团拓部,养老险公司,总部,寿险团险,安徽,,,网上交易,国寿养老险,2016-11-10,寿险团险,安徽,黄山,黄山市团拓部
CL1000022802,胡桂梅,身份证,340900********0022,CL9071,福寿嘉年43期,"50,000.00","50,000.00","50,002.92",734099,寿险团险,安徽,34100279000003,,寿险团险,安徽,黄山,黄山市团拓部,养老险公司,总部,寿险团险,安徽,,,网上交易,国寿养老险,2016-11-10,寿险团险,安徽,黄山,黄山市团拓部
CL1000103246,许川,身份证,340104********3539,CL9071,福寿嘉年43期,"100,000.00","100,000.00","100,005.83",854191,养老险公司,安徽,340104197605093539, ,财险公司,安徽,,,养老险公司,总部,养老险公司,安徽,,,网上交易,国寿养老险,2016-11-10,财险公司,安徽,,
CL1000896833,汪锦华,身份证,342723********8376,CL9071,福寿嘉年43期,"30,000.00","30,000.00","30,001.75",734099,寿险团险,安徽,34100279000003,,寿险团险,安徽,黄山,黄山市团拓部,养老险公司,总部,寿险团险,安徽,,,网上交易,国寿养老险,2016-11-10,寿险团险,安徽,黄山,黄山市团拓部
CL1000007734,孙进,身份证,340103********3027,CL9071,福寿嘉年43期,"280,000.00","280,000.00","280,016.33",734099,寿险团险,安徽,34011371000001,,寿险团险,安徽,合肥,团险拓展部,养老险公司,总部,寿险团险,安徽,,,网上交易,国寿养老险,2016-11-10,寿险团险,安徽,合肥,团险拓展部
CL1006167180,王必飞,身份证,340221********1273,CL9071,福寿嘉年43期,"40,000.00","40,000.00","40,002.33",734099,寿险团险,安徽,34020179000058,,寿险团险,安徽,芜湖,团拓,,,寿险团险,安徽,,,APP,国寿养老险,2016-11-10,寿险团险,安徽,芜湖,团拓
CL1000181020,沈国惠,身份证,340103********2021,CL9071,福寿嘉年43期,"10,000.00","10,000.00","10,000.49",854191,养老险公司,安徽,34011371000001,,寿险团险,安徽,合肥,团险拓展部,养老险公司,总部,养老险公司,安徽,,,网上交易,国寿养老险,2016-11-10,寿险团险,安徽,合肥,团险拓展部
CL1006302492,鲍远勤,身份证,342401********3942,CL9071,福寿嘉年43期,"200,000.00","200,000.00","200,011.67",734099,寿险团险,安徽,34240179000022,,寿险团险,安徽,六安,团拓,养老险公司,总部,寿险团险,安徽,,,网上交易,国寿养老险,2016-11-10,寿险团险,安徽,六安,团拓
CL1000721557,纪宏,身份证,340123********0047,CL9071,福寿嘉年43期,"50,000.00","50,000.00","50,002.92",734099,寿险团险,安徽,34012279000002,,寿险团险,安徽,合肥,肥东支公司,养老险公司,总部,寿险团险,安徽,,,网上交易,国寿养老险,2016-11-10,寿险团险,安徽,合肥,肥东支公司
CL1000538309,乔虎,身份证,340222********2916,CL9071,福寿嘉年43期,"35,000.00","35,000.00","35,002.04",734099,寿险团险,安徽, ,,,,,,养老险公司,总部,寿险团险,安徽,,,网上交易,国寿养老险,2016-11-10,寿险团险,安徽,,
CL1000029627,戴翠英,身份证,342701********0469,CL9071,福寿嘉年43期,"50,000.00","50,000.00","50,002.92",734099,寿险团险,安徽,34100279000003,,寿险团险,安徽,黄山,黄山市团拓部,养老险公司,总部,寿险团险,安徽,,,网上交易,国寿养老险,2016-11-10,寿险团险,安徽,黄山,黄山市团拓部
CL1000029627,戴翠英,身份证,342701********0469,CL9071,福寿嘉年43期,"50,000.00","50,000.00","50,002.92",734099,寿险团险,安徽,34100279000003,,寿险团险,安徽,黄山,黄山市团拓部,养老险公司,总部,寿险团险,安徽,,,网上交易,国寿养老险,2016-11-10,寿险团险,安徽,黄山,黄山市团拓部
CL1000029627,戴翠英,身份证,342701********0469,CL9071,福寿嘉年43期,"50,000.00","50,000.00","50,002.92",734099,寿险团险,安徽,34100279000003,,寿险团险,安徽,黄山,黄山市团拓部,养老险公司,总部,寿险团险,安徽,,,网上交易,国寿养老险,2016-11-10,寿险团险,安徽,黄山,黄山市团拓部
CL1000029627,戴翠英,身份证,342701********0469,CL9071,福寿嘉年43期,"50,000.00","50,000.00","50,002.92",734099,寿险团险,安徽,34100279000003,,寿险团险,安徽,黄山,黄山市团拓部,养老险公司,总部,寿险团险,安徽,,,网上交易,国寿养老险,2016-11-10,寿险团险,安徽,黄山,黄山市团拓部
CL1000583804,谢琴,身份证,342501********5623,CL9071,福寿嘉年43期,"10,000.00","10,000.00","10,000.58",734099,寿险团险,安徽,34250179001007,,寿险团险,安徽,宣城,团拓,养老险公司,总部,寿险团险,安徽,,,网上交易,国寿养老险,2016-11-10,寿险团险,安徽,宣城,团拓
CL1000198543,殷明玲,身份证,342501********0304,CL9071,福寿嘉年43期,"230,000.00","230,000.00","230,013.42",734099,寿险团险,安徽,34250171001003,,寿险团险,安徽,宣城,团拓,养老险公司,总部,寿险团险,安徽,,,网上交易,国寿养老险,2016-11-10,寿险团险,安徽,宣城,团拓
CL1002732023,高兰霞,身份证,342524********1521,CL9071,福寿嘉年43期,"50,000.00","50,000.00","50,002.43",854191,养老险公司,安徽, ,,,,,,养老险公司,总部,养老险公司,安徽,,,网上交易,国寿养老险,2016-11-10,养老险公司,安徽,,
CL1002732023,高兰霞,身份证,342524********1521,CL9071,福寿嘉年43期,"50,000.00","50,000.00","50,002.43",854191,养老险公司,安徽, ,,,,,,养老险公司,总部,养老险公司,安徽,,,网上交易,国寿养老险,2016-11-10,养老险公司,安徽,,
CL1002732023,高兰霞,身份证,342524********1521,CL9071,福寿嘉年43期,"50,000.00","50,000.00","50,002.43",854191,养老险公司,安徽, ,,,,,,养老险公司,总部,养老险公司,安徽,,,网上交易,国寿养老险,2016-11-10,养老险公司,安徽,,
CL1002732023,高兰霞,身份证,342524********1521,CL9071,福寿嘉年43期,"50,000.00","50,000.00","50,002.43",854191,养老险公司,安徽, ,,,,,,养老险公司,总部,养老险公司,安徽,,,网上交易,国寿养老险,2016-11-10,养老险公司,安徽,,
CL1002080159,朱海燕,身份证,340403********1822,CL9071,福寿嘉年43期,"10,000.00","10,000.00","10,000.58",734099,寿险团险,安徽,34041179000035,,寿险团险,安徽,淮南,团拓部,养老险公司,总部,寿险团险,安徽,,,网上交易,国寿养老险,2016-11-10,寿险团险,安徽,淮南,团拓部
CL1000074100,侯艳苗,身份证,340603********1023,CL9071,福寿嘉年43期,"30,000.00","30,000.00","30,001.75",734099,寿险团险,安徽,34011371000001,,寿险团险,安徽,合肥,团险拓展部,养老险公司,总部,寿险团险,安徽,,,网上交易,国寿养老险,2016-11-10,寿险团险,安徽,合肥,团险拓展部
CL1002802148,苏新华,身份证,342623********0321,CL9071,福寿嘉年43期,"50,000.00","50,000.00","50,002.92",734099,寿险团险,安徽,34021379000025,,寿险团险,安徽,芜湖,无为县支公司,养老险公司,总部,寿险团险,安徽,,,网上交易,国寿养老险,2016-11-10,寿险团险,安徽,芜湖,无为县支公司
CL1000821932,茆建玲,身份证,340104********2523,CL9071,福寿嘉年43期,"70,000.00","70,000.00","70,004.08",734099,寿险团险,安徽,34012379000009,,寿险团险,安徽,合肥,肥西支公司,养老险公司,总部,寿险团险,安徽,,,网上交易,国寿养老险,2016-11-10,寿险团险,安徽,合肥,肥西支公司
CL1006188041,刘云惠,身份证,340304********1043,CL9071,福寿嘉年43期,"50,000.00","50,000.00","50,002.92",734099,寿险团险,安徽,34031682001241,,寿险银保,安徽,,,养老险公司,总部,寿险团险,安徽,,,网上交易,国寿养老险,2016-11-10,寿险银保,安徽,,
CL1000811067,马国霞,身份证,340104********2549,CL9071,福寿嘉年43期,"50,000.00","50,000.00","50,002.43",854191,养老险公司,安徽,34070379001002,,寿险团险,安徽,铜陵,团拓部（城区）,养老险公司,总部,养老险公司,安徽,,,网上交易,国寿养老险,2016-11-10,寿险团险,安徽,铜陵,团拓部（城区）
CL1000811067,马国霞,身份证,340104********2549,CL9071,福寿嘉年43期,"50,000.00","50,000.00","50,002.92",734099,寿险团险,安徽,34070379001002,,寿险团险,安徽,铜陵,团拓部（城区）,养老险公司,总部,寿险团险,安徽,,,网上交易,国寿养老险,2016-11-10,寿险团险,安徽,铜陵,团拓部（城区）
CL1000811067,马国霞,身份证,340104********2549,CL9071,福寿嘉年43期,"50,000.00","50,000.00","50,002.43",854191,养老险公司,安徽,34070379001002,,寿险团险,安徽,铜陵,团拓部（城区）,养老险公司,总部,养老险公司,安徽,,,网上交易,国寿养老险,2016-11-10,寿险团险,安徽,铜陵,团拓部（城区）
CL1000811067,马国霞,身份证,340104********2549,CL9071,福寿嘉年43期,"50,000.00","50,000.00","50,002.43",854191,养老险公司,安徽,34070379001002,,寿险团险,安徽,铜陵,团拓部（城区）,养老险公司,总部,养老险公司,安徽,,,网上交易,国寿养老险,2016-11-10,寿险团险,安徽,铜陵,团拓部（城区）
CL1006323953,王珍,身份证,340111********3081,CL9071,福寿嘉年43期,"20,000.00","20,000.00","20,001.17",854191,养老险公司,安徽, ,,,,,,养老险公司,总部,养老险公司,安徽,,,网上交易,国寿养老险,2016-11-10,养老险公司,安徽,,
CL1000758410,潘小惠,身份证,340111********456X,CL9071,福寿嘉年43期,"400,000.00","400,000.00","400,023.33",854191,养老险公司,安徽,YL34000009,平欣丽,养老险公司,安徽,,,养老险公司,总部,养老险公司,安徽,,,网上交易,国寿养老险,2016-11-10,养老险公司,安徽,,
CL1000703193,唐婷,身份证,340702********0526,CL9071,福寿嘉年43期,"20,000.00","20,000.00","20,001.17",734099,寿险团险,安徽,34070379001002,,寿险团险,安徽,铜陵,团拓部（城区）,养老险公司,总部,寿险团险,安徽,,,网上交易,国寿养老险,2016-11-10,寿险团险,安徽,铜陵,团拓部（城区）
CL1002800273,王琳,身份证,340302********0260,CL9071,福寿嘉年43期,"80,000.00","80,000.00","80,003.89",854191,养老险公司,安徽,YL34000009,平欣丽,养老险公司,安徽,,,养老险公司,总部,养老险公司,安徽,,,网上交易,国寿养老险,2016-11-10,养老险公司,安徽,,
CL1000860746,刘彩云,身份证,342622********0962,CL9071,福寿嘉年43期,"290,000.00","290,000.00","290,016.92",734099,寿险团险,安徽,34020179000036,,寿险团险,安徽,芜湖,团拓,养老险公司,总部,寿险团险,安徽,,,网上交易,国寿养老险,2016-11-10,寿险团险,安徽,芜湖,团拓
CL1000171311,贺娅,身份证,340104********3547,CL9071,福寿嘉年43期,"300,000.00","300,000.00","300,017.50",854191,养老险公司,安徽,340104197605093539, ,财险公司,安徽,,,养老险公司,总部,养老险公司,安徽,,,网上交易,国寿养老险,2016-11-10,财险公司,安徽,,

