﻿FUND_ACCT,CUST_NAME,CERT_TYPE,CERT_NO,FUND_CODE,FUND_NAME,APP_MONEY,ACK_MONEY,ACK_SHARE,INVITECODE,COMPANY_INVITE,BRANCH_INVITE_NEW,REFERID,CUSTNAME_REFER,COMPANY_REFER,BRANCH_REFER_NEW,CT_REFER,CR_REFER,COMPANY_ORG,ORGNAME,SALE_COMPANY_NAME_DTL,SALE_BRANCH_NAME,SALE_CT_NAME,SALE_CR_NAME,ACCEPT_METHOD,AGENCY_NAME,ACK_DATE,SALE_COMPANY_NAME_FEE,SALE_BRANCH_NAME_FEE1,SALE_CT_NAME_FEE,SALE_CR_NAME_FEE
CL1008071367,王荣芳,身份证,342622********140X,CL9084,福寿嘉年48期,"30,000.00","30,000.00","30,001.17", ,,,34012779000020,,寿险团险,安徽,合肥,庐江支公司,养老险公司,总部,寿险团险,安徽,合肥,庐江支公司,网上交易,国寿养老险,2016-12-23,寿险团险,安徽,合肥,庐江支公司
CL1001065696,甄静,身份证,340304********1241,CL9084,福寿嘉年48期,"50,000.00","50,000.00","50,001.46", ,,,34031079000016,,寿险团险,安徽,蚌埠,团拓,养老险公司,总部,寿险团险,安徽,蚌埠,团拓,网上交易,国寿养老险,2016-12-23,寿险团险,安徽,蚌埠,团拓
CL1003040631,李定红,身份证,340505********0245,CL9084,福寿嘉年48期,"30,000.00","30,000.00","30,001.46",550604,养老险公司,安徽,34050279000030,,寿险团险,安徽,马鞍山市,马鞍山市团拓部,养老险公司,总部,养老险公司,安徽,,,网上交易,国寿养老险,2016-12-23,寿险团险,安徽,马鞍山市,马鞍山市团拓部
CL1008104376,范丽娟,身份证,340221********0023,CL9084,福寿嘉年48期,"10,000.00","10,000.00","10,000.39", ,,,34020379000023,,寿险团险,安徽,芜湖,芜湖县支公司,养老险公司,总部,寿险团险,安徽,芜湖,芜湖县支公司,网上交易,国寿养老险,2016-12-23,寿险团险,安徽,芜湖,芜湖县支公司
CL1005220275,邓衡玉,身份证,340503********0429,CL9084,福寿嘉年48期,"40,000.00","40,000.00","40,001.94",550604,养老险公司,安徽,34050279000030,,寿险团险,安徽,马鞍山市,马鞍山市团拓部,养老险公司,总部,养老险公司,安徽,,,网上交易,国寿养老险,2016-12-23,寿险团险,安徽,马鞍山市,马鞍山市团拓部
CL1005220275,邓衡玉,身份证,340503********0429,CL9084,福寿嘉年48期,"50,000.00","50,000.00","50,002.43",550604,养老险公司,安徽,34050279000030,,寿险团险,安徽,马鞍山市,马鞍山市团拓部,养老险公司,总部,养老险公司,安徽,,,网上交易,国寿养老险,2016-12-23,寿险团险,安徽,马鞍山市,马鞍山市团拓部
CL1002839045,左天亮,身份证,342923********6016,CL9084,福寿嘉年48期,"50,000.00","50,000.00","50,001.46", ,,,34292279000001,,寿险团险,安徽,池州,石台支公司,养老险公司,总部,寿险团险,安徽,池州,石台支公司,网上交易,国寿养老险,2016-12-23,寿险团险,安徽,池州,石台支公司
CL1002839045,左天亮,身份证,342923********6016,CL9084,福寿嘉年48期,"50,000.00","50,000.00","50,001.94", ,,,34292279000001,,寿险团险,安徽,池州,石台支公司,养老险公司,总部,寿险团险,安徽,池州,石台支公司,网上交易,国寿养老险,2016-12-23,寿险团险,安徽,池州,石台支公司
CL1001015463,冯冀,身份证,342201********0047,CL9084,福寿嘉年48期,"50,000.00","50,000.00","50,001.94", ,,,34011371000001,,寿险团险,安徽,合肥,团险拓展部,养老险公司,总部,寿险团险,安徽,合肥,团险拓展部,网上交易,国寿养老险,2016-12-23,寿险团险,安徽,合肥,团险拓展部
CL1001064964,王兵,身份证,342201********0012,CL9084,福寿嘉年48期,"50,000.00","50,000.00","50,002.92",550604,养老险公司,安徽,34222179000021,,寿险团险,安徽,宿州,砀山县支公司,养老险公司,总部,养老险公司,安徽,,,网上交易,国寿养老险,2016-12-23,寿险团险,安徽,宿州,砀山县支公司
CL1002252202,潘翠兰,身份证,340221********0022,CL9084,福寿嘉年48期,"300,000.00","300,000.00","300,011.67", ,,,34020379000023,,寿险团险,安徽,芜湖,芜湖县支公司,养老险公司,总部,寿险团险,安徽,芜湖,芜湖县支公司,网上交易,国寿养老险,2016-12-23,寿险团险,安徽,芜湖,芜湖县支公司
CL1000713479,张良月,身份证,340111********5028,CL9084,福寿嘉年48期,"30,000.00","30,000.00","30,001.17", ,,,34012379000009,,寿险团险,安徽,合肥,肥西支公司,养老险公司,总部,寿险团险,安徽,合肥,肥西支公司,网上交易,国寿养老险,2016-12-23,寿险团险,安徽,合肥,肥西支公司
CL1002252702,王凡英,身份证,340221********0028,CL9084,福寿嘉年48期,"130,000.00","130,000.00","130,005.06", ,,,34020379000023,,寿险团险,安徽,芜湖,芜湖县支公司,养老险公司,总部,寿险团险,安徽,芜湖,芜湖县支公司,网上交易,国寿养老险,2016-12-23,寿险团险,安徽,芜湖,芜湖县支公司
CL1002791366,朱国蓉,身份证,340206********0023,CL9084,福寿嘉年48期,"40,000.00","40,000.00","40,001.56", ,,,34020679000010,,寿险团险,安徽,芜湖,开发区支公司,养老险公司,总部,寿险团险,安徽,芜湖,开发区支公司,网上交易,国寿养老险,2016-12-23,寿险团险,安徽,芜湖,开发区支公司
CL1000237654,李静,身份证,340504********024X,CL9084,福寿嘉年48期,"10,000.00","10,000.00","10,000.49",550604,养老险公司,安徽,34050279000030,,寿险团险,安徽,马鞍山市,马鞍山市团拓部,养老险公司,总部,养老险公司,安徽,,,网上交易,国寿养老险,2016-12-23,寿险团险,安徽,马鞍山市,马鞍山市团拓部
CL1003945039,高燕,身份证,342622********0025,CL9084,福寿嘉年48期,"50,000.00","50,000.00","50,002.92",550604,养老险公司,安徽,34012779000122,,寿险团险,安徽,合肥,庐江支公司,养老险公司,总部,养老险公司,安徽,,,网上交易,国寿养老险,2016-12-23,寿险团险,安徽,合肥,庐江支公司
CL1003888753,王平杰,身份证,340221********0010,CL9084,福寿嘉年48期,"80,000.00","80,000.00","80,002.33", ,,,34020379000023,,寿险团险,安徽,芜湖,芜湖县支公司,养老险公司,总部,寿险团险,安徽,芜湖,芜湖县支公司,网上交易,国寿养老险,2016-12-23,寿险团险,安徽,芜湖,芜湖县支公司
CL1000427194,聂宗华,身份证,340111********1562,CL9084,福寿嘉年48期,"50,000.00","50,000.00","50,002.43",550604,养老险公司,安徽,YL34000008,李娟娟,养老险公司,安徽,,,养老险公司,总部,养老险公司,安徽,,,网上交易,国寿养老险,2016-12-23,养老险公司,安徽,,
CL1000427194,聂宗华,身份证,340111********1562,CL9084,福寿嘉年48期,"50,000.00","50,000.00","50,002.43",550604,养老险公司,安徽,YL34000008,李娟娟,养老险公司,安徽,,,养老险公司,总部,养老险公司,安徽,,,网上交易,国寿养老险,2016-12-23,养老险公司,安徽,,
CL1000427194,聂宗华,身份证,340111********1562,CL9084,福寿嘉年48期,"50,000.00","50,000.00","50,002.43",550604,养老险公司,安徽,YL34000008,李娟娟,养老险公司,安徽,,,养老险公司,总部,养老险公司,安徽,,,网上交易,国寿养老险,2016-12-23,养老险公司,安徽,,
CL1000427194,聂宗华,身份证,340111********1562,CL9084,福寿嘉年48期,"200,000.00","200,000.00","200,009.72",550604,养老险公司,安徽,YL34000008,李娟娟,养老险公司,安徽,,,养老险公司,总部,养老险公司,安徽,,,网上交易,国寿养老险,2016-12-23,养老险公司,安徽,,
CL1000427194,聂宗华,身份证,340111********1562,CL9084,福寿嘉年48期,"50,000.00","50,000.00","50,002.43",550604,养老险公司,安徽,YL34000008,李娟娟,养老险公司,安徽,,,养老险公司,总部,养老险公司,安徽,,,网上交易,国寿养老险,2016-12-23,养老险公司,安徽,,
CL1008105620,傅玲华,身份证,340223********2527,CL9084,福寿嘉年48期,"10,000.00","10,000.00","10,000.39", ,,,34020579000042,,寿险团险,安徽,芜湖,南陵支公司,,,寿险团险,安徽,芜湖,南陵支公司,APP,国寿养老险,2016-12-23,寿险团险,安徽,芜湖,南陵支公司
CL1000715933,王宝林,身份证,340102********2032,CL9084,福寿嘉年48期,"50,000.00","50,000.00","50,001.94", ,,,34012379000009,,寿险团险,安徽,合肥,肥西支公司,养老险公司,总部,寿险团险,安徽,合肥,肥西支公司,网上交易,国寿养老险,2016-12-23,寿险团险,安徽,合肥,肥西支公司
CL1000517493,凌丽红,身份证,342700********0027,CL9084,福寿嘉年48期,"100,000.00","100,000.00","100,003.89", ,,,34100279000003,,寿险团险,安徽,黄山,黄山市团拓部,养老险公司,总部,寿险团险,安徽,黄山,黄山市团拓部,网上交易,国寿养老险,2016-12-23,寿险团险,安徽,黄山,黄山市团拓部
CL1008069116,武宝奎,身份证,342201********0813,CL9084,福寿嘉年48期,"1,000,000.00","1,000,000.00","1,000,058.33",550604,养老险公司,安徽,34060279000027,,寿险团险,安徽,淮北,团拓,养老险公司,总部,养老险公司,安徽,,,网上交易,国寿养老险,2016-12-23,寿险团险,安徽,淮北,团拓
CL1008069116,武宝奎,身份证,342201********0813,CL9084,福寿嘉年48期,"45,000.00","45,000.00","45,002.63",550604,养老险公司,安徽,34060279000027,,寿险团险,安徽,淮北,团拓,养老险公司,总部,养老险公司,安徽,,,网上交易,国寿养老险,2016-12-23,寿险团险,安徽,淮北,团拓
CL1008069116,武宝奎,身份证,342201********0813,CL9084,福寿嘉年48期,"300,000.00","300,000.00","300,017.50",550604,养老险公司,安徽,34060279000027,,寿险团险,安徽,淮北,团拓,养老险公司,总部,养老险公司,安徽,,,网上交易,国寿养老险,2016-12-23,寿险团险,安徽,淮北,团拓
CL1008026428,陈步兰,身份证,342622********8542,CL9084,福寿嘉年48期,"10,000.00","10,000.00","10,000.39", ,,,34050279000030,,寿险团险,安徽,马鞍山市,马鞍山市团拓部,养老险公司,总部,寿险团险,安徽,马鞍山市,马鞍山市团拓部,网上交易,国寿养老险,2016-12-23,寿险团险,安徽,马鞍山市,马鞍山市团拓部
CL1000716910,朱会敏,身份证,342622********0389,CL9084,福寿嘉年48期,"50,000.00","50,000.00","50,002.92",550604,养老险公司,安徽,34012779000122,,寿险团险,安徽,合肥,庐江支公司,养老险公司,总部,养老险公司,安徽,,,网上交易,国寿养老险,2016-12-23,寿险团险,安徽,合肥,庐江支公司
CL1000143059,鲍德红,身份证,340403********0629,CL9084,福寿嘉年48期,"10,000.00","10,000.00","10,000.58",550604,养老险公司,安徽,340403197010070629, ,财险公司,安徽,,,养老险公司,总部,养老险公司,安徽,,,网上交易,国寿养老险,2016-12-23,财险公司,安徽,,
CL1000074100,侯艳苗,身份证,340603********1023,CL9084,福寿嘉年48期,"10,000.00","10,000.00","10,000.49",550604,养老险公司,安徽,34011371000001,,寿险团险,安徽,合肥,团险拓展部,养老险公司,总部,养老险公司,安徽,,,网上交易,国寿养老险,2016-12-23,寿险团险,安徽,合肥,团险拓展部
CL1003889163,周世昌,身份证,340403********2611,CL9084,福寿嘉年48期,"130,000.00","130,000.00","130,005.06", ,,,34041179000035,,寿险团险,安徽,淮南,团拓部,养老险公司,总部,寿险团险,安徽,淮南,团拓部,网上交易,国寿养老险,2016-12-23,寿险团险,安徽,淮南,团拓部
CL1000955073,马静,身份证,340603********0241,CL9084,福寿嘉年48期,"50,000.00","50,000.00","50,002.92",550604,养老险公司,安徽,34060279000027,,寿险团险,安徽,淮北,团拓,养老险公司,总部,养老险公司,安徽,,,网上交易,国寿养老险,2016-12-23,寿险团险,安徽,淮北,团拓
CL1001212460,陈玲,身份证,342201********042X,CL9084,福寿嘉年48期,"500,000.00","500,000.00","500,029.17",550604,养老险公司,安徽,34060279000027,,寿险团险,安徽,淮北,团拓,养老险公司,总部,养老险公司,安徽,,,网上交易,国寿养老险,2016-12-23,寿险团险,安徽,淮北,团拓
CL1001212460,陈玲,身份证,342201********042X,CL9084,福寿嘉年48期,"100,000.00","100,000.00","100,005.83",550604,养老险公司,安徽,34060279000027,,寿险团险,安徽,淮北,团拓,养老险公司,总部,养老险公司,安徽,,,网上交易,国寿养老险,2016-12-23,寿险团险,安徽,淮北,团拓
CL1002636777,刘宁,身份证,340103********1522,CL9084,福寿嘉年48期,"100,000.00","100,000.00","100,003.89", ,,,34012379000009,,寿险团险,安徽,合肥,肥西支公司,养老险公司,总部,寿险团险,安徽,合肥,肥西支公司,网上交易,国寿养老险,2016-12-23,寿险团险,安徽,合肥,肥西支公司
CL1005010773,马莉,身份证,340323********1741,CL9084,福寿嘉年48期,"100,000.00","100,000.00","100,003.89", ,,,34032379000017,,寿险团险,安徽,蚌埠,固镇县支公司,养老险公司,总部,寿险团险,安徽,蚌埠,固镇县支公司,网上交易,国寿养老险,2016-12-23,寿险团险,安徽,蚌埠,固镇县支公司
CL1004369168,周友才,身份证,340323********0275,CL9084,福寿嘉年48期,"30,000.00","30,000.00","30,001.17", ,,,34032379000017,,寿险团险,安徽,蚌埠,固镇县支公司,养老险公司,总部,寿险团险,安徽,蚌埠,固镇县支公司,网上交易,国寿养老险,2016-12-23,寿险团险,安徽,蚌埠,固镇县支公司
CL1004325482,余淼,身份证,342422********2329,CL9084,福寿嘉年48期,"45,000.00","45,000.00","45,001.75", ,,,34011371000001,,寿险团险,安徽,合肥,团险拓展部,,,寿险团险,安徽,合肥,团险拓展部,APP,国寿养老险,2016-12-23,寿险团险,安徽,合肥,团险拓展部
CL1004443465,许杉,身份证,340104********2032,CL9084,福寿嘉年48期,"50,000.00","50,000.00","50,001.94", ,,,34011371000001,,寿险团险,安徽,合肥,团险拓展部,养老险公司,总部,寿险团险,安徽,合肥,团险拓展部,网上交易,国寿养老险,2016-12-23,寿险团险,安徽,合肥,团险拓展部
CL1002795762,刘翠锁,身份证,342501********1341,CL9084,福寿嘉年48期,"20,000.00","20,000.00","20,000.97",550604,养老险公司,安徽,34050279000030,,寿险团险,安徽,马鞍山市,马鞍山市团拓部,养老险公司,总部,养老险公司,安徽,,,网上交易,国寿养老险,2016-12-23,寿险团险,安徽,马鞍山市,马鞍山市团拓部
CL1000120867,肖琼霞,身份证,432427********3920,CL9084,福寿嘉年48期,"220,000.00","220,000.00","220,012.83",550604,养老险公司,安徽,YL34000003,陈俊,养老险公司,安徽,,,养老险公司,总部,养老险公司,安徽,,,网上交易,国寿养老险,2016-12-23,养老险公司,安徽,,
CL1004429374,杨秋惠,身份证,340302********022X,CL9084,福寿嘉年48期,"40,000.00","40,000.00","40,002.33",550604,养老险公司,安徽,YL34000016,陈玮童,养老险公司,安徽,,,,,养老险公司,安徽,,,APP,国寿养老险,2016-12-23,养老险公司,安徽,,
CL1007627578,朱云,身份证,340502********0421,CL9084,福寿嘉年48期,"50,000.00","50,000.00","50,001.46", ,,,34050279000030,,寿险团险,安徽,马鞍山市,马鞍山市团拓部,养老险公司,总部,寿险团险,安徽,马鞍山市,马鞍山市团拓部,网上交易,国寿养老险,2016-12-23,寿险团险,安徽,马鞍山市,马鞍山市团拓部
CL1001459158,邹成银,身份证,340121********2843,CL9084,福寿嘉年48期,"50,000.00","50,000.00","50,001.94", ,,,34041179000035,,寿险团险,安徽,淮南,团拓部,养老险公司,总部,寿险团险,安徽,淮南,团拓部,网上交易,国寿养老险,2016-12-23,寿险团险,安徽,淮南,团拓部
CL1008105220,马开创,身份证,340323********2814,CL9084,福寿嘉年48期,"70,000.00","70,000.00","70,002.72", ,,,34032379000017,,寿险团险,安徽,蚌埠,固镇县支公司,养老险公司,总部,寿险团险,安徽,蚌埠,固镇县支公司,网上交易,国寿养老险,2016-12-23,寿险团险,安徽,蚌埠,固镇县支公司
CL1000151693,李罗丽,身份证,342623********0028,CL9084,福寿嘉年48期,"49,000.00","49,000.00","49,001.91", ,,,34020179000011,,寿险团险,安徽,芜湖,团拓,养老险公司,总部,寿险团险,安徽,芜湖,团拓,网上交易,国寿养老险,2016-12-23,寿险团险,安徽,芜湖,团拓
CL1000151693,李罗丽,身份证,342623********0028,CL9084,福寿嘉年48期,"49,000.00","49,000.00","49,001.91", ,,,34020179000011,,寿险团险,安徽,芜湖,团拓,养老险公司,总部,寿险团险,安徽,芜湖,团拓,网上交易,国寿养老险,2016-12-23,寿险团险,安徽,芜湖,团拓
CL1000151693,李罗丽,身份证,342623********0028,CL9084,福寿嘉年48期,"49,000.00","49,000.00","49,001.91", ,,,34020179000011,,寿险团险,安徽,芜湖,团拓,养老险公司,总部,寿险团险,安徽,芜湖,团拓,网上交易,国寿养老险,2016-12-23,寿险团险,安徽,芜湖,团拓
CL1000151693,李罗丽,身份证,342623********0028,CL9084,福寿嘉年48期,"49,000.00","49,000.00","49,001.91", ,,,34020179000011,,寿险团险,安徽,芜湖,团拓,养老险公司,总部,寿险团险,安徽,芜湖,团拓,网上交易,国寿养老险,2016-12-23,寿险团险,安徽,芜湖,团拓
CL1000151693,李罗丽,身份证,342623********0028,CL9084,福寿嘉年48期,"10,000.00","10,000.00","10,000.39", ,,,34020179000011,,寿险团险,安徽,芜湖,团拓,养老险公司,总部,寿险团险,安徽,芜湖,团拓,网上交易,国寿养老险,2016-12-23,寿险团险,安徽,芜湖,团拓
CL1000151693,李罗丽,身份证,342623********0028,CL9084,福寿嘉年48期,"49,000.00","49,000.00","49,001.91", ,,,34020179000011,,寿险团险,安徽,芜湖,团拓,养老险公司,总部,寿险团险,安徽,芜湖,团拓,网上交易,国寿养老险,2016-12-23,寿险团险,安徽,芜湖,团拓
CL1000151693,李罗丽,身份证,342623********0028,CL9084,福寿嘉年48期,"49,000.00","49,000.00","49,001.91", ,,,34020179000011,,寿险团险,安徽,芜湖,团拓,养老险公司,总部,寿险团险,安徽,芜湖,团拓,网上交易,国寿养老险,2016-12-23,寿险团险,安徽,芜湖,团拓
CL1000268268,潘伟娟,身份证,342501********2824,CL9084,福寿嘉年48期,"20,000.00","20,000.00","20,001.17",550604,养老险公司,安徽,342501198510272824, ,财险公司,安徽,,,养老险公司,总部,养老险公司,安徽,,,网上交易,国寿养老险,2016-12-23,财险公司,安徽,,
CL1008047656,杨驰,身份证,340603********4023,CL9084,福寿嘉年48期,"10,000.00","10,000.00","10,000.58",550604,养老险公司,安徽,34060279000027,,寿险团险,安徽,淮北,团拓,养老险公司,总部,养老险公司,安徽,,,网上交易,国寿养老险,2016-12-23,寿险团险,安徽,淮北,团拓
CL1008104776,陆凯帆,身份证,340207********1011,CL9084,福寿嘉年48期,"50,000.00","50,000.00","50,001.94", ,,,34020679000010,,寿险团险,安徽,芜湖,开发区支公司,养老险公司,总部,寿险团险,安徽,芜湖,开发区支公司,网上交易,国寿养老险,2016-12-23,寿险团险,安徽,芜湖,开发区支公司
CL1000360696,徐翔,身份证,340223********9034,CL9084,福寿嘉年48期,"50,000.00","50,000.00","50,002.92",550604,养老险公司,安徽,YL34000005,张哲,养老险公司,安徽,,,养老险公司,总部,养老险公司,安徽,,,网上交易,国寿养老险,2016-12-23,养老险公司,安徽,,
CL1000196490,王元元,身份证,340621********563X,CL9084,福寿嘉年48期,"25,000.00","25,000.00","25,000.97", ,,,34011371000001,,寿险团险,安徽,合肥,团险拓展部,养老险公司,总部,寿险团险,安徽,合肥,团险拓展部,网上交易,国寿养老险,2016-12-23,寿险团险,安徽,合肥,团险拓展部
CL1000360696,徐翔,身份证,340223********9034,CL9084,福寿嘉年48期,"50,000.00","50,000.00","50,002.92",550604,养老险公司,安徽,YL34000005,张哲,养老险公司,安徽,,,养老险公司,总部,养老险公司,安徽,,,网上交易,国寿养老险,2016-12-23,养老险公司,安徽,,
CL1000360696,徐翔,身份证,340223********9034,CL9084,福寿嘉年48期,"50,000.00","50,000.00","50,002.92",550604,养老险公司,安徽,YL34000005,张哲,养老险公司,安徽,,,养老险公司,总部,养老险公司,安徽,,,网上交易,国寿养老险,2016-12-23,养老险公司,安徽,,
CL1000360696,徐翔,身份证,340223********9034,CL9084,福寿嘉年48期,"50,000.00","50,000.00","50,002.92",550604,养老险公司,安徽,YL34000005,张哲,养老险公司,安徽,,,养老险公司,总部,养老险公司,安徽,,,网上交易,国寿养老险,2016-12-23,养老险公司,安徽,,
CL1000360696,徐翔,身份证,340223********9034,CL9084,福寿嘉年48期,"50,000.00","50,000.00","50,002.92",550604,养老险公司,安徽,YL34000005,张哲,养老险公司,安徽,,,养老险公司,总部,养老险公司,安徽,,,网上交易,国寿养老险,2016-12-23,养老险公司,安徽,,
CL1000360696,徐翔,身份证,340223********9034,CL9084,福寿嘉年48期,"50,000.00","50,000.00","50,002.92",550604,养老险公司,安徽,YL34000005,张哲,养老险公司,安徽,,,养老险公司,总部,养老险公司,安徽,,,网上交易,国寿养老险,2016-12-23,养老险公司,安徽,,
CL1002020028,王春妹,身份证,341021********0223,CL9084,福寿嘉年48期,"90,000.00","90,000.00","90,003.50", ,,,34100279000003,,寿险团险,安徽,黄山,黄山市团拓部,养老险公司,总部,寿险团险,安徽,黄山,黄山市团拓部,网上交易,国寿养老险,2016-12-23,寿险团险,安徽,黄山,黄山市团拓部
CL1008104598,俞永艳,身份证,342524********622X,CL9084,福寿嘉年48期,"10,000.00","10,000.00","10,000.39", ,,,34250179001007,,寿险团险,安徽,宣城,团拓,,,寿险团险,安徽,宣城,团拓,APP,国寿养老险,2016-12-23,寿险团险,安徽,宣城,团拓
CL1000340356,方小红,身份证,340901********2623,CL9084,福寿嘉年48期,"10,000.00","10,000.00","10,000.39", ,,,34100279000003,,寿险团险,安徽,黄山,黄山市团拓部,养老险公司,总部,寿险团险,安徽,黄山,黄山市团拓部,网上交易,国寿养老险,2016-12-23,寿险团险,安徽,黄山,黄山市团拓部
CL1000888800,张占华,身份证,340402********0020,CL9084,福寿嘉年48期,"10,000.00","10,000.00","10,000.39", ,,,34041179000035,,寿险团险,安徽,淮南,团拓部,养老险公司,总部,寿险团险,安徽,淮南,团拓部,网上交易,国寿养老险,2016-12-23,寿险团险,安徽,淮南,团拓部
CL1004236526,刘朝芳,身份证,340211********1320,CL9084,福寿嘉年48期,"60,000.00","60,000.00","60,002.33", ,,,34020679000010,,寿险团险,安徽,芜湖,开发区支公司,养老险公司,总部,寿险团险,安徽,芜湖,开发区支公司,网上交易,国寿养老险,2016-12-23,寿险团险,安徽,芜湖,开发区支公司
CL1008105375,汪执中,身份证,342401********4918,CL9084,福寿嘉年48期,"20,000.00","20,000.00","20,000.78", ,,,341226196805050111, ,财险公司,安徽,,,养老险公司,总部,财险公司,安徽,,,网上交易,国寿养老险,2016-12-23,财险公司,安徽,,
CL1007965640,张学敏,身份证,342222********4419,CL9084,福寿嘉年48期,"15,000.00","15,000.00","15,000.58", ,,,34060279000027,,寿险团险,安徽,淮北,团拓,养老险公司,总部,寿险团险,安徽,淮北,团拓,网上交易,国寿养老险,2016-12-23,寿险团险,安徽,淮北,团拓
CL1007074991,王文华,身份证,342622********1148,CL9084,福寿嘉年48期,"35,000.00","35,000.00","35,002.04",550604,养老险公司,安徽,34012779000020,,寿险团险,安徽,合肥,庐江支公司,养老险公司,总部,养老险公司,安徽,,,网上交易,国寿养老险,2016-12-23,寿险团险,安徽,合肥,庐江支公司
CL1003558247,王培,身份证,340403********0028,CL9084,福寿嘉年48期,"180,000.00","180,000.00","180,010.50",550604,养老险公司,安徽,YL34000020,张曦,养老险公司,安徽,,,,,养老险公司,安徽,,,APP,国寿养老险,2016-12-23,养老险公司,安徽,,
CL1008001350,吴明发,身份证,340504********0617,CL9084,福寿嘉年48期,"100,000.00","100,000.00","100,004.86",550604,养老险公司,安徽,34050279000030,,寿险团险,安徽,马鞍山市,马鞍山市团拓部,养老险公司,总部,养老险公司,安徽,,,网上交易,国寿养老险,2016-12-23,寿险团险,安徽,马鞍山市,马鞍山市团拓部
CL1000340601,邵慧敏,身份证,341003********0024,CL9084,福寿嘉年48期,"10,000.00","10,000.00","10,000.39", ,,,34100279000003,,寿险团险,安徽,黄山,黄山市团拓部,养老险公司,总部,寿险团险,安徽,黄山,黄山市团拓部,网上交易,国寿养老险,2016-12-23,寿险团险,安徽,黄山,黄山市团拓部
CL1004665485,万宇,身份证,340604********2018,CL9084,福寿嘉年48期,"40,000.00","40,000.00","40,002.33",550604,养老险公司,安徽,34060279000027,,寿险团险,安徽,淮北,团拓,养老险公司,总部,养老险公司,安徽,,,网上交易,国寿养老险,2016-12-23,寿险团险,安徽,淮北,团拓
CL1000708665,潘琦,身份证,340822********6243,CL9084,福寿嘉年48期,"50,000.00","50,000.00","50,001.94", ,,,34082279000004,,寿险团险,安徽,安庆,怀宁,养老险公司,总部,寿险团险,安徽,安庆,怀宁,网上交易,国寿养老险,2016-12-23,寿险团险,安徽,安庆,怀宁

