﻿FUND_ACCT,CUST_NAME,CERT_TYPE,CERT_NO,FUND_CODE,FUND_NAME,APP_MONEY,ACK_MONEY,ACK_SHARE,INVITECODE,COMPANY_INVITE,BRANCH_INVITE_NEW,REFERID,CUSTNAME_REFER,COMPANY_REFER,BRANCH_REFER_NEW,CT_REFER,CR_REFER,COMPANY_ORG,ORGNAME,SALE_COMPANY_NAME_DTL,SALE_BRANCH_NAME,SALE_CT_NAME,SALE_CR_NAME,ACCEPT_METHOD,AGENCY_NAME,ACK_DATE,SALE_COMPANY_NAME_FEE,SALE_BRANCH_NAME_FEE1,SALE_CT_NAME_FEE,SALE_CR_NAME_FEE
CL1000025654,田中福,身份证,342423********0119,CL9018,福寿嘉年06期,"150,000.00","150,000.00","150,010.21",383052,养老险公司,安徽,YL34000004,田中福,养老险公司,安徽,,,养老险公司,总部,养老险公司,安徽,,,网上交易,国寿养老险,2015-11-27,养老险公司,安徽,,
CL1000427938,张跃庭,身份证,340223********0016,CL9018,福寿嘉年06期,"250,000.00","250,000.00","250,014.58",383052,养老险公司,安徽,YL34000005,张哲,养老险公司,安徽,,,养老险公司,总部,养老险公司,安徽,,,网上交易,国寿养老险,2015-11-27,养老险公司,安徽,,
CL1000731977,孙勇祥,身份证,342422********0154,CL9018,福寿嘉年06期,"50,000.00","50,000.00","50,002.43", ,,,342422197302200262, ,财险公司,安徽,,,养老险公司,总部,财险公司,安徽,,,网上交易,国寿养老险,2015-11-27,财险公司,安徽,,
CL1000731977,孙勇祥,身份证,342422********0154,CL9018,福寿嘉年06期,"50,000.00","50,000.00","50,002.43", ,,,342422197302200262, ,财险公司,安徽,,,养老险公司,总部,财险公司,安徽,,,网上交易,国寿养老险,2015-11-27,财险公司,安徽,,
CL1000731100,刘作芳,身份证,342101********1044,CL9018,福寿嘉年06期,"10,000.00","10,000.00","10,000.49", ,,,34211779000016,,寿险团险,安徽,阜阳,阜阳团拓部,养老险公司,总部,寿险团险,安徽,阜阳,阜阳团拓部,网上交易,国寿养老险,2015-11-27,寿险团险,安徽,阜阳,阜阳团拓部
CL1000707333,胡浩宇,身份证,342201********0431,CL9018,福寿嘉年06期,"40,000.00","40,000.00","40,002.72",383052,养老险公司,安徽,34220179000003,,寿险团险,安徽,,,养老险公司,总部,养老险公司,安徽,,,网上交易,国寿养老险,2015-11-27,寿险团险,安徽,,
CL1000045527,陈朝阳,身份证,340104********1516,CL9018,福寿嘉年06期,"50,000.00","50,000.00","50,003.40",383052,养老险公司,安徽,YL34000005,张哲,养老险公司,安徽,,,养老险公司,总部,养老险公司,安徽,,,网上交易,国寿养老险,2015-11-27,养老险公司,安徽,,
CL1000045527,陈朝阳,身份证,340104********1516,CL9018,福寿嘉年06期,"50,000.00","50,000.00","50,003.40",383052,养老险公司,安徽,YL34000005,张哲,养老险公司,安徽,,,养老险公司,总部,养老险公司,安徽,,,网上交易,国寿养老险,2015-11-27,养老险公司,安徽,,
CL1000045527,陈朝阳,身份证,340104********1516,CL9018,福寿嘉年06期,"50,000.00","50,000.00","50,003.40",383052,养老险公司,安徽,YL34000005,张哲,养老险公司,安徽,,,养老险公司,总部,养老险公司,安徽,,,网上交易,国寿养老险,2015-11-27,养老险公司,安徽,,
CL1000045527,陈朝阳,身份证,340104********1516,CL9018,福寿嘉年06期,"40,000.00","40,000.00","40,002.72",383052,养老险公司,安徽,YL34000005,张哲,养老险公司,安徽,,,养老险公司,总部,养老险公司,安徽,,,网上交易,国寿养老险,2015-11-27,养老险公司,安徽,,
CL1000045527,陈朝阳,身份证,340104********1516,CL9018,福寿嘉年06期,"50,000.00","50,000.00","50,003.40",383052,养老险公司,安徽,YL34000005,张哲,养老险公司,安徽,,,养老险公司,总部,养老险公司,安徽,,,网上交易,国寿养老险,2015-11-27,养老险公司,安徽,,
CL1000735184,杨昕,身份证,340404********0823,CL9018,福寿嘉年06期,"40,000.00","40,000.00","40,001.56", ,,,34040113402124,,寿险团险,安徽,,,养老险公司,总部,寿险团险,安徽,,,网上交易,国寿养老险,2015-11-27,寿险团险,安徽,,
CL1000050397,陈佳琪,身份证,320681********0040,CL9018,福寿嘉年06期,"20,000.00","20,000.00","20,001.36",383052,养老险公司,安徽,YL34000009,平欣丽,养老险公司,安徽,,,养老险公司,总部,养老险公司,安徽,,,网上交易,国寿养老险,2015-11-27,养老险公司,安徽,,
CL1000678064,方之丽,身份证,340321********2603,CL9018,福寿嘉年06期,"170,000.00","170,000.00","170,006.61", ,,,34032179000017,,寿险团险,安徽,蚌埠,怀远县支公司,养老险公司,总部,寿险团险,安徽,蚌埠,怀远县支公司,网上交易,国寿养老险,2015-11-27,寿险团险,安徽,蚌埠,怀远县支公司
CL1000732587,李道琳,身份证,342301********0826,CL9018,福寿嘉年06期,"40,000.00","40,000.00","40,001.94", ,,,34110179000023,,寿险团险,安徽,滁州,团拓,养老险公司,总部,寿险团险,安徽,滁州,团拓,网上交易,国寿养老险,2015-11-27,寿险团险,安徽,滁州,团拓
CL1000693787,陈良芳,身份证,341122********0021,CL9018,福寿嘉年06期,"40,000.00","40,000.00","40,001.94", ,,,34112279000011,,寿险团险,安徽,滁州,来安,养老险公司,总部,寿险团险,安徽,滁州,来安,网上交易,国寿养老险,2015-11-27,寿险团险,安徽,滁州,来安
CL1000011716,赵青,身份证,340303********062X,CL9018,福寿嘉年06期,"50,000.00","50,000.00","50,003.40",383052,养老险公司,安徽,YL34000006,张子明,养老险公司,安徽,,,养老险公司,总部,养老险公司,安徽,,,网上交易,国寿养老险,2015-11-27,养老险公司,安徽,,
CL1000011716,赵青,身份证,340303********062X,CL9018,福寿嘉年06期,"50,000.00","50,000.00","50,003.40",383052,养老险公司,安徽,YL34000006,张子明,养老险公司,安徽,,,养老险公司,总部,养老险公司,安徽,,,网上交易,国寿养老险,2015-11-27,养老险公司,安徽,,
CL1000011716,赵青,身份证,340303********062X,CL9018,福寿嘉年06期,"20,000.00","20,000.00","20,001.36",383052,养老险公司,安徽,YL34000006,张子明,养老险公司,安徽,,,养老险公司,总部,养老险公司,安徽,,,网上交易,国寿养老险,2015-11-27,养老险公司,安徽,,
CL1000732098,宋慧琴,身份证,342822********282X,CL9018,福寿嘉年06期,"50,000.00","50,000.00","50,001.94", ,,,34011371000001,,寿险团险,安徽,合肥,团险拓展部,养老险公司,总部,寿险团险,安徽,合肥,团险拓展部,网上交易,国寿养老险,2015-11-27,寿险团险,安徽,合肥,团险拓展部
CL1000262486,侯殿楠,身份证,340304********002X,CL9018,福寿嘉年06期,"30,000.00","30,000.00","30,002.04",383052,养老险公司,安徽,YL34000012,胡文俊,养老险公司,安徽,,,养老险公司,总部,养老险公司,安徽,,,网上交易,国寿养老险,2015-11-27,养老险公司,安徽,,
CL1000006335,孙成刚,身份证,340103********0533,CL9018,福寿嘉年06期,"100,000.00","100,000.00","100,006.81",383052,养老险公司,安徽,34011371000001,,寿险团险,安徽,合肥,团险拓展部,养老险公司,总部,养老险公司,安徽,,,网上交易,国寿养老险,2015-11-27,寿险团险,安徽,合肥,团险拓展部
CL1000011449,孙元芹,身份证,342422********0262,CL9018,福寿嘉年06期,"50,000.00","50,000.00","50,002.92",383052,养老险公司,安徽,342422197302200262, ,财险公司,安徽,,,养老险公司,总部,养老险公司,安徽,,,网上交易,国寿养老险,2015-11-27,财险公司,安徽,,
CL1000011449,孙元芹,身份证,342422********0262,CL9018,福寿嘉年06期,"50,000.00","50,000.00","50,002.92",383052,养老险公司,安徽,342422197302200262, ,财险公司,安徽,,,养老险公司,总部,养老险公司,安徽,,,网上交易,国寿养老险,2015-11-27,财险公司,安徽,,
CL1000714289,王维华,身份证,340111********7024,CL9018,福寿嘉年06期,"100,000.00","100,000.00","100,004.86", ,,,34011379000004,,寿险团险,安徽,合肥,团险拓展部,养老险公司,总部,寿险团险,安徽,合肥,团险拓展部,网上交易,国寿养老险,2015-11-27,寿险团险,安徽,合肥,团险拓展部
CL1000008666,包蕾,身份证,342201********3265,CL9018,福寿嘉年06期,"200,000.00","200,000.00","200,013.61",383052,养老险公司,安徽,34011371000001,,寿险团险,安徽,合肥,团险拓展部,养老险公司,总部,养老险公司,安徽,,,网上交易,国寿养老险,2015-11-27,寿险团险,安徽,合肥,团险拓展部
CL1000042597,周国琴,身份证,342701********0426,CL9018,福寿嘉年06期,"500,000.00","500,000.00","500,024.31", ,,,34100279000003,,寿险团险,安徽,黄山,黄山市团拓部,养老险公司,总部,寿险团险,安徽,黄山,黄山市团拓部,网上交易,国寿养老险,2015-11-27,寿险团险,安徽,黄山,黄山市团拓部
CL1000652997,刘静萍,身份证,342201********0023,CL9018,福寿嘉年06期,"70,000.00","70,000.00","70,003.40", ,,,34011371000001,,寿险团险,安徽,合肥,团险拓展部,养老险公司,总部,寿险团险,安徽,合肥,团险拓展部,网上交易,国寿养老险,2015-11-27,寿险团险,安徽,合肥,团险拓展部
CL1000506529,苏祖金,身份证,340102********1514,CL9018,福寿嘉年06期,"40,000.00","40,000.00","40,001.94",383052,养老险公司,安徽,YL34000012,胡文俊,养老险公司,安徽,,,养老险公司,总部,养老险公司,安徽,,,网上交易,国寿养老险,2015-11-27,养老险公司,安徽,,
CL1000388605,李洁,身份证,340103********3020,CL9018,福寿嘉年06期,"100,000.00","100,000.00","100,006.81",383052,养老险公司,安徽,YL34000011,殷文懿,养老险公司,安徽,,,养老险公司,总部,养老险公司,安徽,,,网上交易,国寿养老险,2015-11-27,养老险公司,安徽,,
CL1000734830,张磊,身份证,340104********2517,CL9018,福寿嘉年06期,"25,000.00","25,000.00","25,000.97", ,,,34240179000022,,寿险团险,安徽,六安,团拓,养老险公司,总部,寿险团险,安徽,六安,团拓,网上交易,国寿养老险,2015-11-27,寿险团险,安徽,六安,团拓
CL1000023989,喻国春,身份证,340111********7067,CL9018,福寿嘉年06期,"100,000.00","100,000.00","100,004.86", ,,,34011379000004,,寿险团险,安徽,合肥,团险拓展部,养老险公司,总部,寿险团险,安徽,合肥,团险拓展部,网上交易,国寿养老险,2015-11-27,寿险团险,安徽,合肥,团险拓展部
CL1000734174,张文,户口本,342401********102X,CL9018,福寿嘉年06期,"50,000.00","50,000.00","50,002.43", ,,,34240179000022,,寿险团险,安徽,六安,团拓,养老险公司,总部,寿险团险,安徽,六安,团拓,网上交易,国寿养老险,2015-11-27,寿险团险,安徽,六安,团拓
CL1000711737,邬宗萍,身份证,342401********0043,CL9018,福寿嘉年06期,"40,000.00","40,000.00","40,001.94", ,,,34240179000022,,寿险团险,安徽,六安,团拓,养老险公司,总部,寿险团险,安徽,六安,团拓,网上交易,国寿养老险,2015-11-27,寿险团险,安徽,六安,团拓
CL1000169093,伍和怡,身份证,342501********054X,CL9018,福寿嘉年06期,"10,000.00","10,000.00","10,000.49", ,,,34250179001007,,寿险团险,安徽,宣城,团拓,养老险公司,总部,寿险团险,安徽,宣城,团拓,网上交易,国寿养老险,2015-11-27,寿险团险,安徽,宣城,团拓
CL1000169093,伍和怡,身份证,342501********054X,CL9018,福寿嘉年06期,"10,000.00","10,000.00","10,000.49", ,,,340102196705131531, ,财险公司,安徽,,,养老险公司,总部,财险公司,安徽,,,网上交易,国寿养老险,2015-11-27,财险公司,安徽,,
CL1000037972,周玳琴,身份证,342701********0429,CL9018,福寿嘉年06期,"200,000.00","200,000.00","200,009.72", ,,,34100279000003,,寿险团险,安徽,黄山,黄山市团拓部,养老险公司,总部,寿险团险,安徽,黄山,黄山市团拓部,网上交易,国寿养老险,2015-11-27,寿险团险,安徽,黄山,黄山市团拓部
CL1000360696,徐翔,身份证,340223********9034,CL9018,福寿嘉年06期,"50,000.00","50,000.00","50,002.92",383052,养老险公司,安徽,YL34000005,张哲,养老险公司,安徽,,,养老险公司,总部,养老险公司,安徽,,,网上交易,国寿养老险,2015-11-27,养老险公司,安徽,,
CL1000027529,鲍九华,身份证,342426********0041,CL9018,福寿嘉年06期,"50,000.00","50,000.00","50,003.40",383052,养老险公司,安徽,YL34000002,杨竞,养老险公司,安徽,,,养老险公司,总部,养老险公司,安徽,,,网上交易,国寿养老险,2015-11-27,养老险公司,安徽,,
CL1000027529,鲍九华,身份证,342426********0041,CL9018,福寿嘉年06期,"50,000.00","50,000.00","50,003.40",383052,养老险公司,安徽,YL34000002,杨竞,养老险公司,安徽,,,养老险公司,总部,养老险公司,安徽,,,网上交易,国寿养老险,2015-11-27,养老险公司,安徽,,
CL1000027529,鲍九华,身份证,342426********0041,CL9018,福寿嘉年06期,"50,000.00","50,000.00","50,003.40",383052,养老险公司,安徽,YL34000002,杨竞,养老险公司,安徽,,,养老险公司,总部,养老险公司,安徽,,,网上交易,国寿养老险,2015-11-27,养老险公司,安徽,,
CL1000027529,鲍九华,身份证,342426********0041,CL9018,福寿嘉年06期,"50,000.00","50,000.00","50,003.40",383052,养老险公司,安徽,YL34000002,杨竞,养老险公司,安徽,,,养老险公司,总部,养老险公司,安徽,,,网上交易,国寿养老险,2015-11-27,养老险公司,安徽,,
CL1000027529,鲍九华,身份证,342426********0041,CL9018,福寿嘉年06期,"50,000.00","50,000.00","50,003.40",383052,养老险公司,安徽,YL34000002,杨竞,养老险公司,安徽,,,养老险公司,总部,养老险公司,安徽,,,网上交易,国寿养老险,2015-11-27,养老险公司,安徽,,
CL1000027529,鲍九华,身份证,342426********0041,CL9018,福寿嘉年06期,"50,000.00","50,000.00","50,003.40",383052,养老险公司,安徽,YL34000002,杨竞,养老险公司,安徽,,,养老险公司,总部,养老险公司,安徽,,,网上交易,国寿养老险,2015-11-27,养老险公司,安徽,,
CL1000027529,鲍九华,身份证,342426********0041,CL9018,福寿嘉年06期,"50,000.00","50,000.00","50,003.40",383052,养老险公司,安徽,YL34000002,杨竞,养老险公司,安徽,,,养老险公司,总部,养老险公司,安徽,,,网上交易,国寿养老险,2015-11-27,养老险公司,安徽,,
CL1000027529,鲍九华,身份证,342426********0041,CL9018,福寿嘉年06期,"50,000.00","50,000.00","50,003.40",383052,养老险公司,安徽,YL34000002,杨竞,养老险公司,安徽,,,养老险公司,总部,养老险公司,安徽,,,网上交易,国寿养老险,2015-11-27,养老险公司,安徽,,
CL1000027529,鲍九华,身份证,342426********0041,CL9018,福寿嘉年06期,"50,000.00","50,000.00","50,003.40",383052,养老险公司,安徽,YL34000002,杨竞,养老险公司,安徽,,,养老险公司,总部,养老险公司,安徽,,,网上交易,国寿养老险,2015-11-27,养老险公司,安徽,,
CL1000027529,鲍九华,身份证,342426********0041,CL9018,福寿嘉年06期,"50,000.00","50,000.00","50,003.40",383052,养老险公司,安徽,YL34000002,杨竞,养老险公司,安徽,,,养老险公司,总部,养老险公司,安徽,,,网上交易,国寿养老险,2015-11-27,养老险公司,安徽,,
CL1000708210,夏宏伟,身份证,342201********0225,CL9018,福寿嘉年06期,"50,000.00","50,000.00","50,003.40",383052,养老险公司,安徽, ,,,,,,养老险公司,总部,养老险公司,安徽,,,网上交易,国寿养老险,2015-11-27,养老险公司,安徽,,
CL1000583804,谢琴,身份证,342501********5623,CL9018,福寿嘉年06期,"20,000.00","20,000.00","20,000.97", ,,,34250179001007,,寿险团险,安徽,宣城,团拓,养老险公司,总部,寿险团险,安徽,宣城,团拓,网上交易,国寿养老险,2015-11-27,寿险团险,安徽,宣城,团拓
CL1000030713,陈颖,身份证,340102********1546,CL9018,福寿嘉年06期,"50,000.00","50,000.00","50,003.40",383052,养老险公司,安徽,34220379000003,,寿险团险,安徽,宿州,团拓部,养老险公司,总部,养老险公司,安徽,,,网上交易,国寿养老险,2015-11-27,寿险团险,安徽,宿州,团拓部
CL1000021825,张彤,身份证,342401********0038,CL9018,福寿嘉年06期,"80,000.00","80,000.00","80,003.11", ,,,34240179000022,,寿险团险,安徽,六安,团拓,养老险公司,总部,寿险团险,安徽,六安,团拓,网上交易,国寿养老险,2015-11-27,寿险团险,安徽,六安,团拓
CL1000041110,葛石如,身份证,340202********102X,CL9018,福寿嘉年06期,"22,000.00","22,000.00","22,001.50",383052,养老险公司,安徽, ,,,,,,养老险公司,总部,养老险公司,安徽,,,网上交易,国寿养老险,2015-11-27,养老险公司,安徽,,
CL1000637607,方勤,身份证,340103********2020,CL9018,福寿嘉年06期,"50,000.00","50,000.00","50,003.40",383052,养老险公司,安徽,YL34000009,平欣丽,养老险公司,安徽,,,养老险公司,总部,养老险公司,安徽,,,网上交易,国寿养老险,2015-11-27,养老险公司,安徽,,
CL1000248206,蒋蓉蓉,身份证,340223********0045,CL9018,福寿嘉年06期,"100,000.00","100,000.00","100,003.89", ,,,YL34000009,平欣丽,养老险公司,安徽,,,养老险公司,总部,养老险公司,安徽,,,网上交易,国寿养老险,2015-11-27,养老险公司,安徽,,
CL1000248206,蒋蓉蓉,身份证,340223********0045,CL9018,福寿嘉年06期,"70,000.00","70,000.00","70,004.76",383052,养老险公司,安徽,YL34000009,平欣丽,养老险公司,安徽,,,养老险公司,总部,养老险公司,安徽,,,网上交易,国寿养老险,2015-11-27,养老险公司,安徽,,
CL1000087138,沈慧,身份证,340104********1526,CL9018,福寿嘉年06期,"250,000.00","250,000.00","250,017.01",383052,养老险公司,安徽,341222198602050270, ,财险公司,安徽,,,养老险公司,总部,养老险公司,安徽,,,网上交易,国寿养老险,2015-11-27,财险公司,安徽,,
CL1000733831,邹德朝,身份证,342401********3418,CL9018,福寿嘉年06期,"50,000.00","50,000.00","50,002.43", ,,,34240179000022,,寿险团险,安徽,六安,团拓,养老险公司,总部,寿险团险,安徽,六安,团拓,网上交易,国寿养老险,2015-11-27,寿险团险,安徽,六安,团拓
CL1000056535,马庆云,身份证,342222********0025,CL9018,福寿嘉年06期,"50,000.00","50,000.00","50,001.94", ,,,34222279000006,,寿险团险,安徽,宿州,萧县支公司,养老险公司,总部,寿险团险,安徽,宿州,萧县支公司,网上交易,国寿养老险,2015-11-27,寿险团险,安徽,宿州,萧县支公司
CL1000056535,马庆云,身份证,342222********0025,CL9018,福寿嘉年06期,"50,000.00","50,000.00","50,001.94", ,,,34222279000006,,寿险团险,安徽,宿州,萧县支公司,养老险公司,总部,寿险团险,安徽,宿州,萧县支公司,网上交易,国寿养老险,2015-11-27,寿险团险,安徽,宿州,萧县支公司
CL1000056535,马庆云,身份证,342222********0025,CL9018,福寿嘉年06期,"20,000.00","20,000.00","20,000.78", ,,,34222279000006,,寿险团险,安徽,宿州,萧县支公司,养老险公司,总部,寿险团险,安徽,宿州,萧县支公司,网上交易,国寿养老险,2015-11-27,寿险团险,安徽,宿州,萧县支公司
CL1000735262,吴振美,身份证,340321********0049,CL9018,福寿嘉年06期,"30,000.00","30,000.00","30,001.17", ,,,34032179000016,,寿险团险,安徽,蚌埠,怀远县支公司,养老险公司,总部,寿险团险,安徽,蚌埠,怀远县支公司,网上交易,国寿养老险,2015-11-27,寿险团险,安徽,蚌埠,怀远县支公司
CL1000029050,杨启中,身份证,340104********2651,CL9018,福寿嘉年06期,"50,000.00","50,000.00","50,003.40",383052,养老险公司,安徽,YL34000004,田中福,养老险公司,安徽,,,养老险公司,总部,养老险公司,安徽,,,网上交易,国寿养老险,2015-11-27,养老险公司,安徽,,
CL1000029050,杨启中,身份证,340104********2651,CL9018,福寿嘉年06期,"50,000.00","50,000.00","50,002.92",383052,养老险公司,安徽,YL34000004,田中福,养老险公司,安徽,,,养老险公司,总部,养老险公司,安徽,,,网上交易,国寿养老险,2015-11-27,养老险公司,安徽,,
CL1000021714,巫国明,身份证,340102********3513,CL9018,福寿嘉年06期,"450,000.00","450,000.00","450,030.63",383052,养老险公司,安徽,34011371000001,,寿险团险,安徽,合肥,团险拓展部,养老险公司,总部,养老险公司,安徽,,,网上交易,国寿养老险,2015-11-27,寿险团险,安徽,合肥,团险拓展部
CL1000021714,巫国明,身份证,340102********3513,CL9018,福寿嘉年06期,"400,000.00","400,000.00","400,027.22",383052,养老险公司,安徽,34011371000001,,寿险团险,安徽,合肥,团险拓展部,养老险公司,总部,养老险公司,安徽,,,网上交易,国寿养老险,2015-11-27,寿险团险,安徽,合肥,团险拓展部
CL1000732765,孙元明,身份证,342422********015X,CL9018,福寿嘉年06期,"10,000.00","10,000.00","10,000.49", ,,,342422197302200262, ,财险公司,安徽,,,养老险公司,总部,财险公司,安徽,,,网上交易,国寿养老险,2015-11-27,财险公司,安徽,,
CL1000732765,孙元明,身份证,342422********015X,CL9018,福寿嘉年06期,"100,000.00","100,000.00","100,004.86", ,,,342422197302200262, ,财险公司,安徽,,,养老险公司,总部,财险公司,安徽,,,网上交易,国寿养老险,2015-11-27,财险公司,安徽,,
CL1000732765,孙元明,身份证,342422********015X,CL9018,福寿嘉年06期,"10,000.00","10,000.00","10,000.49", ,,,342422197302200262, ,财险公司,安徽,,,养老险公司,总部,财险公司,安徽,,,网上交易,国寿养老险,2015-11-27,财险公司,安徽,,
CL1000732765,孙元明,身份证,342422********015X,CL9018,福寿嘉年06期,"10,000.00","10,000.00","10,000.49", ,,,342422197302200262, ,财险公司,安徽,,,养老险公司,总部,财险公司,安徽,,,网上交易,国寿养老险,2015-11-27,财险公司,安徽,,
CL1000732765,孙元明,身份证,342422********015X,CL9018,福寿嘉年06期,"200,000.00","200,000.00","200,009.72", ,,,342422197302200262, ,财险公司,安徽,,,养老险公司,总部,财险公司,安徽,,,网上交易,国寿养老险,2015-11-27,财险公司,安徽,,
CL1000029050,杨启中,身份证,340104********2651,CL9018,福寿嘉年06期,"50,000.00","50,000.00","50,002.92",383052,养老险公司,安徽,YL34000004,田中福,养老险公司,安徽,,,养老险公司,总部,养老险公司,安徽,,,网上交易,国寿养老险,2015-11-27,养老险公司,安徽,,
CL1000029050,杨启中,身份证,340104********2651,CL9018,福寿嘉年06期,"50,000.00","50,000.00","50,003.40",383052,养老险公司,安徽,YL34000004,田中福,养老险公司,安徽,,,养老险公司,总部,养老险公司,安徽,,,网上交易,国寿养老险,2015-11-27,养老险公司,安徽,,
CL1000732765,孙元明,身份证,342422********015X,CL9018,福寿嘉年06期,"10,000.00","10,000.00","10,000.49", ,,,342422197302200262, ,财险公司,安徽,,,养老险公司,总部,财险公司,安徽,,,网上交易,国寿养老险,2015-11-27,财险公司,安徽,,
CL1000732765,孙元明,身份证,342422********015X,CL9018,福寿嘉年06期,"10,000.00","10,000.00","10,000.49", ,,,342422197302200262, ,财险公司,安徽,,,养老险公司,总部,财险公司,安徽,,,网上交易,国寿养老险,2015-11-27,财险公司,安徽,,

