﻿FUND_ACCT,CUST_NAME,CERT_TYPE,CERT_NO,FUND_CODE,FUND_NAME,APP_MONEY,ACK_MONEY,ACK_SHARE,INVITECODE,COMPANY_INVITE,BRANCH_INVITE_NEW,REFERID,CUSTNAME_REFER,COMPANY_REFER,BRANCH_REFER_NEW,CT_REFER,CR_REFER,COMPANY_ORG,ORGNAME,SALE_COMPANY_NAME_DTL,SALE_BRANCH_NAME,SALE_CT_NAME,SALE_CR_NAME,ACCEPT_METHOD,AGENCY_NAME,ACK_DATE,SALE_COMPANY_NAME_FEE,SALE_BRANCH_NAME_FEE1,SALE_CT_NAME_FEE,SALE_CR_NAME_FEE
CL1009699618,施尚方,身份证,410105********0096,CL9110,福寿嘉年60期,"50,000.00","50,000.00","50,002.43",315241,养老险公司,安徽,YL34000021,施尚方,养老险公司,安徽,,,,,养老险公司,安徽,,,微信,国寿养老险,2017-04-25,养老险公司,安徽,,
CL1002706614,吴江送,身份证,340827********0091,CL9110,福寿嘉年60期,"200,000.00","200,000.00","200,009.72",315241,养老险公司,安徽,34082779000003,,寿险团险,安徽,安庆,望江,养老险公司,总部,养老险公司,安徽,,,网上交易,国寿养老险,2017-04-25,寿险团险,安徽,安庆,望江
CL1003150103,孙静,身份证,340322********0047,CL9110,福寿嘉年60期,"100,000.00","100,000.00","100,004.86",315241,养老险公司,安徽,34032279000007,,寿险团险,安徽,蚌埠,五河县支公司,养老险公司,总部,养老险公司,安徽,,,网上交易,国寿养老险,2017-04-25,寿险团险,安徽,蚌埠,五河县支公司
CL1008071367,王荣芳,身份证,342622********140X,CL9110,福寿嘉年60期,"50,000.00","50,000.00","50,000.49", ,,,34012779000020,,寿险团险,安徽,合肥,庐江支公司,养老险公司,总部,寿险团险,安徽,合肥,庐江支公司,网上交易,国寿养老险,2017-04-25,寿险团险,安徽,合肥,庐江支公司
CL1000538309,乔虎,身份证,340222********2916,CL9110,福寿嘉年60期,"45,000.00","45,000.00","45,002.19",315241,养老险公司,安徽,34020179000036,,寿险团险,安徽,芜湖,团拓,养老险公司,总部,养老险公司,安徽,,,网上交易,国寿养老险,2017-04-25,寿险团险,安徽,芜湖,团拓
CL1009628135,徐德梅,身份证,340322********0069,CL9110,福寿嘉年60期,"20,000.00",0.00,0.00, ,,,34032279000021,,寿险团险,安徽,蚌埠,五河县支公司,养老险公司,总部,寿险团险,安徽,蚌埠,五河县支公司,网上交易,国寿养老险,2017-04-25,寿险团险,安徽,蚌埠,五河县支公司
CL1009589246,林媛媛,身份证,341127********0420,CL9110,福寿嘉年60期,"50,000.00","50,000.00","50,000.49", ,,,34010579000139,,寿险团险,安徽,合肥,团险支公司,养老险公司,总部,寿险团险,安徽,合肥,团险支公司,网上交易,国寿养老险,2017-04-25,寿险团险,安徽,合肥,团险支公司
CL1000693665,余立凤,身份证,342224********0462,CL9110,福寿嘉年60期,"90,000.00","90,000.00","90,000.88", ,,,34010579000139,,寿险团险,安徽,合肥,团险支公司,养老险公司,总部,寿险团险,安徽,合肥,团险支公司,网上交易,国寿养老险,2017-04-25,寿险团险,安徽,合肥,团险支公司
CL1004326458,徐尚琼,身份证,342622********0021,CL9110,福寿嘉年60期,"50,000.00","50,000.00","50,002.43",315241,养老险公司,安徽,34012779000031,,寿险团险,安徽,合肥,庐江支公司,养老险公司,总部,养老险公司,安徽,,,网上交易,国寿养老险,2017-04-25,寿险团险,安徽,合肥,庐江支公司
CL1012271082,管彩艳,身份证,342130********7625,CL9110,福寿嘉年60期,"20,000.00","20,000.00","20,000.97",315241,养老险公司,安徽,34213017900107,,寿险团险,安徽,亳州,利辛县公司,养老险公司,总部,养老险公司,安徽,,,网上交易,国寿养老险,2017-04-25,寿险团险,安徽,亳州,利辛县公司
CL1000939017,徐启军,身份证,342322********3615,CL9110,福寿嘉年60期,"100,000.00","100,000.00","100,004.86",315241,养老险公司,安徽,34112279000011,,寿险团险,安徽,滁州,来安,养老险公司,总部,养老险公司,安徽,,,网上交易,国寿养老险,2017-04-25,寿险团险,安徽,滁州,来安
CL1000952810,姚琼,身份证,340881********0225,CL9110,福寿嘉年60期,"50,000.00",0.00,0.00, ,,,34010571000104,,寿险团险,安徽,合肥,团险支公司,养老险公司,总部,寿险团险,安徽,合肥,团险支公司,网上交易,国寿养老险,2017-04-25,寿险团险,安徽,合肥,团险支公司
CL1000678420,金婉伶,身份证,340103********002X,CL9110,福寿嘉年60期,"10,000.00","10,000.00","10,000.49",315241,养老险公司,安徽,34010579000139,,寿险团险,安徽,合肥,团险支公司,养老险公司,总部,养老险公司,安徽,,,网上交易,国寿养老险,2017-04-25,寿险团险,安徽,合肥,团险支公司
CL1000719973,夏凤霞,身份证,342622********012X,CL9110,福寿嘉年60期,"50,000.00",0.00,0.00, ,,,34012779000122,,寿险团险,安徽,合肥,庐江支公司,养老险公司,总部,寿险团险,安徽,合肥,庐江支公司,网上交易,国寿养老险,2017-04-25,寿险团险,安徽,合肥,庐江支公司
CL1011267093,程钟,身份证,342522********0030,CL9110,福寿嘉年60期,"30,000.00","30,000.00","30,001.46", ,,,34250179000019,,寿险团险,安徽,宣城,团拓,,,寿险团险,安徽,宣城,团拓,微信,国寿养老险,2017-04-25,寿险团险,安徽,宣城,团拓
CL1011267093,程钟,身份证,342522********0030,CL9110,福寿嘉年60期,"20,000.00","20,000.00","20,000.39", ,,,34250179000019,,寿险团险,安徽,宣城,团拓,,,寿险团险,安徽,宣城,团拓,微信,国寿养老险,2017-04-25,寿险团险,安徽,宣城,团拓
CL1002625892,肖仁栋,身份证,342623********0455,CL9110,福寿嘉年60期,"50,000.00","50,000.00","50,002.43",315241,养老险公司,安徽,34021379000025,,寿险团险,安徽,芜湖,无为县支公司,养老险公司,总部,养老险公司,安徽,,,网上交易,国寿养老险,2017-04-25,寿险团险,安徽,芜湖,无为县支公司
CL1002625892,肖仁栋,身份证,342623********0455,CL9110,福寿嘉年60期,"30,000.00","30,000.00","30,000.29", ,,,34021379000025,,寿险团险,安徽,芜湖,无为县支公司,养老险公司,总部,寿险团险,安徽,芜湖,无为县支公司,网上交易,国寿养老险,2017-04-25,寿险团险,安徽,芜湖,无为县支公司
CL1012271804,丁玉童,身份证,340111********1066,CL9110,福寿嘉年60期,"100,000.00","100,000.00","100,000.97", ,,,34010571000109,,寿险团险,安徽,合肥,团险支公司,养老险公司,总部,寿险团险,安徽,合肥,团险支公司,网上交易,国寿养老险,2017-04-25,寿险团险,安徽,合肥,团险支公司
CL1000678631,朱传全,身份证,340104********051X,CL9110,福寿嘉年60期,"100,000.00","100,000.00","100,004.86",315241,养老险公司,安徽,34011379000004,,寿险团险,安徽,合肥,团险拓展部,养老险公司,总部,养老险公司,安徽,,,网上交易,国寿养老险,2017-04-25,寿险团险,安徽,合肥,团险拓展部
CL1012272981,谢爱民,身份证,340103********3539,CL9110,福寿嘉年60期,"140,000.00","140,000.00","140,006.81",315241,养老险公司,安徽,34011379000001,,寿险团险,安徽,合肥,团险拓展部,养老险公司,总部,养老险公司,安徽,,,网上交易,国寿养老险,2017-04-25,寿险团险,安徽,合肥,团险拓展部
CL1000330192,王大庆,身份证,342222********4718,CL9110,福寿嘉年60期,"20,000.00","20,000.00","20,000.19", ,,,34220379000008,,寿险团险,安徽,宿州,团拓部,养老险公司,总部,寿险团险,安徽,宿州,团拓部,网上交易,国寿养老险,2017-04-25,寿险团险,安徽,宿州,团拓部
CL1009685447,何孝凤,身份证,342425********4225,CL9110,福寿嘉年60期,"32,000.00",0.00,0.00, ,,,34242579000045,,寿险团险,安徽,六安,舒城,养老险公司,总部,寿险团险,安徽,六安,舒城,网上交易,国寿养老险,2017-04-25,寿险团险,安徽,六安,舒城
CL1012331998,俞光泽,身份证,340322********001X,CL9110,福寿嘉年60期,"20,000.00","20,000.00","20,000.19", ,,,34032279000005,,寿险团险,安徽,蚌埠,五河县支公司,养老险公司,总部,寿险团险,安徽,蚌埠,五河县支公司,网上交易,国寿养老险,2017-04-25,寿险团险,安徽,蚌埠,五河县支公司
CL1000243590,唐艳华,身份证,342221********3020,CL9110,福寿嘉年60期,"50,000.00","50,000.00","50,002.43",315241,养老险公司,安徽,34220379000001,,寿险团险,安徽,宿州,团拓部,养老险公司,总部,养老险公司,安徽,,,网上交易,国寿养老险,2017-04-25,寿险团险,安徽,宿州,团拓部
CL1012331665,孔德华,身份证,342425********0520,CL9110,福寿嘉年60期,"20,000.00","20,000.00","20,000.97",315241,养老险公司,安徽,34242579000045,,寿险团险,安徽,六安,舒城,养老险公司,总部,养老险公司,安徽,,,网上交易,国寿养老险,2017-04-25,寿险团险,安徽,六安,舒城
CL1008586098,徐静雅,身份证,341221********9306,CL9110,福寿嘉年60期,"50,000.00","50,000.00","50,000.49", ,,,34252279000001,,寿险团险,安徽,宣城,郎溪支公司,养老险公司,总部,寿险团险,安徽,宣城,郎溪支公司,网上交易,国寿养老险,2017-04-25,寿险团险,安徽,宣城,郎溪支公司
CL1005904907,张玉玲,身份证,342623********4027,CL9110,福寿嘉年60期,"50,000.00","50,000.00","50,002.43",315241,养老险公司,安徽,34021379000025,,寿险团险,安徽,芜湖,无为县支公司,养老险公司,总部,养老险公司,安徽,,,网上交易,国寿养老险,2017-04-25,寿险团险,安徽,芜湖,无为县支公司
CL1009594938,姜琰,身份证,341227********5644,CL9110,福寿嘉年60期,"50,000.00","50,000.00","50,002.43",315241,养老险公司,安徽,34213079001007,,寿险团险,安徽,亳州,利辛县公司,养老险公司,总部,养老险公司,安徽,,,网上交易,国寿养老险,2017-04-25,寿险团险,安徽,亳州,利辛县公司
CL1002666060,许萍,身份证,342623********036X,CL9110,福寿嘉年60期,"10,000.00","10,000.00","10,000.49",315241,养老险公司,安徽,34021379000025,,寿险团险,安徽,芜湖,无为县支公司,养老险公司,总部,养老险公司,安徽,,,网上交易,国寿养老险,2017-04-25,寿险团险,安徽,芜湖,无为县支公司
CL1000671594,沈艳,身份证,342529********5421,CL9110,福寿嘉年60期,"20,000.00","20,000.00","20,000.97",315241,养老险公司,安徽,34252979000011,,寿险团险,安徽,宣城,泾县支公司,养老险公司,总部,养老险公司,安徽,,,网上交易,国寿养老险,2017-04-25,寿险团险,安徽,宣城,泾县支公司
CL1000989240,许兴凤,身份证,340221********5500,CL9110,福寿嘉年60期,"50,000.00",0.00,0.00, ,,,34020379000023,,寿险团险,安徽,芜湖,芜湖县支公司,养老险公司,总部,寿险团险,安徽,芜湖,芜湖县支公司,网上交易,国寿养老险,2017-04-25,寿险团险,安徽,芜湖,芜湖县支公司
CL1000989240,许兴凤,身份证,340221********5500,CL9110,福寿嘉年60期,"50,000.00","50,000.00","50,000.49", ,,,34020379000023,,寿险团险,安徽,芜湖,芜湖县支公司,养老险公司,总部,寿险团险,安徽,芜湖,芜湖县支公司,网上交易,国寿养老险,2017-04-25,寿险团险,安徽,芜湖,芜湖县支公司
CL1000989240,许兴凤,身份证,340221********5500,CL9110,福寿嘉年60期,"50,000.00",0.00,0.00, ,,,34020379000023,,寿险团险,安徽,芜湖,芜湖县支公司,养老险公司,总部,寿险团险,安徽,芜湖,芜湖县支公司,网上交易,国寿养老险,2017-04-25,寿险团险,安徽,芜湖,芜湖县支公司
CL1011431933,虞正琴,身份证,342522********3621,CL9110,福寿嘉年60期,"50,000.00",0.00,0.00, ,,,34252279002005,,寿险团险,安徽,宣城,郎溪支公司,养老险公司,总部,寿险团险,安徽,宣城,郎溪支公司,网上交易,国寿养老险,2017-04-25,寿险团险,安徽,宣城,郎溪支公司
CL1003943253,杨林,身份证,142701********0014,CL9110,福寿嘉年60期,"30,000.00","30,000.00","30,001.46",315241,养老险公司,安徽,34010579000139,,寿险团险,安徽,合肥,团险支公司,养老险公司,总部,养老险公司,安徽,,,网上交易,国寿养老险,2017-04-25,寿险团险,安徽,合肥,团险支公司
CL1000957226,李世花,身份证,340505********0043,CL9110,福寿嘉年60期,"50,000.00",0.00,0.00, ,,,34050279000030,,寿险团险,安徽,马鞍山市,马鞍山市团拓部,养老险公司,总部,寿险团险,安徽,马鞍山市,马鞍山市团拓部,网上交易,国寿养老险,2017-04-25,寿险团险,安徽,马鞍山市,马鞍山市团拓部
CL1000957226,李世花,身份证,340505********0043,CL9110,福寿嘉年60期,"50,000.00","50,000.00","50,000.49", ,,,34050279000030,,寿险团险,安徽,马鞍山市,马鞍山市团拓部,养老险公司,总部,寿险团险,安徽,马鞍山市,马鞍山市团拓部,网上交易,国寿养老险,2017-04-25,寿险团险,安徽,马鞍山市,马鞍山市团拓部
CL1000957226,李世花,身份证,340505********0043,CL9110,福寿嘉年60期,"50,000.00",0.00,0.00, ,,,34050279000030,,寿险团险,安徽,马鞍山市,马鞍山市团拓部,养老险公司,总部,寿险团险,安徽,马鞍山市,马鞍山市团拓部,网上交易,国寿养老险,2017-04-25,寿险团险,安徽,马鞍山市,马鞍山市团拓部
CL1012399732,伍爱华,身份证,342623********0326,CL9110,福寿嘉年60期,"20,000.00","20,000.00","20,000.19", ,,,34021379000025,,寿险团险,安徽,芜湖,无为县支公司,养老险公司,总部,寿险团险,安徽,芜湖,无为县支公司,网上交易,国寿养老险,2017-04-25,寿险团险,安徽,芜湖,无为县支公司
CL1002992803,张颖刚,身份证,342421********0274,CL9110,福寿嘉年60期,"50,000.00","50,000.00","50,002.43",315241,养老险公司,安徽,34050279000030,,寿险团险,安徽,马鞍山市,马鞍山市团拓部,养老险公司,总部,养老险公司,安徽,,,网上交易,国寿养老险,2017-04-25,寿险团险,安徽,马鞍山市,马鞍山市团拓部
CL1002992803,张颖刚,身份证,342421********0274,CL9110,福寿嘉年60期,"50,000.00",0.00,0.00, ,,,34050279000030,,寿险团险,安徽,马鞍山市,马鞍山市团拓部,养老险公司,总部,寿险团险,安徽,马鞍山市,马鞍山市团拓部,网上交易,国寿养老险,2017-04-25,寿险团险,安徽,马鞍山市,马鞍山市团拓部
CL1011960988,吴兰芳,身份证,340503********0028,CL9110,福寿嘉年60期,"40,000.00","40,000.00","40,000.39", ,,,34050279000030,,寿险团险,安徽,马鞍山市,马鞍山市团拓部,养老险公司,总部,寿险团险,安徽,马鞍山市,马鞍山市团拓部,网上交易,国寿养老险,2017-04-25,寿险团险,安徽,马鞍山市,马鞍山市团拓部
CL1012332153,徐茂芳,身份证,342425********5520,CL9110,福寿嘉年60期,"60,000.00",0.00,0.00, ,,,34242579000045,,寿险团险,安徽,六安,舒城,养老险公司,总部,寿险团险,安徽,六安,舒城,网上交易,国寿养老险,2017-04-25,寿险团险,安徽,六安,舒城
CL1000897576,杨道凤,身份证,340103********254X,CL9110,福寿嘉年60期,"10,000.00",0.00,0.00, ,,,34010579000002,,寿险团险,安徽,合肥,团险支公司,养老险公司,总部,寿险团险,安徽,合肥,团险支公司,网上交易,国寿养老险,2017-04-25,寿险团险,安徽,合肥,团险支公司
CL1004763495,金怡,身份证,341022********0047,CL9110,福寿嘉年60期,"30,000.00","30,000.00","30,001.46",315241,养老险公司,安徽,34100279000003,,寿险团险,安徽,黄山,黄山市团拓部,养老险公司,总部,养老险公司,安徽,,,网上交易,国寿养老险,2017-04-25,寿险团险,安徽,黄山,黄山市团拓部
CL1000914627,王美玲,身份证,342623********8964,CL9110,福寿嘉年60期,"30,000.00","30,000.00","30,000.29", ,,,34021379000025,,寿险团险,安徽,芜湖,无为县支公司,养老险公司,总部,寿险团险,安徽,芜湖,无为县支公司,网上交易,国寿养老险,2017-04-25,寿险团险,安徽,芜湖,无为县支公司
CL1000026875,任永玉,身份证,342401********2243,CL9110,福寿嘉年60期,"400,000.00","400,000.00","400,019.44",315241,养老险公司,安徽,34242779000023,,寿险团险,安徽,六安,霍山,养老险公司,总部,养老险公司,安徽,,,网上交易,国寿养老险,2017-04-25,寿险团险,安徽,六安,霍山
CL1011907394,刘广华,身份证,342201********0863,CL9110,福寿嘉年60期,"20,000.00","20,000.00","20,000.97",315241,养老险公司,安徽,34220379000008,,寿险团险,安徽,宿州,团拓部,养老险公司,总部,养老险公司,安徽,,,网上交易,国寿养老险,2017-04-25,寿险团险,安徽,宿州,团拓部
CL1012271393,马梅,身份证,652928********0240,CL9110,福寿嘉年60期,"70,000.00","70,000.00","70,003.40",315241,养老险公司,安徽,34062179000010,,寿险团险,安徽,淮北,濉溪县公司,养老险公司,总部,养老险公司,安徽,,,网上交易,国寿养老险,2017-04-25,寿险团险,安徽,淮北,濉溪县公司
CL1000678242,陈荣斌,身份证,332625********1818,CL9110,福寿嘉年60期,"20,000.00","20,000.00","20,000.97",315241,养老险公司,安徽,34118179000041,,寿险团险,安徽,滁州,天长,养老险公司,总部,养老险公司,安徽,,,网上交易,国寿养老险,2017-04-25,寿险团险,安徽,滁州,天长
CL1000678242,陈荣斌,身份证,332625********1818,CL9110,福寿嘉年60期,"40,000.00","40,000.00","40,001.94",315241,养老险公司,安徽,34118179000041,,寿险团险,安徽,滁州,天长,养老险公司,总部,养老险公司,安徽,,,网上交易,国寿养老险,2017-04-25,寿险团险,安徽,滁州,天长
CL1004259118,欧芹,身份证,340322********9045,CL9110,福寿嘉年60期,"450,000.00",0.00,0.00, ,,,34032279000029,,寿险团险,安徽,蚌埠,五河县支公司,养老险公司,总部,寿险团险,安徽,蚌埠,五河县支公司,网上交易,国寿养老险,2017-04-25,寿险团险,安徽,蚌埠,五河县支公司
CL1005224215,吴飞,身份证,340223********9022,CL9110,福寿嘉年60期,"10,000.00","10,000.00","10,000.49",315241,养老险公司,安徽,34020579000042,,寿险团险,安徽,芜湖,南陵支公司,,,养老险公司,安徽,,,APP,国寿养老险,2017-04-25,寿险团险,安徽,芜湖,南陵支公司
CL1009593239,朱善淑,身份证,340405********082X,CL9110,福寿嘉年60期,"30,000.00",0.00,0.00, ,,,34041179000035,,寿险团险,安徽,淮南,团拓部,养老险公司,总部,寿险团险,安徽,淮南,团拓部,网上交易,国寿养老险,2017-04-25,寿险团险,安徽,淮南,团拓部
CL1012335516,刁静,身份证,342501********0283,CL9110,福寿嘉年60期,"10,000.00","10,000.00","10,000.49", ,,,34250179000021,,寿险团险,安徽,宣城,团拓,,,寿险团险,安徽,宣城,团拓,微信,国寿养老险,2017-04-25,寿险团险,安徽,宣城,团拓
CL1011961643,林晓萍,身份证,340502********0625,CL9110,福寿嘉年60期,"100,000.00","100,000.00","100,004.86",315241,养老险公司,安徽,34050279000030,,寿险团险,安徽,马鞍山市,马鞍山市团拓部,养老险公司,总部,养老险公司,安徽,,,网上交易,国寿养老险,2017-04-25,寿险团险,安徽,马鞍山市,马鞍山市团拓部
CL1009628302,宛秀梅,身份证,342622********6181,CL9110,福寿嘉年60期,"50,000.00","50,000.00","50,002.43",315241,养老险公司,安徽,34012779000035,,寿险团险,安徽,合肥,庐江支公司,养老险公司,总部,养老险公司,安徽,,,网上交易,国寿养老险,2017-04-25,寿险团险,安徽,合肥,庐江支公司
CL1010745265,祝宋英,身份证,340621********1247,CL9110,福寿嘉年60期,"20,000.00","20,000.00","20,000.97",315241,养老险公司,安徽,34062179000010,,寿险团险,安徽,淮北,濉溪县公司,养老险公司,总部,养老险公司,安徽,,,网上交易,国寿养老险,2017-04-25,寿险团险,安徽,淮北,濉溪县公司
CL1009353811,叶静,身份证,340302********0429,CL9110,福寿嘉年60期,"20,000.00",0.00,0.00, ,,,34031079000005,,寿险团险,安徽,蚌埠,团拓,养老险公司,总部,寿险团险,安徽,蚌埠,团拓,网上交易,国寿养老险,2017-04-25,寿险团险,安徽,蚌埠,团拓
CL1003413110,温惠,身份证,340123********0068,CL9110,福寿嘉年60期,"30,000.00","30,000.00","30,000.29", ,,,34010579000139,,寿险团险,安徽,合肥,团险支公司,养老险公司,总部,寿险团险,安徽,合肥,团险支公司,网上交易,国寿养老险,2017-04-25,寿险团险,安徽,合肥,团险支公司
CL1004912990,郑翠平,身份证,342623********7924,CL9110,福寿嘉年60期,"200,000.00","200,000.00","200,009.72",315241,养老险公司,安徽,34021379000025,,寿险团险,安徽,芜湖,无为县支公司,养老险公司,总部,养老险公司,安徽,,,网上交易,国寿养老险,2017-04-25,寿险团险,安徽,芜湖,无为县支公司
CL1000716910,朱会敏,身份证,342622********0389,CL9110,福寿嘉年60期,"50,000.00","50,000.00","50,002.43",315241,养老险公司,安徽,34012779000122,,寿险团险,安徽,合肥,庐江支公司,养老险公司,总部,养老险公司,安徽,,,网上交易,国寿养老险,2017-04-25,寿险团险,安徽,合肥,庐江支公司
CL1003148029,杨磊,身份证,340322********0075,CL9110,福寿嘉年60期,"20,000.00","20,000.00","20,000.19", ,,,34032279000005,,寿险团险,安徽,蚌埠,五河县支公司,养老险公司,总部,寿险团险,安徽,蚌埠,五河县支公司,网上交易,国寿养老险,2017-04-25,寿险团险,安徽,蚌埠,五河县支公司
CL1001054588,王惠银,身份证,340102********202X,CL9110,福寿嘉年60期,"100,000.00","100,000.00","100,004.86",315241,养老险公司,安徽,34010579000023,,寿险团险,安徽,合肥,团险支公司,养老险公司,总部,养老险公司,安徽,,,网上交易,国寿养老险,2017-04-25,寿险团险,安徽,合肥,团险支公司
CL1000688517,刘焊,身份证,340103********2018,CL9110,福寿嘉年60期,"50,000.00","50,000.00","50,002.43",315241,养老险公司,安徽,34011379000004,,寿险团险,安徽,合肥,团险拓展部,养老险公司,总部,养老险公司,安徽,,,网上交易,国寿养老险,2017-04-25,寿险团险,安徽,合肥,团险拓展部
CL1002649794,邢朝霞,身份证,342623********0043,CL9110,福寿嘉年60期,"30,000.00","30,000.00","30,001.46",315241,养老险公司,安徽,34021379000025,,寿险团险,安徽,芜湖,无为县支公司,养老险公司,总部,养老险公司,安徽,,,网上交易,国寿养老险,2017-04-25,寿险团险,安徽,芜湖,无为县支公司
CL1000719473,陈晓华,身份证,342622********0203,CL9110,福寿嘉年60期,"20,000.00","20,000.00","20,000.19", ,,,34012779000122,,寿险团险,安徽,合肥,庐江支公司,养老险公司,总部,寿险团险,安徽,合肥,庐江支公司,网上交易,国寿养老险,2017-04-25,寿险团险,安徽,合肥,庐江支公司
CL1000931315,沈克勤,身份证,340121********8802,CL9110,福寿嘉年60期,"50,000.00","50,000.00","50,002.43",315241,养老险公司,安徽,34012179000022,,寿险团险,安徽,合肥,长丰支公司,养老险公司,总部,养老险公司,安徽,,,网上交易,国寿养老险,2017-04-25,寿险团险,安徽,合肥,长丰支公司
CL1004369168,周友才,身份证,340323********0275,CL9110,福寿嘉年60期,"30,000.00","30,000.00","30,001.46",315241,养老险公司,安徽,34032379000017,,寿险团险,安徽,蚌埠,固镇县支公司,养老险公司,总部,养老险公司,安徽,,,网上交易,国寿养老险,2017-04-25,寿险团险,安徽,蚌埠,固镇县支公司
CL1012126602,许红安,身份证,340102********2033,CL9110,福寿嘉年60期,"50,000.00","50,000.00","50,000.49", ,,,34010579000129,,寿险团险,安徽,合肥,团险支公司,养老险公司,总部,寿险团险,安徽,合肥,团险支公司,网上交易,国寿养老险,2017-04-25,寿险团险,安徽,合肥,团险支公司
CL1009645489,袁紫,身份证,342425********0021,CL9110,福寿嘉年60期,"50,000.00","50,000.00","50,002.43",315241,养老险公司,安徽,34242579000045,,寿险团险,安徽,六安,舒城,养老险公司,总部,养老险公司,安徽,,,网上交易,国寿养老险,2017-04-25,寿险团险,安徽,六安,舒城
CL1002631327,程跃飞,身份证,342531********0234,CL9110,福寿嘉年60期,"70,000.00","70,000.00","70,003.40",315241,养老险公司,安徽,34253179000013,,寿险团险,安徽,宣城,绩溪支公司,养老险公司,总部,养老险公司,安徽,,,网上交易,国寿养老险,2017-04-25,寿险团险,安徽,宣城,绩溪支公司
CL1000645618,董青,身份证,340404********0025,CL9110,福寿嘉年60期,"120,000.00","120,000.00","120,005.83",315241,养老险公司,安徽,YL34000007,白邃,养老险公司,安徽,,,养老险公司,总部,养老险公司,安徽,,,网上交易,国寿养老险,2017-04-25,养老险公司,安徽,,
CL1012273413,李金凤,身份证,342225********1507,CL9110,福寿嘉年60期,"100,000.00",0.00,0.00, ,,,34222579000001,,寿险团险,安徽,宿州,泗县支公司,养老险公司,总部,寿险团险,安徽,宿州,泗县支公司,网上交易,国寿养老险,2017-04-25,寿险团险,安徽,宿州,泗县支公司
CL1012472285,张久梅,身份证,340322********9421,CL9110,福寿嘉年60期,"100,000.00","100,000.00","100,000.97", ,,,34032279000007,,寿险团险,安徽,蚌埠,五河县支公司,养老险公司,总部,寿险团险,安徽,蚌埠,五河县支公司,网上交易,国寿养老险,2017-04-25,寿险团险,安徽,蚌埠,五河县支公司
CL1000930661,汪开茂,身份证,342623********8953,CL9110,福寿嘉年60期,"130,000.00","130,000.00","130,006.32",315241,养老险公司,安徽,34021379000025,,寿险团险,安徽,芜湖,无为县支公司,养老险公司,总部,养老险公司,安徽,,,网上交易,国寿养老险,2017-04-25,寿险团险,安徽,芜湖,无为县支公司
CL1002673794,赵杰,身份证,341281********117X,CL9110,福寿嘉年60期,"300,000.00","300,000.00","300,014.58",315241,养老险公司,安徽,34213379001040,,寿险团险,安徽,亳州,谯城支公司,,,养老险公司,安徽,,,微信,国寿养老险,2017-04-25,寿险团险,安徽,亳州,谯城支公司
CL1009463694,周荣芬,身份证,340604********1223,CL9110,福寿嘉年60期,"100,000.00","100,000.00","100,004.86",315241,养老险公司,安徽,34060279000056,,寿险团险,安徽,淮北,团拓,养老险公司,总部,养老险公司,安徽,,,网上交易,国寿养老险,2017-04-25,寿险团险,安徽,淮北,团拓
CL1009632906,倪孝云,身份证,342130********6428,CL9110,福寿嘉年60期,"200,000.00","200,000.00","200,009.72",315241,养老险公司,安徽,34213079001089,,寿险团险,安徽,亳州,利辛县公司,养老险公司,总部,养老险公司,安徽,,,网上交易,国寿养老险,2017-04-25,寿险团险,安徽,亳州,利辛县公司
CL1012331921,薛珂,身份证,342222********0063,CL9110,福寿嘉年60期,"70,000.00","70,000.00","70,003.40",315241,养老险公司,安徽,34222279000009,,寿险团险,安徽,宿州,萧县支公司,,,养老险公司,安徽,,,APP,国寿养老险,2017-04-25,寿险团险,安徽,宿州,萧县支公司
CL1002635267,董玉莲,身份证,340822********622X,CL9110,福寿嘉年60期,"300,000.00","300,000.00","300,014.58",315241,养老险公司,安徽,34082279000003,,寿险团险,安徽,安庆,怀宁,养老险公司,总部,养老险公司,安徽,,,网上交易,国寿养老险,2017-04-25,寿险团险,安徽,安庆,怀宁
CL1000757333,程梅荣,身份证,340121********0088,CL9110,福寿嘉年60期,"120,000.00","120,000.00","120,005.83",315241,养老险公司,安徽,34012179000001,,寿险团险,安徽,合肥,长丰支公司,养老险公司,总部,养老险公司,安徽,,,网上交易,国寿养老险,2017-04-25,寿险团险,安徽,合肥,长丰支公司
CL1009630286,徐莉,身份证,342130********0067,CL9110,福寿嘉年60期,"100,000.00",0.00,0.00, ,,,34213079001046,,寿险团险,安徽,亳州,利辛县公司,养老险公司,总部,寿险团险,安徽,亳州,利辛县公司,网上交易,国寿养老险,2017-04-25,寿险团险,安徽,亳州,利辛县公司
CL1009646366,李明忠,身份证,340304********0432,CL9110,福寿嘉年60期,"24,000.00","24,000.00","24,001.17",315241,养老险公司,安徽,34031078000001,,寿险团险,安徽,蚌埠,团拓,养老险公司,总部,养老险公司,安徽,,,网上交易,国寿养老险,2017-04-25,寿险团险,安徽,蚌埠,团拓
CL1011843204,刘小云,身份证,342724********0025,CL9110,福寿嘉年60期,"120,000.00","120,000.00","120,005.83",315241,养老险公司,安徽,34100279000003,,寿险团险,安徽,黄山,黄山市团拓部,养老险公司,总部,养老险公司,安徽,,,网上交易,国寿养老险,2017-04-25,寿险团险,安徽,黄山,黄山市团拓部
CL1000164743,王明胜,身份证,342426********0075,CL9110,福寿嘉年60期,"470,000.00","470,000.00","470,022.85",892748,养老险公司,安徽,YL34000009,平欣丽,养老险公司,安徽,,,养老险公司,总部,养老险公司,安徽,,,网上交易,国寿养老险,2017-04-25,养老险公司,安徽,,
CL1003558247,王培,身份证,340403********0028,CL9110,福寿嘉年60期,"60,000.00","60,000.00","60,002.92",315241,养老险公司,安徽,YL34000020,张曦,养老险公司,安徽,,,,,养老险公司,安徽,,,APP,国寿养老险,2017-04-25,养老险公司,安徽,,
CL1012331565,张志顺,身份证,342224********2018,CL9110,福寿嘉年60期,"50,000.00","50,000.00","50,002.43",315241,养老险公司,安徽,34222479002415,,寿险团险,安徽,宿州,灵璧县支公司,养老险公司,总部,养老险公司,安徽,,,网上交易,国寿养老险,2017-04-25,寿险团险,安徽,宿州,灵璧县支公司
CL1009644946,马爱华,身份证,342622********0227,CL9110,福寿嘉年60期,"50,000.00",0.00,0.00, ,,,34012779000020,,寿险团险,安徽,合肥,庐江支公司,养老险公司,总部,寿险团险,安徽,合肥,庐江支公司,网上交易,国寿养老险,2017-04-25,寿险团险,安徽,合肥,庐江支公司
CL1007903433,张晓明,身份证,340505********1038,CL9110,福寿嘉年60期,"200,000.00","200,000.00","200,009.72",315241,养老险公司,安徽,34050279000030,,寿险团险,安徽,马鞍山市,马鞍山市团拓部,养老险公司,总部,养老险公司,安徽,,,网上交易,国寿养老险,2017-04-25,寿险团险,安徽,马鞍山市,马鞍山市团拓部
CL1000965182,张松,身份证,342601********5016,CL9110,福寿嘉年60期,"20,000.00","20,000.00","20,000.97",315241,养老险公司,安徽,34012679000023,,寿险团险,安徽,合肥,巢湖支公司,养老险公司,总部,养老险公司,安徽,,,网上交易,国寿养老险,2017-04-25,寿险团险,安徽,合肥,巢湖支公司
CL1002874075,吴宗国,身份证,340203********1515,CL9110,福寿嘉年60期,"50,000.00","50,000.00","50,002.43",315241,养老险公司,安徽,34020679000010,,寿险团险,安徽,芜湖,开发区支公司,养老险公司,总部,养老险公司,安徽,,,网上交易,国寿养老险,2017-04-25,寿险团险,安徽,芜湖,开发区支公司
CL1011962486,丁小军,身份证,340822********2238,CL9110,福寿嘉年60期,"70,000.00","70,000.00","70,003.40",315241,养老险公司,安徽,34082279000004,,寿险团险,安徽,安庆,怀宁,养老险公司,总部,养老险公司,安徽,,,网上交易,国寿养老险,2017-04-25,寿险团险,安徽,安庆,怀宁
CL1004260093,陈秀,身份证,340322********0024,CL9110,福寿嘉年60期,"340,000.00","340,000.00","340,016.53",315241,养老险公司,安徽,34032279000007,,寿险团险,安徽,蚌埠,五河县支公司,养老险公司,总部,养老险公司,安徽,,,网上交易,国寿养老险,2017-04-25,寿险团险,安徽,蚌埠,五河县支公司
CL1012272592,张璇,身份证,342401********5862,CL9110,福寿嘉年60期,"50,000.00","50,000.00","50,002.43",315241,养老险公司,安徽,34240179000022,,寿险团险,安徽,六安,团拓,养老险公司,总部,养老险公司,安徽,,,网上交易,国寿养老险,2017-04-25,寿险团险,安徽,六安,团拓
CL1004279236,朱小平,身份证,340223********6125,CL9110,福寿嘉年60期,"35,000.00","35,000.00","35,001.70",315241,养老险公司,安徽,34020579000040,,寿险团险,安徽,芜湖,南陵支公司,,,养老险公司,安徽,,,APP,国寿养老险,2017-04-25,寿险团险,安徽,芜湖,南陵支公司
CL1009699618,施尚方,身份证,410105********0096,CL9110,福寿嘉年60期,"50,000.00","50,000.00","50,002.43",315241,养老险公司,安徽,YL34000021,施尚方,养老险公司,安徽,,,,,养老险公司,安徽,,,微信,国寿养老险,2017-04-25,养老险公司,安徽,,
CL1009594805,钱素琴,身份证,340822********3740,CL9110,福寿嘉年60期,"50,000.00","50,000.00","50,000.49", ,,,34082279000004,,寿险团险,安徽,安庆,怀宁,养老险公司,总部,寿险团险,安徽,安庆,怀宁,网上交易,国寿养老险,2017-04-25,寿险团险,安徽,安庆,怀宁
CL1010395612,张维秀,身份证,341122********5820,CL9110,福寿嘉年60期,"50,000.00","50,000.00","50,002.43",315241,养老险公司,安徽,34112279000011,,寿险团险,安徽,滁州,来安,养老险公司,总部,养老险公司,安徽,,,网上交易,国寿养老险,2017-04-25,寿险团险,安徽,滁州,来安
CL1009594805,钱素琴,身份证,340822********3740,CL9110,福寿嘉年60期,"20,000.00","20,000.00","20,000.19", ,,,34082279000004,,寿险团险,安徽,安庆,怀宁,养老险公司,总部,寿险团险,安徽,安庆,怀宁,网上交易,国寿养老险,2017-04-25,寿险团险,安徽,安庆,怀宁

