﻿FUND_ACCT,CUST_NAME,CERT_TYPE,CERT_NO,FUND_CODE,FUND_NAME,APP_MONEY,ACK_MONEY,ACK_SHARE,INVITECODE,COMPANY_INVITE,BRANCH_INVITE_NEW,REFERID,CUSTNAME_REFER,COMPANY_REFER,BRANCH_REFER_NEW,CT_REFER,CR_REFER,COMPANY_ORG,ORGNAME,SALE_COMPANY_NAME_DTL,SALE_BRANCH_NAME,SALE_CT_NAME,SALE_CR_NAME,ACCEPT_METHOD,AGENCY_NAME,ACK_DATE,SALE_COMPANY_NAME_FEE,SALE_BRANCH_NAME_FEE1,SALE_CT_NAME_FEE,SALE_CR_NAME_FEE
CL1014126293,石玲,身份证,342625********0048,CL9117,福寿嘉年65期,"30,000.00","30,000.00","30,000.58",632087,寿险团险,安徽, ,,,,,,养老险公司,总部,寿险团险,安徽,,,网上交易,国寿养老险,2017-05-23,寿险团险,安徽,,
CL1007109697,许祥胜,身份证,342626********0019,CL9117,福寿嘉年65期,"50,000.00","50,000.00","50,002.43",632087,寿险团险,安徽, ,,,,,,养老险公司,总部,寿险团险,安徽,,,网上交易,国寿养老险,2017-05-23,寿险团险,安徽,,
CL1013560137,李玲,身份证,340403********2028,CL9117,福寿嘉年65期,"20,000.00","20,000.00","20,000.97",303775,养老险公司,安徽,34041179000035,,寿险团险,安徽,淮南,团拓部,养老险公司,总部,养老险公司,安徽,,,网上交易,国寿养老险,2017-05-23,寿险团险,安徽,淮南,团拓部
CL1009307751,胡红平,身份证,342531********0226,CL9117,福寿嘉年65期,"20,000.00","20,000.00","20,000.19",632087,寿险团险,安徽,34253179000013,,寿险团险,安徽,宣城,绩溪支公司,养老险公司,总部,寿险团险,安徽,,,网上交易,国寿养老险,2017-05-23,寿险团险,安徽,宣城,绩溪支公司
CL1013649939,朱光丽,身份证,342401********3422,CL9117,福寿嘉年65期,"50,000.00","50,000.00","50,002.43",632087,寿险团险,安徽,34240179000022,,寿险团险,安徽,六安,团拓,养老险公司,总部,寿险团险,安徽,,,网上交易,国寿养老险,2017-05-23,寿险团险,安徽,六安,团拓
CL1013180179,费荣芝,身份证,340122********4267,CL9117,福寿嘉年65期,"30,000.00","30,000.00","30,000.29", ,,,34012379000032,,寿险团险,安徽,合肥,肥西支公司,养老险公司,总部,寿险团险,安徽,合肥,肥西支公司,网上交易,国寿养老险,2017-05-23,寿险团险,安徽,合肥,肥西支公司
CL1002797659,阮桂兰,身份证,340121********9129,CL9117,福寿嘉年65期,"100,000.00","100,000.00","100,004.86",632087,寿险团险,安徽,34012179000005,,寿险团险,安徽,合肥,长丰支公司,养老险公司,总部,寿险团险,安徽,,,网上交易,国寿养老险,2017-05-23,寿险团险,安徽,合肥,长丰支公司
CL1000147100,尹婷婷,身份证,342427********0024,CL9117,福寿嘉年65期,"20,000.00","20,000.00","20,000.97",632087,寿险团险,安徽,34242779000023,,寿险团险,安徽,六安,霍山,养老险公司,总部,寿险团险,安徽,,,网上交易,国寿养老险,2017-05-23,寿险团险,安徽,六安,霍山
CL1000147100,尹婷婷,身份证,342427********0024,CL9117,福寿嘉年65期,"270,000.00","270,000.00","270,013.13",303775,养老险公司,安徽,34242779000023,,寿险团险,安徽,六安,霍山,养老险公司,总部,养老险公司,安徽,,,网上交易,国寿养老险,2017-05-23,寿险团险,安徽,六安,霍山
CL1000979397,倪莉亚,身份证,342701********0424,CL9117,福寿嘉年65期,"30,000.00","30,000.00","30,001.46",632087,寿险团险,安徽,34100279000003,,寿险团险,安徽,黄山,黄山市团拓部,养老险公司,总部,寿险团险,安徽,,,网上交易,国寿养老险,2017-05-23,寿险团险,安徽,黄山,黄山市团拓部
CL1001208866,孔桂仙,身份证,340122********7665,CL9117,福寿嘉年65期,"40,000.00","40,000.00","40,001.94",632087,寿险团险,安徽,34012379000014,,寿险团险,安徽,合肥,肥西支公司,养老险公司,总部,寿险团险,安徽,,,网上交易,国寿养老险,2017-05-23,寿险团险,安徽,合肥,肥西支公司
CL1014083353,朱鸿雁,身份证,342622********7569,CL9117,福寿嘉年65期,"12,000.00","12,000.00","12,000.58",632087,寿险团险,安徽,34012779000031,,寿险团险,安徽,合肥,庐江支公司,养老险公司,总部,寿险团险,安徽,,,网上交易,国寿养老险,2017-05-23,寿险团险,安徽,合肥,庐江支公司
CL1010399618,田黄生,身份证,340900********0018,CL9117,福寿嘉年65期,"50,000.00","50,000.00","50,002.43",632087,寿险团险,安徽,34100279000003,,寿险团险,安徽,黄山,黄山市团拓部,养老险公司,总部,寿险团险,安徽,,,网上交易,国寿养老险,2017-05-23,寿险团险,安徽,黄山,黄山市团拓部
CL1010399618,田黄生,身份证,340900********0018,CL9117,福寿嘉年65期,"50,000.00","50,000.00","50,002.43",632087,寿险团险,安徽,34100279000003,,寿险团险,安徽,黄山,黄山市团拓部,养老险公司,总部,寿险团险,安徽,,,网上交易,国寿养老险,2017-05-23,寿险团险,安徽,黄山,黄山市团拓部
CL1000423687,郑德友,身份证,340702********0550,CL9117,福寿嘉年65期,"30,000.00","30,000.00","30,001.46",632087,寿险团险,安徽,34070379001002,,寿险团险,安徽,铜陵,团拓部（城区）,养老险公司,总部,寿险团险,安徽,,,网上交易,国寿养老险,2017-05-23,寿险团险,安徽,铜陵,团拓部（城区）
CL1003497076,代萍萍,身份证,340402********0240,CL9117,福寿嘉年65期,"30,000.00","30,000.00","30,001.46",632087,寿险团险,安徽,34041179000035,,寿险团险,安徽,淮南,团拓部,养老险公司,总部,寿险团险,安徽,,,网上交易,国寿养老险,2017-05-23,寿险团险,安徽,淮南,团拓部
CL1001211750,段长安,身份证,341127********2215,CL9117,福寿嘉年65期,"10,000.00","10,000.00","10,000.19",632087,寿险团险,安徽,34112779000019,,寿险团险,安徽,滁州,明光,养老险公司,总部,寿险团险,安徽,,,网上交易,国寿养老险,2017-05-23,寿险团险,安徽,滁州,明光
CL1002636399,石松涛,身份证,340826********0127,CL9117,福寿嘉年65期,"11,000.00","11,000.00","11,000.53",632087,寿险团险,安徽,34082679000003,,寿险团险,安徽,安庆,宿松,养老险公司,总部,寿险团险,安徽,,,网上交易,国寿养老险,2017-05-23,寿险团险,安徽,安庆,宿松
CL1014005813,周莉亚,身份证,342201********182X,CL9117,福寿嘉年65期,"50,000.00","50,000.00","50,002.43",632087,寿险团险,安徽,34220379000008,,寿险团险,安徽,宿州,团拓部,养老险公司,总部,寿险团险,安徽,,,网上交易,国寿养老险,2017-05-23,寿险团险,安徽,宿州,团拓部
CL1014086672,胡桂香,身份证,340211********1942,CL9117,福寿嘉年65期,"25,000.00","25,000.00","25,000.24",632087,寿险团险,安徽,34020179000036,,寿险团险,安徽,芜湖,团拓,养老险公司,总部,寿险团险,安徽,,,网上交易,国寿养老险,2017-05-23,寿险团险,安徽,芜湖,团拓
CL1002840208,水庆云,身份证,340603********1224,CL9117,福寿嘉年65期,"50,000.00","50,000.00","50,002.43",632087,寿险团险,安徽,34060279000027,,寿险团险,安徽,淮北,团拓,养老险公司,总部,寿险团险,安徽,,,网上交易,国寿养老险,2017-05-23,寿险团险,安徽,淮北,团拓
CL1002840208,水庆云,身份证,340603********1224,CL9117,福寿嘉年65期,"50,000.00","50,000.00","50,002.43",632087,寿险团险,安徽,34060279000027,,寿险团险,安徽,淮北,团拓,养老险公司,总部,寿险团险,安徽,,,网上交易,国寿养老险,2017-05-23,寿险团险,安徽,淮北,团拓
CL1014080212,温源,身份证,342401********0010,CL9117,福寿嘉年65期,"100,000.00","100,000.00","100,004.86",632087,寿险团险,安徽,34240179000022,,寿险团险,安徽,六安,团拓,养老险公司,总部,寿险团险,安徽,,,网上交易,国寿养老险,2017-05-23,寿险团险,安徽,六安,团拓
CL1012331410,殷治平,身份证,340403********0823,CL9117,福寿嘉年65期,"10,000.00","10,000.00","10,000.10", ,,,34040471000022,,寿险团险,安徽,淮南,谢家集支公司,养老险公司,总部,寿险团险,安徽,淮南,谢家集支公司,网上交易,国寿养老险,2017-05-23,寿险团险,安徽,淮南,谢家集支公司
CL1009580867,奚桂华,身份证,340221********6505,CL9117,福寿嘉年65期,"30,000.00","30,000.00","30,001.46",632087,寿险团险,安徽,34020379000028,,寿险团险,安徽,芜湖,芜湖县支公司,养老险公司,总部,寿险团险,安徽,,,网上交易,国寿养老险,2017-05-23,寿险团险,安徽,芜湖,芜湖县支公司
CL1014085062,潘升,身份证,341023********6024,CL9117,福寿嘉年65期,"50,000.00","50,000.00","50,002.43",632087,寿险团险,安徽,34100279000003,,寿险团险,安徽,黄山,黄山市团拓部,养老险公司,总部,寿险团险,安徽,,,网上交易,国寿养老险,2017-05-23,寿险团险,安徽,黄山,黄山市团拓部
CL1014085062,潘升,身份证,341023********6024,CL9117,福寿嘉年65期,"50,000.00","50,000.00","50,000.49",632087,寿险团险,安徽,34100279000003,,寿险团险,安徽,黄山,黄山市团拓部,养老险公司,总部,寿险团险,安徽,,,网上交易,国寿养老险,2017-05-23,寿险团险,安徽,黄山,黄山市团拓部
CL1014005002,胡燕玲,身份证,340504********0228,CL9117,福寿嘉年65期,"200,000.00","200,000.00","200,009.72",303775,养老险公司,安徽,34050279000030,,寿险团险,安徽,马鞍山市,马鞍山市团拓部,养老险公司,总部,养老险公司,安徽,,,网上交易,国寿养老险,2017-05-23,寿险团险,安徽,马鞍山市,马鞍山市团拓部
CL1014080690,刘彩梅,身份证,341226********1023,CL9117,福寿嘉年65期,"30,000.00","30,000.00","30,001.46",632087,寿险团险,安徽,34012179000031,,寿险团险,安徽,合肥,长丰支公司,养老险公司,总部,寿险团险,安徽,,,网上交易,国寿养老险,2017-05-23,寿险团险,安徽,合肥,长丰支公司
CL1000988641,徐金萍,身份证,340881********4266,CL9117,福寿嘉年65期,"50,000.00","50,000.00","50,002.43",303775,养老险公司,安徽,34082179000003,,寿险团险,安徽,安庆,桐城,养老险公司,总部,养老险公司,安徽,,,网上交易,国寿养老险,2017-05-23,寿险团险,安徽,安庆,桐城
CL1000868837,陆小丽,身份证,342401********4929,CL9117,福寿嘉年65期,"90,000.00","90,000.00","90,004.38",632087,寿险团险,安徽,34240179000022,,寿险团险,安徽,六安,团拓,养老险公司,总部,寿险团险,安徽,,,网上交易,国寿养老险,2017-05-23,寿险团险,安徽,六安,团拓
CL1000988641,徐金萍,身份证,340881********4266,CL9117,福寿嘉年65期,"50,000.00","50,000.00","50,000.97",303775,养老险公司,安徽,34082179000003,,寿险团险,安徽,安庆,桐城,养老险公司,总部,养老险公司,安徽,,,网上交易,国寿养老险,2017-05-23,寿险团险,安徽,安庆,桐城
CL1013649640,陈井才,身份证,342922********1516,CL9117,福寿嘉年65期,"50,000.00","50,000.00","50,002.43",632087,寿险团险,安徽,34292279000001,,寿险团险,安徽,池州,石台支公司,养老险公司,总部,寿险团险,安徽,,,网上交易,国寿养老险,2017-05-23,寿险团险,安徽,池州,石台支公司
CL1008571417,刘辉,身份证,342401********5306,CL9117,福寿嘉年65期,"50,000.00","50,000.00","50,002.43",303775,养老险公司,安徽,34040471000022,,寿险团险,安徽,淮南,谢家集支公司,养老险公司,总部,养老险公司,安徽,,,网上交易,国寿养老险,2017-05-23,寿险团险,安徽,淮南,谢家集支公司
CL1002019965,陈大虎,身份证,340121********2518,CL9117,福寿嘉年65期,"65,000.00","65,000.00","65,003.16",632087,寿险团险,安徽,34012179000023,,寿险团险,安徽,合肥,长丰支公司,养老险公司,总部,寿险团险,安徽,,,网上交易,国寿养老险,2017-05-23,寿险团险,安徽,合肥,长丰支公司
CL1014080990,江金爱,身份证,340224********0720,CL9117,福寿嘉年65期,"50,000.00","50,000.00","50,002.43",632087,寿险团险,安徽,34292313401493,,寿险团险,安徽,池州,青阳支公司,养老险公司,总部,寿险团险,安徽,,,网上交易,国寿养老险,2017-05-23,寿险团险,安徽,池州,青阳支公司
CL1014080990,江金爱,身份证,340224********0720,CL9117,福寿嘉年65期,"50,000.00","50,000.00","50,002.43",632087,寿险团险,安徽,34292313401493,,寿险团险,安徽,池州,青阳支公司,养老险公司,总部,寿险团险,安徽,,,网上交易,国寿养老险,2017-05-23,寿险团险,安徽,池州,青阳支公司
CL1014004870,徐劲泽,身份证,340827********1834,CL9117,福寿嘉年65期,"10,000.00","10,000.00","10,000.49",632087,寿险团险,安徽,34082779000003,,寿险团险,安徽,安庆,望江,养老险公司,总部,寿险团险,安徽,,,网上交易,国寿养老险,2017-05-23,寿险团险,安徽,安庆,望江
CL1014080190,王卫,身份证,342401********0012,CL9117,福寿嘉年65期,"50,000.00","50,000.00","50,002.43",632087,寿险团险,安徽,34240179000022,,寿险团险,安徽,六安,团拓,养老险公司,总部,寿险团险,安徽,,,网上交易,国寿养老险,2017-05-23,寿险团险,安徽,六安,团拓
CL1014126415,程亮,身份证,341125********0043,CL9117,福寿嘉年65期,"50,000.00","50,000.00","50,000.49",632087,寿险团险,安徽,34112579000047,,寿险团险,安徽,滁州,定远,,,寿险团险,安徽,,,APP,国寿养老险,2017-05-23,寿险团险,安徽,滁州,定远
CL1014126415,程亮,身份证,341125********0043,CL9117,福寿嘉年65期,"50,000.00","50,000.00","50,000.97",303775,养老险公司,安徽,34112579000047,,寿险团险,安徽,滁州,定远,,,养老险公司,安徽,,,APP,国寿养老险,2017-05-23,寿险团险,安徽,滁州,定远
CL1014126415,程亮,身份证,341125********0043,CL9117,福寿嘉年65期,"50,000.00","50,000.00","50,000.97",303775,养老险公司,安徽,34112579000047,,寿险团险,安徽,滁州,定远,养老险公司,总部,养老险公司,安徽,,,网上交易,国寿养老险,2017-05-23,寿险团险,安徽,滁州,定远
CL1014126415,程亮,身份证,341125********0043,CL9117,福寿嘉年65期,"10,000.00","10,000.00","10,000.10",632087,寿险团险,安徽,34112579000047,,寿险团险,安徽,滁州,定远,,,寿险团险,安徽,,,APP,国寿养老险,2017-05-23,寿险团险,安徽,滁州,定远
CL1004198625,杨林芳,身份证,340221********2602,CL9117,福寿嘉年65期,"220,000.00","220,000.00","220,002.14", ,,,34020379000023,,寿险团险,安徽,芜湖,芜湖县支公司,养老险公司,总部,寿险团险,安徽,芜湖,芜湖县支公司,网上交易,国寿养老险,2017-05-23,寿险团险,安徽,芜湖,芜湖县支公司
CL1014129712,鲍莉莉,身份证,340703********0023,CL9117,福寿嘉年65期,"29,000.00","29,000.00","29,000.28", ,,,34070379001002,,寿险团险,安徽,铜陵,团拓部（城区）,养老险公司,总部,寿险团险,安徽,铜陵,团拓部（城区）,网上交易,国寿养老险,2017-05-23,寿险团险,安徽,铜陵,团拓部（城区）
CL1014087026,郑学霞,身份证,340603********0021,CL9117,福寿嘉年65期,"50,000.00","50,000.00","50,000.97",632087,寿险团险,安徽,34060279000056,,寿险团险,安徽,淮北,团拓,养老险公司,总部,寿险团险,安徽,,,网上交易,国寿养老险,2017-05-23,寿险团险,安徽,淮北,团拓
CL1014162300,陈春花,身份证,340223********0023,CL9117,福寿嘉年65期,"50,000.00","50,000.00","50,000.49", ,,,34020579000042,,寿险团险,安徽,芜湖,南陵支公司,,,寿险团险,安徽,芜湖,南陵支公司,APP,国寿养老险,2017-05-23,寿险团险,安徽,芜湖,南陵支公司
CL1003497109,陈林芳,身份证,342321********6828,CL9117,福寿嘉年65期,"80,000.00","80,000.00","80,003.89",632087,寿险团险,安徽,34118179000041,,寿险团险,安徽,滁州,天长,养老险公司,总部,寿险团险,安徽,,,网上交易,国寿养老险,2017-05-23,寿险团险,安徽,滁州,天长
CL1005229421,冯雪芹,身份证,340603********1223,CL9117,福寿嘉年65期,"20,000.00","20,000.00","20,000.19",632087,寿险团险,安徽,34222579000006,,寿险团险,安徽,宿州,泗县支公司,养老险公司,总部,寿险团险,安徽,,,网上交易,国寿养老险,2017-05-23,寿险团险,安徽,宿州,泗县支公司
CL1000158196,鄢云翠,身份证,340202********1029,CL9117,福寿嘉年65期,"110,000.00","110,000.00","110,005.35",303775,养老险公司,安徽,34020679000018,,寿险团险,安徽,芜湖,开发区支公司,养老险公司,总部,养老险公司,安徽,,,网上交易,国寿养老险,2017-05-23,寿险团险,安徽,芜湖,开发区支公司
CL1014007411,张钦玉,身份证,340421********0814,CL9117,福寿嘉年65期,"95,000.00","95,000.00","95,004.62",632087,寿险团险,安徽, ,,,,,,养老险公司,总部,寿险团险,安徽,,,网上交易,国寿养老险,2017-05-23,寿险团险,安徽,,
CL1003595119,林长江,身份证,342824********1013,CL9117,福寿嘉年65期,"20,000.00","20,000.00","20,000.19",632087,寿险团险,安徽,34082479000001,,寿险团险,安徽,安庆,潜山,养老险公司,总部,寿险团险,安徽,,,网上交易,国寿养老险,2017-05-23,寿险团险,安徽,安庆,潜山
CL1003558536,潘娟,身份证,340202********2529,CL9117,福寿嘉年65期,"17,000.00","17,000.00","17,000.83",632087,寿险团险,安徽,34020679000010,,寿险团险,安徽,芜湖,开发区支公司,养老险公司,总部,寿险团险,安徽,,,网上交易,国寿养老险,2017-05-23,寿险团险,安徽,芜湖,开发区支公司
CL1000243723,詹兆云,身份证,342427********1322,CL9117,福寿嘉年65期,"50,000.00","50,000.00","50,002.43",632087,寿险团险,安徽,34242779000023,,寿险团险,安徽,六安,霍山,养老险公司,总部,寿险团险,安徽,,,网上交易,国寿养老险,2017-05-23,寿险团险,安徽,六安,霍山
CL1003091052,刘庆荣,身份证,342423********7940,CL9117,福寿嘉年65期,"50,000.00","50,000.00","50,002.43",632087,寿险团险,安徽,34242379000044,,寿险团险,安徽,六安,霍邱,养老险公司,总部,寿险团险,安徽,,,网上交易,国寿养老险,2017-05-23,寿险团险,安徽,六安,霍邱
CL1014161923,刘国全,身份证,342423********0111,CL9117,福寿嘉年65期,"50,000.00","50,000.00","50,000.49", ,,,34242379000046,,寿险团险,安徽,六安,霍邱,养老险公司,总部,寿险团险,安徽,六安,霍邱,网上交易,国寿养老险,2017-05-23,寿险团险,安徽,六安,霍邱
CL1000745060,张雯,身份证,340803********2426,CL9117,福寿嘉年65期,"50,000.00","50,000.00","50,000.49",632087,寿险团险,安徽, ,,,,,,养老险公司,总部,寿险团险,安徽,,,网上交易,国寿养老险,2017-05-23,寿险团险,安徽,,
CL1013479262,陈乃荣,身份证,342421********0046,CL9117,福寿嘉年65期,"10,000.00","10,000.00","10,000.49",632087,寿险团险,安徽,34240179000022,,寿险团险,安徽,六安,团拓,养老险公司,总部,寿险团险,安徽,,,网上交易,国寿养老险,2017-05-23,寿险团险,安徽,六安,团拓
CL1000959168,王俊,身份证,340204********2620,CL9117,福寿嘉年65期,"10,000.00","10,000.00","10,000.49",632087,寿险团险,安徽,34020179000036,,寿险团险,安徽,芜湖,团拓,养老险公司,总部,寿险团险,安徽,,,网上交易,国寿养老险,2017-05-23,寿险团险,安徽,芜湖,团拓
CL1014006812,李冉,身份证,342427********0011,CL9117,福寿嘉年65期,"50,000.00","50,000.00","50,000.97",303775,养老险公司,安徽,34242779000023,,寿险团险,安徽,六安,霍山,养老险公司,总部,养老险公司,安徽,,,网上交易,国寿养老险,2017-05-23,寿险团险,安徽,六安,霍山
CL1014006812,李冉,身份证,342427********0011,CL9117,福寿嘉年65期,"50,000.00","50,000.00","50,000.97",632087,寿险团险,安徽,34242779000023,,寿险团险,安徽,六安,霍山,养老险公司,总部,寿险团险,安徽,,,网上交易,国寿养老险,2017-05-23,寿险团险,安徽,六安,霍山
CL1014005724,黄凤珍,身份证,340503********0021,CL9117,福寿嘉年65期,"10,000.00","10,000.00","10,000.10", ,,,34050279000030,,寿险团险,安徽,马鞍山市,马鞍山市团拓部,养老险公司,总部,寿险团险,安徽,马鞍山市,马鞍山市团拓部,网上交易,国寿养老险,2017-05-23,寿险团险,安徽,马鞍山市,马鞍山市团拓部
CL1014005724,黄凤珍,身份证,340503********0021,CL9117,福寿嘉年65期,"10,000.00","10,000.00","10,000.19",632087,寿险团险,安徽,34050279000030,,寿险团险,安徽,马鞍山市,马鞍山市团拓部,养老险公司,总部,寿险团险,安徽,,,网上交易,国寿养老险,2017-05-23,寿险团险,安徽,马鞍山市,马鞍山市团拓部
CL1014005724,黄凤珍,身份证,340503********0021,CL9117,福寿嘉年65期,"10,000.00","10,000.00","10,000.49",632087,寿险团险,安徽,34050279000030,,寿险团险,安徽,马鞍山市,马鞍山市团拓部,养老险公司,总部,寿险团险,安徽,,,网上交易,国寿养老险,2017-05-23,寿险团险,安徽,马鞍山市,马鞍山市团拓部
CL1000767064,叶红梅,身份证,342401********2264,CL9117,福寿嘉年65期,"50,000.00","50,000.00","50,002.43",632087,寿险团险,安徽,34240179000022,,寿险团险,安徽,六安,团拓,养老险公司,总部,寿险团险,安徽,,,网上交易,国寿养老险,2017-05-23,寿险团险,安徽,六安,团拓
CL1009635547,李莉,身份证,342726********0026,CL9117,福寿嘉年65期,"85,000.00","85,000.00","85,001.65",303775,养老险公司,安徽,34100279000003,,寿险团险,安徽,黄山,黄山市团拓部,养老险公司,总部,养老险公司,安徽,,,网上交易,国寿养老险,2017-05-23,寿险团险,安徽,黄山,黄山市团拓部
CL1008569400,李冬梅,身份证,340604********0245,CL9117,福寿嘉年65期,"98,000.00","98,000.00","98,000.95",303775,养老险公司,安徽,34060279000056,,寿险团险,安徽,淮北,团拓,养老险公司,总部,养老险公司,安徽,,,网上交易,国寿养老险,2017-05-23,寿险团险,安徽,淮北,团拓
CL1013932840,洪腊梅,身份证,342622********5086,CL9117,福寿嘉年65期,"20,000.00","20,000.00","20,000.97",632087,寿险团险,安徽,34012779000032,,寿险团险,安徽,合肥,庐江支公司,养老险公司,总部,寿险团险,安徽,,,网上交易,国寿养老险,2017-05-23,寿险团险,安徽,合肥,庐江支公司
CL1014006623,骆君云,身份证,340222********0027,CL9117,福寿嘉年65期,"30,000.00","30,000.00","30,001.46",632087,寿险团险,安徽,34020479000044,,寿险团险,安徽,芜湖,繁昌支公司,养老险公司,总部,寿险团险,安徽,,,网上交易,国寿养老险,2017-05-23,寿险团险,安徽,芜湖,繁昌支公司
CL1014005924,黄田庚,身份证,340104********1018,CL9117,福寿嘉年65期,"50,000.00","50,000.00","50,002.43",632087,寿险团险,安徽,34011379000001,,寿险团险,安徽,合肥,团险拓展部,养老险公司,总部,寿险团险,安徽,,,网上交易,国寿养老险,2017-05-23,寿险团险,安徽,合肥,团险拓展部
CL1004429974,袁祖梅,身份证,340323********0023,CL9117,福寿嘉年65期,"50,000.00","50,000.00","50,002.43",632087,寿险团险,安徽,34032379000017,,寿险团险,安徽,蚌埠,固镇县支公司,养老险公司,总部,寿险团险,安徽,,,网上交易,国寿养老险,2017-05-23,寿险团险,安徽,蚌埠,固镇县支公司
CL1004429974,袁祖梅,身份证,340323********0023,CL9117,福寿嘉年65期,"50,000.00","50,000.00","50,000.97",632087,寿险团险,安徽,34032379000004,,寿险团险,安徽,蚌埠,固镇县支公司,养老险公司,总部,寿险团险,安徽,,,网上交易,国寿养老险,2017-05-23,寿险团险,安徽,蚌埠,固镇县支公司
CL1003522850,张念云,身份证,342301********0441,CL9117,福寿嘉年65期,"110,000.00","110,000.00","110,002.14",632087,寿险团险,安徽,34110179000048,,寿险团险,安徽,滁州,团拓,养老险公司,总部,寿险团险,安徽,,,网上交易,国寿养老险,2017-05-23,寿险团险,安徽,滁州,团拓
CL1014162177,杜小轩,身份证,340221********0125,CL9117,福寿嘉年65期,"20,000.00","20,000.00","20,000.19", ,,,34020379000023,,寿险团险,安徽,芜湖,芜湖县支公司,养老险公司,总部,寿险团险,安徽,芜湖,芜湖县支公司,网上交易,国寿养老险,2017-05-23,寿险团险,安徽,芜湖,芜湖县支公司
CL1009426655,孙天印,身份证,341221********1332,CL9117,福寿嘉年65期,"50,000.00","50,000.00","50,002.43",632087,寿险团险,安徽,34212279000003,,寿险团险,安徽,阜阳,临泉支公司,养老险公司,总部,寿险团险,安徽,,,网上交易,国寿养老险,2017-05-23,寿险团险,安徽,阜阳,临泉支公司
CL1014084418,李强,身份证,342301********1010,CL9117,福寿嘉年65期,"40,000.00","40,000.00","40,001.94",303775,养老险公司,安徽,34110179000050,,寿险团险,安徽,滁州,团拓,养老险公司,总部,养老险公司,安徽,,,网上交易,国寿养老险,2017-05-23,寿险团险,安徽,滁州,团拓
CL1000276757,郝志敏,身份证,342426********0043,CL9117,福寿嘉年65期,"13,000.00","13,000.00","13,000.25",632087,寿险团险,安徽,34242679000001,,寿险团险,安徽,六安,金寨,养老险公司,总部,寿险团险,安徽,,,网上交易,国寿养老险,2017-05-23,寿险团险,安徽,六安,金寨
CL1000328096,黄金,身份证,342221********0071,CL9117,福寿嘉年65期,"350,000.00","350,000.00","350,017.01",632087,寿险团险,安徽,34220379001314,,寿险团险,安徽,宿州,团拓部,养老险公司,总部,寿险团险,安徽,,,网上交易,国寿养老险,2017-05-23,寿险团险,安徽,宿州,团拓部
CL1000021825,张彤,身份证,342401********0038,CL9117,福寿嘉年65期,"200,000.00","200,000.00","200,009.72",632087,寿险团险,安徽,34240179000022,,寿险团险,安徽,六安,团拓,养老险公司,总部,寿险团险,安徽,,,网上交易,国寿养老险,2017-05-23,寿险团险,安徽,六安,团拓
CL1014086594,束学莲,身份证,342425********0603,CL9117,福寿嘉年65期,"20,000.00","20,000.00","20,000.19",632087,寿险团险,安徽,34242579000045,,寿险团险,安徽,六安,舒城,养老险公司,总部,寿险团险,安徽,,,网上交易,国寿养老险,2017-05-23,寿险团险,安徽,六安,舒城
CL1014007444,张道勇,身份证,342423********0072,CL9117,福寿嘉年65期,"100,000.00","100,000.00","100,004.86",303775,养老险公司,安徽,34242379000046,,寿险团险,安徽,六安,霍邱,,,养老险公司,安徽,,,APP,国寿养老险,2017-05-23,寿险团险,安徽,六安,霍邱
CL1000986609,陈平,身份证,340104********2564,CL9117,福寿嘉年65期,"40,000.00","40,000.00","40,000.39",632087,寿险团险,安徽,34010579000031,,寿险团险,安徽,合肥,团险支公司,养老险公司,总部,寿险团险,安徽,,,网上交易,国寿养老险,2017-05-23,寿险团险,安徽,合肥,团险支公司
CL1000986609,陈平,身份证,340104********2564,CL9117,福寿嘉年65期,"20,000.00","20,000.00","20,000.19",632087,寿险团险,安徽,34010579000031,,寿险团险,安徽,合肥,团险支公司,养老险公司,总部,寿险团险,安徽,,,网上交易,国寿养老险,2017-05-23,寿险团险,安徽,合肥,团险支公司
CL1000986609,陈平,身份证,340104********2564,CL9117,福寿嘉年65期,"20,000.00","20,000.00","20,000.97",632087,寿险团险,安徽,34010579000031,,寿险团险,安徽,合肥,团险支公司,养老险公司,总部,寿险团险,安徽,,,网上交易,国寿养老险,2017-05-23,寿险团险,安徽,合肥,团险支公司
CL1001209254,肖红兵,身份证,340223********0817,CL9117,福寿嘉年65期,"50,000.00","50,000.00","50,000.49", ,,,34020579000042,,寿险团险,安徽,芜湖,南陵支公司,,,寿险团险,安徽,芜湖,南陵支公司,APP,国寿养老险,2017-05-23,寿险团险,安徽,芜湖,南陵支公司
CL1014086994,苏胜荧,身份证,342423********0145,CL9117,福寿嘉年65期,"50,000.00","50,000.00","50,000.97",303775,养老险公司,安徽,34242379000046,,寿险团险,安徽,六安,霍邱,,,养老险公司,安徽,,,APP,国寿养老险,2017-05-23,寿险团险,安徽,六安,霍邱
CL1013933449,鲁思华,身份证,340204********3922,CL9117,福寿嘉年65期,"50,000.00","50,000.00","50,002.43",632087,寿险团险,安徽,34020179000036,,寿险团险,安徽,芜湖,团拓,养老险公司,总部,寿险团险,安徽,,,网上交易,国寿养老险,2017-05-23,寿险团险,安徽,芜湖,团拓
CL1008604993,陈冬红,身份证,342529********7023,CL9117,福寿嘉年65期,"50,000.00","50,000.00","50,002.43",632087,寿险团险,安徽,34252979000011,,寿险团险,安徽,宣城,泾县支公司,养老险公司,总部,寿险团险,安徽,,,网上交易,国寿养老险,2017-05-23,寿险团险,安徽,宣城,泾县支公司
CL1000726896,李金晶,身份证,342626********0187,CL9117,福寿嘉年65期,"30,000.00","30,000.00","30,001.46",303775,养老险公司,安徽,34050679000010,,寿险团险,安徽,马鞍山市,和县团险部,养老险公司,总部,养老险公司,安徽,,,网上交易,国寿养老险,2017-05-23,寿险团险,安徽,马鞍山市,和县团险部
CL1008026428,陈步兰,身份证,342622********8542,CL9117,福寿嘉年65期,"10,000.00","10,000.00","10,000.49",632087,寿险团险,安徽,34050279000030,,寿险团险,安徽,马鞍山市,马鞍山市团拓部,养老险公司,总部,寿险团险,安徽,,,网上交易,国寿养老险,2017-05-23,寿险团险,安徽,马鞍山市,马鞍山市团拓部
CL1009715337,朱书香,身份证,340621********3305,CL9117,福寿嘉年65期,"20,000.00","20,000.00","20,000.19", ,,,34060279000056,,寿险团险,安徽,淮北,团拓,养老险公司,总部,寿险团险,安徽,淮北,团拓,网上交易,国寿养老险,2017-05-23,寿险团险,安徽,淮北,团拓
CL1002568883,王守军,身份证,340121********0019,CL9117,福寿嘉年65期,"50,000.00","50,000.00","50,002.43",632087,寿险团险,安徽,34012179000029,,寿险团险,安徽,合肥,长丰支公司,养老险公司,总部,寿险团险,安徽,,,网上交易,国寿养老险,2017-05-23,寿险团险,安徽,合肥,长丰支公司
CL1002568883,王守军,身份证,340121********0019,CL9117,福寿嘉年65期,"100,000.00","100,000.00","100,004.86",632087,寿险团险,安徽,34012179000029,,寿险团险,安徽,合肥,长丰支公司,养老险公司,总部,寿险团险,安徽,,,网上交易,国寿养老险,2017-05-23,寿险团险,安徽,合肥,长丰支公司
CL1014004869,都贻斌,身份证,342822********0011,CL9117,福寿嘉年65期,"25,000.00","25,000.00","25,001.22",303775,养老险公司,安徽,34082179000003,,寿险团险,安徽,安庆,桐城,养老险公司,总部,养老险公司,安徽,,,网上交易,国寿养老险,2017-05-23,寿险团险,安徽,安庆,桐城
CL1014004792,梁业霞,身份证,342401********3446,CL9117,福寿嘉年65期,"110,000.00","110,000.00","110,005.35",303775,养老险公司,安徽,34242379000046,,寿险团险,安徽,六安,霍邱,养老险公司,总部,养老险公司,安徽,,,网上交易,国寿养老险,2017-05-23,寿险团险,安徽,六安,霍邱
CL1013415891,崔玉香,身份证,340521********0524,CL9117,福寿嘉年65期,"50,000.00","50,000.00","50,002.43",632087,寿险团险,安徽,34052179000028,,寿险团险,安徽,马鞍山市,当涂县团险部,养老险公司,总部,寿险团险,安徽,,,网上交易,国寿养老险,2017-05-23,寿险团险,安徽,马鞍山市,当涂县团险部
CL1012398999,汪玉萍,身份证,342529********1027,CL9117,福寿嘉年65期,"50,000.00","50,000.00","50,000.49",632087,寿险团险,安徽,34252979000011,,寿险团险,安徽,宣城,泾县支公司,养老险公司,总部,寿险团险,安徽,,,网上交易,国寿养老险,2017-05-23,寿险团险,安徽,宣城,泾县支公司
CL1012398999,汪玉萍,身份证,342529********1027,CL9117,福寿嘉年65期,"50,000.00","50,000.00","50,000.49",632087,寿险团险,安徽,34252979000011,,寿险团险,安徽,宣城,泾县支公司,养老险公司,总部,寿险团险,安徽,,,网上交易,国寿养老险,2017-05-23,寿险团险,安徽,宣城,泾县支公司
CL1012398999,汪玉萍,身份证,342529********1027,CL9117,福寿嘉年65期,"50,000.00","50,000.00","50,000.49",632087,寿险团险,安徽,34252979000011,,寿险团险,安徽,宣城,泾县支公司,养老险公司,总部,寿险团险,安徽,,,网上交易,国寿养老险,2017-05-23,寿险团险,安徽,宣城,泾县支公司
CL1002671896,李敏,身份证,342401********2229,CL9117,福寿嘉年65期,"50,000.00","50,000.00","50,002.43",632087,寿险团险,安徽,34242379000046,,寿险团险,安徽,六安,霍邱,养老险公司,总部,寿险团险,安徽,,,网上交易,国寿养老险,2017-05-23,寿险团险,安徽,六安,霍邱
CL1002671896,李敏,身份证,342401********2229,CL9117,福寿嘉年65期,"90,000.00","90,000.00","90,004.38",632087,寿险团险,安徽,34242379000046,,寿险团险,安徽,六安,霍邱,养老险公司,总部,寿险团险,安徽,,,网上交易,国寿养老险,2017-05-23,寿险团险,安徽,六安,霍邱
CL1014164342,谢曼,身份证,340604********2221,CL9117,福寿嘉年65期,"28,000.00","28,000.00","28,000.27", ,,,34060279000056,,寿险团险,安徽,淮北,团拓,养老险公司,总部,寿险团险,安徽,淮北,团拓,网上交易,国寿养老险,2017-05-23,寿险团险,安徽,淮北,团拓
CL1014164342,谢曼,身份证,340604********2221,CL9117,福寿嘉年65期,"50,000.00","50,000.00","50,000.49", ,,,34060279000056,,寿险团险,安徽,淮北,团拓,养老险公司,总部,寿险团险,安徽,淮北,团拓,网上交易,国寿养老险,2017-05-23,寿险团险,安徽,淮北,团拓
CL1014164342,谢曼,身份证,340604********2221,CL9117,福寿嘉年65期,"50,000.00","50,000.00","50,000.49", ,,,34060279000056,,寿险团险,安徽,淮北,团拓,养老险公司,总部,寿险团险,安徽,淮北,团拓,网上交易,国寿养老险,2017-05-23,寿险团险,安徽,淮北,团拓
CL1000956749,朱广荣,身份证,340603********044X,CL9117,福寿嘉年65期,"50,000.00","50,000.00","50,002.43",303775,养老险公司,安徽,34060279000056,,寿险团险,安徽,淮北,团拓,养老险公司,总部,养老险公司,安徽,,,网上交易,国寿养老险,2017-05-23,寿险团险,安徽,淮北,团拓
CL1014129956,张春英,身份证,342124********3522,CL9117,福寿嘉年65期,"50,000.00","50,000.00","50,000.49",632087,寿险团险,安徽, ,,,,,,养老险公司,总部,寿险团险,安徽,,,网上交易,国寿养老险,2017-05-23,寿险团险,安徽,,
CL1013725656,陈孝红,身份证,342423********0023,CL9117,福寿嘉年65期,"100,000.00","100,000.00","100,004.86",632087,寿险团险,安徽,34242379000046,,寿险团险,安徽,六安,霍邱,养老险公司,总部,寿险团险,安徽,,,网上交易,国寿养老险,2017-05-23,寿险团险,安徽,六安,霍邱
CL1000244500,陈兰兰,身份证,342401********5906,CL9117,福寿嘉年65期,"50,000.00","50,000.00","50,000.49", ,,,34241000002786,,寿险团险,安徽,,,,,寿险团险,安徽,,,APP,国寿养老险,2017-05-23,寿险团险,安徽,,
CL1000244500,陈兰兰,身份证,342401********5906,CL9117,福寿嘉年65期,"40,000.00","40,000.00","40,000.39", ,,,34241000002786,,寿险团险,安徽,,,,,寿险团险,安徽,,,APP,国寿养老险,2017-05-23,寿险团险,安徽,,
CL1014128568,张文江,身份证,342725********552X,CL9117,福寿嘉年65期,"20,000.00","20,000.00","20,000.39",303775,养老险公司,安徽,34100279000003,,寿险团险,安徽,黄山,黄山市团拓部,养老险公司,总部,养老险公司,安徽,,,网上交易,国寿养老险,2017-05-23,寿险团险,安徽,黄山,黄山市团拓部
CL1012474261,王春兰,身份证,340824********0426,CL9117,福寿嘉年65期,"10,000.00","10,000.00","10,000.19",632087,寿险团险,安徽,34082479000001,,寿险团险,安徽,安庆,潜山,养老险公司,总部,寿险团险,安徽,,,网上交易,国寿养老险,2017-05-23,寿险团险,安徽,安庆,潜山
CL1002678355,叶勤,身份证,340504********0021,CL9117,福寿嘉年65期,"12,000.00","12,000.00","12,000.58",632087,寿险团险,安徽,34050279000030,,寿险团险,安徽,马鞍山市,马鞍山市团拓部,养老险公司,总部,寿险团险,安徽,,,网上交易,国寿养老险,2017-05-23,寿险团险,安徽,马鞍山市,马鞍山市团拓部
CL1000277167,郑立群,身份证,342426********002X,CL9117,福寿嘉年65期,"70,000.00","70,000.00","70,001.36",632087,寿险团险,安徽,34242679000001,,寿险团险,安徽,六安,金寨,养老险公司,总部,寿险团险,安徽,,,网上交易,国寿养老险,2017-05-23,寿险团险,安徽,六安,金寨
CL1002794107,程星元,身份证,342725********1040,CL9117,福寿嘉年65期,"50,000.00","50,000.00","50,000.49", ,,,34010571000104,,寿险团险,安徽,合肥,团险支公司,养老险公司,总部,寿险团险,安徽,合肥,团险支公司,网上交易,国寿养老险,2017-05-23,寿险团险,安徽,合肥,团险支公司
CL1002794107,程星元,身份证,342725********1040,CL9117,福寿嘉年65期,"30,000.00","30,000.00","30,000.29", ,,,34010571000104,,寿险团险,安徽,合肥,团险支公司,养老险公司,总部,寿险团险,安徽,合肥,团险支公司,网上交易,国寿养老险,2017-05-23,寿险团险,安徽,合肥,团险支公司
CL1014129090,朱占友,身份证,342127********1399,CL9117,福寿嘉年65期,"20,000.00","20,000.00","20,000.39",632087,寿险团险,安徽,34212779000006,,寿险团险,安徽,阜阳,阜南支公司,养老险公司,总部,寿险团险,安徽,,,网上交易,国寿养老险,2017-05-23,寿险团险,安徽,阜阳,阜南支公司
CL1014129090,朱占友,身份证,342127********1399,CL9117,福寿嘉年65期,"50,000.00","50,000.00","50,000.97",632087,寿险团险,安徽, ,,,,,,养老险公司,总部,寿险团险,安徽,,,网上交易,国寿养老险,2017-05-23,寿险团险,安徽,,
CL1014129090,朱占友,身份证,342127********1399,CL9117,福寿嘉年65期,"50,000.00","50,000.00","50,000.97",632087,寿险团险,安徽,34212779000006,,寿险团险,安徽,阜阳,阜南支公司,养老险公司,总部,寿险团险,安徽,,,网上交易,国寿养老险,2017-05-23,寿险团险,安徽,阜阳,阜南支公司
CL1012869211,李淑媛,身份证,342821********3546,CL9117,福寿嘉年65期,"54,000.00","54,000.00","54,002.63",632087,寿险团险,安徽, ,,,,,,养老险公司,总部,寿险团险,安徽,,,网上交易,国寿养老险,2017-05-23,寿险团险,安徽,,
CL1014005413,王静,身份证,342201********0626,CL9117,福寿嘉年65期,"700,000.00","700,000.00","700,013.61",632087,寿险团险,安徽,34222479002415,,寿险团险,安徽,宿州,灵璧县支公司,养老险公司,总部,寿险团险,安徽,,,网上交易,国寿养老险,2017-05-23,寿险团险,安徽,宿州,灵璧县支公司
CL1014005413,王静,身份证,342201********0626,CL9117,福寿嘉年65期,"1,000,000.00","1,000,000.00","1,000,048.61",632087,寿险团险,安徽,34222479002415,,寿险团险,安徽,宿州,灵璧县支公司,养老险公司,总部,寿险团险,安徽,,,网上交易,国寿养老险,2017-05-23,寿险团险,安徽,宿州,灵璧县支公司
CL1013933794,朱红霞,身份证,340826********0065,CL9117,福寿嘉年65期,"50,000.00","50,000.00","50,002.43",632087,寿险团险,安徽,34082679000003,,寿险团险,安徽,安庆,宿松,养老险公司,总部,寿险团险,安徽,,,网上交易,国寿养老险,2017-05-23,寿险团险,安徽,安庆,宿松
CL1004278815,朱晓峰,身份证,340223********001X,CL9117,福寿嘉年65期,"10,000.00","10,000.00","10,000.10", ,,,34020579000042,,寿险团险,安徽,芜湖,南陵支公司,,,寿险团险,安徽,芜湖,南陵支公司,APP,国寿养老险,2017-05-23,寿险团险,安徽,芜湖,南陵支公司
CL1014128513,陈玲莉,身份证,340702********2047,CL9117,福寿嘉年65期,"40,000.00","40,000.00","40,000.78",632087,寿险团险,安徽,34070379001002,,寿险团险,安徽,铜陵,团拓部（城区）,养老险公司,总部,寿险团险,安徽,,,网上交易,国寿养老险,2017-05-23,寿险团险,安徽,铜陵,团拓部（城区）
CL1002680540,吴建国,身份证,340824********1813,CL9117,福寿嘉年65期,"10,000.00","10,000.00","10,000.10",303775,养老险公司,安徽,34082479000001,,寿险团险,安徽,安庆,潜山,养老险公司,总部,养老险公司,安徽,,,网上交易,国寿养老险,2017-05-23,寿险团险,安徽,安庆,潜山
CL1014130020,胡春梅,身份证,342822********0020,CL9117,福寿嘉年65期,"70,000.00","70,000.00","70,000.68",303775,养老险公司,安徽,34082160000002,,寿险团险,安徽,安庆,桐城,,,养老险公司,安徽,,,APP,国寿养老险,2017-05-23,寿险团险,安徽,安庆,桐城
CL1003715520,李立斌,身份证,340603********043X,CL9117,福寿嘉年65期,"15,000.00","15,000.00","15,000.73",632087,寿险团险,安徽,34060279000002,,寿险团险,安徽,淮北,团拓,养老险公司,总部,寿险团险,安徽,,,网上交易,国寿养老险,2017-05-23,寿险团险,安徽,淮北,团拓
CL1014006534,陈才洲,身份证,340302********1017,CL9117,福寿嘉年65期,"260,000.00","260,000.00","260,012.64",632087,寿险团险,安徽,34031079000023,,寿险团险,安徽,蚌埠,团拓,养老险公司,总部,寿险团险,安徽,,,网上交易,国寿养老险,2017-05-23,寿险团险,安徽,蚌埠,团拓
CL1000685598,郭金凤,身份证,340421********0243,CL9117,福寿嘉年65期,"60,000.00","60,000.00","60,002.92",632087,寿险团险,安徽,34042179000010,,寿险团险,安徽,淮南,凤台县支公司,养老险公司,总部,寿险团险,安徽,,,网上交易,国寿养老险,2017-05-23,寿险团险,安徽,淮南,凤台县支公司
CL1012782773,陈翠芹,身份证,340621********3265,CL9117,福寿嘉年65期,"20,000.00","20,000.00","20,000.97",632087,寿险团险,安徽,34062179000010,,寿险团险,安徽,淮北,濉溪县公司,养老险公司,总部,寿险团险,安徽,,,网上交易,国寿养老险,2017-05-23,寿险团险,安徽,淮北,濉溪县公司
CL1000703504,朱久云,身份证,341126********022X,CL9117,福寿嘉年65期,"48,000.00","48,000.00","48,002.33",632087,寿险团险,安徽,34112679000003,,寿险团险,安徽,滁州,凤阳,养老险公司,总部,寿险团险,安徽,,,网上交易,国寿养老险,2017-05-23,寿险团险,安徽,滁州,凤阳
CL1000703504,朱久云,身份证,341126********022X,CL9117,福寿嘉年65期,"40,000.00","40,000.00","40,000.78",632087,寿险团险,安徽,34112679000003,,寿险团险,安徽,滁州,凤阳,养老险公司,总部,寿险团险,安徽,,,网上交易,国寿养老险,2017-05-23,寿险团险,安徽,滁州,凤阳
CL1014126837,李有红,身份证,342701********3012,CL9117,福寿嘉年65期,"15,000.00","15,000.00","15,000.29",632087,寿险团险,安徽,34100279000003,,寿险团险,安徽,黄山,黄山市团拓部,养老险公司,总部,寿险团险,安徽,,,网上交易,国寿养老险,2017-05-23,寿险团险,安徽,黄山,黄山市团拓部
CL1014085462,李海燕,身份证,340603********1048,CL9117,福寿嘉年65期,"100,000.00","100,000.00","100,004.86",632087,寿险团险,安徽,34060279000056,,寿险团险,安徽,淮北,团拓,,,寿险团险,安徽,,,APP,国寿养老险,2017-05-23,寿险团险,安徽,淮北,团拓
CL1003520541,刘秀云,身份证,342830********3029,CL9117,福寿嘉年65期,"140,000.00","140,000.00","140,006.81",632087,寿险团险,安徽,34290179000062,,寿险团险,安徽,池州,城区团拓部,养老险公司,总部,寿险团险,安徽,,,网上交易,国寿养老险,2017-05-23,寿险团险,安徽,池州,城区团拓部
CL1014163965,华爱红,身份证,340221********0022,CL9117,福寿嘉年65期,"60,000.00","60,000.00","60,000.58", ,,,34020379000023,,寿险团险,安徽,芜湖,芜湖县支公司,养老险公司,总部,寿险团险,安徽,芜湖,芜湖县支公司,网上交易,国寿养老险,2017-05-23,寿险团险,安徽,芜湖,芜湖县支公司
CL1009216419,杨青梅,身份证,340881********4286,CL9117,福寿嘉年65期,"10,000.00","10,000.00","10,000.10", ,,,34082179000003,,寿险团险,安徽,安庆,桐城,养老险公司,总部,寿险团险,安徽,安庆,桐城,网上交易,国寿养老险,2017-05-23,寿险团险,安徽,安庆,桐城
CL1000244277,张英,身份证,342427********002X,CL9117,福寿嘉年65期,"160,000.00","160,000.00","160,007.78",632087,寿险团险,安徽,34242779000023,,寿险团险,安徽,六安,霍山,养老险公司,总部,寿险团险,安徽,,,网上交易,国寿养老险,2017-05-23,寿险团险,安徽,六安,霍山
CL1014127747,常心虎,身份证,340505********1618,CL9117,福寿嘉年65期,"50,000.00","50,000.00","50,000.97",303775,养老险公司,安徽,34050279000007,,寿险团险,安徽,马鞍山市,马鞍山市团拓部,养老险公司,总部,养老险公司,安徽,,,网上交易,国寿养老险,2017-05-23,寿险团险,安徽,马鞍山市,马鞍山市团拓部
CL1014127747,常心虎,身份证,340505********1618,CL9117,福寿嘉年65期,"15,000.00","15,000.00","15,000.29",303775,养老险公司,安徽,34050279000007,,寿险团险,安徽,马鞍山市,马鞍山市团拓部,养老险公司,总部,养老险公司,安徽,,,网上交易,国寿养老险,2017-05-23,寿险团险,安徽,马鞍山市,马鞍山市团拓部
CL1000676900,陈宝珠,身份证,340103********2520,CL9117,福寿嘉年65期,"40,000.00","40,000.00","40,001.94",303775,养老险公司,安徽,34011379000004,,寿险团险,安徽,合肥,团险拓展部,养老险公司,总部,养老险公司,安徽,,,网上交易,国寿养老险,2017-05-23,寿险团险,安徽,合肥,团险拓展部
CL1000074177,漆文,身份证,342426********3242,CL9117,福寿嘉年65期,"50,000.00","50,000.00","50,000.49",694613,养老险公司,安徽,YL34000014,李代松,养老险公司,安徽,,,,,养老险公司,安徽,,,微信,国寿养老险,2017-05-23,养老险公司,安徽,,
CL1000074177,漆文,身份证,342426********3242,CL9117,福寿嘉年65期,"50,000.00","50,000.00","50,000.49",694613,养老险公司,安徽,YL34000014,李代松,养老险公司,安徽,,,,,养老险公司,安徽,,,微信,国寿养老险,2017-05-23,养老险公司,安徽,,
CL1000074177,漆文,身份证,342426********3242,CL9117,福寿嘉年65期,"50,000.00","50,000.00","50,000.49",694613,养老险公司,安徽,YL34000014,李代松,养老险公司,安徽,,,,,养老险公司,安徽,,,微信,国寿养老险,2017-05-23,养老险公司,安徽,,
CL1000074177,漆文,身份证,342426********3242,CL9117,福寿嘉年65期,"50,000.00","50,000.00","50,000.49",694613,养老险公司,安徽,YL34000014,李代松,养老险公司,安徽,,,,,养老险公司,安徽,,,微信,国寿养老险,2017-05-23,养老险公司,安徽,,
CL1000246231,李卫明,身份证,342425********0218,CL9117,福寿嘉年65期,"130,000.00","130,000.00","130,006.32",632087,寿险团险,安徽,34240179000006,,寿险团险,安徽,六安,团拓,养老险公司,总部,寿险团险,安徽,,,网上交易,国寿养老险,2017-05-23,寿险团险,安徽,六安,团拓
CL1000234579,孙耘初,身份证,342725********6023,CL9117,福寿嘉年65期,"80,000.00","80,000.00","80,003.89",632087,寿险团险,安徽,34100279000003,,寿险团险,安徽,黄山,黄山市团拓部,养老险公司,总部,寿险团险,安徽,,,网上交易,国寿养老险,2017-05-23,寿险团险,安徽,黄山,黄山市团拓部
CL1014129367,王月仙,身份证,342923********1224,CL9117,福寿嘉年65期,"30,000.00","30,000.00","30,000.58",632087,寿险团险,安徽,34292313401489,,寿险团险,安徽,池州,青阳支公司,养老险公司,总部,寿险团险,安徽,,,网上交易,国寿养老险,2017-05-23,寿险团险,安徽,池州,青阳支公司
CL1009169864,郑婕,身份证,340404********0642,CL9117,福寿嘉年65期,"50,000.00","50,000.00","50,000.49", ,,,34060279000056,,寿险团险,安徽,淮北,团拓,养老险公司,总部,寿险团险,安徽,淮北,团拓,网上交易,国寿养老险,2017-05-23,寿险团险,安徽,淮北,团拓
CL1009169864,郑婕,身份证,340404********0642,CL9117,福寿嘉年65期,"50,000.00","50,000.00","50,000.49", ,,,34060279000056,,寿险团险,安徽,淮北,团拓,养老险公司,总部,寿险团险,安徽,淮北,团拓,网上交易,国寿养老险,2017-05-23,寿险团险,安徽,淮北,团拓
CL1009169864,郑婕,身份证,340404********0642,CL9117,福寿嘉年65期,"50,000.00","50,000.00","50,000.49", ,,,34060279000056,,寿险团险,安徽,淮北,团拓,养老险公司,总部,寿险团险,安徽,淮北,团拓,网上交易,国寿养老险,2017-05-23,寿险团险,安徽,淮北,团拓
CL1009169864,郑婕,身份证,340404********0642,CL9117,福寿嘉年65期,"50,000.00","50,000.00","50,000.49", ,,,34060279000056,,寿险团险,安徽,淮北,团拓,养老险公司,总部,寿险团险,安徽,淮北,团拓,网上交易,国寿养老险,2017-05-23,寿险团险,安徽,淮北,团拓
CL1009169864,郑婕,身份证,340404********0642,CL9117,福寿嘉年65期,"50,000.00","50,000.00","50,000.49", ,,,34060279000056,,寿险团险,安徽,淮北,团拓,养老险公司,总部,寿险团险,安徽,淮北,团拓,网上交易,国寿养老险,2017-05-23,寿险团险,安徽,淮北,团拓
CL1003563184,张恒林,身份证,340603********0619,CL9117,福寿嘉年65期,"15,000.00","15,000.00","15,000.73",632087,寿险团险,安徽,34060279000027,,寿险团险,安徽,淮北,团拓,养老险公司,总部,寿险团险,安徽,,,网上交易,国寿养老险,2017-05-23,寿险团险,安徽,淮北,团拓
CL1000891105,郑云,身份证,340123********0589,CL9117,福寿嘉年65期,"15,000.00","15,000.00","15,000.29",632087,寿险团险,安徽,34012279000002,,寿险团险,安徽,合肥,肥东支公司,养老险公司,总部,寿险团险,安徽,,,网上交易,国寿养老险,2017-05-23,寿险团险,安徽,合肥,肥东支公司
CL1008531726,张荣,身份证,340123********0069,CL9117,福寿嘉年65期,"150,000.00","150,000.00","150,007.29",303775,养老险公司,安徽,34011379000004,,寿险团险,安徽,合肥,团险拓展部,,,养老险公司,安徽,,,微信,国寿养老险,2017-05-23,寿险团险,安徽,合肥,团险拓展部
CL1008628551,李永红,身份证,340621********0043,CL9117,福寿嘉年65期,"20,000.00","20,000.00","20,000.39",632087,寿险团险,安徽, ,,,,,,养老险公司,总部,寿险团险,安徽,,,网上交易,国寿养老险,2017-05-23,寿险团险,安徽,,
CL1014082454,程晋娥,身份证,340402********0821,CL9117,福寿嘉年65期,"20,000.00","20,000.00","20,000.97",632087,寿险团险,安徽,34041179000035,,寿险团险,安徽,淮南,团拓部,养老险公司,总部,寿险团险,安徽,,,网上交易,国寿养老险,2017-05-23,寿险团险,安徽,淮南,团拓部
CL1002707035,胡江丽,身份证,340821********5220,CL9117,福寿嘉年65期,"10,000.00","10,000.00","10,000.10", ,,,34082179000003,,寿险团险,安徽,安庆,桐城,养老险公司,总部,寿险团险,安徽,安庆,桐城,网上交易,国寿养老险,2017-05-23,寿险团险,安徽,安庆,桐城
CL1000007734,孙进,身份证,340103********3027,CL9117,福寿嘉年65期,"50,000.00","50,000.00","50,002.43",632087,寿险团险,安徽,34010579000139,,寿险团险,安徽,合肥,团险支公司,养老险公司,总部,寿险团险,安徽,,,网上交易,国寿养老险,2017-05-23,寿险团险,安徽,合肥,团险支公司
CL1000757144,万群,身份证,340121********0025,CL9117,福寿嘉年65期,"50,000.00","50,000.00","50,002.43",632087,寿险团险,安徽,34012179000038,,寿险团险,安徽,合肥,长丰支公司,养老险公司,总部,寿险团险,安徽,,,网上交易,国寿养老险,2017-05-23,寿险团险,安徽,合肥,长丰支公司
CL1000645741,纪霞,身份证,340702********2065,CL9117,福寿嘉年65期,"50,000.00","50,000.00","50,002.43",632087,寿险团险,安徽,34070379001002,,寿险团险,安徽,铜陵,团拓部（城区）,养老险公司,总部,寿险团险,安徽,,,网上交易,国寿养老险,2017-05-23,寿险团险,安徽,铜陵,团拓部（城区）
CL1000692255,茅晓鸥,身份证,340104********1541,CL9117,福寿嘉年65期,"52,000.00","52,000.00","52,002.53",632087,寿险团险,安徽,34110179000050,,寿险团险,安徽,滁州,团拓,养老险公司,总部,寿险团险,安徽,,,网上交易,国寿养老险,2017-05-23,寿险团险,安徽,滁州,团拓
CL1002080159,朱海燕,身份证,340403********1822,CL9117,福寿嘉年65期,"30,000.00","30,000.00","30,000.29",632087,寿险团险,安徽,34041179000035,,寿险团险,安徽,淮南,团拓部,养老险公司,总部,寿险团险,安徽,,,网上交易,国寿养老险,2017-05-23,寿险团险,安徽,淮南,团拓部
CL1010703943,江小英,身份证,340222********058X,CL9117,福寿嘉年65期,"10,000.00","10,000.00","10,000.19",632087,寿险团险,安徽,34020479000044,,寿险团险,安徽,芜湖,繁昌支公司,养老险公司,总部,寿险团险,安徽,,,网上交易,国寿养老险,2017-05-23,寿险团险,安徽,芜湖,繁昌支公司
CL1010703943,江小英,身份证,340222********058X,CL9117,福寿嘉年65期,"50,000.00","50,000.00","50,000.97",632087,寿险团险,安徽,34020479000044,,寿险团险,安徽,芜湖,繁昌支公司,养老险公司,总部,寿险团险,安徽,,,网上交易,国寿养老险,2017-05-23,寿险团险,安徽,芜湖,繁昌支公司
CL1014083519,周伟,身份证,342225********7412,CL9117,福寿嘉年65期,"50,000.00","50,000.00","50,002.43",632087,寿险团险,安徽,34222579000006,,寿险团险,安徽,宿州,泗县支公司,养老险公司,总部,寿险团险,安徽,,,网上交易,国寿养老险,2017-05-23,寿险团险,安徽,宿州,泗县支公司
CL1000692255,茅晓鸥,身份证,340104********1541,CL9117,福寿嘉年65期,"53,000.00","53,000.00","53,002.58",303775,养老险公司,安徽,34110179000050,,寿险团险,安徽,滁州,团拓,养老险公司,总部,养老险公司,安徽,,,网上交易,国寿养老险,2017-05-23,寿险团险,安徽,滁州,团拓
CL1006357519,徐晨思,身份证,340503********0223,CL9117,福寿嘉年65期,"10,000.00","10,000.00","10,000.49",694613,养老险公司,安徽,YL34000006,张子明,养老险公司,安徽,,,养老险公司,总部,养老险公司,安徽,,,网上交易,国寿养老险,2017-05-23,养老险公司,安徽,,
CL1010401688,任福龙,身份证,341181********0210,CL9117,福寿嘉年65期,"50,000.00","50,000.00","50,000.97",632087,寿险团险,安徽,34118179000041,,寿险团险,安徽,滁州,天长,养老险公司,总部,寿险团险,安徽,,,网上交易,国寿养老险,2017-05-23,寿险团险,安徽,滁州,天长
CL1013725089,程克富,身份证,340221********125X,CL9117,福寿嘉年65期,"10,000.00","10,000.00","10,000.49",632087,寿险团险,安徽,34020379000023,,寿险团险,安徽,芜湖,芜湖县支公司,养老险公司,总部,寿险团险,安徽,,,网上交易,国寿养老险,2017-05-23,寿险团险,安徽,芜湖,芜湖县支公司
CL1014160657,唐军,身份证,340104********0025,CL9117,福寿嘉年65期,"40,000.00","40,000.00","40,000.39",694613,养老险公司,安徽,34010579000139,,寿险团险,安徽,合肥,团险支公司,养老险公司,总部,养老险公司,安徽,,,网上交易,国寿养老险,2017-05-23,寿险团险,安徽,合肥,团险支公司
CL1014080101,郑蓓蓓,身份证,342728********376X,CL9117,福寿嘉年65期,"56,000.00","56,000.00","56,002.72",632087,寿险团险,安徽,34290179000079,,寿险团险,安徽,池州,城区团拓部,养老险公司,总部,寿险团险,安徽,,,网上交易,国寿养老险,2017-05-23,寿险团险,安徽,池州,城区团拓部
CL1014080101,郑蓓蓓,身份证,342728********376X,CL9117,福寿嘉年65期,"65,000.00","65,000.00","65,003.16",632087,寿险团险,安徽, ,,,,,,养老险公司,总部,寿险团险,安徽,,,网上交易,国寿养老险,2017-05-23,寿险团险,安徽,,
CL1009647332,刘国海,身份证,320111********9510,CL9117,福寿嘉年65期,"50,000.00","50,000.00","50,002.43",303775,养老险公司,安徽,34031078000001,,寿险团险,安徽,蚌埠,团拓,养老险公司,总部,养老险公司,安徽,,,网上交易,国寿养老险,2017-05-23,寿险团险,安徽,蚌埠,团拓
CL1009572412,李文朋,身份证,342326********0219,CL9117,福寿嘉年65期,"200,000.00","200,000.00","200,003.89",632087,寿险团险,安徽,34112679000014,,寿险团险,安徽,滁州,凤阳,养老险公司,总部,寿险团险,安徽,,,网上交易,国寿养老险,2017-05-23,寿险团险,安徽,滁州,凤阳
CL1009270080,郭传芳,身份证,340322********0042,CL9117,福寿嘉年65期,"210,000.00","210,000.00","210,010.21",632087,寿险团险,安徽,34032279000021,,寿险团险,安徽,蚌埠,五河县支公司,养老险公司,总部,寿险团险,安徽,,,网上交易,国寿养老险,2017-05-23,寿险团险,安徽,蚌埠,五河县支公司
CL1000014724,任国英,身份证,340111********1022,CL9117,福寿嘉年65期,"49,000.00","49,000.00","49,002.38",632087,寿险团险,安徽,34012379000009,,寿险团险,安徽,合肥,肥西支公司,养老险公司,总部,寿险团险,安徽,,,网上交易,国寿养老险,2017-05-23,寿险团险,安徽,合肥,肥西支公司
CL1002902856,何月红,身份证,342724********0048,CL9117,福寿嘉年65期,"30,000.00","30,000.00","30,000.29", ,,,34100279000003,,寿险团险,安徽,黄山,黄山市团拓部,养老险公司,总部,寿险团险,安徽,黄山,黄山市团拓部,网上交易,国寿养老险,2017-05-23,寿险团险,安徽,黄山,黄山市团拓部
CL1003594943,孔绘,身份证,340221********002X,CL9117,福寿嘉年65期,"10,000.00","10,000.00","10,000.49",632087,寿险团险,安徽,34020379000023,,寿险团险,安徽,芜湖,芜湖县支公司,养老险公司,总部,寿险团险,安徽,,,网上交易,国寿养老险,2017-05-23,寿险团险,安徽,芜湖,芜湖县支公司
CL1000278388,张传霞,身份证,342426********5344,CL9117,福寿嘉年65期,"50,000.00","50,000.00","50,002.43",632087,寿险团险,安徽,34242679000024,,寿险团险,安徽,六安,金寨,养老险公司,总部,寿险团险,安徽,,,网上交易,国寿养老险,2017-05-23,寿险团险,安徽,六安,金寨
CL1014159405,明革,身份证,342623********0027,CL9117,福寿嘉年65期,"100,000.00","100,000.00","100,000.97", ,,,34021379000025,,寿险团险,安徽,芜湖,无为县支公司,养老险公司,总部,寿险团险,安徽,芜湖,无为县支公司,网上交易,国寿养老险,2017-05-23,寿险团险,安徽,芜湖,无为县支公司
CL1013934015,刘云南,身份证,340821********2742,CL9117,福寿嘉年65期,"110,000.00","110,000.00","110,005.35",632087,寿险团险,安徽,34052179000028,,寿险团险,安徽,马鞍山市,当涂县团险部,养老险公司,总部,寿险团险,安徽,,,网上交易,国寿养老险,2017-05-23,寿险团险,安徽,马鞍山市,当涂县团险部
CL1013934015,刘云南,身份证,340821********2742,CL9117,福寿嘉年65期,"30,000.00","30,000.00","30,000.29",632087,寿险团险,安徽,34052179000028,,寿险团险,安徽,马鞍山市,当涂县团险部,养老险公司,总部,寿险团险,安徽,,,网上交易,国寿养老险,2017-05-23,寿险团险,安徽,马鞍山市,当涂县团险部
CL1013934015,刘云南,身份证,340821********2742,CL9117,福寿嘉年65期,"140,000.00","140,000.00","140,006.81",632087,寿险团险,安徽,34052179000028,,寿险团险,安徽,马鞍山市,当涂县团险部,养老险公司,总部,寿险团险,安徽,,,网上交易,国寿养老险,2017-05-23,寿险团险,安徽,马鞍山市,当涂县团险部
CL1013934015,刘云南,身份证,340821********2742,CL9117,福寿嘉年65期,"250,000.00","250,000.00","250,004.86",632087,寿险团险,安徽,34052179000028,,寿险团险,安徽,马鞍山市,当涂县团险部,养老险公司,总部,寿险团险,安徽,,,网上交易,国寿养老险,2017-05-23,寿险团险,安徽,马鞍山市,当涂县团险部
CL1000823429,陈哲,身份证,342427********0026,CL9117,福寿嘉年65期,"40,000.00","40,000.00","40,001.94",632087,寿险团险,安徽,34242779000023,,寿险团险,安徽,六安,霍山,养老险公司,总部,寿险团险,安徽,,,网上交易,国寿养老险,2017-05-23,寿险团险,安徽,六安,霍山
CL1002792209,温祖祥,身份证,342401********0037,CL9117,福寿嘉年65期,"50,000.00","50,000.00","50,002.43",632087,寿险团险,安徽,34242579000011,,寿险团险,安徽,六安,舒城,养老险公司,总部,寿险团险,安徽,,,网上交易,国寿养老险,2017-05-23,寿险团险,安徽,六安,舒城
CL1002792209,温祖祥,身份证,342401********0037,CL9117,福寿嘉年65期,"50,000.00","50,000.00","50,000.49",632087,寿险团险,安徽,34242579000011,,寿险团险,安徽,六安,舒城,养老险公司,总部,寿险团险,安徽,,,网上交易,国寿养老险,2017-05-23,寿险团险,安徽,六安,舒城
CL1002792209,温祖祥,身份证,342401********0037,CL9117,福寿嘉年65期,"50,000.00","50,000.00","50,000.97",632087,寿险团险,安徽,34242579000011,,寿险团险,安徽,六安,舒城,养老险公司,总部,寿险团险,安徽,,,网上交易,国寿养老险,2017-05-23,寿险团险,安徽,六安,舒城
CL1009356985,朱丽陵,身份证,340223********0027,CL9117,福寿嘉年65期,"15,000.00","15,000.00","15,000.15", ,,,34020579000042,,寿险团险,安徽,芜湖,南陵支公司,,,寿险团险,安徽,芜湖,南陵支公司,APP,国寿养老险,2017-05-23,寿险团险,安徽,芜湖,南陵支公司
CL1014084085,巫建群,身份证,340111********0021,CL9117,福寿嘉年65期,"30,000.00","30,000.00","30,001.46",632087,寿险团险,安徽,34010579000129,,寿险团险,安徽,合肥,团险支公司,养老险公司,总部,寿险团险,安徽,,,网上交易,国寿养老险,2017-05-23,寿险团险,安徽,合肥,团险支公司
CL1013560182,周静,身份证,340505********1425,CL9117,福寿嘉年65期,"33,000.00","33,000.00","33,001.60",632087,寿险团险,安徽,34050279000030,,寿险团险,安徽,马鞍山市,马鞍山市团拓部,养老险公司,总部,寿险团险,安徽,,,网上交易,国寿养老险,2017-05-23,寿险团险,安徽,马鞍山市,马鞍山市团拓部
CL1014007066,张立新,身份证,340822********6213,CL9117,福寿嘉年65期,"50,000.00","50,000.00","50,000.97",632087,寿险团险,安徽,34082279000004,,寿险团险,安徽,安庆,怀宁,养老险公司,总部,寿险团险,安徽,,,网上交易,国寿养老险,2017-05-23,寿险团险,安徽,安庆,怀宁
CL1014129823,常瑞雪,身份证,340621********0827,CL9117,福寿嘉年65期,"50,000.00","50,000.00","50,000.49",632087,寿险团险,安徽,34060279000027,,寿险团险,安徽,淮北,团拓,养老险公司,总部,寿险团险,安徽,,,网上交易,国寿养老险,2017-05-23,寿险团险,安徽,淮北,团拓
CL1013560059,马美荣,身份证,342923********1241,CL9117,福寿嘉年65期,"40,000.00","40,000.00","40,001.94",632087,寿险团险,安徽,34292313401493,,寿险团险,安徽,池州,青阳支公司,养老险公司,总部,寿险团险,安徽,,,网上交易,国寿养老险,2017-05-23,寿险团险,安徽,池州,青阳支公司
CL1004283529,李景龙,身份证,342423********0012,CL9117,福寿嘉年65期,"50,000.00","50,000.00","50,002.43",303775,养老险公司,安徽,34242379000046,,寿险团险,安徽,六安,霍邱,,,养老险公司,安徽,,,APP,国寿养老险,2017-05-23,寿险团险,安徽,六安,霍邱
CL1004283529,李景龙,身份证,342423********0012,CL9117,福寿嘉年65期,"10,000.00","10,000.00","10,000.49",303775,养老险公司,安徽,34242379000046,,寿险团险,安徽,六安,霍邱,,,养老险公司,安徽,,,APP,国寿养老险,2017-05-23,寿险团险,安徽,六安,霍邱
CL1003565204,汪秀海,身份证,340824********2815,CL9117,福寿嘉年65期,"10,000.00","10,000.00","10,000.49",303775,养老险公司,安徽, ,,,,,,,,养老险公司,安徽,,,APP,国寿养老险,2017-05-23,养老险公司,安徽,,
CL1014129823,常瑞雪,身份证,340621********0827,CL9117,福寿嘉年65期,"50,000.00","50,000.00","50,000.49",632087,寿险团险,安徽,34060279000027,,寿险团险,安徽,淮北,团拓,养老险公司,总部,寿险团险,安徽,,,网上交易,国寿养老险,2017-05-23,寿险团险,安徽,淮北,团拓
CL1013724957,胡赵耘非,身份证,340826********1817,CL9117,福寿嘉年65期,"50,000.00","50,000.00","50,002.43",303775,养老险公司,安徽,34082679000003,,寿险团险,安徽,安庆,宿松,养老险公司,总部,养老险公司,安徽,,,网上交易,国寿养老险,2017-05-23,寿险团险,安徽,安庆,宿松
CL1013724957,胡赵耘非,身份证,340826********1817,CL9117,福寿嘉年65期,"50,000.00","50,000.00","50,002.43",303775,养老险公司,安徽,34082679000003,,寿险团险,安徽,安庆,宿松,养老险公司,总部,养老险公司,安徽,,,网上交易,国寿养老险,2017-05-23,寿险团险,安徽,安庆,宿松
CL1013724957,胡赵耘非,身份证,340826********1817,CL9117,福寿嘉年65期,"40,000.00","40,000.00","40,001.94",632087,寿险团险,安徽,34082679000003,,寿险团险,安徽,安庆,宿松,养老险公司,总部,寿险团险,安徽,,,网上交易,国寿养老险,2017-05-23,寿险团险,安徽,安庆,宿松
CL1013724957,胡赵耘非,身份证,340826********1817,CL9117,福寿嘉年65期,"50,000.00","50,000.00","50,002.43",632087,寿险团险,安徽,34082679000003,,寿险团险,安徽,安庆,宿松,养老险公司,总部,寿险团险,安徽,,,网上交易,国寿养老险,2017-05-23,寿险团险,安徽,安庆,宿松
CL1000847643,杨荣权,身份证,340803********2016,CL9117,福寿嘉年65期,"30,000.00","30,000.00","30,001.46",303775,养老险公司,安徽,34080179000010,,寿险团险,安徽,安庆,城区团拓部,养老险公司,总部,养老险公司,安徽,,,网上交易,国寿养老险,2017-05-23,寿险团险,安徽,安庆,城区团拓部
CL1000333044,沈志,身份证,340122********0019,CL9117,福寿嘉年65期,"50,000.00","50,000.00","50,002.43",632087,寿险团险,安徽,34010579000139,,寿险团险,安徽,合肥,团险支公司,养老险公司,总部,寿险团险,安徽,,,网上交易,国寿养老险,2017-05-23,寿险团险,安徽,合肥,团险支公司
CL1000333044,沈志,身份证,340122********0019,CL9117,福寿嘉年65期,"22,000.00","22,000.00","22,001.07",632087,寿险团险,安徽,34010579000139,,寿险团险,安徽,合肥,团险支公司,养老险公司,总部,寿险团险,安徽,,,网上交易,国寿养老险,2017-05-23,寿险团险,安徽,合肥,团险支公司
CL1014085817,戴茂元,身份证,340224********0034,CL9117,福寿嘉年65期,"10,000.00","10,000.00","10,000.19",632087,寿险团险,安徽,34292313401493,,寿险团险,安徽,池州,青阳支公司,养老险公司,总部,寿险团险,安徽,,,网上交易,国寿养老险,2017-05-23,寿险团险,安徽,池州,青阳支公司
CL1003741206,王成民,身份证,342201********0814,CL9117,福寿嘉年65期,"40,000.00","40,000.00","40,001.94",632087,寿险团险,安徽,34220379000008,,寿险团险,安徽,宿州,团拓部,养老险公司,总部,寿险团险,安徽,,,网上交易,国寿养老险,2017-05-23,寿险团险,安徽,宿州,团拓部
CL1002020028,王春妹,身份证,341021********0223,CL9117,福寿嘉年65期,"20,000.00","20,000.00","20,000.39",632087,寿险团险,安徽,34100279000003,,寿险团险,安徽,黄山,黄山市团拓部,养老险公司,总部,寿险团险,安徽,,,网上交易,国寿养老险,2017-05-23,寿险团险,安徽,黄山,黄山市团拓部
CL1000258448,韩忠宝,身份证,342422********0898,CL9117,福寿嘉年65期,"60,000.00","60,000.00","60,001.17",632087,寿险团险,安徽,34042279000020,,寿险团险,安徽,淮南,寿县支公司,养老险公司,总部,寿险团险,安徽,,,网上交易,国寿养老险,2017-05-23,寿险团险,安徽,淮南,寿县支公司
CL1013289000,梅雪,身份证,342423********2280,CL9117,福寿嘉年65期,"40,000.00","40,000.00","40,001.94",303775,养老险公司,安徽,34242379000046,,寿险团险,安徽,六安,霍邱,养老险公司,总部,养老险公司,安徽,,,网上交易,国寿养老险,2017-05-23,寿险团险,安徽,六安,霍邱
CL1000690168,潘坚云,身份证,340104********1027,CL9117,福寿嘉年65期,"50,000.00","50,000.00","50,002.43",632087,寿险团险,安徽,34011379000001,,寿险团险,安徽,合肥,团险拓展部,养老险公司,总部,寿险团险,安徽,,,网上交易,国寿养老险,2017-05-23,寿险团险,安徽,合肥,团险拓展部
CL1014006423,赵永玲,身份证,340621********0024,CL9117,福寿嘉年65期,"20,000.00","20,000.00","20,000.97",632087,寿险团险,安徽, ,,,,,,养老险公司,总部,寿险团险,安徽,,,网上交易,国寿养老险,2017-05-23,寿险团险,安徽,,
CL1014005680,朱汉臣,身份证,342222********6813,CL9117,福寿嘉年65期,"20,000.00","20,000.00","20,000.97",303775,养老险公司,安徽,34222279000009,,寿险团险,安徽,宿州,萧县支公司,养老险公司,总部,养老险公司,安徽,,,网上交易,国寿养老险,2017-05-23,寿险团险,安徽,宿州,萧县支公司
CL1014086249,冯克勤,身份证,342531********1719,CL9117,福寿嘉年65期,"40,000.00","40,000.00","40,000.78",632087,寿险团险,安徽,34253179000013,,寿险团险,安徽,宣城,绩溪支公司,养老险公司,总部,寿险团险,安徽,,,网上交易,国寿养老险,2017-05-23,寿险团险,安徽,宣城,绩溪支公司
CL1008619341,陶素梅,身份证,340603********1069,CL9117,福寿嘉年65期,"20,000.00","20,000.00","20,000.19", ,,,340603197403201045, ,财险公司,安徽,,,养老险公司,总部,财险公司,安徽,,,网上交易,国寿养老险,2017-05-23,财险公司,安徽,,
CL1008619341,陶素梅,身份证,340603********1069,CL9117,福寿嘉年65期,"50,000.00","50,000.00","50,000.49", ,,,340603197403201045, ,财险公司,安徽,,,养老险公司,总部,财险公司,安徽,,,网上交易,国寿养老险,2017-05-23,财险公司,安徽,,
CL1000982881,丁如意,身份证,340121********554X,CL9117,福寿嘉年65期,"10,000.00","10,000.00","10,000.49",303775,养老险公司,安徽,34012379000009,,寿险团险,安徽,合肥,肥西支公司,养老险公司,总部,养老险公司,安徽,,,网上交易,国寿养老险,2017-05-23,寿险团险,安徽,合肥,肥西支公司
CL1000700096,张晚珍,身份证,342700********0023,CL9117,福寿嘉年65期,"50,000.00","50,000.00","50,002.43",632087,寿险团险,安徽,34100279000003,,寿险团险,安徽,黄山,黄山市团拓部,养老险公司,总部,寿险团险,安徽,,,网上交易,国寿养老险,2017-05-23,寿险团险,安徽,黄山,黄山市团拓部
CL1000700096,张晚珍,身份证,342700********0023,CL9117,福寿嘉年65期,"50,000.00","50,000.00","50,000.97",632087,寿险团险,安徽,34100279000003,,寿险团险,安徽,黄山,黄山市团拓部,养老险公司,总部,寿险团险,安徽,,,网上交易,国寿养老险,2017-05-23,寿险团险,安徽,黄山,黄山市团拓部
CL1011119805,沐育芝,身份证,340521********464X,CL9117,福寿嘉年65期,"20,000.00","20,000.00","20,000.97",632087,寿险团险,安徽,34052179000028,,寿险团险,安徽,马鞍山市,当涂县团险部,养老险公司,总部,寿险团险,安徽,,,网上交易,国寿养老险,2017-05-23,寿险团险,安徽,马鞍山市,当涂县团险部
CL1000270164,葛庆华,身份证,342426********044X,CL9117,福寿嘉年65期,"50,000.00","50,000.00","50,000.97",632087,寿险团险,安徽,34242679000001,,寿险团险,安徽,六安,金寨,,,寿险团险,安徽,,,APP,国寿养老险,2017-05-23,寿险团险,安徽,六安,金寨
CL1013932795,方玉兰,身份证,342622********020X,CL9117,福寿嘉年65期,"60,000.00","60,000.00","60,002.92",632087,寿险团险,安徽,34012779000032,,寿险团险,安徽,合肥,庐江支公司,养老险公司,总部,寿险团险,安徽,,,网上交易,国寿养老险,2017-05-23,寿险团险,安徽,合肥,庐江支公司
CL1011336108,潘书琴,身份证,341125********0040,CL9117,福寿嘉年65期,"25,000.00","25,000.00","25,000.49",632087,寿险团险,安徽,34112579000047,,寿险团险,安徽,滁州,定远,,,寿险团险,安徽,,,APP,国寿养老险,2017-05-23,寿险团险,安徽,滁州,定远
CL1000942212,侯彩虹,身份证,340603********0426,CL9117,福寿嘉年65期,"35,000.00","35,000.00","35,001.70",632087,寿险团险,安徽,34060279000027,,寿险团险,安徽,淮北,团拓,养老险公司,总部,寿险团险,安徽,,,网上交易,国寿养老险,2017-05-23,寿险团险,安徽,淮北,团拓
CL1000429803,韦正芹,身份证,342427********3761,CL9117,福寿嘉年65期,"260,000.00","260,000.00","260,012.64",303775,养老险公司,安徽,34242779000023,,寿险团险,安徽,六安,霍山,养老险公司,总部,养老险公司,安徽,,,网上交易,国寿养老险,2017-05-23,寿险团险,安徽,六安,霍山
CL1014080845,程华,身份证,342821********3325,CL9117,福寿嘉年65期,"50,000.00","50,000.00","50,002.43",632087,寿险团险,安徽,34082279000004,,寿险团险,安徽,安庆,怀宁,养老险公司,总部,寿险团险,安徽,,,网上交易,国寿养老险,2017-05-23,寿险团险,安徽,安庆,怀宁
CL1014080845,程华,身份证,342821********3325,CL9117,福寿嘉年65期,"50,000.00","50,000.00","50,002.43",632087,寿险团险,安徽,34082279000004,,寿险团险,安徽,安庆,怀宁,养老险公司,总部,寿险团险,安徽,,,网上交易,国寿养老险,2017-05-23,寿险团险,安徽,安庆,怀宁
CL1000678120,欧阳岷,身份证,342321********002X,CL9117,福寿嘉年65期,"100,000.00","100,000.00","100,004.86",632087,寿险团险,安徽,34118179000041,,寿险团险,安徽,滁州,天长,养老险公司,总部,寿险团险,安徽,,,网上交易,国寿养老险,2017-05-23,寿险团险,安徽,滁州,天长
CL1000793017,张敏,身份证,342201********1229,CL9117,福寿嘉年65期,"52,000.00","52,000.00","52,002.53",632087,寿险团险,安徽,34220379000008,,寿险团险,安徽,宿州,团拓部,养老险公司,总部,寿险团险,安徽,,,网上交易,国寿养老险,2017-05-23,寿险团险,安徽,宿州,团拓部
CL1014082587,颜景岩,身份证,342225********8064,CL9117,福寿嘉年65期,"100,000.00","100,000.00","100,004.86",632087,寿险团险,安徽,34222579000006,,寿险团险,安徽,宿州,泗县支公司,养老险公司,总部,寿险团险,安徽,,,网上交易,国寿养老险,2017-05-23,寿险团险,安徽,宿州,泗县支公司
CL1003555917,王燕,身份证,340103********0522,CL9117,福寿嘉年65期,"50,000.00","50,000.00","50,002.43",303775,养老险公司,安徽,34011181000209,,寿险银保,安徽,,,养老险公司,总部,养老险公司,安徽,,,网上交易,国寿养老险,2017-05-23,寿险银保,安徽,,
CL1003555917,王燕,身份证,340103********0522,CL9117,福寿嘉年65期,"50,000.00","50,000.00","50,002.43",303775,养老险公司,安徽,34011181000209,,寿险银保,安徽,,,养老险公司,总部,养老险公司,安徽,,,网上交易,国寿养老险,2017-05-23,寿险银保,安徽,,
CL1003496500,李建宁,身份证,342601********0010,CL9117,福寿嘉年65期,"700,000.00","700,000.00","700,034.03",303775,养老险公司,安徽,34012679000023,,寿险团险,安徽,合肥,巢湖支公司,养老险公司,总部,养老险公司,安徽,,,网上交易,国寿养老险,2017-05-23,寿险团险,安徽,合肥,巢湖支公司
CL1013560259,俞良秋,身份证,620104********198X,CL9117,福寿嘉年65期,"18,000.00","18,000.00","18,000.88",632087,寿险团险,安徽,34050279000030,,寿险团险,安徽,马鞍山市,马鞍山市团拓部,养老险公司,总部,寿险团险,安徽,,,网上交易,国寿养老险,2017-05-23,寿险团险,安徽,马鞍山市,马鞍山市团拓部
CL1014084752,袁淑贞,身份证,340503********0043,CL9117,福寿嘉年65期,"40,000.00","40,000.00","40,001.94",632087,寿险团险,安徽,34050279000030,,寿险团险,安徽,马鞍山市,马鞍山市团拓部,养老险公司,总部,寿险团险,安徽,,,网上交易,国寿养老险,2017-05-23,寿险团险,安徽,马鞍山市,马鞍山市团拓部
CL1014004481,叶林凤,身份证,342623********484X,CL9117,福寿嘉年65期,"60,000.00","60,000.00","60,002.92",632087,寿险团险,安徽,34021379000025,,寿险团险,安徽,芜湖,无为县支公司,养老险公司,总部,寿险团险,安徽,,,网上交易,国寿养老险,2017-05-23,寿险团险,安徽,芜湖,无为县支公司
CL1000571253,庄怀先,身份证,342201********1216,CL9117,福寿嘉年65期,"20,000.00","20,000.00","20,000.97",632087,寿险团险,安徽,34220379000008,,寿险团险,安徽,宿州,团拓部,养老险公司,总部,寿险团险,安徽,,,网上交易,国寿养老险,2017-05-23,寿险团险,安徽,宿州,团拓部
CL1003102623,肖俊玲,身份证,342623********0343,CL9117,福寿嘉年65期,"50,000.00","50,000.00","50,002.43",632087,寿险团险,安徽,34021379000025,,寿险团险,安徽,芜湖,无为县支公司,养老险公司,总部,寿险团险,安徽,,,网上交易,国寿养老险,2017-05-23,寿险团险,安徽,芜湖,无为县支公司
CL1003564749,杨代凤,身份证,340222********4423,CL9117,福寿嘉年65期,"50,000.00","50,000.00","50,002.43",632087,寿险团险,安徽,34020179000036,,寿险团险,安徽,芜湖,团拓,养老险公司,总部,寿险团险,安徽,,,网上交易,国寿养老险,2017-05-23,寿险团险,安徽,芜湖,团拓
CL1003945828,胡娟,身份证,340223********6720,CL9117,福寿嘉年65期,"20,000.00","20,000.00","20,000.19", ,,,34020579000042,,寿险团险,安徽,芜湖,南陵支公司,,,寿险团险,安徽,芜湖,南陵支公司,APP,国寿养老险,2017-05-23,寿险团险,安徽,芜湖,南陵支公司
CL1012332386,张世华,身份证,342425********0430,CL9117,福寿嘉年65期,"30,000.00","30,000.00","30,001.46",632087,寿险团险,安徽,34242579000045,,寿险团险,安徽,六安,舒城,养老险公司,总部,寿险团险,安徽,,,网上交易,国寿养老险,2017-05-23,寿险团险,安徽,六安,舒城
CL1000259458,陈静,身份证,340103********0529,CL9117,福寿嘉年65期,"50,000.00","50,000.00","50,002.43",303775,养老险公司,安徽,34080179000005,,寿险团险,安徽,安庆,城区团拓部,养老险公司,总部,养老险公司,安徽,,,网上交易,国寿养老险,2017-05-23,寿险团险,安徽,安庆,城区团拓部
CL1007566030,王建亚,身份证,342201********0226,CL9117,福寿嘉年65期,"50,000.00","50,000.00","50,002.43",632087,寿险团险,安徽,34060279000027,,寿险团险,安徽,淮北,团拓,,,寿险团险,安徽,,,APP,国寿养老险,2017-05-23,寿险团险,安徽,淮北,团拓
CL1000244766,张本玉,身份证,342401********0060,CL9117,福寿嘉年65期,"300,000.00","300,000.00","300,014.58",303775,养老险公司,安徽,34242379000046,,寿险团险,安徽,六安,霍邱,养老险公司,总部,养老险公司,安徽,,,网上交易,国寿养老险,2017-05-23,寿险团险,安徽,六安,霍邱
CL1000985777,李振玲,身份证,340222********0048,CL9117,福寿嘉年65期,"100,000.00","100,000.00","100,004.86",632087,寿险团险,安徽,34020479000044,,寿险团险,安徽,芜湖,繁昌支公司,养老险公司,总部,寿险团险,安徽,,,网上交易,国寿养老险,2017-05-23,寿险团险,安徽,芜湖,繁昌支公司
CL1003495201,张颖,身份证,341126********0086,CL9117,福寿嘉年65期,"50,000.00","50,000.00","50,002.43",632087,寿险团险,安徽,34112679000003,,寿险团险,安徽,滁州,凤阳,养老险公司,总部,寿险团险,安徽,,,网上交易,国寿养老险,2017-05-23,寿险团险,安徽,滁州,凤阳
CL1003441694,涂菊华,身份证,340122********0161,CL9117,福寿嘉年65期,"150,000.00","150,000.00","150,001.46", ,,,34012379000018,,寿险团险,安徽,合肥,肥西支公司,养老险公司,总部,寿险团险,安徽,合肥,肥西支公司,网上交易,国寿养老险,2017-05-23,寿险团险,安徽,合肥,肥西支公司
CL1003495201,张颖,身份证,341126********0086,CL9117,福寿嘉年65期,"50,000.00","50,000.00","50,002.43",632087,寿险团险,安徽,34112679000003,,寿险团险,安徽,滁州,凤阳,养老险公司,总部,寿险团险,安徽,,,网上交易,国寿养老险,2017-05-23,寿险团险,安徽,滁州,凤阳
CL1003495201,张颖,身份证,341126********0086,CL9117,福寿嘉年65期,"50,000.00","50,000.00","50,002.43",632087,寿险团险,安徽,34112679000003,,寿险团险,安徽,滁州,凤阳,养老险公司,总部,寿险团险,安徽,,,网上交易,国寿养老险,2017-05-23,寿险团险,安徽,滁州,凤阳
CL1003495201,张颖,身份证,341126********0086,CL9117,福寿嘉年65期,"50,000.00","50,000.00","50,002.43",632087,寿险团险,安徽,34112679000003,,寿险团险,安徽,滁州,凤阳,养老险公司,总部,寿险团险,安徽,,,网上交易,国寿养老险,2017-05-23,寿险团险,安徽,滁州,凤阳
CL1000985955,卞国安,身份证,340104********2139,CL9117,福寿嘉年65期,"45,000.00","45,000.00","45,000.88",632087,寿险团险,安徽,34012279000050,,寿险团险,安徽,合肥,肥东支公司,养老险公司,总部,寿险团险,安徽,,,网上交易,国寿养老险,2017-05-23,寿险团险,安徽,合肥,肥东支公司
CL1014080523,王余多,身份证,342128********3018,CL9117,福寿嘉年65期,"30,000.00","30,000.00","30,001.46",632087,寿险团险,安徽,34242379000046,,寿险团险,安徽,六安,霍邱,,,寿险团险,安徽,,,APP,国寿养老险,2017-05-23,寿险团险,安徽,六安,霍邱
CL1002622551,吴亚新,身份证,342700********0028,CL9117,福寿嘉年65期,"150,000.00","150,000.00","150,001.46", ,,,34100279000003,,寿险团险,安徽,黄山,黄山市团拓部,养老险公司,总部,寿险团险,安徽,黄山,黄山市团拓部,网上交易,国寿养老险,2017-05-23,寿险团险,安徽,黄山,黄山市团拓部
CL1013414069,黄文斌,身份证,340211********1637,CL9117,福寿嘉年65期,"80,000.00","80,000.00","80,003.89",632087,寿险团险,安徽,34020179000045,,寿险团险,安徽,芜湖,团拓,养老险公司,总部,寿险团险,安徽,,,网上交易,国寿养老险,2017-05-23,寿险团险,安徽,芜湖,团拓

