﻿FUND_ACCT,CUST_NAME,CERT_TYPE,CERT_NO,FUND_CODE,FUND_NAME,APP_MONEY,ACK_MONEY,ACK_SHARE,INVITECODE,COMPANY_INVITE,BRANCH_INVITE_NEW,REFERID,CUSTNAME_REFER,COMPANY_REFER,BRANCH_REFER_NEW,CT_REFER,CR_REFER,COMPANY_ORG,ORGNAME,SALE_COMPANY_NAME_DTL,SALE_BRANCH_NAME,SALE_CT_NAME,SALE_CR_NAME,ACCEPT_METHOD,AGENCY_NAME,ACK_DATE,SALE_COMPANY_NAME_FEE,SALE_BRANCH_NAME_FEE1,SALE_CT_NAME_FEE,SALE_CR_NAME_FEE
CL1011432154,常平,身份证,340603********0269,CL9130,福寿嘉年72期,"10,000.00","10,000.00","10,000.58",092901,寿险团险,安徽,34060279000056,,寿险团险,安徽,淮北,团拓,,,寿险团险,安徽,,,APP,国寿养老险,2017-07-28,寿险团险,安徽,淮北,团拓
CL1004764427,张凤华,身份证,340505********0022,CL9130,福寿嘉年72期,"10,000.00","10,000.00","10,000.39", ,,,34050279000030,,寿险团险,安徽,马鞍山市,马鞍山市团拓部,养老险公司,总部,寿险团险,安徽,马鞍山市,马鞍山市团拓部,网上交易,国寿养老险,2017-07-28,寿险团险,安徽,马鞍山市,马鞍山市团拓部
CL1008595553,吴本友,身份证,342425********4712,CL9130,福寿嘉年72期,"10,000.00","10,000.00","10,000.39", ,,,34242579000045,,寿险团险,安徽,六安,舒城,养老险公司,总部,寿险团险,安徽,六安,舒城,网上交易,国寿养老险,2017-07-28,寿险团险,安徽,六安,舒城
CL1020737704,丁兰芳,身份证,342201********592X,CL9130,福寿嘉年72期,"110,000.00","110,000.00","110,004.28", ,,,34222579000006,,寿险团险,安徽,宿州,泗县支公司,养老险公司,总部,寿险团险,安徽,宿州,泗县支公司,网上交易,国寿养老险,2017-07-28,寿险团险,安徽,宿州,泗县支公司
CL1018030516,李非非,身份证,342301********0811,CL9130,福寿嘉年72期,"162,000.00","162,000.00","162,009.45",092901,寿险团险,安徽,34112679000003,,寿险团险,安徽,滁州,凤阳,养老险公司,总部,寿险团险,安徽,,,网上交易,国寿养老险,2017-07-28,寿险团险,安徽,滁州,凤阳
CL1000197477,夏玲敏,身份证,340802********0027,CL9130,福寿嘉年72期,"50,000.00","50,000.00","50,002.92",092901,寿险团险,安徽, ,,,,,,养老险公司,总部,寿险团险,安徽,,,网上交易,国寿养老险,2017-07-28,寿险团险,安徽,,
CL1009269072,征彩侠,身份证,342224********1223,CL9130,福寿嘉年72期,"50,000.00","50,000.00","50,001.94", ,,,34222479002415,,寿险团险,安徽,宿州,灵璧县支公司,养老险公司,总部,寿险团险,安徽,宿州,灵璧县支公司,网上交易,国寿养老险,2017-07-28,寿险团险,安徽,宿州,灵璧县支公司
CL1000919577,张慧,身份证,342701********1029,CL9130,福寿嘉年72期,"50,000.00","50,000.00","50,002.92",092901,寿险团险,安徽,34100279000003,,寿险团险,安徽,黄山,黄山市团拓部,养老险公司,总部,寿险团险,安徽,,,网上交易,国寿养老险,2017-07-28,寿险团险,安徽,黄山,黄山市团拓部
CL1021375984,宋静,身份证,340603********4224,CL9130,福寿嘉年72期,"50,000.00","50,000.00","50,002.92",092901,寿险团险,安徽,34060279000056,,寿险团险,安徽,淮北,团拓,养老险公司,总部,寿险团险,安徽,,,网上交易,国寿养老险,2017-07-28,寿险团险,安徽,淮北,团拓
CL1000838199,吴文,身份证,342701********2222,CL9130,福寿嘉年72期,"40,000.00","40,000.00","40,002.33",092901,寿险团险,安徽,34100279000003,,寿险团险,安徽,黄山,黄山市团拓部,养老险公司,总部,寿险团险,安徽,,,网上交易,国寿养老险,2017-07-28,寿险团险,安徽,黄山,黄山市团拓部
CL1021620902,杨晓云,身份证,340901********0026,CL9130,福寿嘉年72期,"30,000.00","30,000.00","30,001.17", ,,,34100379000010,,寿险团险,安徽,黄山,黄山区支公司,,,寿险团险,安徽,黄山,黄山区支公司,微信,国寿养老险,2017-07-28,寿险团险,安徽,黄山,黄山区支公司
CL1020918589,田泽美,身份证,342530********4540,CL9130,福寿嘉年72期,"100,000.00","100,000.00","100,004.86",092901,寿险团险,安徽,34253079006001,,寿险团险,安徽,宣城,旌德支公司,养老险公司,总部,寿险团险,安徽,,,网上交易,国寿养老险,2017-07-28,寿险团险,安徽,宣城,旌德支公司
CL1021621512,谢玉良,身份证,340603********063X,CL9130,福寿嘉年72期,"50,000.00","50,000.00","50,001.94", ,,,34062179000010,,寿险团险,安徽,淮北,濉溪县公司,养老险公司,总部,寿险团险,安徽,淮北,濉溪县公司,网上交易,国寿养老险,2017-07-28,寿险团险,安徽,淮北,濉溪县公司
CL1004443332,武天琦,身份证,341102********6452,CL9130,福寿嘉年72期,"52,000.00","52,000.00","52,003.03",092901,寿险团险,安徽,34112279000011,,寿险团险,安徽,滁州,来安,养老险公司,总部,寿险团险,安徽,,,网上交易,国寿养老险,2017-07-28,寿险团险,安徽,滁州,来安
CL1009645801,刘昌岭,身份证,341221********1315,CL9130,福寿嘉年72期,"70,000.00","70,000.00","70,004.08",092901,寿险团险,安徽,34212279000003,,寿险团险,安徽,阜阳,临泉支公司,养老险公司,总部,寿险团险,安徽,,,网上交易,国寿养老险,2017-07-28,寿险团险,安徽,阜阳,临泉支公司
CL1005379706,胡海鹏,身份证,342701********1417,CL9130,福寿嘉年72期,"20,000.00","20,000.00","20,001.17",092901,寿险团险,安徽,34100279000003,,寿险团险,安徽,黄山,黄山市团拓部,养老险公司,总部,寿险团险,安徽,,,网上交易,国寿养老险,2017-07-28,寿险团险,安徽,黄山,黄山市团拓部
CL1000700096,张晚珍,身份证,342700********0023,CL9130,福寿嘉年72期,"50,000.00","50,000.00","50,002.92",092901,寿险团险,安徽,34100279000003,,寿险团险,安徽,黄山,黄山市团拓部,养老险公司,总部,寿险团险,安徽,,,网上交易,国寿养老险,2017-07-28,寿险团险,安徽,黄山,黄山市团拓部
CL1021618084,谢慰,身份证,340603********0666,CL9130,福寿嘉年72期,"100,000.00","100,000.00","100,004.86",092901,寿险团险,安徽,34060279000056,,寿险团险,安徽,淮北,团拓,养老险公司,总部,寿险团险,安徽,,,网上交易,国寿养老险,2017-07-28,寿险团险,安徽,淮北,团拓
CL1000982881,丁如意,身份证,340121********554X,CL9130,福寿嘉年72期,"10,000.00","10,000.00","10,000.58",092901,寿险团险,安徽,34012379000009,,寿险团险,安徽,合肥,肥西支公司,养老险公司,总部,寿险团险,安徽,,,网上交易,国寿养老险,2017-07-28,寿险团险,安徽,合肥,肥西支公司
CL1000565462,孙霞,身份证,342324********0040,CL9130,福寿嘉年72期,"30,000.00","30,000.00","30,001.75",092901,寿险团险,安徽,YL34000006,张子明,养老险公司,安徽,,,养老险公司,总部,寿险团险,安徽,,,网上交易,国寿养老险,2017-07-28,养老险公司,安徽,,
CL1005490642,夏黎明,身份证,342623********0035,CL9130,福寿嘉年72期,"50,000.00","50,000.00","50,002.92",092901,寿险团险,安徽,34021379000025,,寿险团险,安徽,芜湖,无为县支公司,养老险公司,总部,寿险团险,安徽,,,网上交易,国寿养老险,2017-07-28,寿险团险,安徽,芜湖,无为县支公司
CL1005799388,沈煜,身份证,342529********0028,CL9130,福寿嘉年72期,"40,000.00","40,000.00","40,002.33",092901,寿险团险,安徽,34252979000011,,寿险团险,安徽,宣城,泾县支公司,养老险公司,总部,寿险团险,安徽,,,网上交易,国寿养老险,2017-07-28,寿险团险,安徽,宣城,泾县支公司
CL1000502534,洪枫,身份证,342601********0227,CL9130,福寿嘉年72期,"50,000.00","50,000.00","50,002.92",092901,寿险团险,安徽,34010579000139,,寿险团险,安徽,合肥,团险支公司,,,寿险团险,安徽,,,APP,国寿养老险,2017-07-28,寿险团险,安徽,合肥,团险支公司
CL1000863487,李梦雅,身份证,340802********0624,CL9130,福寿嘉年72期,"20,000.00","20,000.00","20,001.17",092901,寿险团险,安徽, ,,,,,,,,寿险团险,安徽,,,APP,国寿养老险,2017-07-28,寿险团险,安徽,,
CL1021098620,李军,身份证,340504********0634,CL9130,福寿嘉年72期,"20,000.00","20,000.00","20,000.97",092901,寿险团险,安徽,34050279000030,,寿险团险,安徽,马鞍山市,马鞍山市团拓部,养老险公司,总部,寿险团险,安徽,,,网上交易,国寿养老险,2017-07-28,寿险团险,安徽,马鞍山市,马鞍山市团拓部
CL1000668277,花明,身份证,342529********3010,CL9130,福寿嘉年72期,"50,000.00","50,000.00","50,001.94", ,,,34252979000011,,寿险团险,安徽,宣城,泾县支公司,养老险公司,总部,寿险团险,安徽,宣城,泾县支公司,网上交易,国寿养老险,2017-07-28,寿险团险,安徽,宣城,泾县支公司
CL1001067394,姚国玉,身份证,342321********1625,CL9130,福寿嘉年72期,"100,000.00","100,000.00","100,005.83",092901,寿险团险,安徽,34118179000041,,寿险团险,安徽,滁州,天长,养老险公司,总部,寿险团险,安徽,,,网上交易,国寿养老险,2017-07-28,寿险团险,安徽,滁州,天长
CL1008631323,张广珍,身份证,340403********162X,CL9130,福寿嘉年72期,"50,000.00","50,000.00","50,001.94", ,,,34040471000022,,寿险团险,安徽,淮南,谢家集支公司,养老险公司,总部,寿险团险,安徽,淮南,谢家集支公司,网上交易,国寿养老险,2017-07-28,寿险团险,安徽,淮南,谢家集支公司
CL1008631323,张广珍,身份证,340403********162X,CL9130,福寿嘉年72期,"50,000.00","50,000.00","50,001.94", ,,,34040471000022,,寿险团险,安徽,淮南,谢家集支公司,养老险公司,总部,寿险团险,安徽,淮南,谢家集支公司,网上交易,国寿养老险,2017-07-28,寿险团险,安徽,淮南,谢家集支公司
CL1008631323,张广珍,身份证,340403********162X,CL9130,福寿嘉年72期,"50,000.00","50,000.00","50,001.94", ,,,34040471000022,,寿险团险,安徽,淮南,谢家集支公司,养老险公司,总部,寿险团险,安徽,淮南,谢家集支公司,网上交易,国寿养老险,2017-07-28,寿险团险,安徽,淮南,谢家集支公司
CL1008631323,张广珍,身份证,340403********162X,CL9130,福寿嘉年72期,"50,000.00","50,000.00","50,001.94", ,,,34040471000022,,寿险团险,安徽,淮南,谢家集支公司,养老险公司,总部,寿险团险,安徽,淮南,谢家集支公司,网上交易,国寿养老险,2017-07-28,寿险团险,安徽,淮南,谢家集支公司
CL1002080159,朱海燕,身份证,340403********1822,CL9130,福寿嘉年72期,"30,000.00","30,000.00","30,001.75",092901,寿险团险,安徽,34041179000035,,寿险团险,安徽,淮南,团拓部,养老险公司,总部,寿险团险,安徽,,,网上交易,国寿养老险,2017-07-28,寿险团险,安徽,淮南,团拓部
CL1000112023,凌荣,身份证,342401********4921,CL9130,福寿嘉年72期,"50,000.00","50,000.00","50,001.94", ,,,341226196805050111, ,财险公司,安徽,,,养老险公司,总部,财险公司,安徽,,,网上交易,国寿养老险,2017-07-28,财险公司,安徽,,
CL1000112023,凌荣,身份证,342401********4921,CL9130,福寿嘉年72期,"50,000.00","50,000.00","50,001.94", ,,,341226196805050111, ,财险公司,安徽,,,养老险公司,总部,财险公司,安徽,,,网上交易,国寿养老险,2017-07-28,财险公司,安徽,,
CL1000112023,凌荣,身份证,342401********4921,CL9130,福寿嘉年72期,"50,000.00","50,000.00","50,001.94", ,,,341226196805050111, ,财险公司,安徽,,,养老险公司,总部,财险公司,安徽,,,网上交易,国寿养老险,2017-07-28,财险公司,安徽,,
CL1000112023,凌荣,身份证,342401********4921,CL9130,福寿嘉年72期,"50,000.00","50,000.00","50,001.94", ,,,341226196805050111, ,财险公司,安徽,,,养老险公司,总部,财险公司,安徽,,,网上交易,国寿养老险,2017-07-28,财险公司,安徽,,
CL1000112023,凌荣,身份证,342401********4921,CL9130,福寿嘉年72期,"50,000.00","50,000.00","50,001.94", ,,,341226196805050111, ,财险公司,安徽,,,养老险公司,总部,财险公司,安徽,,,网上交易,国寿养老险,2017-07-28,财险公司,安徽,,
CL1000112023,凌荣,身份证,342401********4921,CL9130,福寿嘉年72期,"50,000.00","50,000.00","50,001.94", ,,,341226196805050111, ,财险公司,安徽,,,养老险公司,总部,财险公司,安徽,,,网上交易,国寿养老险,2017-07-28,财险公司,安徽,,
CL1008071012,丁玉美,身份证,340604********0228,CL9130,福寿嘉年72期,"11,000.00","11,000.00","11,000.64",092901,寿险团险,安徽,34060279000056,,寿险团险,安徽,淮北,团拓,养老险公司,总部,寿险团险,安徽,,,网上交易,国寿养老险,2017-07-28,寿险团险,安徽,淮北,团拓
CL1008071012,丁玉美,身份证,340604********0228,CL9130,福寿嘉年72期,"51,000.00","51,000.00","51,002.98",092901,寿险团险,安徽, ,,,,,,养老险公司,总部,寿险团险,安徽,,,网上交易,国寿养老险,2017-07-28,寿险团险,安徽,,
CL1021621078,杨平,身份证,341003********0012,CL9130,福寿嘉年72期,"20,000.00","20,000.00","20,000.78", ,,,34100379000010,,寿险团险,安徽,黄山,黄山区支公司,,,寿险团险,安徽,黄山,黄山区支公司,微信,国寿养老险,2017-07-28,寿险团险,安徽,黄山,黄山区支公司
CL1015407326,高潮,身份证,340304********0433,CL9130,福寿嘉年72期,"20,000.00","20,000.00","20,000.78", ,,,34032179000051,,寿险团险,安徽,蚌埠,怀远县支公司,养老险公司,总部,寿险团险,安徽,蚌埠,怀远县支公司,网上交易,国寿养老险,2017-07-28,寿险团险,安徽,蚌埠,怀远县支公司
CL1018505012,刘冲英,身份证,340503********0220,CL9130,福寿嘉年72期,"50,000.00","50,000.00","50,002.43",092901,寿险团险,安徽,34050579000003,,寿险团险,安徽,马鞍山市,含山县团险部,养老险公司,总部,寿险团险,安徽,,,网上交易,国寿养老险,2017-07-28,寿险团险,安徽,马鞍山市,含山县团险部
CL1000432342,王德霞,身份证,342425********0022,CL9130,福寿嘉年72期,"10,000.00","10,000.00","10,000.39", ,,,34242579000045,,寿险团险,安徽,六安,舒城,养老险公司,总部,寿险团险,安徽,六安,舒城,网上交易,国寿养老险,2017-07-28,寿险团险,安徽,六安,舒城
CL1008071012,丁玉美,身份证,340604********0228,CL9130,福寿嘉年72期,"50,000.00","50,000.00","50,002.92",092901,寿险团险,安徽,34060279000056,,寿险团险,安徽,淮北,团拓,养老险公司,总部,寿险团险,安徽,,,网上交易,国寿养老险,2017-07-28,寿险团险,安徽,淮北,团拓
CL1020918545,郑根娣,身份证,342530********4524,CL9130,福寿嘉年72期,"100,000.00","100,000.00","100,004.86",092901,寿险团险,安徽,34253079006001,,寿险团险,安徽,宣城,旌德支公司,养老险公司,总部,寿险团险,安徽,,,网上交易,国寿养老险,2017-07-28,寿险团险,安徽,宣城,旌德支公司
CL1014004869,都贻斌,身份证,342822********0011,CL9130,福寿嘉年72期,"65,000.00","65,000.00","65,003.79",092901,寿险团险,安徽,34082179000003,,寿险团险,安徽,安庆,桐城,养老险公司,总部,寿险团险,安徽,,,网上交易,国寿养老险,2017-07-28,寿险团险,安徽,安庆,桐城
CL1000832439,王秀玲,身份证,341125********0027,CL9130,福寿嘉年72期,"50,000.00","50,000.00","50,002.92",092901,寿险团险,安徽,34112579000047,,寿险团险,安徽,滁州,定远,养老险公司,总部,寿险团险,安徽,,,网上交易,国寿养老险,2017-07-28,寿险团险,安徽,滁州,定远
CL1020296653,石阡,身份证,340602********2226,CL9130,福寿嘉年72期,"140,000.00","140,000.00","140,008.17",092901,寿险团险,安徽,34060279000056,,寿险团险,安徽,淮北,团拓,养老险公司,总部,寿险团险,安徽,,,网上交易,国寿养老险,2017-07-28,寿险团险,安徽,淮北,团拓
CL1000689405,江湘龙,身份证,342821********6212,CL9130,福寿嘉年72期,"50,000.00","50,000.00","50,002.43",092901,寿险团险,安徽,34250179000009,,寿险团险,安徽,宣城,团拓,养老险公司,总部,寿险团险,安徽,,,网上交易,国寿养老险,2017-07-28,寿险团险,安徽,宣城,团拓
CL1000689405,江湘龙,身份证,342821********6212,CL9130,福寿嘉年72期,"50,000.00","50,000.00","50,002.43",092901,寿险团险,安徽,34250179000009,,寿险团险,安徽,宣城,团拓,养老险公司,总部,寿险团险,安徽,,,网上交易,国寿养老险,2017-07-28,寿险团险,安徽,宣城,团拓
CL1000689405,江湘龙,身份证,342821********6212,CL9130,福寿嘉年72期,"50,000.00","50,000.00","50,002.43",092901,寿险团险,安徽,34250179000009,,寿险团险,安徽,宣城,团拓,养老险公司,总部,寿险团险,安徽,,,网上交易,国寿养老险,2017-07-28,寿险团险,安徽,宣城,团拓
CL1000689405,江湘龙,身份证,342821********6212,CL9130,福寿嘉年72期,"300,000.00","300,000.00","300,014.58",092901,寿险团险,安徽,34250179000009,,寿险团险,安徽,宣城,团拓,养老险公司,总部,寿险团险,安徽,,,网上交易,国寿养老险,2017-07-28,寿险团险,安徽,宣城,团拓
CL1000689405,江湘龙,身份证,342821********6212,CL9130,福寿嘉年72期,"1,000,000.00","1,000,000.00","1,000,048.61",092901,寿险团险,安徽,34250179000009,,寿险团险,安徽,宣城,团拓,养老险公司,总部,寿险团险,安徽,,,网上交易,国寿养老险,2017-07-28,寿险团险,安徽,宣城,团拓
CL1000689405,江湘龙,身份证,342821********6212,CL9130,福寿嘉年72期,"50,000.00","50,000.00","50,002.43",092901,寿险团险,安徽,34250179000009,,寿险团险,安徽,宣城,团拓,养老险公司,总部,寿险团险,安徽,,,网上交易,国寿养老险,2017-07-28,寿险团险,安徽,宣城,团拓
CL1000689405,江湘龙,身份证,342821********6212,CL9130,福寿嘉年72期,"50,000.00","50,000.00","50,002.43",092901,寿险团险,安徽,34250179000009,,寿险团险,安徽,宣城,团拓,养老险公司,总部,寿险团险,安徽,,,网上交易,国寿养老险,2017-07-28,寿险团险,安徽,宣城,团拓
CL1000689405,江湘龙,身份证,342821********6212,CL9130,福寿嘉年72期,"50,000.00","50,000.00","50,002.43",092901,寿险团险,安徽,34250179000009,,寿险团险,安徽,宣城,团拓,养老险公司,总部,寿险团险,安徽,,,网上交易,国寿养老险,2017-07-28,寿险团险,安徽,宣城,团拓
CL1000689405,江湘龙,身份证,342821********6212,CL9130,福寿嘉年72期,"50,000.00","50,000.00","50,002.43",092901,寿险团险,安徽,34250179000009,,寿险团险,安徽,宣城,团拓,养老险公司,总部,寿险团险,安徽,,,网上交易,国寿养老险,2017-07-28,寿险团险,安徽,宣城,团拓
CL1000689405,江湘龙,身份证,342821********6212,CL9130,福寿嘉年72期,"50,000.00","50,000.00","50,002.43",092901,寿险团险,安徽,34250179000009,,寿险团险,安徽,宣城,团拓,养老险公司,总部,寿险团险,安徽,,,网上交易,国寿养老险,2017-07-28,寿险团险,安徽,宣城,团拓
CL1000689405,江湘龙,身份证,342821********6212,CL9130,福寿嘉年72期,"1,000,000.00","1,000,000.00","1,000,048.61",092901,寿险团险,安徽,34250179000009,,寿险团险,安徽,宣城,团拓,养老险公司,总部,寿险团险,安徽,,,网上交易,国寿养老险,2017-07-28,寿险团险,安徽,宣城,团拓
CL1000689405,江湘龙,身份证,342821********6212,CL9130,福寿嘉年72期,"50,000.00","50,000.00","50,002.43",092901,寿险团险,安徽,34250179000009,,寿险团险,安徽,宣城,团拓,养老险公司,总部,寿险团险,安徽,,,网上交易,国寿养老险,2017-07-28,寿险团险,安徽,宣城,团拓
CL1000689405,江湘龙,身份证,342821********6212,CL9130,福寿嘉年72期,"50,000.00","50,000.00","50,002.43",092901,寿险团险,安徽,34250179000009,,寿险团险,安徽,宣城,团拓,养老险公司,总部,寿险团险,安徽,,,网上交易,国寿养老险,2017-07-28,寿险团险,安徽,宣城,团拓
CL1000456788,汪国瑞,身份证,342724********7118,CL9130,福寿嘉年72期,"40,000.00","40,000.00","40,002.33",092901,寿险团险,安徽,34102271000003,,寿险团险,安徽,黄山,休宁县支公司,养老险公司,总部,寿险团险,安徽,,,网上交易,国寿养老险,2017-07-28,寿险团险,安徽,黄山,休宁县支公司
CL1004282264,汪素皊,身份证,340603********0622,CL9130,福寿嘉年72期,"20,000.00","20,000.00","20,000.78", ,,,34060279000056,,寿险团险,安徽,淮北,团拓,养老险公司,总部,寿险团险,安徽,淮北,团拓,网上交易,国寿养老险,2017-07-28,寿险团险,安徽,淮北,团拓
CL1005490642,夏黎明,身份证,342623********0035,CL9130,福寿嘉年72期,"20,000.00","20,000.00","20,001.17",092901,寿险团险,安徽,34021379000025,,寿险团险,安徽,芜湖,无为县支公司,养老险公司,总部,寿险团险,安徽,,,网上交易,国寿养老险,2017-07-28,寿险团险,安徽,芜湖,无为县支公司
CL1000502534,洪枫,身份证,342601********0227,CL9130,福寿嘉年72期,"40,000.00","40,000.00","40,001.94",092901,寿险团险,安徽,34010579000139,,寿险团险,安徽,合肥,团险支公司,,,寿险团险,安徽,,,APP,国寿养老险,2017-07-28,寿险团险,安徽,合肥,团险支公司
CL1004907586,盛明红,身份证,340421********0044,CL9130,福寿嘉年72期,"10,000.00","10,000.00","10,000.39", ,,,34042179000010,,寿险团险,安徽,淮南,凤台县支公司,养老险公司,总部,寿险团险,安徽,淮南,凤台县支公司,网上交易,国寿养老险,2017-07-28,寿险团险,安徽,淮南,凤台县支公司
CL1000833283,孙方林,身份证,320322********0326,CL9130,福寿嘉年72期,"100,000.00","100,000.00","100,003.89", ,,,34060279000056,,寿险团险,安徽,淮北,团拓,养老险公司,总部,寿险团险,安徽,淮北,团拓,网上交易,国寿养老险,2017-07-28,寿险团险,安徽,淮北,团拓
CL1000833283,孙方林,身份证,320322********0326,CL9130,福寿嘉年72期,"250,000.00","250,000.00","250,009.72", ,,,34060279000056,,寿险团险,安徽,淮北,团拓,养老险公司,总部,寿险团险,安徽,淮北,团拓,网上交易,国寿养老险,2017-07-28,寿险团险,安徽,淮北,团拓
CL1000833283,孙方林,身份证,320322********0326,CL9130,福寿嘉年72期,"150,000.00","150,000.00","150,005.83", ,,,34060279000056,,寿险团险,安徽,淮北,团拓,养老险公司,总部,寿险团险,安徽,淮北,团拓,网上交易,国寿养老险,2017-07-28,寿险团险,安徽,淮北,团拓
CL1021374907,刘家芬,身份证,342421********8243,CL9130,福寿嘉年72期,"230,000.00","230,000.00","230,013.42",092901,寿险团险,安徽,34240179000022,,寿险团险,安徽,六安,团拓,养老险公司,总部,寿险团险,安徽,,,网上交易,国寿养老险,2017-07-28,寿险团险,安徽,六安,团拓
CL1000959168,王俊,身份证,340204********2620,CL9130,福寿嘉年72期,"10,000.00","10,000.00","10,000.39", ,,,34020179000036,,寿险团险,安徽,芜湖,团拓,养老险公司,总部,寿险团险,安徽,芜湖,团拓,网上交易,国寿养老险,2017-07-28,寿险团险,安徽,芜湖,团拓
CL1020296531,黄永珍,身份证,340502********0228,CL9130,福寿嘉年72期,"50,000.00","50,000.00","50,002.43",092901,寿险团险,安徽,34050579000003,,寿险团险,安徽,马鞍山市,含山县团险部,养老险公司,总部,寿险团险,安徽,,,网上交易,国寿养老险,2017-07-28,寿险团险,安徽,马鞍山市,含山县团险部
CL1000158196,鄢云翠,身份证,340202********1029,CL9130,福寿嘉年72期,"46,000.00","46,000.00","46,002.68",092901,寿险团险,安徽, ,,,,,,养老险公司,总部,寿险团险,安徽,,,网上交易,国寿养老险,2017-07-28,寿险团险,安徽,,
CL1000779815,刘运琴,身份证,342401********1683,CL9130,福寿嘉年72期,"15,000.00","15,000.00","15,000.88",092901,寿险团险,安徽,34240179000022,,寿险团险,安徽,六安,团拓,养老险公司,总部,寿险团险,安徽,,,网上交易,国寿养老险,2017-07-28,寿险团险,安徽,六安,团拓
CL1001064964,王兵,身份证,342201********0012,CL9130,福寿嘉年72期,"30,000.00","30,000.00","30,001.75",092901,寿险团险,安徽,34222179000021,,寿险团险,安徽,宿州,砀山县支公司,养老险公司,总部,寿险团险,安徽,,,网上交易,国寿养老险,2017-07-28,寿险团险,安徽,宿州,砀山县支公司
CL1017795812,梁华,身份证,340502********0645,CL9130,福寿嘉年72期,"40,000.00","40,000.00","40,001.94",092901,寿险团险,安徽,34050279000030,,寿险团险,安徽,马鞍山市,马鞍山市团拓部,养老险公司,总部,寿险团险,安徽,,,网上交易,国寿养老险,2017-07-28,寿险团险,安徽,马鞍山市,马鞍山市团拓部
CL1011255419,杨传才,身份证,342822********3518,CL9130,福寿嘉年72期,"30,000.00","30,000.00","30,001.75",092901,寿险团险,安徽,34082179000003,,寿险团险,安徽,安庆,桐城,养老险公司,总部,寿险团险,安徽,,,网上交易,国寿养老险,2017-07-28,寿险团险,安徽,安庆,桐城
CL1008459938,常青,身份证,342422********0183,CL9130,福寿嘉年72期,"50,000.00","50,000.00","50,002.92",092901,寿险团险,安徽, ,,,,,,养老险公司,总部,寿险团险,安徽,,,网上交易,国寿养老险,2017-07-28,寿险团险,安徽,,
CL1008046968,周云,身份证,340603********0429,CL9130,福寿嘉年72期,"50,000.00","50,000.00","50,002.43",092901,寿险团险,安徽,34060279000056,,寿险团险,安徽,淮北,团拓,养老险公司,总部,寿险团险,安徽,,,网上交易,国寿养老险,2017-07-28,寿险团险,安徽,淮北,团拓
CL1018029897,周泽兰,身份证,340702********0028,CL9130,福寿嘉年72期,"140,000.00","140,000.00","140,008.17",092901,寿险团险,安徽,34070379001002,,寿险团险,安徽,铜陵,团拓部（城区）,养老险公司,总部,寿险团险,安徽,,,网上交易,国寿养老险,2017-07-28,寿险团险,安徽,铜陵,团拓部（城区）
CL1000700096,张晚珍,身份证,342700********0023,CL9130,福寿嘉年72期,"50,000.00","50,000.00","50,002.92",092901,寿险团险,安徽,34100279000003,,寿险团险,安徽,黄山,黄山市团拓部,养老险公司,总部,寿险团险,安徽,,,网上交易,国寿养老险,2017-07-28,寿险团险,安徽,黄山,黄山市团拓部
CL1007903311,陈家荣,身份证,340505********1212,CL9130,福寿嘉年72期,"50,000.00","50,000.00","50,002.43",092901,寿险团险,安徽,34050279000030,,寿险团险,安徽,马鞍山市,马鞍山市团拓部,养老险公司,总部,寿险团险,安徽,,,网上交易,国寿养老险,2017-07-28,寿险团险,安徽,马鞍山市,马鞍山市团拓部
CL1007903311,陈家荣,身份证,340505********1212,CL9130,福寿嘉年72期,"24,000.00","24,000.00","24,001.17",092901,寿险团险,安徽,34050279000030,,寿险团险,安徽,马鞍山市,马鞍山市团拓部,养老险公司,总部,寿险团险,安徽,,,网上交易,国寿养老险,2017-07-28,寿险团险,安徽,马鞍山市,马鞍山市团拓部
CL1001066040,祝惠芳,身份证,342724********0027,CL9130,福寿嘉年72期,"36,000.00","36,000.00","36,001.40", ,,,34102271000003,,寿险团险,安徽,黄山,休宁县支公司,养老险公司,总部,寿险团险,安徽,黄山,休宁县支公司,网上交易,国寿养老险,2017-07-28,寿险团险,安徽,黄山,休宁县支公司
CL1010411919,胡爱花,身份证,342700********0027,CL9130,福寿嘉年72期,"50,000.00","50,000.00","50,002.43",092901,寿险团险,安徽,34100279000003,,寿险团险,安徽,黄山,黄山市团拓部,养老险公司,总部,寿险团险,安徽,,,网上交易,国寿养老险,2017-07-28,寿险团险,安徽,黄山,黄山市团拓部
CL1001065696,甄静,身份证,340304********1241,CL9130,福寿嘉年72期,"50,000.00","50,000.00","50,002.43",092901,寿险团险,安徽,34031079000016,,寿险团险,安徽,蚌埠,团拓,养老险公司,总部,寿险团险,安徽,,,网上交易,国寿养老险,2017-07-28,寿险团险,安徽,蚌埠,团拓
CL1011257484,赵玉芝,身份证,340405********0641,CL9130,福寿嘉年72期,"30,000.00","30,000.00","30,001.46",092901,寿险团险,安徽, ,,,,,,,,寿险团险,安徽,,,APP,国寿养老险,2017-07-28,寿险团险,安徽,,
CL1014160857,王梅,身份证,342221********1609,CL9130,福寿嘉年72期,"30,000.00","30,000.00","30,001.46",092901,寿险团险,安徽,34222179002172,,寿险团险,安徽,宿州,砀山县支公司,养老险公司,总部,寿险团险,安徽,,,网上交易,国寿养老险,2017-07-28,寿险团险,安徽,宿州,砀山县支公司
CL1000233314,夏继林,身份证,342324********0016,CL9130,福寿嘉年72期,"50,000.00","50,000.00","50,002.92",092901,寿险团险,安徽,YL34000006,张子明,养老险公司,安徽,,,养老险公司,总部,寿险团险,安徽,,,网上交易,国寿养老险,2017-07-28,养老险公司,安徽,,
CL1000233314,夏继林,身份证,342324********0016,CL9130,福寿嘉年72期,"50,000.00","50,000.00","50,002.92",092901,寿险团险,安徽,YL34000006,张子明,养老险公司,安徽,,,养老险公司,总部,寿险团险,安徽,,,网上交易,国寿养老险,2017-07-28,养老险公司,安徽,,
CL1000233314,夏继林,身份证,342324********0016,CL9130,福寿嘉年72期,"50,000.00","50,000.00","50,002.92",092901,寿险团险,安徽,YL34000006,张子明,养老险公司,安徽,,,养老险公司,总部,寿险团险,安徽,,,网上交易,国寿养老险,2017-07-28,养老险公司,安徽,,
CL1000233314,夏继林,身份证,342324********0016,CL9130,福寿嘉年72期,"10,000.00","10,000.00","10,000.58",092901,寿险团险,安徽,YL34000006,张子明,养老险公司,安徽,,,养老险公司,总部,寿险团险,安徽,,,网上交易,国寿养老险,2017-07-28,养老险公司,安徽,,
CL1021249434,吴中巧,身份证,342601********2645,CL9130,福寿嘉年72期,"70,000.00","70,000.00","70,004.08",092901,寿险团险,安徽,34012679000023,,寿险团险,安徽,合肥,巢湖支公司,养老险公司,总部,寿险团险,安徽,,,网上交易,国寿养老险,2017-07-28,寿险团险,安徽,合肥,巢湖支公司
CL1021098508,陈道平,身份证,320121********3518,CL9130,福寿嘉年72期,"50,000.00","50,000.00","50,002.43",092901,寿险团险,安徽,34050579000003,,寿险团险,安徽,马鞍山市,含山县团险部,养老险公司,总部,寿险团险,安徽,,,网上交易,国寿养老险,2017-07-28,寿险团险,安徽,马鞍山市,含山县团险部
CL1021098508,陈道平,身份证,320121********3518,CL9130,福寿嘉年72期,"40,000.00","40,000.00","40,001.94",092901,寿险团险,安徽,34050579000003,,寿险团险,安徽,马鞍山市,含山县团险部,养老险公司,总部,寿险团险,安徽,,,网上交易,国寿养老险,2017-07-28,寿险团险,安徽,马鞍山市,含山县团险部
CL1012869288,芮爱芳,身份证,340221********8227,CL9130,福寿嘉年72期,"60,000.00","60,000.00","60,003.50",092901,寿险团险,安徽,34020379000035,,寿险团险,安徽,芜湖,芜湖县支公司,养老险公司,总部,寿险团险,安徽,,,网上交易,国寿养老险,2017-07-28,寿险团险,安徽,芜湖,芜湖县支公司
CL1021249234,朱玉屏,身份证,340603********0612,CL9130,福寿嘉年72期,"10,000.00","10,000.00","10,000.58",092901,寿险团险,安徽,34060279000027,,寿险团险,安徽,淮北,团拓,养老险公司,总部,寿险团险,安徽,,,网上交易,国寿养老险,2017-07-28,寿险团险,安徽,淮北,团拓
CL1020918301,周合林,身份证,340504********0613,CL9130,福寿嘉年72期,"50,000.00","50,000.00","50,002.43",092901,寿险团险,安徽,34050579000003,,寿险团险,安徽,马鞍山市,含山县团险部,养老险公司,总部,寿险团险,安徽,,,网上交易,国寿养老险,2017-07-28,寿险团险,安徽,马鞍山市,含山县团险部
CL1020918301,周合林,身份证,340504********0613,CL9130,福寿嘉年72期,"50,000.00","50,000.00","50,002.43",092901,寿险团险,安徽,34050579000003,,寿险团险,安徽,马鞍山市,含山县团险部,养老险公司,总部,寿险团险,安徽,,,网上交易,国寿养老险,2017-07-28,寿险团险,安徽,马鞍山市,含山县团险部
CL1020918301,周合林,身份证,340504********0613,CL9130,福寿嘉年72期,"50,000.00","50,000.00","50,002.43",092901,寿险团险,安徽,34050579000003,,寿险团险,安徽,马鞍山市,含山县团险部,养老险公司,总部,寿险团险,安徽,,,网上交易,国寿养老险,2017-07-28,寿险团险,安徽,马鞍山市,含山县团险部
CL1020918301,周合林,身份证,340504********0613,CL9130,福寿嘉年72期,"50,000.00","50,000.00","50,002.43",092901,寿险团险,安徽,34050579000003,,寿险团险,安徽,马鞍山市,含山县团险部,养老险公司,总部,寿险团险,安徽,,,网上交易,国寿养老险,2017-07-28,寿险团险,安徽,马鞍山市,含山县团险部
CL1021718414,封波,身份证,342425********0016,CL9130,福寿嘉年72期,"50,000.00","50,000.00","50,001.94", ,,,34222579000006,,寿险团险,安徽,宿州,泗县支公司,养老险公司,总部,寿险团险,安徽,宿州,泗县支公司,网上交易,国寿养老险,2017-07-28,寿险团险,安徽,宿州,泗县支公司
CL1021718414,封波,身份证,342425********0016,CL9130,福寿嘉年72期,"20,000.00","20,000.00","20,000.78", ,,,34222579000006,,寿险团险,安徽,宿州,泗县支公司,养老险公司,总部,寿险团险,安徽,宿州,泗县支公司,网上交易,国寿养老险,2017-07-28,寿险团险,安徽,宿州,泗县支公司
CL1021718414,封波,身份证,342425********0016,CL9130,福寿嘉年72期,"50,000.00","50,000.00","50,001.94", ,,,34222579000006,,寿险团险,安徽,宿州,泗县支公司,养老险公司,总部,寿险团险,安徽,宿州,泗县支公司,网上交易,国寿养老险,2017-07-28,寿险团险,安徽,宿州,泗县支公司

