﻿FUND_ACCT,CUST_NAME,CERT_TYPE,CERT_NO,FUND_CODE,FUND_NAME,APP_MONEY,ACK_MONEY,ACK_SHARE,INVITECODE,COMPANY_INVITE,BRANCH_INVITE_NEW,REFERID,CUSTNAME_REFER,COMPANY_REFER,BRANCH_REFER_NEW,CT_REFER,CR_REFER,COMPANY_ORG,ORGNAME,SALE_COMPANY_NAME_DTL,SALE_BRANCH_NAME,SALE_CT_NAME,SALE_CR_NAME,ACCEPT_METHOD,AGENCY_NAME,ACK_DATE,SALE_COMPANY_NAME_FEE,SALE_BRANCH_NAME_FEE1,SALE_CT_NAME_FEE,SALE_CR_NAME_FEE
CL1030677737,丁志勇,身份证,341122********501X,CL9141,福寿嘉年78期,"120,000.00","120,000.00","120,007.00",864984,寿险团险,安徽,34112279000011,,寿险团险,安徽,滁州,来安,养老险公司,总部,寿险团险,安徽,,,网上交易,国寿养老险,2017-10-27,寿险团险,安徽,滁州,来安
CL1043179144,王昌松,身份证,342529********1414,CL9141,福寿嘉年78期,"50,000.00","50,000.00","50,001.46", ,,,34252979000011,,寿险团险,安徽,宣城,泾县支公司,养老险公司,总部,寿险团险,安徽,宣城,泾县支公司,网上交易,国寿养老险,2017-10-27,寿险团险,安徽,宣城,泾县支公司
CL1008591046,余广兰,身份证,340702********0528,CL9141,福寿嘉年78期,"20,000.00","20,000.00","20,000.78", ,,,34071682000030,,寿险银保,安徽,,,养老险公司,总部,寿险银保,安徽,,,网上交易,国寿养老险,2017-10-27,寿险银保,安徽,,
CL1011962442,张玉群,身份证,342529********5024,CL9141,福寿嘉年78期,"10,000.00","10,000.00","10,000.29", ,,,34252979000011,,寿险团险,安徽,宣城,泾县支公司,养老险公司,总部,寿险团险,安徽,宣城,泾县支公司,网上交易,国寿养老险,2017-10-27,寿险团险,安徽,宣城,泾县支公司
CL1010405151,许正琴,身份证,342501********2027,CL9141,福寿嘉年78期,"15,000.00","15,000.00","15,000.88",864984,寿险团险,安徽,34250179000022,,寿险团险,安徽,宣城,团拓,养老险公司,总部,寿险团险,安徽,,,网上交易,国寿养老险,2017-10-27,寿险团险,安徽,宣城,团拓
CL1003413132,张惠武,身份证,340123********0022,CL9141,福寿嘉年78期,"50,000.00","50,000.00","50,002.43",169578,寿险团险,安徽,34011379000001,,寿险团险,安徽,合肥,团险拓展部,养老险公司,总部,寿险团险,安徽,,,网上交易,国寿养老险,2017-10-27,寿险团险,安徽,合肥,团险拓展部
CL1009427921,胡广建,身份证,342301********0825,CL9141,福寿嘉年78期,"50,000.00","50,000.00","50,002.92",864984,寿险团险,安徽,34110179000050,,寿险团险,安徽,滁州,团拓,养老险公司,总部,寿险团险,安徽,,,网上交易,国寿养老险,2017-10-27,寿险团险,安徽,滁州,团拓
CL1018030516,李非非,身份证,342301********0811,CL9141,福寿嘉年78期,"10,000.00","10,000.00","10,000.58",956185,养老险公司,安徽,34110179000050,,寿险团险,安徽,滁州,团拓,养老险公司,总部,养老险公司,安徽,,,网上交易,国寿养老险,2017-10-27,寿险团险,安徽,滁州,团拓
CL1042843749,孙慧,身份证,342222********2867,CL9141,福寿嘉年78期,"50,000.00","50,000.00","50,001.94", ,,,34222279000006,,寿险团险,安徽,宿州,萧县支公司,养老险公司,总部,寿险团险,安徽,宿州,萧县支公司,网上交易,国寿养老险,2017-10-27,寿险团险,安徽,宿州,萧县支公司
CL1043179555,张克诚,身份证,340122********421X,CL9141,福寿嘉年78期,"25,000.00","25,000.00","25,000.73", ,,,34012379000032,,寿险团险,安徽,合肥,肥西支公司,养老险公司,总部,寿险团险,安徽,合肥,肥西支公司,网上交易,国寿养老险,2017-10-27,寿险团险,安徽,合肥,肥西支公司
CL1030831379,任明莉,身份证,340621********8744,CL9141,福寿嘉年78期,"30,000.00","30,000.00","30,000.88", ,,,34062179000022,,寿险团险,安徽,淮北,濉溪县公司,养老险公司,总部,寿险团险,安徽,淮北,濉溪县公司,网上交易,国寿养老险,2017-10-27,寿险团险,安徽,淮北,濉溪县公司
CL1003102623,肖俊玲,身份证,342623********0343,CL9141,福寿嘉年78期,"50,000.00","50,000.00","50,001.94", ,,,34021379000028,,寿险团险,安徽,芜湖,无为县支公司,养老险公司,总部,寿险团险,安徽,芜湖,无为县支公司,网上交易,国寿养老险,2017-10-27,寿险团险,安徽,芜湖,无为县支公司
CL1009637323,曹国芝,身份证,342426********0023,CL9141,福寿嘉年78期,"20,000.00","20,000.00","20,000.97",864984,寿险团险,安徽,34242679000001,,寿险团险,安徽,六安,金寨,养老险公司,总部,寿险团险,安徽,,,网上交易,国寿养老险,2017-10-27,寿险团险,安徽,六安,金寨
CL1042845503,丁传梅,身份证,340602********1625,CL9141,福寿嘉年78期,"70,000.00","70,000.00","70,002.04", ,,,34060279000056,,寿险团险,安徽,淮北,团拓,养老险公司,总部,寿险团险,安徽,淮北,团拓,网上交易,国寿养老险,2017-10-27,寿险团险,安徽,淮北,团拓
CL1003946294,周庆荣,身份证,340403********1645,CL9141,福寿嘉年78期,"110,000.00","110,000.00","110,006.42",864984,寿险团险,安徽,34041179000035,,寿险团险,安徽,淮南,团拓部,养老险公司,总部,寿险团险,安徽,,,网上交易,国寿养老险,2017-10-27,寿险团险,安徽,淮南,团拓部
CL1042499445,张红霞,身份证,342829********1921,CL9141,福寿嘉年78期,"50,000.00","50,000.00","50,002.43",864984,寿险团险,安徽,34292179000026,,寿险团险,安徽,池州,东至支公司,养老险公司,总部,寿险团险,安徽,,,网上交易,国寿养老险,2017-10-27,寿险团险,安徽,池州,东至支公司
CL1042499445,张红霞,身份证,342829********1921,CL9141,福寿嘉年78期,"50,000.00","50,000.00","50,002.43",864984,寿险团险,安徽,34292179000026,,寿险团险,安徽,池州,东至支公司,养老险公司,总部,寿险团险,安徽,,,网上交易,国寿养老险,2017-10-27,寿险团险,安徽,池州,东至支公司
CL1042499445,张红霞,身份证,342829********1921,CL9141,福寿嘉年78期,"50,000.00","50,000.00","50,002.43",864984,寿险团险,安徽,34292179000026,,寿险团险,安徽,池州,东至支公司,养老险公司,总部,寿险团险,安徽,,,网上交易,国寿养老险,2017-10-27,寿险团险,安徽,池州,东至支公司
CL1042499445,张红霞,身份证,342829********1921,CL9141,福寿嘉年78期,"50,000.00","50,000.00","50,002.43",864984,寿险团险,安徽,34292179000026,,寿险团险,安徽,池州,东至支公司,养老险公司,总部,寿险团险,安徽,,,网上交易,国寿养老险,2017-10-27,寿险团险,安徽,池州,东至支公司
CL1041821916,李甜甜,身份证,340621********8463,CL9141,福寿嘉年78期,"50,000.00","50,000.00","50,002.43",956185,养老险公司,安徽,34060279000056,,寿险团险,安徽,淮北,团拓,养老险公司,总部,养老险公司,安徽,,,网上交易,国寿养老险,2017-10-27,寿险团险,安徽,淮北,团拓
CL1015341216,李艳,身份证,342301********102X,CL9141,福寿嘉年78期,"30,000.00","30,000.00","30,001.17", ,,,34112779000019,,寿险团险,安徽,滁州,明光,,,寿险团险,安徽,滁州,明光,APP,国寿养老险,2017-10-27,寿险团险,安徽,滁州,明光
CL1000765633,余红,身份证,342901********6022,CL9141,福寿嘉年78期,"250,000.00","250,000.00","250,014.58",169578,寿险团险,安徽,34220379000008,,寿险团险,安徽,宿州,团拓部,养老险公司,总部,寿险团险,安徽,,,网上交易,国寿养老险,2017-10-27,寿险团险,安徽,宿州,团拓部
CL1000765633,余红,身份证,342901********6022,CL9141,福寿嘉年78期,"250,000.00","250,000.00","250,014.58",864984,寿险团险,安徽,34220379000008,,寿险团险,安徽,宿州,团拓部,养老险公司,总部,寿险团险,安徽,,,网上交易,国寿养老险,2017-10-27,寿险团险,安徽,宿州,团拓部
CL1003771633,张玉慧,身份证,340104********2529,CL9141,福寿嘉年78期,"50,000.00","50,000.00","50,001.94",864984,寿险团险,安徽,34012179000038,,寿险团险,安徽,合肥,长丰支公司,养老险公司,总部,寿险团险,安徽,,,网上交易,国寿养老险,2017-10-27,寿险团险,安徽,合肥,长丰支公司
CL1043179911,刘琴,身份证,340822********6266,CL9141,福寿嘉年78期,"50,000.00","50,000.00","50,001.46", ,,,34082279000004,,寿险团险,安徽,安庆,怀宁,养老险公司,总部,寿险团险,安徽,安庆,怀宁,网上交易,国寿养老险,2017-10-27,寿险团险,安徽,安庆,怀宁
CL1000920085,王云,身份证,342222********0024,CL9141,福寿嘉年78期,"90,000.00","90,000.00","90,003.50", ,,,34222279000006,,寿险团险,安徽,宿州,萧县支公司,养老险公司,总部,寿险团险,安徽,宿州,萧县支公司,网上交易,国寿养老险,2017-10-27,寿险团险,安徽,宿州,萧县支公司
CL1041817245,吴信伟,身份证,342222********3239,CL9141,福寿嘉年78期,"100,000.00","100,000.00","100,005.83",864984,寿险团险,安徽,34222279000009,,寿险团险,安徽,宿州,萧县支公司,养老险公司,总部,寿险团险,安徽,,,网上交易,国寿养老险,2017-10-27,寿险团险,安徽,宿州,萧县支公司
CL1011907372,沈立波,身份证,340504********001X,CL9141,福寿嘉年78期,"50,000.00","50,000.00","50,002.92",864984,寿险团险,安徽,34050279000030,,寿险团险,安徽,马鞍山市,马鞍山市团拓部,养老险公司,总部,寿险团险,安徽,,,网上交易,国寿养老险,2017-10-27,寿险团险,安徽,马鞍山市,马鞍山市团拓部
CL1031809040,施哲,身份证,340504********0087,CL9141,福寿嘉年78期,"23,000.00","23,000.00","23,001.34",864984,寿险团险,安徽,34050279000030,,寿险团险,安徽,马鞍山市,马鞍山市团拓部,养老险公司,总部,寿险团险,安徽,,,网上交易,国寿养老险,2017-10-27,寿险团险,安徽,马鞍山市,马鞍山市团拓部
CL1033770084,产华清,身份证,340822********586X,CL9141,福寿嘉年78期,"20,000.00","20,000.00","20,000.78", ,,,34082279000004,,寿险团险,安徽,安庆,怀宁,养老险公司,总部,寿险团险,安徽,安庆,怀宁,网上交易,国寿养老险,2017-10-27,寿险团险,安徽,安庆,怀宁
CL1039344539,朱彦军,身份证,342222********2878,CL9141,福寿嘉年78期,"30,000.00","30,000.00","30,001.75",169578,寿险团险,安徽,34222279000006,,寿险团险,安徽,宿州,萧县支公司,养老险公司,总部,寿险团险,安徽,,,网上交易,国寿养老险,2017-10-27,寿险团险,安徽,宿州,萧县支公司
CL1015343158,刘开军,身份证,340302********0213,CL9141,福寿嘉年78期,"78,000.00","78,000.00","78,004.55",864984,寿险团险,安徽,34032179000051,,寿险团险,安徽,蚌埠,怀远县支公司,养老险公司,总部,寿险团险,安徽,,,网上交易,国寿养老险,2017-10-27,寿险团险,安徽,蚌埠,怀远县支公司
CL1000700096,张晚珍,身份证,342700********0023,CL9141,福寿嘉年78期,"50,000.00","50,000.00","50,002.43",864984,寿险团险,安徽,34100279000003,,寿险团险,安徽,黄山,黄山市团拓部,养老险公司,总部,寿险团险,安徽,,,网上交易,国寿养老险,2017-10-27,寿险团险,安徽,黄山,黄山市团拓部
CL1002668257,王歆冉,身份证,342401********0328,CL9141,福寿嘉年78期,"50,000.00","50,000.00","50,002.43",864984,寿险团险,安徽,34240179000022,,寿险团险,安徽,六安,团拓,养老险公司,总部,寿险团险,安徽,,,网上交易,国寿养老险,2017-10-27,寿险团险,安徽,六安,团拓
CL1042846368,王宗芹,身份证,340322********0028,CL9141,福寿嘉年78期,"50,000.00","50,000.00","50,001.46", ,,,34032279000007,,寿险团险,安徽,蚌埠,五河县支公司,养老险公司,总部,寿险团险,安徽,蚌埠,五河县支公司,网上交易,国寿养老险,2017-10-27,寿险团险,安徽,蚌埠,五河县支公司
CL1006324829,李文华,身份证,342701********1021,CL9141,福寿嘉年78期,"10,000.00","10,000.00","10,000.49",864984,寿险团险,安徽,34100279000003,,寿险团险,安徽,黄山,黄山市团拓部,养老险公司,总部,寿险团险,安徽,,,网上交易,国寿养老险,2017-10-27,寿险团险,安徽,黄山,黄山市团拓部
CL1002840986,鲍欢喜,身份证,340224********1214,CL9141,福寿嘉年78期,"20,000.00","20,000.00","20,000.78",864984,寿险团险,安徽,34292313401493,,寿险团险,安徽,池州,青阳支公司,养老险公司,总部,寿险团险,安徽,,,网上交易,国寿养老险,2017-10-27,寿险团险,安徽,池州,青阳支公司
CL1042500283,沈亚玮,身份证,342529********0060,CL9141,福寿嘉年78期,"30,000.00","30,000.00","30,001.46",169578,寿险团险,安徽,34252979000011,,寿险团险,安徽,宣城,泾县支公司,养老险公司,总部,寿险团险,安徽,,,网上交易,国寿养老险,2017-10-27,寿险团险,安徽,宣城,泾县支公司
CL1042845270,李海霞,身份证,340603********106X,CL9141,福寿嘉年78期,"200,000.00","200,000.00","200,007.78", ,,,34060279000036,,寿险团险,安徽,淮北,团拓,养老险公司,总部,寿险团险,安徽,淮北,团拓,网上交易,国寿养老险,2017-10-27,寿险团险,安徽,淮北,团拓
CL1042846380,宋连英,身份证,340111********4528,CL9141,福寿嘉年78期,"50,000.00","50,000.00","50,001.46", ,,,YL34000022,郑志明,养老险公司,安徽,,,养老险公司,总部,养老险公司,安徽,,,网上交易,国寿养老险,2017-10-27,养老险公司,安徽,,
CL1042846380,宋连英,身份证,340111********4528,CL9141,福寿嘉年78期,"50,000.00","50,000.00","50,001.46", ,,,YL34000022,郑志明,养老险公司,安徽,,,养老险公司,总部,养老险公司,安徽,,,网上交易,国寿养老险,2017-10-27,养老险公司,安徽,,
CL1042846457,白梅,身份证,342225********8163,CL9141,福寿嘉年78期,"20,000.00","20,000.00","20,000.58", ,,,34222579000006,,寿险团险,安徽,宿州,泗县支公司,养老险公司,总部,寿险团险,安徽,宿州,泗县支公司,网上交易,国寿养老险,2017-10-27,寿险团险,安徽,宿州,泗县支公司
CL1005221941,左旭红,身份证,340521********002X,CL9141,福寿嘉年78期,"150,000.00","150,000.00","150,008.75",864984,寿险团险,安徽,34050279000007,,寿险团险,安徽,马鞍山市,马鞍山市团拓部,养老险公司,总部,寿险团险,安徽,,,网上交易,国寿养老险,2017-10-27,寿险团险,安徽,马鞍山市,马鞍山市团拓部
CL1000705979,陈庭梅,身份证,342523********0049,CL9141,福寿嘉年78期,"50,000.00","50,000.00","50,001.46", ,,,34252379000001,,寿险团险,安徽,宣城,广德支公司,养老险公司,总部,寿险团险,安徽,宣城,广德支公司,网上交易,国寿养老险,2017-10-27,寿险团险,安徽,宣城,广德支公司
CL1004260415,李斐,身份证,340103********1059,CL9141,福寿嘉年78期,"10,000.00","10,000.00","10,000.49",864984,寿险团险,安徽,34010579000139,,寿险团险,安徽,合肥,团险支公司,养老险公司,总部,寿险团险,安徽,,,网上交易,国寿养老险,2017-10-27,寿险团险,安徽,合肥,团险支公司
CL1004260415,李斐,身份证,340103********1059,CL9141,福寿嘉年78期,"50,000.00","50,000.00","50,002.92",864984,寿险团险,安徽,34010579000139,,寿险团险,安徽,合肥,团险支公司,养老险公司,总部,寿险团险,安徽,,,网上交易,国寿养老险,2017-10-27,寿险团险,安徽,合肥,团险支公司
CL1003938549,曹桃霞,身份证,342726********0024,CL9141,福寿嘉年78期,"40,000.00","40,000.00","40,001.94",864984,寿险团险,安徽,34102479000701,,寿险团险,安徽,黄山,祁门支公司,养老险公司,总部,寿险团险,安徽,,,网上交易,国寿养老险,2017-10-27,寿险团险,安徽,黄山,祁门支公司
CL1014005680,朱汉臣,身份证,342222********6813,CL9141,福寿嘉年78期,"20,000.00","20,000.00","20,001.17",864984,寿险团险,安徽,34222279000006,,寿险团险,安徽,宿州,萧县支公司,养老险公司,总部,寿险团险,安徽,,,网上交易,国寿养老险,2017-10-27,寿险团险,安徽,宿州,萧县支公司
CL1042841952,江志荣,身份证,342922********352X,CL9141,福寿嘉年78期,"80,000.00","80,000.00","80,003.11", ,,,34292279000001,,寿险团险,安徽,池州,石台支公司,养老险公司,总部,寿险团险,安徽,池州,石台支公司,网上交易,国寿养老险,2017-10-27,寿险团险,安徽,池州,石台支公司
CL1007626180,华秀丽,身份证,340825********502X,CL9141,福寿嘉年78期,"50,000.00","50,000.00","50,002.43",864984,寿险团险,安徽,34082579000002,,寿险团险,安徽,安庆,太湖,养老险公司,总部,寿险团险,安徽,,,网上交易,国寿养老险,2017-10-27,寿险团险,安徽,安庆,太湖
CL1007626180,华秀丽,身份证,340825********502X,CL9141,福寿嘉年78期,"20,000.00","20,000.00","20,000.97",864984,寿险团险,安徽,34082579000002,,寿险团险,安徽,安庆,太湖,养老险公司,总部,寿险团险,安徽,,,网上交易,国寿养老险,2017-10-27,寿险团险,安徽,安庆,太湖
CL1007626180,华秀丽,身份证,340825********502X,CL9141,福寿嘉年78期,"50,000.00","50,000.00","50,002.43",864984,寿险团险,安徽,34082579000002,,寿险团险,安徽,安庆,太湖,养老险公司,总部,寿险团险,安徽,,,网上交易,国寿养老险,2017-10-27,寿险团险,安徽,安庆,太湖
CL1000244199,沈克玲,身份证,342421********3720,CL9141,福寿嘉年78期,"50,000.00","50,000.00","50,002.92",864984,寿险团险,安徽,34240179000011,,寿险团险,安徽,六安,团拓,养老险公司,总部,寿险团险,安徽,,,网上交易,国寿养老险,2017-10-27,寿险团险,安徽,六安,团拓
CL1000244199,沈克玲,身份证,342421********3720,CL9141,福寿嘉年78期,"10,000.00","10,000.00","10,000.58",864984,寿险团险,安徽,34240179000011,,寿险团险,安徽,六安,团拓,养老险公司,总部,寿险团险,安徽,,,网上交易,国寿养老险,2017-10-27,寿险团险,安徽,六安,团拓
CL1000244199,沈克玲,身份证,342421********3720,CL9141,福寿嘉年78期,"50,000.00","50,000.00","50,002.92",864984,寿险团险,安徽,34240179000011,,寿险团险,安徽,六安,团拓,养老险公司,总部,寿险团险,安徽,,,网上交易,国寿养老险,2017-10-27,寿险团险,安徽,六安,团拓
CL1000244199,沈克玲,身份证,342421********3720,CL9141,福寿嘉年78期,"50,000.00","50,000.00","50,002.92",864984,寿险团险,安徽,34240179000011,,寿险团险,安徽,六安,团拓,养老险公司,总部,寿险团险,安徽,,,网上交易,国寿养老险,2017-10-27,寿险团险,安徽,六安,团拓
CL1039094694,毛振,身份证,340602********0212,CL9141,福寿嘉年78期,"50,000.00","50,000.00","50,002.92",169578,寿险团险,安徽,34060279000056,,寿险团险,安徽,淮北,团拓,养老险公司,总部,寿险团险,安徽,,,网上交易,国寿养老险,2017-10-27,寿险团险,安徽,淮北,团拓
CL1002020028,王春妹,身份证,341021********0223,CL9141,福寿嘉年78期,"30,000.00","30,000.00","30,000.88", ,,,34102179002102,,寿险团险,安徽,黄山,歙县支公司,养老险公司,总部,寿险团险,安徽,黄山,歙县支公司,网上交易,国寿养老险,2017-10-27,寿险团险,安徽,黄山,歙县支公司
CL1009221678,邓大兵,身份证,342626********2998,CL9141,福寿嘉年78期,"50,000.00","50,000.00","50,001.94", ,,,34050679000001,,寿险团险,安徽,马鞍山市,和县团险部,养老险公司,总部,寿险团险,安徽,马鞍山市,和县团险部,网上交易,国寿养老险,2017-10-27,寿险团险,安徽,马鞍山市,和县团险部
CL1003741206,王成民,身份证,342201********0814,CL9141,福寿嘉年78期,"30,000.00","30,000.00","30,001.75",956185,养老险公司,安徽,34222479002415,,寿险团险,安徽,宿州,灵璧县支公司,养老险公司,总部,养老险公司,安徽,,,网上交易,国寿养老险,2017-10-27,寿险团险,安徽,宿州,灵璧县支公司
CL1000846099,朱丽玮,身份证,340223********0025,CL9141,福寿嘉年78期,"20,000.00","20,000.00","20,000.78", ,,,34020579000042,,寿险团险,安徽,芜湖,南陵支公司,,,寿险团险,安徽,芜湖,南陵支公司,APP,国寿养老险,2017-10-27,寿险团险,安徽,芜湖,南陵支公司
CL1008569199,王梅英,身份证,342601********0029,CL9141,福寿嘉年78期,"150,000.00","150,000.00","150,004.38", ,,,34012779000005,,寿险团险,安徽,合肥,庐江支公司,养老险公司,总部,寿险团险,安徽,合肥,庐江支公司,网上交易,国寿养老险,2017-10-27,寿险团险,安徽,合肥,庐江支公司
CL1008569199,王梅英,身份证,342601********0029,CL9141,福寿嘉年78期,"150,000.00","150,000.00","150,004.38", ,,,34012779000005,,寿险团险,安徽,合肥,庐江支公司,养老险公司,总部,寿险团险,安徽,合肥,庐江支公司,网上交易,国寿养老险,2017-10-27,寿险团险,安徽,合肥,庐江支公司
CL1007112092,方健飞,身份证,341004********0029,CL9141,福寿嘉年78期,"10,000.00","10,000.00","10,000.49",864984,寿险团险,安徽,34100479000008,,寿险团险,安徽,黄山,徽州区支公司,,,寿险团险,安徽,,,微信,国寿养老险,2017-10-27,寿险团险,安徽,黄山,徽州区支公司
CL1041817445,凌本桂,身份证,342601********0428,CL9141,福寿嘉年78期,"200,000.00","200,000.00","200,011.67",864984,寿险团险,安徽,34012679000023,,寿险团险,安徽,合肥,巢湖支公司,养老险公司,总部,寿险团险,安徽,,,网上交易,国寿养老险,2017-10-27,寿险团险,安徽,合肥,巢湖支公司
CL1042846635,徐善红,身份证,340323********0108,CL9141,福寿嘉年78期,"50,000.00","50,000.00","50,001.46", ,,,34032379000027,,寿险团险,安徽,蚌埠,固镇县支公司,养老险公司,总部,寿险团险,安徽,蚌埠,固镇县支公司,网上交易,国寿养老险,2017-10-27,寿险团险,安徽,蚌埠,固镇县支公司
CL1000196490,王元元,身份证,340621********563X,CL9141,福寿嘉年78期,"20,000.00","20,000.00","20,001.17",169578,寿险团险,安徽,34011371000001,,寿险团险,安徽,合肥,团险拓展部,养老险公司,总部,寿险团险,安徽,,,网上交易,国寿养老险,2017-10-27,寿险团险,安徽,合肥,团险拓展部
CL1000196490,王元元,身份证,340621********563X,CL9141,福寿嘉年78期,"50,000.00","50,000.00","50,002.92",864984,寿险团险,安徽,34010579000139,,寿险团险,安徽,合肥,团险支公司,养老险公司,总部,寿险团险,安徽,,,网上交易,国寿养老险,2017-10-27,寿险团险,安徽,合肥,团险支公司
CL1011254765,余少敏,身份证,341122********0222,CL9141,福寿嘉年78期,"230,000.00","230,000.00","230,008.94",864984,寿险团险,安徽,34110179000050,,寿险团险,安徽,滁州,团拓,养老险公司,总部,寿险团险,安徽,,,网上交易,国寿养老险,2017-10-27,寿险团险,安徽,滁州,团拓
CL1011254765,余少敏,身份证,341122********0222,CL9141,福寿嘉年78期,"50,000.00","50,000.00","50,002.92",864984,寿险团险,安徽,34110179000050,,寿险团险,安徽,滁州,团拓,养老险公司,总部,寿险团险,安徽,,,网上交易,国寿养老险,2017-10-27,寿险团险,安徽,滁州,团拓
CL1009359904,胡静,身份证,340603********0520,CL9141,福寿嘉年78期,"30,000.00","30,000.00","30,001.46",864984,寿险团险,安徽,34060279000027,,寿险团险,安徽,淮北,团拓,养老险公司,总部,寿险团险,安徽,,,网上交易,国寿养老险,2017-10-27,寿险团险,安徽,淮北,团拓
CL1000959335,李慧锋,身份证,342601********1525,CL9141,福寿嘉年78期,"50,000.00","50,000.00","50,002.92",864984,寿险团险,安徽,34012679000023,,寿险团险,安徽,合肥,巢湖支公司,养老险公司,总部,寿险团险,安徽,,,网上交易,国寿养老险,2017-10-27,寿险团险,安徽,合肥,巢湖支公司
CL1003940101,张慧,身份证,342501********0805,CL9141,福寿嘉年78期,"10,000.00","10,000.00","10,000.58",864984,寿险团险,安徽, ,,,,,,养老险公司,总部,寿险团险,安徽,,,网上交易,国寿养老险,2017-10-27,寿险团险,安徽,,
CL1003940101,张慧,身份证,342501********0805,CL9141,福寿嘉年78期,"90,000.00","90,000.00","90,005.25",864984,寿险团险,安徽, ,,,,,,养老险公司,总部,寿险团险,安徽,,,网上交易,国寿养老险,2017-10-27,寿险团险,安徽,,
CL1010716671,步云,身份证,340202********2522,CL9141,福寿嘉年78期,"20,000.00","20,000.00","20,000.78", ,,,34020679000018,,寿险团险,安徽,芜湖,开发区支公司,,,寿险团险,安徽,芜湖,开发区支公司,APP,国寿养老险,2017-10-27,寿险团险,安徽,芜湖,开发区支公司
CL1010716671,步云,身份证,340202********2522,CL9141,福寿嘉年78期,"20,000.00","20,000.00","20,000.78",864984,寿险团险,安徽,34020679000018,,寿险团险,安徽,芜湖,开发区支公司,,,寿险团险,安徽,,,APP,国寿养老险,2017-10-27,寿险团险,安徽,芜湖,开发区支公司
CL1015406816,桂杨林,身份证,342423********0014,CL9141,福寿嘉年78期,"40,000.00","40,000.00","40,001.94",864984,寿险团险,安徽,34242379000053,,寿险团险,安徽,六安,霍邱,,,寿险团险,安徽,,,APP,国寿养老险,2017-10-27,寿险团险,安徽,六安,霍邱
CL1033144028,潘理申,身份证,342625********1550,CL9141,福寿嘉年78期,"10,000.00","10,000.00","10,000.39",169578,寿险团险,安徽,34050579000003,,寿险团险,安徽,马鞍山市,含山县团险部,养老险公司,总部,寿险团险,安徽,,,网上交易,国寿养老险,2017-10-27,寿险团险,安徽,马鞍山市,含山县团险部
CL1041818544,汤素英,身份证,342822********4523,CL9141,福寿嘉年78期,"10,000.00","10,000.00","10,000.58",864984,寿险团险,安徽, ,,,,,,,,寿险团险,安徽,,,APP,国寿养老险,2017-10-27,寿险团险,安徽,,
CL1041820084,鲍道华,身份证,340222********0010,CL9141,福寿嘉年78期,"50,000.00","50,000.00","50,002.92",956185,养老险公司,安徽,34020479000044,,寿险团险,安徽,芜湖,繁昌支公司,养老险公司,总部,养老险公司,安徽,,,网上交易,国寿养老险,2017-10-27,寿险团险,安徽,芜湖,繁昌支公司
CL1041820084,鲍道华,身份证,340222********0010,CL9141,福寿嘉年78期,"50,000.00","50,000.00","50,002.92",956185,养老险公司,安徽,34020479000044,,寿险团险,安徽,芜湖,繁昌支公司,养老险公司,总部,养老险公司,安徽,,,网上交易,国寿养老险,2017-10-27,寿险团险,安徽,芜湖,繁昌支公司
CL1000927711,桂爱萍,身份证,342529********0046,CL9141,福寿嘉年78期,"40,000.00","40,000.00","40,001.56", ,,,34252979000011,,寿险团险,安徽,宣城,泾县支公司,养老险公司,总部,寿险团险,安徽,宣城,泾县支公司,网上交易,国寿养老险,2017-10-27,寿险团险,安徽,宣城,泾县支公司
CL1009349895,孙静雯,身份证,341122********0229,CL9141,福寿嘉年78期,"100,000.00","100,000.00","100,004.86",864984,寿险团险,安徽,34110179000050,,寿险团险,安徽,滁州,团拓,养老险公司,总部,寿险团险,安徽,,,网上交易,国寿养老险,2017-10-27,寿险团险,安徽,滁州,团拓
CL1002672128,王月平,身份证,340223********4629,CL9141,福寿嘉年78期,"160,000.00","160,000.00","160,009.33",169578,寿险团险,安徽,34020579000042,,寿险团险,安徽,芜湖,南陵支公司,,,寿险团险,安徽,,,APP,国寿养老险,2017-10-27,寿险团险,安徽,芜湖,南陵支公司
CL1002672128,王月平,身份证,340223********4629,CL9141,福寿嘉年78期,"180,000.00","180,000.00","180,010.50",864984,寿险团险,安徽,34020579000042,,寿险团险,安徽,芜湖,南陵支公司,,,寿险团险,安徽,,,APP,国寿养老险,2017-10-27,寿险团险,安徽,芜湖,南陵支公司
CL1002672128,王月平,身份证,340223********4629,CL9141,福寿嘉年78期,"160,000.00","160,000.00","160,009.33",864984,寿险团险,安徽,34020579000042,,寿险团险,安徽,芜湖,南陵支公司,,,寿险团险,安徽,,,APP,国寿养老险,2017-10-27,寿险团险,安徽,芜湖,南陵支公司
CL1002672128,王月平,身份证,340223********4629,CL9141,福寿嘉年78期,"180,000.00","180,000.00","180,010.50",864984,寿险团险,安徽,34020579000042,,寿险团险,安徽,芜湖,南陵支公司,,,寿险团险,安徽,,,APP,国寿养老险,2017-10-27,寿险团险,安徽,芜湖,南陵支公司
CL1039710671,严太密,身份证,340121********3704,CL9141,福寿嘉年78期,"20,000.00","20,000.00","20,000.97",864984,寿险团险,安徽,34012179000005,,寿险团险,安徽,合肥,长丰支公司,养老险公司,总部,寿险团险,安徽,,,网上交易,国寿养老险,2017-10-27,寿险团险,安徽,合肥,长丰支公司
CL1015528717,黄希甫,身份证,342422********0139,CL9141,福寿嘉年78期,"250,000.00","250,000.00","250,012.15",864984,寿险团险,安徽,34042279000020,,寿险团险,安徽,淮南,寿县支公司,养老险公司,总部,寿险团险,安徽,,,网上交易,国寿养老险,2017-10-27,寿险团险,安徽,淮南,寿县支公司
CL1015528717,黄希甫,身份证,342422********0139,CL9141,福寿嘉年78期,"100,000.00","100,000.00","100,005.83",864984,寿险团险,安徽,34042279000020,,寿险团险,安徽,淮南,寿县支公司,养老险公司,总部,寿险团险,安徽,,,网上交易,国寿养老险,2017-10-27,寿险团险,安徽,淮南,寿县支公司
CL1000983302,盛昌美,身份证,340222********0027,CL9141,福寿嘉年78期,"20,000.00","20,000.00","20,000.58", ,,,34020479000044,,寿险团险,安徽,芜湖,繁昌支公司,养老险公司,总部,寿险团险,安徽,芜湖,繁昌支公司,网上交易,国寿养老险,2017-10-27,寿险团险,安徽,芜湖,繁昌支公司
CL1042844126,郑智云,身份证,340603********1238,CL9141,福寿嘉年78期,"50,000.00","50,000.00","50,001.94", ,,,34060279000036,,寿险团险,安徽,淮北,团拓,养老险公司,总部,寿险团险,安徽,淮北,团拓,网上交易,国寿养老险,2017-10-27,寿险团险,安徽,淮北,团拓
CL1032635439,郑霞,身份证,341103********4825,CL9141,福寿嘉年78期,"55,000.00","55,000.00","55,003.21",169578,寿险团险,安徽,YL34000008,李娟娟,养老险公司,安徽,,,养老险公司,总部,寿险团险,安徽,,,网上交易,国寿养老险,2017-10-27,养老险公司,安徽,,
CL1000752338,汪玲,身份证,341125********3806,CL9141,福寿嘉年78期,"80,000.00","80,000.00","80,003.11", ,,,34112579000047,,寿险团险,安徽,滁州,定远,养老险公司,总部,寿险团险,安徽,滁州,定远,网上交易,国寿养老险,2017-10-27,寿险团险,安徽,滁州,定远
CL1004429429,王仙华,身份证,342426********0106,CL9141,福寿嘉年78期,"60,000.00","60,000.00","60,002.33",864984,寿险团险,安徽,34242679000001,,寿险团险,安徽,六安,金寨,养老险公司,总部,寿险团险,安徽,,,网上交易,国寿养老险,2017-10-27,寿险团险,安徽,六安,金寨
CL1000962574,赵红,身份证,340223********0042,CL9141,福寿嘉年78期,"10,000.00","10,000.00","10,000.39", ,,,34020579000042,,寿险团险,安徽,芜湖,南陵支公司,,,寿险团险,安徽,芜湖,南陵支公司,APP,国寿养老险,2017-10-27,寿险团险,安徽,芜湖,南陵支公司
CL1041819209,许立花,身份证,342623********3448,CL9141,福寿嘉年78期,"50,000.00","50,000.00","50,002.92",864984,寿险团险,安徽,34021379000028,,寿险团险,安徽,芜湖,无为县支公司,养老险公司,总部,寿险团险,安徽,,,网上交易,国寿养老险,2017-10-27,寿险团险,安徽,芜湖,无为县支公司
CL1000752705,陈桂贤,身份证,341124********2625,CL9141,福寿嘉年78期,"30,000.00","30,000.00","30,001.17",956185,养老险公司,安徽,34112779000019,,寿险团险,安徽,滁州,明光,,,养老险公司,安徽,,,APP,国寿养老险,2017-10-27,寿险团险,安徽,滁州,明光
CL1007563733,章丽丽,身份证,340821********0025,CL9141,福寿嘉年78期,"50,000.00","50,000.00","50,002.92",864984,寿险团险,安徽,34080179000010,,寿险团险,安徽,安庆,城区团拓部,养老险公司,总部,寿险团险,安徽,,,网上交易,国寿养老险,2017-10-27,寿险团险,安徽,安庆,城区团拓部
CL1001024484,翟光屏,身份证,340202********0464,CL9141,福寿嘉年78期,"20,000.00","20,000.00","20,000.78",864984,寿险团险,安徽,34020679000018,,寿险团险,安徽,芜湖,开发区支公司,养老险公司,总部,寿险团险,安徽,,,网上交易,国寿养老险,2017-10-27,寿险团险,安徽,芜湖,开发区支公司
CL1043179644,张寿华,身份证,340122********6203,CL9141,福寿嘉年78期,"30,000.00","30,000.00","30,000.88", ,,,34012379000032,,寿险团险,安徽,合肥,肥西支公司,养老险公司,总部,寿险团险,安徽,合肥,肥西支公司,网上交易,国寿养老险,2017-10-27,寿险团险,安徽,合肥,肥西支公司
CL1009356930,王璐,身份证,340421********0043,CL9141,福寿嘉年78期,"30,000.00","30,000.00","30,001.46",864984,寿险团险,安徽,34010579000139,,寿险团险,安徽,合肥,团险支公司,养老险公司,总部,寿险团险,安徽,,,网上交易,国寿养老险,2017-10-27,寿险团险,安徽,合肥,团险支公司
CL1041818188,张庆凤,身份证,342322********5027,CL9141,福寿嘉年78期,"50,000.00","50,000.00","50,002.92",864984,寿险团险,安徽,34112279000011,,寿险团险,安徽,滁州,来安,养老险公司,总部,寿险团险,安徽,,,网上交易,国寿养老险,2017-10-27,寿险团险,安徽,滁州,来安
CL1009220657,马青,身份证,342830********5624,CL9141,福寿嘉年78期,"50,000.00","50,000.00","50,002.43",864984,寿险团险,安徽,34290179000078,,寿险团险,安徽,池州,城区团拓部,养老险公司,总部,寿险团险,安徽,,,网上交易,国寿养老险,2017-10-27,寿险团险,安徽,池州,城区团拓部
CL1003293209,李明,身份证,340504********0011,CL9141,福寿嘉年78期,"10,000.00","10,000.00","10,000.49",864984,寿险团险,安徽,34050279000030,,寿险团险,安徽,马鞍山市,马鞍山市团拓部,养老险公司,总部,寿险团险,安徽,,,网上交易,国寿养老险,2017-10-27,寿险团险,安徽,马鞍山市,马鞍山市团拓部
CL1008598972,王小玲,身份证,340504********1025,CL9141,福寿嘉年78期,"50,000.00","50,000.00","50,001.94", ,,,34050279000007,,寿险团险,安徽,马鞍山市,马鞍山市团拓部,养老险公司,总部,寿险团险,安徽,马鞍山市,马鞍山市团拓部,网上交易,国寿养老险,2017-10-27,寿险团险,安徽,马鞍山市,马鞍山市团拓部
CL1008598972,王小玲,身份证,340504********1025,CL9141,福寿嘉年78期,"40,000.00","40,000.00","40,001.56", ,,,34050279000007,,寿险团险,安徽,马鞍山市,马鞍山市团拓部,养老险公司,总部,寿险团险,安徽,马鞍山市,马鞍山市团拓部,网上交易,国寿养老险,2017-10-27,寿险团险,安徽,马鞍山市,马鞍山市团拓部
CL1015811073,徐世忠,身份证,342522********0019,CL9141,福寿嘉年78期,"100,000.00","100,000.00","100,004.86",864984,寿险团险,安徽,34252279000002,,寿险团险,安徽,宣城,郎溪支公司,养老险公司,总部,寿险团险,安徽,,,网上交易,国寿养老险,2017-10-27,寿险团险,安徽,宣城,郎溪支公司
CL1000654328,罗斌,身份证,342601********005X,CL9141,福寿嘉年78期,"30,000.00","30,000.00","30,001.46",864984,寿险团险,安徽,34052179000028,,寿险团险,安徽,马鞍山市,当涂县团险部,养老险公司,总部,寿险团险,安徽,,,网上交易,国寿养老险,2017-10-27,寿险团险,安徽,马鞍山市,当涂县团险部
CL1042501515,戴利霞,身份证,340821********3522,CL9141,福寿嘉年78期,"40,000.00","40,000.00","40,001.56",864984,寿险团险,安徽, ,,,,,,,,寿险团险,安徽,,,APP,国寿养老险,2017-10-27,寿险团险,安徽,,
CL1002677623,李桂香,身份证,340211********0228,CL9141,福寿嘉年78期,"21,000.00","21,000.00","21,001.02",864984,寿险团险,安徽,34020179000036,,寿险团险,安徽,芜湖,团拓,养老险公司,总部,寿险团险,安徽,,,网上交易,国寿养老险,2017-10-27,寿险团险,安徽,芜湖,团拓
CL1041817556,孙蕾,身份证,341126********0226,CL9141,福寿嘉年78期,"50,000.00","50,000.00","50,002.92",864984,寿险团险,安徽,34112279000011,,寿险团险,安徽,滁州,来安,养老险公司,总部,寿险团险,安徽,,,网上交易,国寿养老险,2017-10-27,寿险团险,安徽,滁州,来安
CL1025304194,唐宗平,身份证,340521********3818,CL9141,福寿嘉年78期,"14,000.00","14,000.00","14,000.82",864984,寿险团险,安徽,34050279000030,,寿险团险,安徽,马鞍山市,马鞍山市团拓部,养老险公司,总部,寿险团险,安徽,,,网上交易,国寿养老险,2017-10-27,寿险团险,安徽,马鞍山市,马鞍山市团拓部
CL1004369168,周友才,身份证,340323********0275,CL9141,福寿嘉年78期,"30,000.00","30,000.00","30,001.75",864984,寿险团险,安徽,34032379000027,,寿险团险,安徽,蚌埠,固镇县支公司,养老险公司,总部,寿险团险,安徽,,,网上交易,国寿养老险,2017-10-27,寿险团险,安徽,蚌埠,固镇县支公司
CL1043177879,童行珍,身份证,340122********4221,CL9141,福寿嘉年78期,"10,000.00","10,000.00","10,000.29", ,,,34012379000032,,寿险团险,安徽,合肥,肥西支公司,养老险公司,总部,寿险团险,安徽,合肥,肥西支公司,网上交易,国寿养老险,2017-10-27,寿险团险,安徽,合肥,肥西支公司
CL1042846046,芮昌新,身份证,340122********3770,CL9141,福寿嘉年78期,"20,000.00","20,000.00","20,000.58", ,,,34012379000032,,寿险团险,安徽,合肥,肥西支公司,养老险公司,总部,寿险团险,安徽,合肥,肥西支公司,网上交易,国寿养老险,2017-10-27,寿险团险,安徽,合肥,肥西支公司
CL1000688006,张炳丽,身份证,342622********4106,CL9141,福寿嘉年78期,"50,000.00","50,000.00","50,002.43",864984,寿险团险,安徽,34010579000139,,寿险团险,安徽,合肥,团险支公司,养老险公司,总部,寿险团险,安徽,,,网上交易,国寿养老险,2017-10-27,寿险团险,安徽,合肥,团险支公司
CL1008587920,仇红茹,身份证,230706********0628,CL9141,福寿嘉年78期,"100,000.00","100,000.00","100,002.92", ,,,34020579000052,,寿险团险,安徽,芜湖,南陵支公司,,,寿险团险,安徽,芜湖,南陵支公司,APP,国寿养老险,2017-10-27,寿险团险,安徽,芜湖,南陵支公司
CL1042501826,程必财,身份证,340224********0714,CL9141,福寿嘉年78期,"20,000.00","20,000.00","20,000.78",864984,寿险团险,安徽,34292313401493,,寿险团险,安徽,池州,青阳支公司,养老险公司,总部,寿险团险,安徽,,,网上交易,国寿养老险,2017-10-27,寿险团险,安徽,池州,青阳支公司
CL1000256184,张荣华,身份证,340104********2028,CL9141,福寿嘉年78期,"20,000.00","20,000.00","20,000.78",169578,寿险团险,安徽, ,,,,,,养老险公司,总部,寿险团险,安徽,,,网上交易,国寿养老险,2017-10-27,寿险团险,安徽,,
CL1018254978,张红霞,身份证,342524********2620,CL9141,福寿嘉年78期,"100,000.00","100,000.00","100,002.92", ,,,34252379000001,,寿险团险,安徽,宣城,广德支公司,,,寿险团险,安徽,宣城,广德支公司,APP,国寿养老险,2017-10-27,寿险团险,安徽,宣城,广德支公司
CL1018254978,张红霞,身份证,342524********2620,CL9141,福寿嘉年78期,"10,000.00","10,000.00","10,000.29", ,,,34252379000001,,寿险团险,安徽,宣城,广德支公司,,,寿险团险,安徽,宣城,广德支公司,APP,国寿养老险,2017-10-27,寿险团险,安徽,宣城,广德支公司
CL1018254978,张红霞,身份证,342524********2620,CL9141,福寿嘉年78期,"10,000.00","10,000.00","10,000.29", ,,,34252379000001,,寿险团险,安徽,宣城,广德支公司,,,寿险团险,安徽,宣城,广德支公司,APP,国寿养老险,2017-10-27,寿险团险,安徽,宣城,广德支公司
CL1030407882,孙玲玲,身份证,340421********082X,CL9141,福寿嘉年78期,"50,000.00","50,000.00","50,001.46", ,,,34041179000035,,寿险团险,安徽,淮南,团拓部,养老险公司,总部,寿险团险,安徽,淮南,团拓部,网上交易,国寿养老险,2017-10-27,寿险团险,安徽,淮南,团拓部
CL1012341063,翟枞霞,身份证,342823********2122,CL9141,福寿嘉年78期,"20,000.00","20,000.00","20,000.58", ,,,34072279000001,,寿险团险,安徽,铜陵,铜陵枞阳支公司（县支）,养老险公司,总部,寿险团险,安徽,铜陵,铜陵枞阳支公司（县支）,网上交易,国寿养老险,2017-10-27,寿险团险,安徽,铜陵,铜陵枞阳支公司（县支）
CL1042499545,许丽娟,身份证,342530********0027,CL9141,福寿嘉年78期,"380,000.00","380,000.00","380,011.08", ,,,34253079006001,,寿险团险,安徽,宣城,旌德支公司,养老险公司,总部,寿险团险,安徽,宣城,旌德支公司,网上交易,国寿养老险,2017-10-27,寿险团险,安徽,宣城,旌德支公司
CL1000703504,朱久云,身份证,341126********022X,CL9141,福寿嘉年78期,"50,000.00","50,000.00","50,002.43",864984,寿险团险,安徽,34112679000003,,寿险团险,安徽,滁州,凤阳,养老险公司,总部,寿险团险,安徽,,,网上交易,国寿养老险,2017-10-27,寿险团险,安徽,滁州,凤阳
CL1004175355,汪黎辉,身份证,342725********6049,CL9141,福寿嘉年78期,"10,000.00","10,000.00","10,000.39",864984,寿险团险,安徽,34102371000003,,寿险团险,安徽,黄山,黟县支公司,,,寿险团险,安徽,,,APP,国寿养老险,2017-10-27,寿险团险,安徽,黄山,黟县支公司
CL1042846679,蒋元元,身份证,340402********1424,CL9141,福寿嘉年78期,"50,000.00","50,000.00","50,001.46", ,,,34012379000032,,寿险团险,安徽,合肥,肥西支公司,养老险公司,总部,寿险团险,安徽,合肥,肥西支公司,网上交易,国寿养老险,2017-10-27,寿险团险,安徽,合肥,肥西支公司
CL1042846679,蒋元元,身份证,340402********1424,CL9141,福寿嘉年78期,"50,000.00","50,000.00","50,001.46", ,,,34012379000032,,寿险团险,安徽,合肥,肥西支公司,养老险公司,总部,寿险团险,安徽,合肥,肥西支公司,网上交易,国寿养老险,2017-10-27,寿险团险,安徽,合肥,肥西支公司
CL1000148010,张艾凤,身份证,342224********1161,CL9141,福寿嘉年78期,"100,000.00","100,000.00","100,004.86",864984,寿险团险,安徽,34222479002415,,寿险团险,安徽,宿州,灵璧县支公司,养老险公司,总部,寿险团险,安徽,,,网上交易,国寿养老险,2017-10-27,寿险团险,安徽,宿州,灵璧县支公司
CL1000693176,吴宝莉,身份证,342326********0302,CL9141,福寿嘉年78期,"100,000.00","100,000.00","100,005.83",864984,寿险团险,安徽,34112279000011,,寿险团险,安徽,滁州,来安,养老险公司,总部,寿险团险,安徽,,,网上交易,国寿养老险,2017-10-27,寿险团险,安徽,滁州,来安
CL1000414200,沈晓君,身份证,342201********0028,CL9141,福寿嘉年78期,"100,000.00","100,000.00","100,005.83",956185,养老险公司,安徽,34222479002415,,寿险团险,安徽,宿州,灵璧县支公司,养老险公司,总部,养老险公司,安徽,,,网上交易,国寿养老险,2017-10-27,寿险团险,安徽,宿州,灵璧县支公司
CL1039345516,孙金山,身份证,342222********0038,CL9141,福寿嘉年78期,"50,000.00","50,000.00","50,002.92",864984,寿险团险,安徽,34222279000006,,寿险团险,安徽,宿州,萧县支公司,养老险公司,总部,寿险团险,安徽,,,网上交易,国寿养老险,2017-10-27,寿险团险,安徽,宿州,萧县支公司
CL1039345516,孙金山,身份证,342222********0038,CL9141,福寿嘉年78期,"50,000.00","50,000.00","50,002.92",864984,寿险团险,安徽,34222279000006,,寿险团险,安徽,宿州,萧县支公司,养老险公司,总部,寿险团险,安徽,,,网上交易,国寿养老险,2017-10-27,寿险团险,安徽,宿州,萧县支公司
CL1040857063,吴永安,身份证,340111********4037,CL9141,福寿嘉年78期,"90,000.00","90,000.00","90,005.25",864984,寿险团险,安徽,34012379000032,,寿险团险,安徽,合肥,肥西支公司,养老险公司,总部,寿险团险,安徽,,,网上交易,国寿养老险,2017-10-27,寿险团险,安徽,合肥,肥西支公司
CL1004278815,朱晓峰,身份证,340223********001X,CL9141,福寿嘉年78期,"50,000.00","50,000.00","50,001.94", ,,,34020579000042,,寿险团险,安徽,芜湖,南陵支公司,,,寿险团险,安徽,芜湖,南陵支公司,APP,国寿养老险,2017-10-27,寿险团险,安徽,芜湖,南陵支公司
CL1011435417,袁名桥,身份证,342501********027X,CL9141,福寿嘉年78期,"40,000.00","40,000.00","40,002.33",956185,养老险公司,安徽,34250179000004,,寿险团险,安徽,宣城,团拓,,,养老险公司,安徽,,,微信,国寿养老险,2017-10-27,寿险团险,安徽,宣城,团拓
CL1000021203,范雪梅,身份证,342401********0025,CL9141,福寿嘉年78期,"100,000.00","100,000.00","100,003.89", ,,,34240179000022,,寿险团险,安徽,六安,团拓,养老险公司,总部,寿险团险,安徽,六安,团拓,网上交易,国寿养老险,2017-10-27,寿险团险,安徽,六安,团拓
CL1008663203,纪孝花,身份证,340505********0829,CL9141,福寿嘉年78期,"20,000.00","20,000.00","20,000.78", ,,,34050279000030,,寿险团险,安徽,马鞍山市,马鞍山市团拓部,养老险公司,总部,寿险团险,安徽,马鞍山市,马鞍山市团拓部,网上交易,国寿养老险,2017-10-27,寿险团险,安徽,马鞍山市,马鞍山市团拓部
CL1012270227,张德兰,身份证,340121********0228,CL9141,福寿嘉年78期,"10,000.00","10,000.00","10,000.58",864984,寿险团险,安徽,34012179000001,,寿险团险,安徽,合肥,长丰支公司,养老险公司,总部,寿险团险,安徽,,,网上交易,国寿养老险,2017-10-27,寿险团险,安徽,合肥,长丰支公司
CL1034097891,陈茂华,身份证,342201********0480,CL9141,福寿嘉年78期,"199,000.00","199,000.00","199,007.74", ,,,34010579000140,,寿险团险,安徽,合肥,团险支公司,,,寿险团险,安徽,合肥,团险支公司,微信,国寿养老险,2017-10-27,寿险团险,安徽,合肥,团险支公司
CL1003219487,王晓龙,身份证,342822********2216,CL9141,福寿嘉年78期,"100,000.00","100,000.00","100,003.89", ,,,34082181000002,,寿险银保,安徽,安庆,桐城,,,寿险银保,安徽,安庆,桐城,APP,国寿养老险,2017-10-27,寿险银保,安徽,安庆,桐城
CL1004283118,束政强,身份证,340504********0210,CL9141,福寿嘉年78期,"100,000.00","100,000.00","100,005.83",864984,寿险团险,安徽,34050279000030,,寿险团险,安徽,马鞍山市,马鞍山市团拓部,养老险公司,总部,寿险团险,安徽,,,网上交易,国寿养老险,2017-10-27,寿险团险,安徽,马鞍山市,马鞍山市团拓部
CL1003219487,王晓龙,身份证,342822********2216,CL9141,福寿嘉年78期,"100,000.00","100,000.00","100,003.89", ,,,34082181000002,,寿险银保,安徽,安庆,桐城,,,寿险银保,安徽,安庆,桐城,APP,国寿养老险,2017-10-27,寿险银保,安徽,安庆,桐城
CL1000981759,孟林,身份证,340603********0240,CL9141,福寿嘉年78期,"40,000.00","40,000.00","40,001.94",169578,寿险团险,安徽,34060279000027,,寿险团险,安徽,淮北,团拓,养老险公司,总部,寿险团险,安徽,,,网上交易,国寿养老险,2017-10-27,寿险团险,安徽,淮北,团拓
CL1008583557,刘洋,身份证,342224********0050,CL9141,福寿嘉年78期,"190,000.00","190,000.00","190,009.24",169578,寿险团险,安徽,34222479002415,,寿险团险,安徽,宿州,灵璧县支公司,养老险公司,总部,寿险团险,安徽,,,网上交易,国寿养老险,2017-10-27,寿险团险,安徽,宿州,灵璧县支公司
CL1008583557,刘洋,身份证,342224********0050,CL9141,福寿嘉年78期,"20,000.00","20,000.00","20,000.97",169578,寿险团险,安徽,34222479002415,,寿险团险,安徽,宿州,灵璧县支公司,养老险公司,总部,寿险团险,安徽,,,网上交易,国寿养老险,2017-10-27,寿险团险,安徽,宿州,灵璧县支公司
CL1008583557,刘洋,身份证,342224********0050,CL9141,福寿嘉年78期,"190,000.00","190,000.00","190,009.24",169578,寿险团险,安徽,34222479002415,,寿险团险,安徽,宿州,灵璧县支公司,养老险公司,总部,寿险团险,安徽,,,网上交易,国寿养老险,2017-10-27,寿险团险,安徽,宿州,灵璧县支公司
CL1042499756,叶春花,身份证,340603********0424,CL9141,福寿嘉年78期,"150,000.00","150,000.00","150,007.29",169578,寿险团险,安徽,34060279000027,,寿险团险,安徽,淮北,团拓,养老险公司,总部,寿险团险,安徽,,,网上交易,国寿养老险,2017-10-27,寿险团险,安徽,淮北,团拓
CL1021372787,冯可志,身份证,342601********0617,CL9141,福寿嘉年78期,"20,000.00","20,000.00","20,001.17",864984,寿险团险,安徽,34012679000023,,寿险团险,安徽,合肥,巢湖支公司,养老险公司,总部,寿险团险,安徽,,,网上交易,国寿养老险,2017-10-27,寿险团险,安徽,合肥,巢湖支公司
CL1042842117,蒋玉菊,身份证,340121********0360,CL9141,福寿嘉年78期,"30,000.00","30,000.00","30,000.88", ,,,34012179000038,,寿险团险,安徽,合肥,长丰支公司,养老险公司,总部,寿险团险,安徽,合肥,长丰支公司,网上交易,国寿养老险,2017-10-27,寿险团险,安徽,合肥,长丰支公司
CL1009585540,骆君翠,身份证,340222********0027,CL9141,福寿嘉年78期,"20,000.00","20,000.00","20,001.17",864984,寿险团险,安徽,34020479000044,,寿险团险,安徽,芜湖,繁昌支公司,养老险公司,总部,寿险团险,安徽,,,网上交易,国寿养老险,2017-10-27,寿险团险,安徽,芜湖,繁昌支公司
CL1009585540,骆君翠,身份证,340222********0027,CL9141,福寿嘉年78期,"50,000.00","50,000.00","50,002.92",864984,寿险团险,安徽,34020479000044,,寿险团险,安徽,芜湖,繁昌支公司,养老险公司,总部,寿险团险,安徽,,,网上交易,国寿养老险,2017-10-27,寿险团险,安徽,芜湖,繁昌支公司
CL1008026428,陈步兰,身份证,342622********8542,CL9141,福寿嘉年78期,"10,000.00","10,000.00","10,000.29", ,,,34050279000030,,寿险团险,安徽,马鞍山市,马鞍山市团拓部,养老险公司,总部,寿险团险,安徽,马鞍山市,马鞍山市团拓部,网上交易,国寿养老险,2017-10-27,寿险团险,安徽,马鞍山市,马鞍山市团拓部
CL1042498135,谢菲,身份证,340222********0523,CL9141,福寿嘉年78期,"10,000.00","10,000.00","10,000.49",864984,寿险团险,安徽,34020479000044,,寿险团险,安徽,芜湖,繁昌支公司,养老险公司,总部,寿险团险,安徽,,,网上交易,国寿养老险,2017-10-27,寿险团险,安徽,芜湖,繁昌支公司
CL1039094849,刘守国,身份证,340122********3830,CL9141,福寿嘉年78期,"50,000.00","50,000.00","50,001.46", ,,,34012379000032,,寿险团险,安徽,合肥,肥西支公司,养老险公司,总部,寿险团险,安徽,合肥,肥西支公司,网上交易,国寿养老险,2017-10-27,寿险团险,安徽,合肥,肥西支公司
CL1000953086,许晓玲,身份证,340223********006X,CL9141,福寿嘉年78期,"20,000.00","20,000.00","20,001.17",864984,寿险团险,安徽, ,,,,,,,,寿险团险,安徽,,,APP,国寿养老险,2017-10-27,寿险团险,安徽,,
CL1005231494,罗桂花,身份证,340803********2221,CL9141,福寿嘉年78期,"50,000.00","50,000.00","50,001.94", ,,,34072279000020,,寿险团险,安徽,铜陵,铜陵枞阳支公司（县支）,养老险公司,总部,寿险团险,安徽,铜陵,铜陵枞阳支公司（县支）,网上交易,国寿养老险,2017-10-27,寿险团险,安徽,铜陵,铜陵枞阳支公司（县支）
CL1005231494,罗桂花,身份证,340803********2221,CL9141,福寿嘉年78期,"20,000.00","20,000.00","20,000.78", ,,,34072279000020,,寿险团险,安徽,铜陵,铜陵枞阳支公司（县支）,养老险公司,总部,寿险团险,安徽,铜陵,铜陵枞阳支公司（县支）,网上交易,国寿养老险,2017-10-27,寿险团险,安徽,铜陵,铜陵枞阳支公司（县支）
CL1000274515,倪萍,身份证,342426********0048,CL9141,福寿嘉年78期,"50,000.00","50,000.00","50,001.46", ,,,34242679000001,,寿险团险,安徽,六安,金寨,养老险公司,总部,寿险团险,安徽,六安,金寨,网上交易,国寿养老险,2017-10-27,寿险团险,安徽,六安,金寨
CL1000274515,倪萍,身份证,342426********0048,CL9141,福寿嘉年78期,"50,000.00","50,000.00","50,001.46", ,,,34242679000001,,寿险团险,安徽,六安,金寨,养老险公司,总部,寿险团险,安徽,六安,金寨,网上交易,国寿养老险,2017-10-27,寿险团险,安徽,六安,金寨
CL1000274515,倪萍,身份证,342426********0048,CL9141,福寿嘉年78期,"50,000.00","50,000.00","50,001.46", ,,,34242679000001,,寿险团险,安徽,六安,金寨,养老险公司,总部,寿险团险,安徽,六安,金寨,网上交易,国寿养老险,2017-10-27,寿险团险,安徽,六安,金寨
CL1000063070,杜云,身份证,342222********0024,CL9141,福寿嘉年78期,"140,000.00","140,000.00","140,006.81",956185,养老险公司,安徽,34222279000009,,寿险团险,安徽,宿州,萧县支公司,养老险公司,总部,养老险公司,安徽,,,网上交易,国寿养老险,2017-10-27,寿险团险,安徽,宿州,萧县支公司
CL1039092907,孙锦翠,身份证,342326********0645,CL9141,福寿嘉年78期,"30,000.00","30,000.00","30,001.46",864984,寿险团险,安徽,34112679000003,,寿险团险,安徽,滁州,凤阳,养老险公司,总部,寿险团险,安徽,,,网上交易,国寿养老险,2017-10-27,寿险团险,安徽,滁州,凤阳
CL1000905106,马逊香,身份证,342321********3240,CL9141,福寿嘉年78期,"30,000.00","30,000.00","30,001.46",864984,寿险团险,安徽,34118179000041,,寿险团险,安徽,滁州,天长,养老险公司,总部,寿险团险,安徽,,,网上交易,国寿养老险,2017-10-27,寿险团险,安徽,滁州,天长
CL1008661572,赵淑兰,身份证,340621********3222,CL9141,福寿嘉年78期,"100,000.00","100,000.00","100,002.92", ,,,34062179000030,,寿险团险,安徽,淮北,濉溪县公司,养老险公司,总部,寿险团险,安徽,淮北,濉溪县公司,网上交易,国寿养老险,2017-10-27,寿险团险,安徽,淮北,濉溪县公司
CL1000986709,陈丽,身份证,340222********0049,CL9141,福寿嘉年78期,"80,000.00","80,000.00","80,003.89",864984,寿险团险,安徽,34020479000044,,寿险团险,安徽,芜湖,繁昌支公司,养老险公司,总部,寿险团险,安徽,,,网上交易,国寿养老险,2017-10-27,寿险团险,安徽,芜湖,繁昌支公司
CL1000667767,陈文霞,身份证,342521********0029,CL9141,福寿嘉年78期,"100,000.00","100,000.00","100,004.86",864984,寿险团险,安徽,34250179000004,,寿险团险,安徽,宣城,团拓,养老险公司,总部,寿险团险,安徽,,,网上交易,国寿养老险,2017-10-27,寿险团险,安徽,宣城,团拓
CL1015469055,杨小玲,身份证,340123********0061,CL9141,福寿嘉年78期,"30,000.00","30,000.00","30,001.75",956185,养老险公司,安徽,34011379000060,,寿险团险,安徽,合肥,团险拓展部,养老险公司,总部,养老险公司,安徽,,,网上交易,国寿养老险,2017-10-27,寿险团险,安徽,合肥,团险拓展部
CL1026216777,许安凤,身份证,340521********0027,CL9141,福寿嘉年78期,"50,000.00","50,000.00","50,001.46", ,,,34052179000028,,寿险团险,安徽,马鞍山市,当涂县团险部,养老险公司,总部,寿险团险,安徽,马鞍山市,当涂县团险部,网上交易,国寿养老险,2017-10-27,寿险团险,安徽,马鞍山市,当涂县团险部
CL1026216777,许安凤,身份证,340521********0027,CL9141,福寿嘉年78期,"10,000.00","10,000.00","10,000.29", ,,,34052179000028,,寿险团险,安徽,马鞍山市,当涂县团险部,养老险公司,总部,寿险团险,安徽,马鞍山市,当涂县团险部,网上交易,国寿养老险,2017-10-27,寿险团险,安徽,马鞍山市,当涂县团险部
CL1014162644,潘桂琼,身份证,342622********2404,CL9141,福寿嘉年78期,"45,000.00","45,000.00","45,001.31", ,,,34012779000020,,寿险团险,安徽,合肥,庐江支公司,养老险公司,总部,寿险团险,安徽,合肥,庐江支公司,网上交易,国寿养老险,2017-10-27,寿险团险,安徽,合肥,庐江支公司
CL1043180818,陈万萍,身份证,340503********0444,CL9141,福寿嘉年78期,"14,000.00","14,000.00","14,000.41", ,,,34050279000030,,寿险团险,安徽,马鞍山市,马鞍山市团拓部,养老险公司,总部,寿险团险,安徽,马鞍山市,马鞍山市团拓部,网上交易,国寿养老险,2017-10-27,寿险团险,安徽,马鞍山市,马鞍山市团拓部
CL1043180818,陈万萍,身份证,340503********0444,CL9141,福寿嘉年78期,"50,000.00","50,000.00","50,001.46", ,,,34050279000030,,寿险团险,安徽,马鞍山市,马鞍山市团拓部,养老险公司,总部,寿险团险,安徽,马鞍山市,马鞍山市团拓部,网上交易,国寿养老险,2017-10-27,寿险团险,安徽,马鞍山市,马鞍山市团拓部
CL1043180818,陈万萍,身份证,340503********0444,CL9141,福寿嘉年78期,"50,000.00","50,000.00","50,001.46", ,,,34050279000030,,寿险团险,安徽,马鞍山市,马鞍山市团拓部,养老险公司,总部,寿险团险,安徽,马鞍山市,马鞍山市团拓部,网上交易,国寿养老险,2017-10-27,寿险团险,安徽,马鞍山市,马鞍山市团拓部
CL1010400390,戚宏兵,身份证,342401********0015,CL9141,福寿嘉年78期,"60,000.00","60,000.00","60,003.50",864984,寿险团险,安徽,34240179000022,,寿险团险,安徽,六安,团拓,养老险公司,总部,寿险团险,安徽,,,网上交易,国寿养老险,2017-10-27,寿险团险,安徽,六安,团拓
CL1010400390,戚宏兵,身份证,342401********0015,CL9141,福寿嘉年78期,"90,000.00","90,000.00","90,005.25",864984,寿险团险,安徽,34240179000022,,寿险团险,安徽,六安,团拓,养老险公司,总部,寿险团险,安徽,,,网上交易,国寿养老险,2017-10-27,寿险团险,安徽,六安,团拓
CL1038487940,杜红英,身份证,340123********0821,CL9141,福寿嘉年78期,"10,000.00","10,000.00","10,000.49",864984,寿险团险,安徽,34012279000054,,寿险团险,安徽,合肥,肥东支公司,养老险公司,总部,寿险团险,安徽,,,网上交易,国寿养老险,2017-10-27,寿险团险,安徽,合肥,肥东支公司
CL1041820584,邰传胜,身份证,340505********0010,CL9141,福寿嘉年78期,"20,000.00","20,000.00","20,001.17",864984,寿险团险,安徽,34050279000030,,寿险团险,安徽,马鞍山市,马鞍山市团拓部,养老险公司,总部,寿险团险,安徽,,,网上交易,国寿养老险,2017-10-27,寿险团险,安徽,马鞍山市,马鞍山市团拓部
CL1042844626,宋嘉鑫,身份证,341003********2011,CL9141,福寿嘉年78期,"50,000.00","50,000.00","50,001.94", ,,,34100379000010,,寿险团险,安徽,黄山,黄山区支公司,,,寿险团险,安徽,黄山,黄山区支公司,微信,国寿养老险,2017-10-27,寿险团险,安徽,黄山,黄山区支公司
CL1000181020,沈国惠,身份证,340103********2021,CL9141,福寿嘉年78期,"30,000.00","30,000.00","30,001.17", ,,,34010579000139,,寿险团险,安徽,合肥,团险支公司,养老险公司,总部,寿险团险,安徽,合肥,团险支公司,网上交易,国寿养老险,2017-10-27,寿险团险,安徽,合肥,团险支公司
CL1002674071,吴新爱,身份证,342701********244X,CL9141,福寿嘉年78期,"50,000.00","50,000.00","50,002.92",864984,寿险团险,安徽,34100279000003,,寿险团险,安徽,黄山,黄山市团拓部,养老险公司,总部,寿险团险,安徽,,,网上交易,国寿养老险,2017-10-27,寿险团险,安徽,黄山,黄山市团拓部
CL1041182203,靳静,身份证,341122********0221,CL9141,福寿嘉年78期,"20,000.00","20,000.00","20,001.17",864984,寿险团险,安徽,34112279000011,,寿险团险,安徽,滁州,来安,养老险公司,总部,寿险团险,安徽,,,网上交易,国寿养老险,2017-10-27,寿险团险,安徽,滁州,来安
CL1008589606,刘瑞,身份证,340421********0242,CL9141,福寿嘉年78期,"100,000.00","100,000.00","100,004.86",864984,寿险团险,安徽,34042171000010,,寿险团险,安徽,淮南,凤台县支公司,养老险公司,总部,寿险团险,安徽,,,网上交易,国寿养老险,2017-10-27,寿险团险,安徽,淮南,凤台县支公司
CL1008589606,刘瑞,身份证,340421********0242,CL9141,福寿嘉年78期,"20,000.00","20,000.00","20,000.97",864984,寿险团险,安徽,34042171000010,,寿险团险,安徽,淮南,凤台县支公司,养老险公司,总部,寿险团险,安徽,,,网上交易,国寿养老险,2017-10-27,寿险团险,安徽,淮南,凤台县支公司
CL1004282264,汪素皊,身份证,340603********0622,CL9141,福寿嘉年78期,"49,000.00","49,000.00","49,002.86",864984,寿险团险,安徽,34060279000056,,寿险团险,安徽,淮北,团拓,养老险公司,总部,寿险团险,安徽,,,网上交易,国寿养老险,2017-10-27,寿险团险,安徽,淮北,团拓
CL1014005924,黄田庚,身份证,340104********1018,CL9141,福寿嘉年78期,"50,000.00","50,000.00","50,002.92",864984,寿险团险,安徽,34011379000001,,寿险团险,安徽,合肥,团险拓展部,养老险公司,总部,寿险团险,安徽,,,网上交易,国寿养老险,2017-10-27,寿险团险,安徽,合肥,团险拓展部
CL1000846099,朱丽玮,身份证,340223********0025,CL9141,福寿嘉年78期,"20,000.00","20,000.00","20,000.78",864984,寿险团险,安徽,34020579000042,,寿险团险,安徽,芜湖,南陵支公司,,,寿险团险,安徽,,,APP,国寿养老险,2017-10-27,寿险团险,安徽,芜湖,南陵支公司
CL1000846099,朱丽玮,身份证,340223********0025,CL9141,福寿嘉年78期,"40,000.00","40,000.00","40,002.33",864984,寿险团险,安徽,34020579000042,,寿险团险,安徽,芜湖,南陵支公司,,,寿险团险,安徽,,,APP,国寿养老险,2017-10-27,寿险团险,安徽,芜湖,南陵支公司
CL1041822004,高喜露,身份证,340603********0826,CL9141,福寿嘉年78期,"20,000.00","20,000.00","20,000.78",864984,寿险团险,安徽,34060279000056,,寿险团险,安徽,淮北,团拓,养老险公司,总部,寿险团险,安徽,,,网上交易,国寿养老险,2017-10-27,寿险团险,安徽,淮北,团拓
CL1009912289,应冬梅,身份证,342724********0921,CL9141,福寿嘉年78期,"20,000.00","20,000.00","20,000.78",864984,寿险团险,安徽,34102271000003,,寿险团险,安徽,黄山,休宁县支公司,养老险公司,总部,寿险团险,安徽,,,网上交易,国寿养老险,2017-10-27,寿险团险,安徽,黄山,休宁县支公司
CL1007381959,胡永全,身份证,340603********1213,CL9141,福寿嘉年78期,"50,000.00","50,000.00","50,002.92",956185,养老险公司,安徽,34060279000056,,寿险团险,安徽,淮北,团拓,养老险公司,总部,养老险公司,安徽,,,网上交易,国寿养老险,2017-10-27,寿险团险,安徽,淮北,团拓
CL1004907586,盛明红,身份证,340421********0044,CL9141,福寿嘉年78期,"60,000.00","60,000.00","60,002.33", ,,,34042179000010,,寿险团险,安徽,淮南,凤台县支公司,养老险公司,总部,寿险团险,安徽,淮南,凤台县支公司,网上交易,国寿养老险,2017-10-27,寿险团险,安徽,淮南,凤台县支公司
CL1041182869,叶丹,身份证,340222********0022,CL9141,福寿嘉年78期,"100,000.00","100,000.00","100,005.83",956185,养老险公司,安徽,34020479000044,,寿险团险,安徽,芜湖,繁昌支公司,养老险公司,总部,养老险公司,安徽,,,网上交易,国寿养老险,2017-10-27,寿险团险,安徽,芜湖,繁昌支公司
CL1005100127,李立仁,身份证,340503********0038,CL9141,福寿嘉年78期,"50,000.00","50,000.00","50,001.46", ,,,34050279000030,,寿险团险,安徽,马鞍山市,马鞍山市团拓部,养老险公司,总部,寿险团险,安徽,马鞍山市,马鞍山市团拓部,网上交易,国寿养老险,2017-10-27,寿险团险,安徽,马鞍山市,马鞍山市团拓部
CL1005100127,李立仁,身份证,340503********0038,CL9141,福寿嘉年78期,"50,000.00","50,000.00","50,001.46", ,,,34050279000030,,寿险团险,安徽,马鞍山市,马鞍山市团拓部,养老险公司,总部,寿险团险,安徽,马鞍山市,马鞍山市团拓部,网上交易,国寿养老险,2017-10-27,寿险团险,安徽,马鞍山市,马鞍山市团拓部
CL1005944487,张文生,身份证,342822********0015,CL9141,福寿嘉年78期,"30,000.00","30,000.00","30,001.75",864984,寿险团险,安徽, ,,,,,,,,寿险团险,安徽,,,APP,国寿养老险,2017-10-27,寿险团险,安徽,,
CL1032813606,梁爱琴,身份证,340403********1424,CL9141,福寿嘉年78期,"50,000.00","50,000.00","50,001.94", ,,,34041179000019,,寿险团险,安徽,淮南,团拓部,养老险公司,总部,寿险团险,安徽,淮南,团拓部,网上交易,国寿养老险,2017-10-27,寿险团险,安徽,淮南,团拓部
CL1032813606,梁爱琴,身份证,340403********1424,CL9141,福寿嘉年78期,"50,000.00","50,000.00","50,001.94", ,,,34041179000019,,寿险团险,安徽,淮南,团拓部,养老险公司,总部,寿险团险,安徽,淮南,团拓部,网上交易,国寿养老险,2017-10-27,寿险团险,安徽,淮南,团拓部
CL1041821972,李守珍,身份证,340304********0420,CL9141,福寿嘉年78期,"50,000.00","50,000.00","50,002.43",864984,寿险团险,安徽,34032179000051,,寿险团险,安徽,蚌埠,怀远县支公司,养老险公司,总部,寿险团险,安徽,,,网上交易,国寿养老险,2017-10-27,寿险团险,安徽,蚌埠,怀远县支公司
CL1000964694,秦玉华,身份证,340223********8421,CL9141,福寿嘉年78期,"10,000.00","10,000.00","10,000.49",169578,寿险团险,安徽,34020579000042,,寿险团险,安徽,芜湖,南陵支公司,,,寿险团险,安徽,,,APP,国寿养老险,2017-10-27,寿险团险,安徽,芜湖,南陵支公司
CL1042501560,张银平,身份证,342222********0064,CL9141,福寿嘉年78期,"15,000.00","15,000.00","15,000.58",864984,寿险团险,安徽,34222279000006,,寿险团险,安徽,宿州,萧县支公司,养老险公司,总部,寿险团险,安徽,,,网上交易,国寿养老险,2017-10-27,寿险团险,安徽,宿州,萧县支公司
CL1009590543,凃成霞,身份证,342401********0049,CL9141,福寿嘉年78期,"10,000.00","10,000.00","10,000.58",864984,寿险团险,安徽,34240179000022,,寿险团险,安徽,六安,团拓,养老险公司,总部,寿险团险,安徽,,,网上交易,国寿养老险,2017-10-27,寿险团险,安徽,六安,团拓
CL1009590543,凃成霞,身份证,342401********0049,CL9141,福寿嘉年78期,"20,000.00","20,000.00","20,001.17",864984,寿险团险,安徽,34240179000022,,寿险团险,安徽,六安,团拓,养老险公司,总部,寿险团险,安徽,,,网上交易,国寿养老险,2017-10-27,寿险团险,安徽,六安,团拓
CL1009590543,凃成霞,身份证,342401********0049,CL9141,福寿嘉年78期,"50,000.00","50,000.00","50,002.92",864984,寿险团险,安徽,34240179000022,,寿险团险,安徽,六安,团拓,养老险公司,总部,寿险团险,安徽,,,网上交易,国寿养老险,2017-10-27,寿险团险,安徽,六安,团拓
CL1043178090,嵇成伟,身份证,320831********1418,CL9141,福寿嘉年78期,"40,000.00","40,000.00","40,001.17", ,,,34118179000041,,寿险团险,安徽,滁州,天长,养老险公司,总部,寿险团险,安徽,滁州,天长,网上交易,国寿养老险,2017-10-27,寿险团险,安徽,滁州,天长
CL1002766234,李丽勤,身份证,342725********602X,CL9141,福寿嘉年78期,"20,000.00","20,000.00","20,000.97",864984,寿险团险,安徽,34100279000003,,寿险团险,安徽,黄山,黄山市团拓部,,,寿险团险,安徽,,,APP,国寿养老险,2017-10-27,寿险团险,安徽,黄山,黄山市团拓部
CL1043178212,张啓珍,身份证,342521********5629,CL9141,福寿嘉年78期,"10,000.00","10,000.00","10,000.29", ,,,34100279000016,,寿险团险,安徽,黄山,黄山市团拓部,养老险公司,总部,寿险团险,安徽,黄山,黄山市团拓部,网上交易,国寿养老险,2017-10-27,寿险团险,安徽,黄山,黄山市团拓部
CL1043179988,李素华,身份证,340406********3849,CL9141,福寿嘉年78期,"10,000.00","10,000.00","10,000.29", ,,,34041179000035,,寿险团险,安徽,淮南,团拓部,养老险公司,总部,寿险团险,安徽,淮南,团拓部,网上交易,国寿养老险,2017-10-27,寿险团险,安徽,淮南,团拓部
CL1000955806,朱功玲,身份证,340505********064X,CL9141,福寿嘉年78期,"30,000.00","30,000.00","30,001.17",864984,寿险团险,安徽,34050279000030,,寿险团险,安徽,马鞍山市,马鞍山市团拓部,养老险公司,总部,寿险团险,安徽,,,网上交易,国寿养老险,2017-10-27,寿险团险,安徽,马鞍山市,马鞍山市团拓部
CL1041182547,邓成荣,身份证,342826********7326,CL9141,福寿嘉年78期,"50,000.00","50,000.00","50,002.43",864984,寿险团险,安徽,34082679000003,,寿险团险,安徽,安庆,宿松,养老险公司,总部,寿险团险,安徽,,,网上交易,国寿养老险,2017-10-27,寿险团险,安徽,安庆,宿松
CL1000768029,杨云,身份证,340803********2021,CL9141,福寿嘉年78期,"199,000.00","199,000.00","199,009.67",956185,养老险公司,安徽, ,,,,,,养老险公司,总部,养老险公司,安徽,,,网上交易,国寿养老险,2017-10-27,养老险公司,安徽,,
CL1032812907,段桂英,身份证,342129********5528,CL9141,福寿嘉年78期,"10,000.00","10,000.00","10,000.29", ,,,34041179000035,,寿险团险,安徽,淮南,团拓部,养老险公司,总部,寿险团险,安徽,淮南,团拓部,网上交易,国寿养老险,2017-10-27,寿险团险,安徽,淮南,团拓部
CL1030827097,刘玲,身份证,340503********0282,CL9141,福寿嘉年78期,"20,000.00","20,000.00","20,001.17",864984,寿险团险,安徽,34050279000030,,寿险团险,安徽,马鞍山市,马鞍山市团拓部,养老险公司,总部,寿险团险,安徽,,,网上交易,国寿养老险,2017-10-27,寿险团险,安徽,马鞍山市,马鞍山市团拓部
CL1042501460,吴波,身份证,340826********0012,CL9141,福寿嘉年78期,"50,000.00","50,000.00","50,001.94",864984,寿险团险,安徽,34082679000003,,寿险团险,安徽,安庆,宿松,养老险公司,总部,寿险团险,安徽,,,网上交易,国寿养老险,2017-10-27,寿险团险,安徽,安庆,宿松
CL1036826850,王伟,身份证,340602********021X,CL9141,福寿嘉年78期,"20,000.00","20,000.00","20,000.97",864984,寿险团险,安徽,34060279000027,,寿险团险,安徽,淮北,团拓,养老险公司,总部,寿险团险,安徽,,,网上交易,国寿养老险,2017-10-27,寿险团险,安徽,淮北,团拓
CL1000158196,鄢云翠,身份证,340202********1029,CL9141,福寿嘉年78期,"20,000.00","20,000.00","20,001.17",864984,寿险团险,安徽,34020179000036,,寿险团险,安徽,芜湖,团拓,养老险公司,总部,寿险团险,安徽,,,网上交易,国寿养老险,2017-10-27,寿险团险,安徽,芜湖,团拓
CL1015531978,张彦丽,身份证,340602********2448,CL9141,福寿嘉年78期,"50,000.00","50,000.00","50,002.43",864984,寿险团险,安徽,34060279000056,,寿险团险,安徽,淮北,团拓,养老险公司,总部,寿险团险,安徽,,,网上交易,国寿养老险,2017-10-27,寿险团险,安徽,淮北,团拓
CL1015531978,张彦丽,身份证,340602********2448,CL9141,福寿嘉年78期,"50,000.00","50,000.00","50,002.43",864984,寿险团险,安徽,34060279000056,,寿险团险,安徽,淮北,团拓,养老险公司,总部,寿险团险,安徽,,,网上交易,国寿养老险,2017-10-27,寿险团险,安徽,淮北,团拓
CL1015531978,张彦丽,身份证,340602********2448,CL9141,福寿嘉年78期,"50,000.00","50,000.00","50,002.43",864984,寿险团险,安徽,34060279000056,,寿险团险,安徽,淮北,团拓,养老险公司,总部,寿险团险,安徽,,,网上交易,国寿养老险,2017-10-27,寿险团险,安徽,淮北,团拓
CL1010728999,吕有花,身份证,342530********0021,CL9141,福寿嘉年78期,"50,000.00","50,000.00","50,001.46", ,,,34253079006001,,寿险团险,安徽,宣城,旌德支公司,养老险公司,总部,寿险团险,安徽,宣城,旌德支公司,网上交易,国寿养老险,2017-10-27,寿险团险,安徽,宣城,旌德支公司
CL1000671594,沈艳,身份证,342529********5421,CL9141,福寿嘉年78期,"40,000.00","40,000.00","40,001.56", ,,,34252979000011,,寿险团险,安徽,宣城,泾县支公司,养老险公司,总部,寿险团险,安徽,宣城,泾县支公司,网上交易,国寿养老险,2017-10-27,寿险团险,安徽,宣城,泾县支公司
CL1027318790,张芳龄,身份证,340828********1422,CL9141,福寿嘉年78期,"56,000.00","56,000.00","56,002.72",864984,寿险团险,安徽,34082879008009,,寿险团险,安徽,安庆,岳西,养老险公司,总部,寿险团险,安徽,,,网上交易,国寿养老险,2017-10-27,寿险团险,安徽,安庆,岳西
CL1015531978,张彦丽,身份证,340602********2448,CL9141,福寿嘉年78期,"50,000.00","50,000.00","50,002.43",864984,寿险团险,安徽,34060279000056,,寿险团险,安徽,淮北,团拓,养老险公司,总部,寿险团险,安徽,,,网上交易,国寿养老险,2017-10-27,寿险团险,安徽,淮北,团拓
CL1003946572,黄萍,身份证,342725********6024,CL9141,福寿嘉年78期,"30,000.00","30,000.00","30,001.75",864984,寿险团险,安徽,34102371000003,,寿险团险,安徽,黄山,黟县支公司,,,寿险团险,安徽,,,APP,国寿养老险,2017-10-27,寿险团险,安徽,黄山,黟县支公司
CL1002706514,徐洪萍,身份证,340224********1246,CL9141,福寿嘉年78期,"30,000.00","30,000.00","30,001.17",864984,寿险团险,安徽,34292313401493,,寿险团险,安徽,池州,青阳支公司,养老险公司,总部,寿险团险,安徽,,,网上交易,国寿养老险,2017-10-27,寿险团险,安徽,池州,青阳支公司
CL1039345650,张胜琴,身份证,342522********2120,CL9141,福寿嘉年78期,"90,000.00","90,000.00","90,004.38",169578,寿险团险,安徽,34252279002005,,寿险团险,安徽,宣城,郎溪支公司,养老险公司,总部,寿险团险,安徽,,,网上交易,国寿养老险,2017-10-27,寿险团险,安徽,宣城,郎溪支公司
CL1041819287,阮士英,身份证,342529********1220,CL9141,福寿嘉年78期,"30,000.00","30,000.00","30,001.75",864984,寿险团险,安徽,34252979000011,,寿险团险,安徽,宣城,泾县支公司,养老险公司,总部,寿险团险,安徽,,,网上交易,国寿养老险,2017-10-27,寿险团险,安徽,宣城,泾县支公司
CL1041819287,阮士英,身份证,342529********1220,CL9141,福寿嘉年78期,"40,000.00","40,000.00","40,002.33",864984,寿险团险,安徽,34252979000011,,寿险团险,安徽,宣城,泾县支公司,养老险公司,总部,寿险团险,安徽,,,网上交易,国寿养老险,2017-10-27,寿险团险,安徽,宣城,泾县支公司
CL1030830847,汪淑英,身份证,342725********6021,CL9141,福寿嘉年78期,"50,000.00","50,000.00","50,001.94",864984,寿险团险,安徽,34102371000003,,寿险团险,安徽,黄山,黟县支公司,,,寿险团险,安徽,,,APP,国寿养老险,2017-10-27,寿险团险,安徽,黄山,黟县支公司
CL1000693365,夏素美,身份证,340503********0348,CL9141,福寿嘉年78期,"220,000.00","220,000.00","220,010.69",864984,寿险团险,安徽,34050279000010,,寿险团险,安徽,马鞍山市,马鞍山市团拓部,养老险公司,总部,寿险团险,安徽,,,网上交易,国寿养老险,2017-10-27,寿险团险,安徽,马鞍山市,马鞍山市团拓部
CL1041821461,齐何仪,身份证,340826********3056,CL9141,福寿嘉年78期,"50,000.00","50,000.00","50,002.43",864984,寿险团险,安徽,34082679000003,,寿险团险,安徽,安庆,宿松,养老险公司,总部,寿险团险,安徽,,,网上交易,国寿养老险,2017-10-27,寿险团险,安徽,安庆,宿松
CL1007111182,张月琴,身份证,340223********9028,CL9141,福寿嘉年78期,"50,000.00","50,000.00","50,002.43",864984,寿险团险,安徽,34020579000042,,寿险团险,安徽,芜湖,南陵支公司,,,寿险团险,安徽,,,APP,国寿养老险,2017-10-27,寿险团险,安徽,芜湖,南陵支公司
CL1000827670,王娟,身份证,342529********0062,CL9141,福寿嘉年78期,"50,000.00","50,000.00","50,002.43",864984,寿险团险,安徽,34252979000011,,寿险团险,安徽,宣城,泾县支公司,养老险公司,总部,寿险团险,安徽,,,网上交易,国寿养老险,2017-10-27,寿险团险,安徽,宣城,泾县支公司
CL1041822582,王灵,身份证,340304********0448,CL9141,福寿嘉年78期,"50,000.00","50,000.00","50,001.94", ,,,34032179000051,,寿险团险,安徽,蚌埠,怀远县支公司,,,寿险团险,安徽,蚌埠,怀远县支公司,微信,国寿养老险,2017-10-27,寿险团险,安徽,蚌埠,怀远县支公司
CL1000941057,朱玲玲,身份证,340223********0024,CL9141,福寿嘉年78期,"20,000.00","20,000.00","20,000.97",864984,寿险团险,安徽,34020579000042,,寿险团险,安徽,芜湖,南陵支公司,,,寿险团险,安徽,,,APP,国寿养老险,2017-10-27,寿险团险,安徽,芜湖,南陵支公司
CL1009302867,孙慧云,身份证,342222********0104,CL9141,福寿嘉年78期,"100,000.00","100,000.00","100,003.89",864984,寿险团险,安徽,34222279000006,,寿险团险,安徽,宿州,萧县支公司,养老险公司,总部,寿险团险,安徽,,,网上交易,国寿养老险,2017-10-27,寿险团险,安徽,宿州,萧县支公司
CL1000752272,金长霞,身份证,342324********0227,CL9141,福寿嘉年78期,"100,000.00","100,000.00","100,003.89",864984,寿险团险,安徽,34112479000015,,寿险团险,安徽,滁州,全椒,养老险公司,总部,寿险团险,安徽,,,网上交易,国寿养老险,2017-10-27,寿险团险,安徽,滁州,全椒
CL1008586165,谢敏,身份证,341024********0023,CL9141,福寿嘉年78期,"10,000.00","10,000.00","10,000.49",864984,寿险团险,安徽,34102479000701,,寿险团险,安徽,黄山,祁门支公司,养老险公司,总部,寿险团险,安徽,,,网上交易,国寿养老险,2017-10-27,寿险团险,安徽,黄山,祁门支公司
CL1008624366,唐卫强,身份证,342529********0012,CL9141,福寿嘉年78期,"50,000.00","50,000.00","50,001.94", ,,,34252979000011,,寿险团险,安徽,宣城,泾县支公司,养老险公司,总部,寿险团险,安徽,宣城,泾县支公司,网上交易,国寿养老险,2017-10-27,寿险团险,安徽,宣城,泾县支公司
CL1008624366,唐卫强,身份证,342529********0012,CL9141,福寿嘉年78期,"50,000.00","50,000.00","50,001.94", ,,,34252979000011,,寿险团险,安徽,宣城,泾县支公司,养老险公司,总部,寿险团险,安徽,宣城,泾县支公司,网上交易,国寿养老险,2017-10-27,寿险团险,安徽,宣城,泾县支公司
CL1000639838,汪静,身份证,342901********6622,CL9141,福寿嘉年78期,"20,000.00","20,000.00","20,000.97",169578,寿险团险,安徽, ,,,,,,,,寿险团险,安徽,,,APP,国寿养老险,2017-10-27,寿险团险,安徽,,
CL1004260415,李斐,身份证,340103********1059,CL9141,福寿嘉年78期,"50,000.00","50,000.00","50,002.92",864984,寿险团险,安徽,34010579000139,,寿险团险,安徽,合肥,团险支公司,养老险公司,总部,寿险团险,安徽,,,网上交易,国寿养老险,2017-10-27,寿险团险,安徽,合肥,团险支公司
CL1004260415,李斐,身份证,340103********1059,CL9141,福寿嘉年78期,"50,000.00","50,000.00","50,002.92",864984,寿险团险,安徽,34010579000139,,寿险团险,安徽,合肥,团险支公司,养老险公司,总部,寿险团险,安徽,,,网上交易,国寿养老险,2017-10-27,寿险团险,安徽,合肥,团险支公司
CL1041501075,苏诚萍,身份证,340222********0520,CL9141,福寿嘉年78期,"50,000.00","50,000.00","50,001.94",864984,寿险团险,安徽,34020479000044,,寿险团险,安徽,芜湖,繁昌支公司,养老险公司,总部,寿险团险,安徽,,,网上交易,国寿养老险,2017-10-27,寿险团险,安徽,芜湖,繁昌支公司
CL1041501075,苏诚萍,身份证,340222********0520,CL9141,福寿嘉年78期,"50,000.00","50,000.00","50,001.94",864984,寿险团险,安徽,34020479000044,,寿险团险,安徽,芜湖,繁昌支公司,养老险公司,总部,寿险团险,安徽,,,网上交易,国寿养老险,2017-10-27,寿险团险,安徽,芜湖,繁昌支公司
CL1029098873,辛道桂,身份证,342401********3448,CL9141,福寿嘉年78期,"30,000.00","30,000.00","30,000.88", ,,,34240179000022,,寿险团险,安徽,六安,团拓,养老险公司,总部,寿险团险,安徽,六安,团拓,网上交易,国寿养老险,2017-10-27,寿险团险,安徽,六安,团拓
CL1041818322,李红,身份证,340322********2424,CL9141,福寿嘉年78期,"50,000.00","50,000.00","50,002.92",864984,寿险团险,安徽,34110179000050,,寿险团险,安徽,滁州,团拓,养老险公司,总部,寿险团险,安徽,,,网上交易,国寿养老险,2017-10-27,寿险团险,安徽,滁州,团拓
CL1041818322,李红,身份证,340322********2424,CL9141,福寿嘉年78期,"50,000.00","50,000.00","50,002.92",864984,寿险团险,安徽,34110179000050,,寿险团险,安徽,滁州,团拓,养老险公司,总部,寿险团险,安徽,,,网上交易,国寿养老险,2017-10-27,寿险团险,安徽,滁州,团拓
CL1009377357,冯木兰,身份证,340223********0826,CL9141,福寿嘉年78期,"10,000.00","10,000.00","10,000.49",864984,寿险团险,安徽,34020579000042,,寿险团险,安徽,芜湖,南陵支公司,,,寿险团险,安徽,,,APP,国寿养老险,2017-10-27,寿险团险,安徽,芜湖,南陵支公司
CL1000979064,洪燕,身份证,341002********0421,CL9141,福寿嘉年78期,"50,000.00","50,000.00","50,002.92",864984,寿险团险,安徽,34100379000010,,寿险团险,安徽,黄山,黄山区支公司,养老险公司,总部,寿险团险,安徽,,,网上交易,国寿养老险,2017-10-27,寿险团险,安徽,黄山,黄山区支公司
CL1000979064,洪燕,身份证,341002********0421,CL9141,福寿嘉年78期,"50,000.00","50,000.00","50,002.92",864984,寿险团险,安徽,34100379000010,,寿险团险,安徽,黄山,黄山区支公司,养老险公司,总部,寿险团险,安徽,,,网上交易,国寿养老险,2017-10-27,寿险团险,安徽,黄山,黄山区支公司
CL1001063221,王晶晶,身份证,340202********0023,CL9141,福寿嘉年78期,"20,000.00","20,000.00","20,001.17",864984,寿险团险,安徽,34010579000139,,寿险团险,安徽,合肥,团险支公司,养老险公司,总部,寿险团险,安徽,,,网上交易,国寿养老险,2017-10-27,寿险团险,安徽,合肥,团险支公司
CL1000233314,夏继林,身份证,342324********0016,CL9141,福寿嘉年78期,"30,000.00","30,000.00","30,001.75",864984,寿险团险,安徽,YL34000006,张子明,养老险公司,安徽,,,养老险公司,总部,寿险团险,安徽,,,网上交易,国寿养老险,2017-10-27,养老险公司,安徽,,
CL1041822337,侯磊,身份证,340223********0037,CL9141,福寿嘉年78期,"60,000.00","60,000.00","60,002.92",864984,寿险团险,安徽,34020579000042,,寿险团险,安徽,芜湖,南陵支公司,,,寿险团险,安徽,,,APP,国寿养老险,2017-10-27,寿险团险,安徽,芜湖,南陵支公司
CL1023976598,吴建蓉,身份证,340504********022X,CL9141,福寿嘉年78期,"40,000.00","40,000.00","40,001.56",864984,寿险团险,安徽,34050279000030,,寿险团险,安徽,马鞍山市,马鞍山市团拓部,养老险公司,总部,寿险团险,安徽,,,网上交易,国寿养老险,2017-10-27,寿险团险,安徽,马鞍山市,马鞍山市团拓部
CL1001064920,徐莉莉,身份证,340223********0027,CL9141,福寿嘉年78期,"50,000.00","50,000.00","50,001.94", ,,,34020579000042,,寿险团险,安徽,芜湖,南陵支公司,,,寿险团险,安徽,芜湖,南陵支公司,APP,国寿养老险,2017-10-27,寿险团险,安徽,芜湖,南陵支公司
CL1001064920,徐莉莉,身份证,340223********0027,CL9141,福寿嘉年78期,"50,000.00","50,000.00","50,001.94", ,,,34020579000042,,寿险团险,安徽,芜湖,南陵支公司,,,寿险团险,安徽,芜湖,南陵支公司,APP,国寿养老险,2017-10-27,寿险团险,安徽,芜湖,南陵支公司
CL1042500516,袁德全,身份证,340121********0370,CL9141,福寿嘉年78期,"80,000.00","80,000.00","80,003.11",864984,寿险团险,安徽,34041179000035,,寿险团险,安徽,淮南,团拓部,养老险公司,总部,寿险团险,安徽,,,网上交易,国寿养老险,2017-10-27,寿险团险,安徽,淮南,团拓部
CL1015210172,范伟明,身份证,340421********0211,CL9141,福寿嘉年78期,"10,000.00","10,000.00","10,000.39", ,,,34042179000010,,寿险团险,安徽,淮南,凤台县支公司,养老险公司,总部,寿险团险,安徽,淮南,凤台县支公司,网上交易,国寿养老险,2017-10-27,寿险团险,安徽,淮南,凤台县支公司
CL1013115189,李伟,身份证,342422********0149,CL9141,福寿嘉年78期,"40,000.00","40,000.00","40,002.33",956185,养老险公司,安徽,34042279000020,,寿险团险,安徽,淮南,寿县支公司,养老险公司,总部,养老险公司,安徽,,,网上交易,国寿养老险,2017-10-27,寿险团险,安徽,淮南,寿县支公司
CL1015210172,范伟明,身份证,340421********0211,CL9141,福寿嘉年78期,"50,000.00","50,000.00","50,001.94", ,,,34042179000010,,寿险团险,安徽,淮南,凤台县支公司,养老险公司,总部,寿险团险,安徽,淮南,凤台县支公司,网上交易,国寿养老险,2017-10-27,寿险团险,安徽,淮南,凤台县支公司
CL1041182281,黄俊玲,身份证,342426********0047,CL9141,福寿嘉年78期,"10,000.00","10,000.00","10,000.49",864984,寿险团险,安徽,34242679000042,,寿险团险,安徽,六安,金寨,养老险公司,总部,寿险团险,安徽,,,网上交易,国寿养老险,2017-10-27,寿险团险,安徽,六安,金寨
CL1041501286,蒋光亚,身份证,340322********0052,CL9141,福寿嘉年78期,"20,000.00","20,000.00","20,001.17",169578,寿险团险,安徽,34032279000021,,寿险团险,安徽,蚌埠,五河县支公司,养老险公司,总部,寿险团险,安徽,,,网上交易,国寿养老险,2017-10-27,寿险团险,安徽,蚌埠,五河县支公司
CL1043179055,杨俊,身份证,342401********0026,CL9141,福寿嘉年78期,"50,000.00","50,000.00","50,001.46", ,,,34240179000022,,寿险团险,安徽,六安,团拓,养老险公司,总部,寿险团险,安徽,六安,团拓,网上交易,国寿养老险,2017-10-27,寿险团险,安徽,六安,团拓
CL1041501286,蒋光亚,身份证,340322********0052,CL9141,福寿嘉年78期,"11,000.00","11,000.00","11,000.64",169578,寿险团险,安徽,34032279000021,,寿险团险,安徽,蚌埠,五河县支公司,养老险公司,总部,寿险团险,安徽,,,网上交易,国寿养老险,2017-10-27,寿险团险,安徽,蚌埠,五河县支公司
CL1041501742,黄伟,身份证,340822********2215,CL9141,福寿嘉年78期,"180,000.00","180,000.00","180,007.00",864984,寿险团险,安徽,34082279000004,,寿险团险,安徽,安庆,怀宁,养老险公司,总部,寿险团险,安徽,,,网上交易,国寿养老险,2017-10-27,寿险团险,安徽,安庆,怀宁
CL1004176921,乔晓岚,身份证,340222********6927,CL9141,福寿嘉年78期,"10,000.00","10,000.00","10,000.39", ,,,34050279000030,,寿险团险,安徽,马鞍山市,马鞍山市团拓部,养老险公司,总部,寿险团险,安徽,马鞍山市,马鞍山市团拓部,网上交易,国寿养老险,2017-10-27,寿险团险,安徽,马鞍山市,马鞍山市团拓部
CL1042498713,孙德阳,身份证,342327********0059,CL9141,福寿嘉年78期,"20,000.00","20,000.00","20,000.97",169578,寿险团险,安徽,34112779000019,,寿险团险,安徽,滁州,明光,养老险公司,总部,寿险团险,安徽,,,网上交易,国寿养老险,2017-10-27,寿险团险,安徽,滁州,明光
CL1041820095,韦晓欣,身份证,342101********222X,CL9141,福寿嘉年78期,"90,000.00","90,000.00","90,005.25",864984,寿险团险,安徽,34211779000033,,寿险团险,安徽,阜阳,阜阳团拓部,养老险公司,总部,寿险团险,安徽,,,网上交易,国寿养老险,2017-10-27,寿险团险,安徽,阜阳,阜阳团拓部
CL1043178856,赵成凤,身份证,342201********9040,CL9141,福寿嘉年78期,"50,000.00","50,000.00","50,001.46", ,,,34220379000008,,寿险团险,安徽,宿州,团拓部,养老险公司,总部,寿险团险,安徽,宿州,团拓部,网上交易,国寿养老险,2017-10-27,寿险团险,安徽,宿州,团拓部
CL1013240518,张月霞,身份证,340223********9023,CL9141,福寿嘉年78期,"10,000.00","10,000.00","10,000.58",864984,寿险团险,安徽,34020579000042,,寿险团险,安徽,芜湖,南陵支公司,,,寿险团险,安徽,,,APP,国寿养老险,2017-10-27,寿险团险,安徽,芜湖,南陵支公司
CL1000871121,王超,身份证,342427********0016,CL9141,福寿嘉年78期,"10,000.00","10,000.00","10,000.39", ,,,34242779000023,,寿险团险,安徽,六安,霍山,养老险公司,总部,寿险团险,安徽,六安,霍山,网上交易,国寿养老险,2017-10-27,寿险团险,安徽,六安,霍山
CL1000871121,王超,身份证,342427********0016,CL9141,福寿嘉年78期,"50,000.00","50,000.00","50,001.94", ,,,34242779000023,,寿险团险,安徽,六安,霍山,养老险公司,总部,寿险团险,安徽,六安,霍山,网上交易,国寿养老险,2017-10-27,寿险团险,安徽,六安,霍山
CL1000678386,凌香云,身份证,340102********3520,CL9141,福寿嘉年78期,"14,000.00","14,000.00","14,000.54", ,,,34011379000004,,寿险团险,安徽,合肥,团险拓展部,养老险公司,总部,寿险团险,安徽,合肥,团险拓展部,网上交易,国寿养老险,2017-10-27,寿险团险,安徽,合肥,团险拓展部
CL1000573995,陈杨,身份证,342201********0435,CL9141,福寿嘉年78期,"60,000.00","60,000.00","60,003.50",956185,养老险公司,安徽,34222479002415,,寿险团险,安徽,宿州,灵璧县支公司,养老险公司,总部,养老险公司,安徽,,,网上交易,国寿养老险,2017-10-27,寿险团险,安徽,宿州,灵璧县支公司
CL1041820262,袁小燕,身份证,340222********0025,CL9141,福寿嘉年78期,"50,000.00","50,000.00","50,002.92",956185,养老险公司,安徽,34020479000044,,寿险团险,安徽,芜湖,繁昌支公司,养老险公司,总部,养老险公司,安徽,,,网上交易,国寿养老险,2017-10-27,寿险团险,安徽,芜湖,繁昌支公司
CL1041817167,厉留雁,身份证,410222********4028,CL9141,福寿嘉年78期,"50,000.00","50,000.00","50,002.43",864984,寿险团险,安徽,34012179000038,,寿险团险,安徽,合肥,长丰支公司,养老险公司,总部,寿险团险,安徽,,,网上交易,国寿养老险,2017-10-27,寿险团险,安徽,合肥,长丰支公司
CL1041817167,厉留雁,身份证,410222********4028,CL9141,福寿嘉年78期,"50,000.00","50,000.00","50,002.43",864984,寿险团险,安徽,34012179000038,,寿险团险,安徽,合肥,长丰支公司,养老险公司,总部,寿险团险,安徽,,,网上交易,国寿养老险,2017-10-27,寿险团险,安徽,合肥,长丰支公司
CL1043179677,黄乐,身份证,340405********1629,CL9141,福寿嘉年78期,"100,000.00","100,000.00","100,002.92", ,,,34040471000022,,寿险团险,安徽,淮南,谢家集支公司,养老险公司,总部,寿险团险,安徽,淮南,谢家集支公司,网上交易,国寿养老险,2017-10-27,寿险团险,安徽,淮南,谢家集支公司
CL1042845814,李本存,身份证,340603********0216,CL9141,福寿嘉年78期,"50,000.00","50,000.00","50,001.46", ,,,34060279000036,,寿险团险,安徽,淮北,团拓,养老险公司,总部,寿险团险,安徽,淮北,团拓,网上交易,国寿养老险,2017-10-27,寿险团险,安徽,淮北,团拓
CL1042845814,李本存,身份证,340603********0216,CL9141,福寿嘉年78期,"50,000.00","50,000.00","50,001.46", ,,,34060279000036,,寿险团险,安徽,淮北,团拓,养老险公司,总部,寿险团险,安徽,淮北,团拓,网上交易,国寿养老险,2017-10-27,寿险团险,安徽,淮北,团拓
CL1042845814,李本存,身份证,340603********0216,CL9141,福寿嘉年78期,"50,000.00","50,000.00","50,001.46", ,,,34060279000036,,寿险团险,安徽,淮北,团拓,养老险公司,总部,寿险团险,安徽,淮北,团拓,网上交易,国寿养老险,2017-10-27,寿险团险,安徽,淮北,团拓
CL1042845814,李本存,身份证,340603********0216,CL9141,福寿嘉年78期,"50,000.00","50,000.00","50,001.46", ,,,34060279000036,,寿险团险,安徽,淮北,团拓,养老险公司,总部,寿险团险,安徽,淮北,团拓,网上交易,国寿养老险,2017-10-27,寿险团险,安徽,淮北,团拓
CL1042845814,李本存,身份证,340603********0216,CL9141,福寿嘉年78期,"50,000.00","50,000.00","50,001.46", ,,,34060279000036,,寿险团险,安徽,淮北,团拓,养老险公司,总部,寿险团险,安徽,淮北,团拓,网上交易,国寿养老险,2017-10-27,寿险团险,安徽,淮北,团拓
CL1042845814,李本存,身份证,340603********0216,CL9141,福寿嘉年78期,"50,000.00","50,000.00","50,001.46", ,,,34060279000036,,寿险团险,安徽,淮北,团拓,养老险公司,总部,寿险团险,安徽,淮北,团拓,网上交易,国寿养老险,2017-10-27,寿险团险,安徽,淮北,团拓
CL1003332598,张小玲,身份证,340828********2025,CL9141,福寿嘉年78期,"10,000.00","10,000.00","10,000.39",864984,寿险团险,安徽,34082879008009,,寿险团险,安徽,安庆,岳西,养老险公司,总部,寿险团险,安徽,,,网上交易,国寿养老险,2017-10-27,寿险团险,安徽,安庆,岳西

