﻿FUND_ACCT,CUST_NAME,CERT_TYPE,CERT_NO,FUND_CODE,FUND_NAME,APP_MONEY,ACK_MONEY,ACK_SHARE,INVITECODE,COMPANY_INVITE,BRANCH_INVITE_NEW,REFERID,CUSTNAME_REFER,COMPANY_REFER,BRANCH_REFER_NEW,CT_REFER,CR_REFER,COMPANY_ORG,ORGNAME,SALE_COMPANY_NAME_DTL,SALE_BRANCH_NAME,SALE_CT_NAME,SALE_CR_NAME,ACCEPT_METHOD,AGENCY_NAME,ACK_DATE,SALE_COMPANY_NAME_FEE,SALE_BRANCH_NAME_FEE1,SALE_CT_NAME_FEE,SALE_CR_NAME_FEE
CL1000716565,潘贵山,身份证,342529********0050,CL9020,福寿嘉年08期,"45,000.00","45,000.00","45,003.50",823369,养老险公司,安徽,34250179001007,,寿险团险,安徽,宣城,团拓,养老险公司,总部,养老险公司,安徽,,,网上交易,国寿养老险,2015-12-24,寿险团险,安徽,宣城,团拓
CL1000750118,徐静,身份证,341126********0022,CL9020,福寿嘉年08期,"100,000.00","100,000.00","100,007.78",823369,养老险公司,安徽,34112679000003,,寿险团险,安徽,滁州,凤阳,养老险公司,总部,养老险公司,安徽,,,网上交易,国寿养老险,2015-12-24,寿险团险,安徽,滁州,凤阳
CL1000753282,时光修,身份证,342401********0036,CL9020,福寿嘉年08期,"60,000.00","60,000.00","60,004.08",823369,养老险公司,安徽,34240179000022,,寿险团险,安徽,六安,团拓,养老险公司,总部,养老险公司,安徽,,,网上交易,国寿养老险,2015-12-24,寿险团险,安徽,六安,团拓
CL1000754014,汪诗龙,身份证,340123********1338,CL9020,福寿嘉年08期,"50,000.00","50,000.00","50,003.40",823369,养老险公司,安徽,34012279000002,,寿险团险,安徽,合肥,肥东支公司,养老险公司,总部,养老险公司,安徽,,,网上交易,国寿养老险,2015-12-24,寿险团险,安徽,合肥,肥东支公司
CL1000749699,林家虎,身份证,342326********0612,CL9020,福寿嘉年08期,"10,000.00","10,000.00","10,000.78",823369,养老险公司,安徽,34112679000003,,寿险团险,安徽,滁州,凤阳,养老险公司,总部,养老险公司,安徽,,,网上交易,国寿养老险,2015-12-24,寿险团险,安徽,滁州,凤阳
CL1000751195,黄玉琴,身份证,341125********3803,CL9020,福寿嘉年08期,"20,000.00","20,000.00","20,001.36",823369,养老险公司,安徽,34112579000024,,寿险团险,安徽,滁州,定远,养老险公司,总部,养老险公司,安徽,,,网上交易,国寿养老险,2015-12-24,寿险团险,安徽,滁州,定远
CL1000753548,贾学芹,身份证,342201********4921,CL9020,福寿嘉年08期,"100,000.00","100,000.00","100,006.81",823369,养老险公司,安徽,34011341000001,,寿险团险,安徽,合肥,团险拓展部,养老险公司,总部,养老险公司,安徽,,,网上交易,国寿养老险,2015-12-24,寿险团险,安徽,合肥,团险拓展部
CL1000752572,薛永红,身份证,342321********0250,CL9020,福寿嘉年08期,"10,000.00","10,000.00","10,000.68",823369,养老险公司,安徽,34110179000020,,寿险团险,安徽,滁州,团拓,养老险公司,总部,养老险公司,安徽,,,网上交易,国寿养老险,2015-12-24,寿险团险,安徽,滁州,团拓
CL1000668277,花明,身份证,342529********3010,CL9020,福寿嘉年08期,"20,000.00","20,000.00","20,001.17", ,,,34250179001007,,寿险团险,安徽,宣城,团拓,养老险公司,总部,寿险团险,安徽,宣城,团拓,网上交易,国寿养老险,2015-12-24,寿险团险,安徽,宣城,团拓
CL1000752361,林富明,身份证,342301********0411,CL9020,福寿嘉年08期,"50,000.00","50,000.00","50,003.40",823369,养老险公司,安徽,34110179000020,,寿险团险,安徽,滁州,团拓,养老险公司,总部,养老险公司,安徽,,,网上交易,国寿养老险,2015-12-24,寿险团险,安徽,滁州,团拓
CL1000752361,林富明,身份证,342301********0411,CL9020,福寿嘉年08期,"50,000.00","50,000.00","50,003.40",823369,养老险公司,安徽,34110179000020,,寿险团险,安徽,滁州,团拓,养老险公司,总部,养老险公司,安徽,,,网上交易,国寿养老险,2015-12-24,寿险团险,安徽,滁州,团拓
CL1000752361,林富明,身份证,342301********0411,CL9020,福寿嘉年08期,"50,000.00","50,000.00","50,003.40",823369,养老险公司,安徽,34110179000020,,寿险团险,安徽,滁州,团拓,养老险公司,总部,养老险公司,安徽,,,网上交易,国寿养老险,2015-12-24,寿险团险,安徽,滁州,团拓
CL1000703504,朱久云,身份证,341126********022X,CL9020,福寿嘉年08期,"10,000.00","10,000.00","10,000.68",823369,养老险公司,安徽,34112679000003,,寿险团险,安徽,滁州,凤阳,养老险公司,总部,养老险公司,安徽,,,网上交易,国寿养老险,2015-12-24,寿险团险,安徽,滁州,凤阳
CL1000753782,杨波,身份证,342301********0217,CL9020,福寿嘉年08期,"10,000.00","10,000.00","10,000.68",823369,养老险公司,安徽,34110179000023,,寿险团险,安徽,滁州,团拓,养老险公司,总部,养老险公司,安徽,,,网上交易,国寿养老险,2015-12-24,寿险团险,安徽,滁州,团拓
CL1000753782,杨波,身份证,342301********0217,CL9020,福寿嘉年08期,"10,000.00","10,000.00","10,000.68",823369,养老险公司,安徽,34110179000023,,寿险团险,安徽,滁州,团拓,养老险公司,总部,养老险公司,安徽,,,网上交易,国寿养老险,2015-12-24,寿险团险,安徽,滁州,团拓
CL1000755091,赵平,身份证,341103********4022,CL9020,福寿嘉年08期,"20,000.00","20,000.00","20,001.36",823369,养老险公司,安徽,34110179000020,,寿险团险,安徽,滁州,团拓,养老险公司,总部,养老险公司,安徽,,,网上交易,国寿养老险,2015-12-24,寿险团险,安徽,滁州,团拓
CL1000751773,蒋春景,身份证,341124********3014,CL9020,福寿嘉年08期,"10,000.00","10,000.00","10,000.68",823369,养老险公司,安徽, ,,,,,,养老险公司,总部,养老险公司,安徽,,,网上交易,国寿养老险,2015-12-24,养老险公司,安徽,,
CL1000038015,陈仁全,身份证,342423********0116,CL9020,福寿嘉年08期,"450,000.00","450,000.00","450,035.00",823369,养老险公司,安徽,YL34000001,陈仁全,养老险公司,安徽,,,养老险公司,总部,养老险公司,安徽,,,网上交易,国寿养老险,2015-12-24,养老险公司,安徽,,
CL1000757022,王国成,身份证,342301********5010,CL9020,福寿嘉年08期,"100,000.00","100,000.00","100,006.81",823369,养老险公司,安徽,34110179000020,,寿险团险,安徽,滁州,团拓,养老险公司,总部,养老险公司,安徽,,,网上交易,国寿养老险,2015-12-24,寿险团险,安徽,滁州,团拓
CL1000755624,李宗美,身份证,341127********3827,CL9020,福寿嘉年08期,"20,000.00","20,000.00","20,001.36",823369,养老险公司,安徽,34112779000019,,寿险团险,安徽,滁州,明光,养老险公司,总部,养老险公司,安徽,,,网上交易,国寿养老险,2015-12-24,寿险团险,安徽,滁州,明光
CL1000039414,凌霞,身份证,340702********2022,CL9020,福寿嘉年08期,"46,000.00","46,000.00","46,003.58",823369,养老险公司,安徽,34070379001002,,寿险团险,安徽,铜陵,团拓部（城区）,养老险公司,总部,养老险公司,安徽,,,网上交易,国寿养老险,2015-12-24,寿险团险,安徽,铜陵,团拓部（城区）
CL1000039414,凌霞,身份证,340702********2022,CL9020,福寿嘉年08期,"50,000.00","50,000.00","50,003.89",823369,养老险公司,安徽,34070379001002,,寿险团险,安徽,铜陵,团拓部（城区）,养老险公司,总部,养老险公司,安徽,,,网上交易,国寿养老险,2015-12-24,寿险团险,安徽,铜陵,团拓部（城区）
CL1000755724,李照亮,身份证,341122********4216,CL9020,福寿嘉年08期,"10,000.00","10,000.00","10,000.68",823369,养老险公司,安徽,34112279000011,,寿险团险,安徽,滁州,来安,养老险公司,总部,养老险公司,安徽,,,网上交易,国寿养老险,2015-12-24,寿险团险,安徽,滁州,来安
CL1000016711,石璇,身份证,342301********0620,CL9020,福寿嘉年08期,"10,000.00","10,000.00","10,000.78",823369,养老险公司,安徽,34110179000023,,寿险团险,安徽,滁州,团拓,养老险公司,总部,养老险公司,安徽,,,网上交易,国寿养老险,2015-12-24,寿险团险,安徽,滁州,团拓
CL1000016711,石璇,身份证,342301********0620,CL9020,福寿嘉年08期,"10,000.00","10,000.00","10,000.78",823369,养老险公司,安徽,34110179000023,,寿险团险,安徽,滁州,团拓,养老险公司,总部,养老险公司,安徽,,,网上交易,国寿养老险,2015-12-24,寿险团险,安徽,滁州,团拓
CL1000016711,石璇,身份证,342301********0620,CL9020,福寿嘉年08期,"10,000.00","10,000.00","10,000.78",823369,养老险公司,安徽,34110179000023,,寿险团险,安徽,滁州,团拓,养老险公司,总部,养老险公司,安徽,,,网上交易,国寿养老险,2015-12-24,寿险团险,安徽,滁州,团拓
CL1000016711,石璇,身份证,342301********0620,CL9020,福寿嘉年08期,"10,000.00","10,000.00","10,000.68",823369,养老险公司,安徽,34110179000023,,寿险团险,安徽,滁州,团拓,养老险公司,总部,养老险公司,安徽,,,网上交易,国寿养老险,2015-12-24,寿险团险,安徽,滁州,团拓
CL1000016711,石璇,身份证,342301********0620,CL9020,福寿嘉年08期,"50,000.00","50,000.00","50,003.40",823369,养老险公司,安徽,34110179000023,,寿险团险,安徽,滁州,团拓,养老险公司,总部,养老险公司,安徽,,,网上交易,国寿养老险,2015-12-24,寿险团险,安徽,滁州,团拓
CL1000016711,石璇,身份证,342301********0620,CL9020,福寿嘉年08期,"10,000.00","10,000.00","10,000.68",823369,养老险公司,安徽,34110179000023,,寿险团险,安徽,滁州,团拓,养老险公司,总部,养老险公司,安徽,,,网上交易,国寿养老险,2015-12-24,寿险团险,安徽,滁州,团拓
CL1000016711,石璇,身份证,342301********0620,CL9020,福寿嘉年08期,"10,000.00","10,000.00","10,000.68",823369,养老险公司,安徽,34110179000023,,寿险团险,安徽,滁州,团拓,养老险公司,总部,养老险公司,安徽,,,网上交易,国寿养老险,2015-12-24,寿险团险,安徽,滁州,团拓
CL1000016711,石璇,身份证,342301********0620,CL9020,福寿嘉年08期,"10,000.00","10,000.00","10,000.78",823369,养老险公司,安徽,34110179000023,,寿险团险,安徽,滁州,团拓,养老险公司,总部,养老险公司,安徽,,,网上交易,国寿养老险,2015-12-24,寿险团险,安徽,滁州,团拓
CL1000749211,邢炳彩,身份证,341125********6888,CL9020,福寿嘉年08期,"20,000.00","20,000.00","20,001.56",823369,养老险公司,安徽,34112579000024,,寿险团险,安徽,滁州,定远,养老险公司,总部,养老险公司,安徽,,,网上交易,国寿养老险,2015-12-24,寿险团险,安徽,滁州,定远
CL1000749211,邢炳彩,身份证,341125********6888,CL9020,福寿嘉年08期,"140,000.00","140,000.00","140,009.53",823369,养老险公司,安徽,34112579000024,,寿险团险,安徽,滁州,定远,养老险公司,总部,养老险公司,安徽,,,网上交易,国寿养老险,2015-12-24,寿险团险,安徽,滁州,定远
CL1000749211,邢炳彩,身份证,341125********6888,CL9020,福寿嘉年08期,"20,000.00","20,000.00","20,001.36",823369,养老险公司,安徽,34112579000024,,寿险团险,安徽,滁州,定远,养老险公司,总部,养老险公司,安徽,,,网上交易,国寿养老险,2015-12-24,寿险团险,安徽,滁州,定远
CL1000754881,胡翠霞,身份证,342301********002X,CL9020,福寿嘉年08期,"100,000.00","100,000.00","100,006.81",823369,养老险公司,安徽,34110179000020,,寿险团险,安徽,滁州,团拓,养老险公司,总部,养老险公司,安徽,,,网上交易,国寿养老险,2015-12-24,寿险团险,安徽,滁州,团拓
CL1000016711,石璇,身份证,342301********0620,CL9020,福寿嘉年08期,"10,000.00","10,000.00","10,000.68",823369,养老险公司,安徽,34110179000023,,寿险团险,安徽,滁州,团拓,养老险公司,总部,养老险公司,安徽,,,网上交易,国寿养老险,2015-12-24,寿险团险,安徽,滁州,团拓
CL1000016711,石璇,身份证,342301********0620,CL9020,福寿嘉年08期,"10,000.00","10,000.00","10,000.68",823369,养老险公司,安徽,34110179000023,,寿险团险,安徽,滁州,团拓,养老险公司,总部,养老险公司,安徽,,,网上交易,国寿养老险,2015-12-24,寿险团险,安徽,滁州,团拓
CL1000016711,石璇,身份证,342301********0620,CL9020,福寿嘉年08期,"10,000.00","10,000.00","10,000.78",823369,养老险公司,安徽,34110179000023,,寿险团险,安徽,滁州,团拓,养老险公司,总部,养老险公司,安徽,,,网上交易,国寿养老险,2015-12-24,寿险团险,安徽,滁州,团拓
CL1000636175,常忠玲,身份证,340403********2625,CL9020,福寿嘉年08期,"100,000.00","100,000.00","100,007.78",823369,养老险公司,安徽, ,,,,,,养老险公司,总部,养老险公司,安徽,,,网上交易,国寿养老险,2015-12-24,养老险公司,安徽,,
CL1000746770,曹青娣,身份证,320211********0020,CL9020,福寿嘉年08期,"100,000.00","100,000.00","100,007.78",823369,养老险公司,安徽,34012379000009,,寿险团险,安徽,合肥,肥西支公司,养老险公司,总部,养老险公司,安徽,,,网上交易,国寿养老险,2015-12-24,寿险团险,安徽,合肥,肥西支公司
CL1000756834,吴海红,身份证,342327********026X,CL9020,福寿嘉年08期,"40,000.00","40,000.00","40,002.72",823369,养老险公司,安徽,34112779000019,,寿险团险,安徽,滁州,明光,养老险公司,总部,养老险公司,安徽,,,网上交易,国寿养老险,2015-12-24,寿险团险,安徽,滁州,明光
CL1000754381,周金枝,身份证,342327********0221,CL9020,福寿嘉年08期,"10,000.00","10,000.00","10,000.68",823369,养老险公司,安徽,34112779000019,,寿险团险,安徽,滁州,明光,养老险公司,总部,养老险公司,安徽,,,网上交易,国寿养老险,2015-12-24,寿险团险,安徽,滁州,明光
CL1000029694,夏卿,身份证,342201********1852,CL9020,福寿嘉年08期,"50,000.00","50,000.00","50,003.40",823369,养老险公司,安徽,34220379000005,,寿险团险,安徽,宿州,团拓部,养老险公司,总部,养老险公司,安徽,,,网上交易,国寿养老险,2015-12-24,寿险团险,安徽,宿州,团拓部
CL1000029694,夏卿,身份证,342201********1852,CL9020,福寿嘉年08期,"430,000.00","430,000.00","430,033.44",823369,养老险公司,安徽,34220379000005,,寿险团险,安徽,宿州,团拓部,养老险公司,总部,养老险公司,安徽,,,网上交易,国寿养老险,2015-12-24,寿险团险,安徽,宿州,团拓部
CL1000701284,王玉琴,身份证,342301********0023,CL9020,福寿嘉年08期,"10,000.00","10,000.00","10,000.68",823369,养老险公司,安徽,34110179000023,,寿险团险,安徽,滁州,团拓,养老险公司,总部,养老险公司,安徽,,,网上交易,国寿养老险,2015-12-24,寿险团险,安徽,滁州,团拓
CL1000757033,周琴,身份证,342325********0025,CL9020,福寿嘉年08期,"60,000.00","60,000.00","60,004.08",823369,养老险公司,安徽,34110179000020,,寿险团险,安徽,滁州,团拓,养老险公司,总部,养老险公司,安徽,,,网上交易,国寿养老险,2015-12-24,寿险团险,安徽,滁州,团拓
CL1000756001,王从美,身份证,342327********0035,CL9020,福寿嘉年08期,"40,000.00","40,000.00","40,002.72",823369,养老险公司,安徽,34112779000019,,寿险团险,安徽,滁州,明光,养老险公司,总部,养老险公司,安徽,,,网上交易,国寿养老险,2015-12-24,寿险团险,安徽,滁州,明光
CL1000753715,李梅,身份证,342301********1027,CL9020,福寿嘉年08期,"50,000.00","50,000.00","50,003.40",823369,养老险公司,安徽,34110179000020,,寿险团险,安徽,滁州,团拓,养老险公司,总部,养老险公司,安徽,,,网上交易,国寿养老险,2015-12-24,寿险团险,安徽,滁州,团拓
CL1000752461,陈洪,身份证,342622********6823,CL9020,福寿嘉年08期,"30,000.00","30,000.00","30,002.04",823369,养老险公司,安徽,34262279000122,,寿险团险,安徽,,,养老险公司,总部,养老险公司,安徽,,,网上交易,国寿养老险,2015-12-24,寿险团险,安徽,,
CL1000752461,陈洪,身份证,342622********6823,CL9020,福寿嘉年08期,"20,000.00","20,000.00","20,001.36",823369,养老险公司,安徽,34262279000122,,寿险团险,安徽,,,养老险公司,总部,养老险公司,安徽,,,网上交易,国寿养老险,2015-12-24,寿险团险,安徽,,
CL1000693876,岳喜凤,身份证,341103********2824,CL9020,福寿嘉年08期,"10,000.00","10,000.00","10,000.68",823369,养老险公司,安徽,34110179000020,,寿险团险,安徽,滁州,团拓,养老险公司,总部,养老险公司,安徽,,,网上交易,国寿养老险,2015-12-24,寿险团险,安徽,滁州,团拓
CL1000693876,岳喜凤,身份证,341103********2824,CL9020,福寿嘉年08期,"10,000.00","10,000.00","10,000.68",823369,养老险公司,安徽,34110179000020,,寿险团险,安徽,滁州,团拓,养老险公司,总部,养老险公司,安徽,,,网上交易,国寿养老险,2015-12-24,寿险团险,安徽,滁州,团拓
CL1000693876,岳喜凤,身份证,341103********2824,CL9020,福寿嘉年08期,"10,000.00","10,000.00","10,000.68",823369,养老险公司,安徽,34110179000020,,寿险团险,安徽,滁州,团拓,养老险公司,总部,养老险公司,安徽,,,网上交易,国寿养老险,2015-12-24,寿险团险,安徽,滁州,团拓
CL1000756434,储德美,身份证,341124********6221,CL9020,福寿嘉年08期,"20,000.00","20,000.00","20,001.36",823369,养老险公司,安徽, ,,,,,,养老险公司,总部,养老险公司,安徽,,,网上交易,国寿养老险,2015-12-24,养老险公司,安徽,,
CL1000727840,孔冬梅,身份证,340121********9141,CL9020,福寿嘉年08期,"40,000.00","40,000.00","40,002.72",823369,养老险公司,安徽,34012179000001,,寿险团险,安徽,合肥,长丰支公司,养老险公司,总部,养老险公司,安徽,,,网上交易,国寿养老险,2015-12-24,寿险团险,安徽,合肥,长丰支公司
CL1000425607,许梦凡,身份证,340102********1510,CL9020,福寿嘉年08期,"250,000.00","250,000.00","250,017.01",823369,养老险公司,安徽,34011371000001,,寿险团险,安徽,合肥,团险拓展部,养老险公司,总部,养老险公司,安徽,,,网上交易,国寿养老险,2015-12-24,寿险团险,安徽,合肥,团险拓展部
CL1000680704,凌晓梅,身份证,342321********3243,CL9020,福寿嘉年08期,"10,000.00","10,000.00","10,000.78",823369,养老险公司,安徽,34118179000041,,寿险团险,安徽,滁州,天长,养老险公司,总部,养老险公司,安徽,,,网上交易,国寿养老险,2015-12-24,寿险团险,安徽,滁州,天长
CL1000680704,凌晓梅,身份证,342321********3243,CL9020,福寿嘉年08期,"50,000.00","50,000.00","50,003.89",823369,养老险公司,安徽,34118179000041,,寿险团险,安徽,滁州,天长,养老险公司,总部,养老险公司,安徽,,,网上交易,国寿养老险,2015-12-24,寿险团险,安徽,滁州,天长
CL1000756412,周传梅,身份证,342301********0620,CL9020,福寿嘉年08期,"20,000.00","20,000.00","20,001.36",823369,养老险公司,安徽,34110179000020,,寿险团险,安徽,滁州,团拓,养老险公司,总部,养老险公司,安徽,,,网上交易,国寿养老险,2015-12-24,寿险团险,安徽,滁州,团拓
CL1000754858,陆同忠,身份证,342325********0392,CL9020,福寿嘉年08期,"10,000.00","10,000.00","10,000.68",823369,养老险公司,安徽, ,,,,,,养老险公司,总部,养老险公司,安徽,,,网上交易,国寿养老险,2015-12-24,养老险公司,安徽,,
CL1000754858,陆同忠,身份证,342325********0392,CL9020,福寿嘉年08期,"50,000.00","50,000.00","50,003.40",823369,养老险公司,安徽, ,,,,,,养老险公司,总部,养老险公司,安徽,,,网上交易,国寿养老险,2015-12-24,养老险公司,安徽,,
CL1000753748,冯彬,身份证,341181********0035,CL9020,福寿嘉年08期,"20,000.00","20,000.00","20,001.36",823369,养老险公司,安徽,34110179000020,,寿险团险,安徽,滁州,团拓,养老险公司,总部,养老险公司,安徽,,,网上交易,国寿养老险,2015-12-24,寿险团险,安徽,滁州,团拓
CL1000747891,曾金梅,身份证,362429********3024,CL9020,福寿嘉年08期,"10,000.00","10,000.00","10,000.78",823369,养老险公司,安徽,34112679000003,,寿险团险,安徽,滁州,凤阳,养老险公司,总部,养老险公司,安徽,,,网上交易,国寿养老险,2015-12-24,寿险团险,安徽,滁州,凤阳
CL1000755946,李传红,身份证,342327********0221,CL9020,福寿嘉年08期,"10,000.00","10,000.00","10,000.68",823369,养老险公司,安徽,34112779000019,,寿险团险,安徽,滁州,明光,养老险公司,总部,养老险公司,安徽,,,网上交易,国寿养老险,2015-12-24,寿险团险,安徽,滁州,明光
CL1000750952,秦申国,身份证,341126********1215,CL9020,福寿嘉年08期,"50,000.00","50,000.00","50,003.40",823369,养老险公司,安徽,34110179000020,,寿险团险,安徽,滁州,团拓,养老险公司,总部,养老险公司,安徽,,,网上交易,国寿养老险,2015-12-24,寿险团险,安徽,滁州,团拓
CL1000753871,陈东晖,身份证,342301********0213,CL9020,福寿嘉年08期,"20,000.00","20,000.00","20,001.36",823369,养老险公司,安徽,34110179000020,,寿险团险,安徽,滁州,团拓,养老险公司,总部,养老险公司,安徽,,,网上交易,国寿养老险,2015-12-24,寿险团险,安徽,滁州,团拓
CL1000753871,陈东晖,身份证,342301********0213,CL9020,福寿嘉年08期,"50,000.00","50,000.00","50,003.40",823369,养老险公司,安徽,34110179000020,,寿险团险,安徽,滁州,团拓,养老险公司,总部,养老险公司,安徽,,,网上交易,国寿养老险,2015-12-24,寿险团险,安徽,滁州,团拓
CL1000751262,柏广勤,身份证,341181********3072,CL9020,福寿嘉年08期,"10,000.00","10,000.00","10,000.68",823369,养老险公司,安徽,34118179000041,,寿险团险,安徽,滁州,天长,养老险公司,总部,养老险公司,安徽,,,网上交易,国寿养老险,2015-12-24,寿险团险,安徽,滁州,天长
CL1000756178,李敏,身份证,342325********0060,CL9020,福寿嘉年08期,"20,000.00","20,000.00","20,001.36",823369,养老险公司,安徽,34112579000024,,寿险团险,安徽,滁州,定远,养老险公司,总部,养老险公司,安徽,,,网上交易,国寿养老险,2015-12-24,寿险团险,安徽,滁州,定远
CL1000753104,黄国银,身份证,340123********1336,CL9020,福寿嘉年08期,"50,000.00","50,000.00","50,003.40",823369,养老险公司,安徽,34012279000002,,寿险团险,安徽,合肥,肥东支公司,养老险公司,总部,养老险公司,安徽,,,网上交易,国寿养老险,2015-12-24,寿险团险,安徽,合肥,肥东支公司
CL1000753104,黄国银,身份证,340123********1336,CL9020,福寿嘉年08期,"50,000.00","50,000.00","50,003.40",823369,养老险公司,安徽,34012279000002,,寿险团险,安徽,合肥,肥东支公司,养老险公司,总部,养老险公司,安徽,,,网上交易,国寿养老险,2015-12-24,寿险团险,安徽,合肥,肥东支公司
CL1000091087,阳惠,身份证,342401********3423,CL9020,福寿嘉年08期,"140,000.00","140,000.00","140,010.89",823369,养老险公司,安徽,34240179000022,,寿险团险,安徽,六安,团拓,养老险公司,总部,养老险公司,安徽,,,网上交易,国寿养老险,2015-12-24,寿险团险,安徽,六安,团拓
CL1000520554,汤毓兰,身份证,340721********0021,CL9020,福寿嘉年08期,"50,000.00","50,000.00","50,003.89",823369,养老险公司,安徽,34070379001002,,寿险团险,安徽,铜陵,团拓部（城区）,养老险公司,总部,养老险公司,安徽,,,网上交易,国寿养老险,2015-12-24,寿险团险,安徽,铜陵,团拓部（城区）
CL1000520554,汤毓兰,身份证,340721********0021,CL9020,福寿嘉年08期,"45,000.00","45,000.00","45,003.50",823369,养老险公司,安徽,34070379001002,,寿险团险,安徽,铜陵,团拓部（城区）,养老险公司,总部,养老险公司,安徽,,,网上交易,国寿养老险,2015-12-24,寿险团险,安徽,铜陵,团拓部（城区）
CL1000756756,张惠东,身份证,341102********0229,CL9020,福寿嘉年08期,"30,000.00","30,000.00","30,002.04",823369,养老险公司,安徽,34110179000020,,寿险团险,安徽,滁州,团拓,养老险公司,总部,养老险公司,安徽,,,网上交易,国寿养老险,2015-12-24,寿险团险,安徽,滁州,团拓
CL1000745360,王保琴,身份证,341181********5823,CL9020,福寿嘉年08期,"20,000.00","20,000.00","20,001.56",823369,养老险公司,安徽,34118179000041,,寿险团险,安徽,滁州,天长,养老险公司,总部,养老险公司,安徽,,,网上交易,国寿养老险,2015-12-24,寿险团险,安徽,滁州,天长
CL1000754870,盛琼,身份证,342324********0024,CL9020,福寿嘉年08期,"50,000.00","50,000.00","50,003.40",823369,养老险公司,安徽, ,,,,,,养老险公司,总部,养老险公司,安徽,,,网上交易,国寿养老险,2015-12-24,养老险公司,安徽,,
CL1000753237,王玲,身份证,341125********380X,CL9020,福寿嘉年08期,"10,000.00","10,000.00","10,000.68",823369,养老险公司,安徽,34112579000024,,寿险团险,安徽,滁州,定远,养老险公司,总部,养老险公司,安徽,,,网上交易,国寿养老险,2015-12-24,寿险团险,安徽,滁州,定远
CL1000753726,陈如玲,身份证,341125********0064,CL9020,福寿嘉年08期,"50,000.00","50,000.00","50,003.40",823369,养老险公司,安徽,34112579000024,,寿险团险,安徽,滁州,定远,养老险公司,总部,养老险公司,安徽,,,网上交易,国寿养老险,2015-12-24,寿险团险,安徽,滁州,定远
CL1000705179,檀望德,身份证,342921********441X,CL9020,福寿嘉年08期,"10,000.00","10,000.00","10,000.78",823369,养老险公司,安徽,34080179000010,,寿险团险,安徽,安庆,城区团拓部,养老险公司,总部,养老险公司,安徽,,,网上交易,国寿养老险,2015-12-24,寿险团险,安徽,安庆,城区团拓部
CL1000756823,周雨,身份证,342301********6246,CL9020,福寿嘉年08期,"50,000.00","50,000.00","50,003.40",823369,养老险公司,安徽,34110179000020,,寿险团险,安徽,滁州,团拓,养老险公司,总部,养老险公司,安徽,,,网上交易,国寿养老险,2015-12-24,寿险团险,安徽,滁州,团拓
CL1000756112,李美荣,身份证,341127********0064,CL9020,福寿嘉年08期,"10,000.00","10,000.00","10,000.68",823369,养老险公司,安徽,34112779000019,,寿险团险,安徽,滁州,明光,养老险公司,总部,养老险公司,安徽,,,网上交易,国寿养老险,2015-12-24,寿险团险,安徽,滁州,明光
CL1000752727,高圆圆,身份证,341102********6262,CL9020,福寿嘉年08期,"100,000.00","100,000.00","100,006.81",823369,养老险公司,安徽,34110179000020,,寿险团险,安徽,滁州,团拓,养老险公司,总部,养老险公司,安徽,,,网上交易,国寿养老险,2015-12-24,寿险团险,安徽,滁州,团拓
CL1000432142,石云,身份证,342422********0168,CL9020,福寿嘉年08期,"60,000.00","60,000.00","60,004.67",823369,养老险公司,安徽,34240179000022,,寿险团险,安徽,六安,团拓,养老险公司,总部,养老险公司,安徽,,,网上交易,国寿养老险,2015-12-24,寿险团险,安徽,六安,团拓
CL1000691023,戴红卫,身份证,340304********0613,CL9020,福寿嘉年08期,"30,000.00","30,000.00","30,002.04",823369,养老险公司,安徽,34112279000011,,寿险团险,安徽,滁州,来安,养老险公司,总部,养老险公司,安徽,,,网上交易,国寿养老险,2015-12-24,寿险团险,安徽,滁州,来安
CL1000244766,张本玉,身份证,342401********0060,CL9020,福寿嘉年08期,"150,000.00","150,000.00","150,011.67",823369,养老险公司,安徽,34240179000022,,寿险团险,安徽,六安,团拓,养老险公司,总部,养老险公司,安徽,,,网上交易,国寿养老险,2015-12-24,寿险团险,安徽,六安,团拓
CL1000090700,殷安莉,身份证,342401********382X,CL9020,福寿嘉年08期,"20,000.00","20,000.00","20,001.36",823369,养老险公司,安徽,34242279000022,,寿险团险,安徽,,,养老险公司,总部,养老险公司,安徽,,,网上交易,国寿养老险,2015-12-24,寿险团险,安徽,,
CL1000587299,韩琍,身份证,340302********0449,CL9020,福寿嘉年08期,"40,000.00","40,000.00","40,002.72",823369,养老险公司,安徽,YL34000006,张子明,养老险公司,安徽,,,养老险公司,总部,养老险公司,安徽,,,网上交易,国寿养老险,2015-12-24,养老险公司,安徽,,
CL1000690335,邹玮,身份证,342301********0824,CL9020,福寿嘉年08期,"10,000.00","10,000.00","10,000.68",823369,养老险公司,安徽,34110179000020,,寿险团险,安徽,滁州,团拓,养老险公司,总部,养老险公司,安徽,,,网上交易,国寿养老险,2015-12-24,寿险团险,安徽,滁州,团拓
CL1000690335,邹玮,身份证,342301********0824,CL9020,福寿嘉年08期,"10,000.00","10,000.00","10,000.68",823369,养老险公司,安徽,34110179000020,,寿险团险,安徽,滁州,团拓,养老险公司,总部,养老险公司,安徽,,,网上交易,国寿养老险,2015-12-24,寿险团险,安徽,滁州,团拓
CL1000754270,方跃会,身份证,341125********0929,CL9020,福寿嘉年08期,"20,000.00","20,000.00","20,001.36",823369,养老险公司,安徽,34112579000024,,寿险团险,安徽,滁州,定远,养老险公司,总部,养老险公司,安徽,,,网上交易,国寿养老险,2015-12-24,寿险团险,安徽,滁州,定远
CL1000754270,方跃会,身份证,341125********0929,CL9020,福寿嘉年08期,"40,000.00","40,000.00","40,002.72",823369,养老险公司,安徽,34112579000024,,寿险团险,安徽,滁州,定远,养老险公司,总部,养老险公司,安徽,,,网上交易,国寿养老险,2015-12-24,寿险团险,安徽,滁州,定远
CL1000753360,石翠云,身份证,342325********0100,CL9020,福寿嘉年08期,"20,000.00","20,000.00","20,001.36",823369,养老险公司,安徽,34112579000024,,寿险团险,安徽,滁州,定远,养老险公司,总部,养老险公司,安徽,,,网上交易,国寿养老险,2015-12-24,寿险团险,安徽,滁州,定远
CL1000678120,欧阳岷,身份证,342321********002X,CL9020,福寿嘉年08期,"30,000.00","30,000.00","30,002.33",823369,养老险公司,安徽,34118179000041,,寿险团险,安徽,滁州,天长,养老险公司,总部,养老险公司,安徽,,,网上交易,国寿养老险,2015-12-24,寿险团险,安徽,滁州,天长
CL1000678120,欧阳岷,身份证,342321********002X,CL9020,福寿嘉年08期,"30,000.00","30,000.00","30,002.33",823369,养老险公司,安徽,34118179000041,,寿险团险,安徽,滁州,天长,养老险公司,总部,养老险公司,安徽,,,网上交易,国寿养老险,2015-12-24,寿险团险,安徽,滁州,天长
CL1000046704,陈朝军,身份证,340223********0020,CL9020,福寿嘉年08期,"64,000.00","64,000.00","64,004.36",823369,养老险公司,安徽,YL34000005,张哲,养老险公司,安徽,,,养老险公司,总部,养老险公司,安徽,,,网上交易,国寿养老险,2015-12-24,养老险公司,安徽,,
CL1000756778,杨兆祥,身份证,342327********0217,CL9020,福寿嘉年08期,"20,000.00","20,000.00","20,001.36",823369,养老险公司,安徽,34112779000019,,寿险团险,安徽,滁州,明光,养老险公司,总部,养老险公司,安徽,,,网上交易,国寿养老险,2015-12-24,寿险团险,安徽,滁州,明光
CL1000686897,叶何莹,身份证,341122********5828,CL9020,福寿嘉年08期,"30,000.00","30,000.00","30,002.04",823369,养老险公司,安徽,34112279000011,,寿险团险,安徽,滁州,来安,养老险公司,总部,养老险公司,安徽,,,网上交易,国寿养老险,2015-12-24,寿险团险,安徽,滁州,来安
CL1000686897,叶何莹,身份证,341122********5828,CL9020,福寿嘉年08期,"40,000.00","40,000.00","40,002.72",823369,养老险公司,安徽,34112279000011,,寿险团险,安徽,滁州,来安,养老险公司,总部,养老险公司,安徽,,,网上交易,国寿养老险,2015-12-24,寿险团险,安徽,滁州,来安
CL1000728694,孙建芸,身份证,342301********0824,CL9020,福寿嘉年08期,"30,000.00","30,000.00","30,002.04",823369,养老险公司,安徽,34110179000020,,寿险团险,安徽,滁州,团拓,养老险公司,总部,养老险公司,安徽,,,网上交易,国寿养老险,2015-12-24,寿险团险,安徽,滁州,团拓
CL1000749877,殷光林,身份证,341124********6436,CL9020,福寿嘉年08期,"10,000.00","10,000.00","10,000.78",823369,养老险公司,安徽, ,,,,,,养老险公司,总部,养老险公司,安徽,,,网上交易,国寿养老险,2015-12-24,养老险公司,安徽,,
CL1000749877,殷光林,身份证,341124********6436,CL9020,福寿嘉年08期,"100,000.00","100,000.00","100,007.78",823369,养老险公司,安徽, ,,,,,,养老险公司,总部,养老险公司,安徽,,,网上交易,国寿养老险,2015-12-24,养老险公司,安徽,,
CL1000749933,朱泉霞,身份证,340403********1846,CL9020,福寿嘉年08期,"16,000.00","16,000.00","16,001.24",823369,养老险公司,安徽,34041179000014,,寿险团险,安徽,淮南,团拓部,养老险公司,总部,养老险公司,安徽,,,网上交易,国寿养老险,2015-12-24,寿险团险,安徽,淮南,团拓部
CL1000753026,李菲菲,身份证,341125********0043,CL9020,福寿嘉年08期,"10,000.00","10,000.00","10,000.68",823369,养老险公司,安徽,34112579000024,,寿险团险,安徽,滁州,定远,养老险公司,总部,养老险公司,安徽,,,网上交易,国寿养老险,2015-12-24,寿险团险,安徽,滁州,定远
CL1000756623,戴泽君,身份证,341127********1425,CL9020,福寿嘉年08期,"70,000.00","70,000.00","70,004.76",823369,养老险公司,安徽,34110179000020,,寿险团险,安徽,滁州,团拓,养老险公司,总部,养老险公司,安徽,,,网上交易,国寿养老险,2015-12-24,寿险团险,安徽,滁州,团拓
CL1000751951,陈霞,身份证,340123********9663,CL9020,福寿嘉年08期,"30,000.00","30,000.00","30,002.04",823369,养老险公司,安徽,34012279000016,,寿险团险,安徽,合肥,肥东支公司,养老险公司,总部,养老险公司,安徽,,,网上交易,国寿养老险,2015-12-24,寿险团险,安徽,合肥,肥东支公司
CL1000090500,张艳,身份证,342401********1320,CL9020,福寿嘉年08期,"200,000.00","200,000.00","200,015.56",823369,养老险公司,安徽,34240179000022,,寿险团险,安徽,六安,团拓,养老险公司,总部,养老险公司,安徽,,,网上交易,国寿养老险,2015-12-24,寿险团险,安徽,六安,团拓
CL1000722712,张晓丽,身份证,340123********0326,CL9020,福寿嘉年08期,"160,000.00","160,000.00","160,010.89",823369,养老险公司,安徽,34012279000032,,寿险团险,安徽,合肥,肥东支公司,养老险公司,总部,养老险公司,安徽,,,网上交易,国寿养老险,2015-12-24,寿险团险,安徽,合肥,肥东支公司
CL1000676599,王永梅,身份证,341181********0028,CL9020,福寿嘉年08期,"50,000.00","50,000.00","50,003.89",823369,养老险公司,安徽,34118179000041,,寿险团险,安徽,滁州,天长,养老险公司,总部,养老险公司,安徽,,,网上交易,国寿养老险,2015-12-24,寿险团险,安徽,滁州,天长
CL1000676599,王永梅,身份证,341181********0028,CL9020,福寿嘉年08期,"50,000.00","50,000.00","50,003.89",823369,养老险公司,安徽,34118179000041,,寿险团险,安徽,滁州,天长,养老险公司,总部,养老险公司,安徽,,,网上交易,国寿养老险,2015-12-24,寿险团险,安徽,滁州,天长
CL1000045094,方惠青,身份证,342701********1029,CL9020,福寿嘉年08期,"70,000.00","70,000.00","70,005.44",823369,养老险公司,安徽,34100279000003,,寿险团险,安徽,黄山,黄山市团拓部,养老险公司,总部,养老险公司,安徽,,,网上交易,国寿养老险,2015-12-24,寿险团险,安徽,黄山,黄山市团拓部
CL1000262475,卜秀萍,身份证,342221********3060,CL9020,福寿嘉年08期,"90,000.00","90,000.00","90,006.13",823369,养老险公司,安徽,34011371000001,,寿险团险,安徽,合肥,团险拓展部,养老险公司,总部,养老险公司,安徽,,,网上交易,国寿养老险,2015-12-24,寿险团险,安徽,合肥,团险拓展部
CL1000755080,杨红梅,身份证,340123********004X,CL9020,福寿嘉年08期,"50,000.00","50,000.00","50,003.40",823369,养老险公司,安徽,34012279000018,,寿险团险,安徽,合肥,肥东支公司,养老险公司,总部,养老险公司,安徽,,,网上交易,国寿养老险,2015-12-24,寿险团险,安徽,合肥,肥东支公司
CL1000755080,杨红梅,身份证,340123********004X,CL9020,福寿嘉年08期,"10,000.00","10,000.00","10,000.68",823369,养老险公司,安徽,34012279000018,,寿险团险,安徽,合肥,肥东支公司,养老险公司,总部,养老险公司,安徽,,,网上交易,国寿养老险,2015-12-24,寿险团险,安徽,合肥,肥东支公司
CL1000726841,张家如,身份证,341125********6712,CL9020,福寿嘉年08期,"20,000.00","20,000.00","20,001.36",823369,养老险公司,安徽,34112579000024,,寿险团险,安徽,滁州,定远,养老险公司,总部,养老险公司,安徽,,,网上交易,国寿养老险,2015-12-24,寿险团险,安徽,滁州,定远
CL1000747713,武琳,身份证,342326********0264,CL9020,福寿嘉年08期,"50,000.00","50,000.00","50,003.89",823369,养老险公司,安徽,34112679000003,,寿险团险,安徽,滁州,凤阳,养老险公司,总部,养老险公司,安徽,,,网上交易,国寿养老险,2015-12-24,寿险团险,安徽,滁州,凤阳
CL1000755413,钟家梅,身份证,342325********2720,CL9020,福寿嘉年08期,"10,000.00","10,000.00","10,000.68",823369,养老险公司,安徽,34110179000020,,寿险团险,安徽,滁州,团拓,养老险公司,总部,养老险公司,安徽,,,网上交易,国寿养老险,2015-12-24,寿险团险,安徽,滁州,团拓
CL1000753704,杨东梅,身份证,341125********0101,CL9020,福寿嘉年08期,"30,000.00","30,000.00","30,002.04",823369,养老险公司,安徽,34112579000024,,寿险团险,安徽,滁州,定远,养老险公司,总部,养老险公司,安徽,,,网上交易,国寿养老险,2015-12-24,寿险团险,安徽,滁州,定远
CL1000754136,查全芳,身份证,342622********0148,CL9020,福寿嘉年08期,"100,000.00","100,000.00","100,006.81",823369,养老险公司,安徽,34262279000122,,寿险团险,安徽,,,养老险公司,总部,养老险公司,安徽,,,网上交易,国寿养老险,2015-12-24,寿险团险,安徽,,
CL1000753082,范祥军,身份证,341125********0919,CL9020,福寿嘉年08期,"40,000.00","40,000.00","40,002.72",823369,养老险公司,安徽,34112579000024,,寿险团险,安徽,滁州,定远,养老险公司,总部,养老险公司,安徽,,,网上交易,国寿养老险,2015-12-24,寿险团险,安徽,滁州,定远
CL1000754447,张银香,身份证,341182********6425,CL9020,福寿嘉年08期,"50,000.00","50,000.00","50,003.40",823369,养老险公司,安徽,34112779000019,,寿险团险,安徽,滁州,明光,养老险公司,总部,养老险公司,安徽,,,网上交易,国寿养老险,2015-12-24,寿险团险,安徽,滁州,明光
CL1000751028,李著红,身份证,341125********0029,CL9020,福寿嘉年08期,"10,000.00","10,000.00","10,000.68",823369,养老险公司,安徽,34112579000024,,寿险团险,安徽,滁州,定远,养老险公司,总部,养老险公司,安徽,,,网上交易,国寿养老险,2015-12-24,寿险团险,安徽,滁州,定远
CL1000751017,徐迪敏,身份证,342301********0836,CL9020,福寿嘉年08期,"10,000.00","10,000.00","10,000.68",823369,养老险公司,安徽,34110179000020,,寿险团险,安徽,滁州,团拓,养老险公司,总部,养老险公司,安徽,,,网上交易,国寿养老险,2015-12-24,寿险团险,安徽,滁州,团拓
CL1000751017,徐迪敏,身份证,342301********0836,CL9020,福寿嘉年08期,"10,000.00","10,000.00","10,000.68",823369,养老险公司,安徽,34110179000020,,寿险团险,安徽,滁州,团拓,养老险公司,总部,养老险公司,安徽,,,网上交易,国寿养老险,2015-12-24,寿险团险,安徽,滁州,团拓
CL1000751017,徐迪敏,身份证,342301********0836,CL9020,福寿嘉年08期,"10,000.00","10,000.00","10,000.68",823369,养老险公司,安徽,34110179000020,,寿险团险,安徽,滁州,团拓,养老险公司,总部,养老险公司,安徽,,,网上交易,国寿养老险,2015-12-24,寿险团险,安徽,滁州,团拓
CL1000751017,徐迪敏,身份证,342301********0836,CL9020,福寿嘉年08期,"10,000.00","10,000.00","10,000.68",823369,养老险公司,安徽,34110179000020,,寿险团险,安徽,滁州,团拓,养老险公司,总部,养老险公司,安徽,,,网上交易,国寿养老险,2015-12-24,寿险团险,安徽,滁州,团拓
CL1000751017,徐迪敏,身份证,342301********0836,CL9020,福寿嘉年08期,"10,000.00","10,000.00","10,000.68",823369,养老险公司,安徽,34110179000020,,寿险团险,安徽,滁州,团拓,养老险公司,总部,养老险公司,安徽,,,网上交易,国寿养老险,2015-12-24,寿险团险,安徽,滁州,团拓
CL1000751017,徐迪敏,身份证,342301********0836,CL9020,福寿嘉年08期,"10,000.00","10,000.00","10,000.68",823369,养老险公司,安徽,34110179000020,,寿险团险,安徽,滁州,团拓,养老险公司,总部,养老险公司,安徽,,,网上交易,国寿养老险,2015-12-24,寿险团险,安徽,滁州,团拓
CL1000751017,徐迪敏,身份证,342301********0836,CL9020,福寿嘉年08期,"10,000.00","10,000.00","10,000.68",823369,养老险公司,安徽,34110179000020,,寿险团险,安徽,滁州,团拓,养老险公司,总部,养老险公司,安徽,,,网上交易,国寿养老险,2015-12-24,寿险团险,安徽,滁州,团拓
CL1000751017,徐迪敏,身份证,342301********0836,CL9020,福寿嘉年08期,"10,000.00","10,000.00","10,000.68",823369,养老险公司,安徽,34110179000020,,寿险团险,安徽,滁州,团拓,养老险公司,总部,养老险公司,安徽,,,网上交易,国寿养老险,2015-12-24,寿险团险,安徽,滁州,团拓
CL1000751017,徐迪敏,身份证,342301********0836,CL9020,福寿嘉年08期,"10,000.00","10,000.00","10,000.68",823369,养老险公司,安徽,34110179000020,,寿险团险,安徽,滁州,团拓,养老险公司,总部,养老险公司,安徽,,,网上交易,国寿养老险,2015-12-24,寿险团险,安徽,滁州,团拓
CL1000751017,徐迪敏,身份证,342301********0836,CL9020,福寿嘉年08期,"10,000.00","10,000.00","10,000.68",823369,养老险公司,安徽,34110179000020,,寿险团险,安徽,滁州,团拓,养老险公司,总部,养老险公司,安徽,,,网上交易,国寿养老险,2015-12-24,寿险团险,安徽,滁州,团拓
CL1000754836,姚梅,身份证,341127********5424,CL9020,福寿嘉年08期,"10,000.00","10,000.00","10,000.68",823369,养老险公司,安徽,34112779000019,,寿险团险,安徽,滁州,明光,养老险公司,总部,养老险公司,安徽,,,网上交易,国寿养老险,2015-12-24,寿险团险,安徽,滁州,明光
CL1000754836,姚梅,身份证,341127********5424,CL9020,福寿嘉年08期,"75,000.00","75,000.00","75,005.10",823369,养老险公司,安徽,34112779000019,,寿险团险,安徽,滁州,明光,养老险公司,总部,养老险公司,安徽,,,网上交易,国寿养老险,2015-12-24,寿险团险,安徽,滁州,明光
CL1000754836,姚梅,身份证,341127********5424,CL9020,福寿嘉年08期,"15,000.00","15,000.00","15,001.02",823369,养老险公司,安徽,34112779000019,,寿险团险,安徽,滁州,明光,养老险公司,总部,养老险公司,安徽,,,网上交易,国寿养老险,2015-12-24,寿险团险,安徽,滁州,明光
CL1000752516,金绍荣,身份证,342324********0446,CL9020,福寿嘉年08期,"50,000.00","50,000.00","50,003.40",823369,养老险公司,安徽, ,,,,,,养老险公司,总部,养老险公司,安徽,,,网上交易,国寿养老险,2015-12-24,养老险公司,安徽,,
CL1000714289,王维华,身份证,340111********7024,CL9020,福寿嘉年08期,"100,000.00","100,000.00","100,005.83", ,,,34011379000004,,寿险团险,安徽,合肥,团险拓展部,养老险公司,总部,寿险团险,安徽,合肥,团险拓展部,网上交易,国寿养老险,2015-12-24,寿险团险,安徽,合肥,团险拓展部
CL1000750774,许德梅,身份证,340104********2061,CL9020,福寿嘉年08期,"10,000.00","10,000.00","10,000.78",823369,养老险公司,安徽,34011379000004,,寿险团险,安徽,合肥,团险拓展部,养老险公司,总部,养老险公司,安徽,,,网上交易,国寿养老险,2015-12-24,寿险团险,安徽,合肥,团险拓展部
CL1000752272,金长霞,身份证,342324********0227,CL9020,福寿嘉年08期,"50,000.00","50,000.00","50,003.40",823369,养老险公司,安徽, ,,,,,,养老险公司,总部,养老险公司,安徽,,,网上交易,国寿养老险,2015-12-24,养老险公司,安徽,,
CL1000747835,汪群,身份证,340803********2429,CL9020,福寿嘉年08期,"50,000.00","50,000.00","50,003.89",823369,养老险公司,安徽,34080179000010,,寿险团险,安徽,安庆,城区团拓部,养老险公司,总部,养老险公司,安徽,,,网上交易,国寿养老险,2015-12-24,寿险团险,安徽,安庆,城区团拓部
CL1000752972,王步学,身份证,341122********0227,CL9020,福寿嘉年08期,"40,000.00","40,000.00","40,002.72",823369,养老险公司,安徽,34112279000011,,寿险团险,安徽,滁州,来安,养老险公司,总部,养老险公司,安徽,,,网上交易,国寿养老险,2015-12-24,寿险团险,安徽,滁州,来安
CL1000750696,陈广银,身份证,341125********0034,CL9020,福寿嘉年08期,"10,000.00","10,000.00","10,000.78",823369,养老险公司,安徽,34112579000024,,寿险团险,安徽,滁州,定远,养老险公司,总部,养老险公司,安徽,,,网上交易,国寿养老险,2015-12-24,寿险团险,安徽,滁州,定远
CL1000749099,乐承云,身份证,342426********4229,CL9020,福寿嘉年08期,"10,000.00","10,000.00","10,000.78",823369,养老险公司,安徽,34011379000004,,寿险团险,安徽,合肥,团险拓展部,养老险公司,总部,养老险公司,安徽,,,网上交易,国寿养老险,2015-12-24,寿险团险,安徽,合肥,团险拓展部
CL1000753204,徐文琴,身份证,340122********7962,CL9020,福寿嘉年08期,"50,000.00","50,000.00","50,003.40",823369,养老险公司,安徽,34012379000009,,寿险团险,安徽,合肥,肥西支公司,养老险公司,总部,养老险公司,安徽,,,网上交易,国寿养老险,2015-12-24,寿险团险,安徽,合肥,肥西支公司
CL1000754025,蔺广仁,身份证,341125********0036,CL9020,福寿嘉年08期,"10,000.00","10,000.00","10,000.68",823369,养老险公司,安徽,34112579000024,,寿险团险,安徽,滁州,定远,养老险公司,总部,养老险公司,安徽,,,网上交易,国寿养老险,2015-12-24,寿险团险,安徽,滁州,定远
CL1000748690,鹿毅,身份证,342321********0224,CL9020,福寿嘉年08期,"50,000.00","50,000.00","50,003.89",823369,养老险公司,安徽,34118179000041,,寿险团险,安徽,滁州,天长,养老险公司,总部,养老险公司,安徽,,,网上交易,国寿养老险,2015-12-24,寿险团险,安徽,滁州,天长
CL1000748690,鹿毅,身份证,342321********0224,CL9020,福寿嘉年08期,"50,000.00","50,000.00","50,003.89",823369,养老险公司,安徽,34118179000041,,寿险团险,安徽,滁州,天长,养老险公司,总部,养老险公司,安徽,,,网上交易,国寿养老险,2015-12-24,寿险团险,安徽,滁州,天长
CL1000748690,鹿毅,身份证,342321********0224,CL9020,福寿嘉年08期,"50,000.00","50,000.00","50,003.89",823369,养老险公司,安徽,34118179000041,,寿险团险,安徽,滁州,天长,养老险公司,总部,养老险公司,安徽,,,网上交易,国寿养老险,2015-12-24,寿险团险,安徽,滁州,天长
CL1000755846,葛文华,身份证,342327********0422,CL9020,福寿嘉年08期,"10,000.00","10,000.00","10,000.68",823369,养老险公司,安徽,34112779000019,,寿险团险,安徽,滁州,明光,养老险公司,总部,养老险公司,安徽,,,网上交易,国寿养老险,2015-12-24,寿险团险,安徽,滁州,明光
CL1000565462,孙霞,身份证,342324********0040,CL9020,福寿嘉年08期,"20,000.00","20,000.00","20,001.36",823369,养老险公司,安徽,YL34000003,陈俊,养老险公司,安徽,,,养老险公司,总部,养老险公司,安徽,,,网上交易,国寿养老险,2015-12-24,养老险公司,安徽,,
CL1000752338,汪玲,身份证,341125********3806,CL9020,福寿嘉年08期,"10,000.00","10,000.00","10,000.68",823369,养老险公司,安徽,34112579000024,,寿险团险,安徽,滁州,定远,养老险公司,总部,养老险公司,安徽,,,网上交易,国寿养老险,2015-12-24,寿险团险,安徽,滁州,定远
CL1000756501,闫洪英,身份证,211002********5726,CL9020,福寿嘉年08期,"20,000.00","20,000.00","20,001.36",823369,养老险公司,安徽,34110179000020,,寿险团险,安徽,滁州,团拓,养老险公司,总部,养老险公司,安徽,,,网上交易,国寿养老险,2015-12-24,寿险团险,安徽,滁州,团拓
CL1000756978,史建国,身份证,342327********0018,CL9020,福寿嘉年08期,"50,000.00","50,000.00","50,003.40",823369,养老险公司,安徽,34112779000019,,寿险团险,安徽,滁州,明光,养老险公司,总部,养老险公司,安徽,,,网上交易,国寿养老险,2015-12-24,寿险团险,安徽,滁州,明光
CL1000754170,何自平,身份证,340123********0819,CL9020,福寿嘉年08期,"30,000.00","30,000.00","30,002.04",823369,养老险公司,安徽,34012279000018,,寿险团险,安徽,合肥,肥东支公司,养老险公司,总部,养老险公司,安徽,,,网上交易,国寿养老险,2015-12-24,寿险团险,安徽,合肥,肥东支公司
CL1000755968,李孝兰,身份证,342301********0628,CL9020,福寿嘉年08期,"20,000.00","20,000.00","20,001.36",823369,养老险公司,安徽,34110179000020,,寿险团险,安徽,滁州,团拓,养老险公司,总部,养老险公司,安徽,,,网上交易,国寿养老险,2015-12-24,寿险团险,安徽,滁州,团拓
CL1000056568,孙雪蓉,身份证,340103********2028,CL9020,福寿嘉年08期,"100,000.00","100,000.00","100,006.81",823369,养老险公司,安徽,34011371000001,,寿险团险,安徽,合肥,团险拓展部,养老险公司,总部,养老险公司,安徽,,,网上交易,国寿养老险,2015-12-24,寿险团险,安徽,合肥,团险拓展部
CL1000754114,肖明秀,身份证,341125********3808,CL9020,福寿嘉年08期,"20,000.00","20,000.00","20,001.36",823369,养老险公司,安徽,34112579000024,,寿险团险,安徽,滁州,定远,养老险公司,总部,养老险公司,安徽,,,网上交易,国寿养老险,2015-12-24,寿险团险,安徽,滁州,定远
CL1000754114,肖明秀,身份证,341125********3808,CL9020,福寿嘉年08期,"50,000.00","50,000.00","50,003.40",823369,养老险公司,安徽,34112579000024,,寿险团险,安徽,滁州,定远,养老险公司,总部,养老险公司,安徽,,,网上交易,国寿养老险,2015-12-24,寿险团险,安徽,滁州,定远
CL1000755635,刘明珠,身份证,342327********0023,CL9020,福寿嘉年08期,"20,000.00","20,000.00","20,001.36",823369,养老险公司,安徽,34110179000020,,寿险团险,安徽,滁州,团拓,养老险公司,总部,养老险公司,安徽,,,网上交易,国寿养老险,2015-12-24,寿险团险,安徽,滁州,团拓
CL1000754225,庞明利,身份证,340121********0019,CL9020,福寿嘉年08期,"20,000.00","20,000.00","20,001.36",823369,养老险公司,安徽,34012179000001,,寿险团险,安徽,合肥,长丰支公司,养老险公司,总部,养老险公司,安徽,,,网上交易,国寿养老险,2015-12-24,寿险团险,安徽,合肥,长丰支公司
CL1000755279,陈复香,身份证,340103********0023,CL9020,福寿嘉年08期,"50,000.00","50,000.00","50,003.40",823369,养老险公司,安徽, ,,,,,,养老险公司,总部,养老险公司,安徽,,,网上交易,国寿养老险,2015-12-24,养老险公司,安徽,,
CL1000755279,陈复香,身份证,340103********0023,CL9020,福寿嘉年08期,"50,000.00","50,000.00","50,003.40",823369,养老险公司,安徽, ,,,,,,养老险公司,总部,养老险公司,安徽,,,网上交易,国寿养老险,2015-12-24,养老险公司,安徽,,
CL1000745793,杨兴成,身份证,341125********3477,CL9020,福寿嘉年08期,"10,000.00","10,000.00","10,000.78",823369,养老险公司,安徽,34112579000024,,寿险团险,安徽,滁州,定远,养老险公司,总部,养老险公司,安徽,,,网上交易,国寿养老险,2015-12-24,寿险团险,安徽,滁州,定远
CL1000745793,杨兴成,身份证,341125********3477,CL9020,福寿嘉年08期,"10,000.00","10,000.00","10,000.68",823369,养老险公司,安徽,34112579000024,,寿险团险,安徽,滁州,定远,养老险公司,总部,养老险公司,安徽,,,网上交易,国寿养老险,2015-12-24,寿险团险,安徽,滁州,定远
CL1000745060,张雯,身份证,340803********2426,CL9020,福寿嘉年08期,"50,000.00","50,000.00","50,003.89",823369,养老险公司,安徽,34080179000010,,寿险团险,安徽,安庆,城区团拓部,养老险公司,总部,养老险公司,安徽,,,网上交易,国寿养老险,2015-12-24,寿险团险,安徽,安庆,城区团拓部
CL1000104934,夏怀秀,身份证,342201********042X,CL9020,福寿嘉年08期,"50,000.00","50,000.00","50,003.40",823369,养老险公司,安徽,34220379001399,,寿险团险,安徽,宿州,团拓部,养老险公司,总部,养老险公司,安徽,,,网上交易,国寿养老险,2015-12-24,寿险团险,安徽,宿州,团拓部
CL1000753148,印松,身份证,341124********0017,CL9020,福寿嘉年08期,"10,000.00","10,000.00","10,000.68",823369,养老险公司,安徽, ,,,,,,养老险公司,总部,养老险公司,安徽,,,网上交易,国寿养老险,2015-12-24,养老险公司,安徽,,
CL1000723055,张丽君,身份证,342529********0047,CL9020,福寿嘉年08期,"100,000.00","100,000.00","100,007.78",823369,养老险公司,安徽,34250179001007,,寿险团险,安徽,宣城,团拓,养老险公司,总部,养老险公司,安徽,,,网上交易,国寿养老险,2015-12-24,寿险团险,安徽,宣城,团拓
CL1000721680,王华中,身份证,340123********0056,CL9020,福寿嘉年08期,"30,000.00","30,000.00","30,002.04",823369,养老险公司,安徽,34012279000002,,寿险团险,安徽,合肥,肥东支公司,养老险公司,总部,养老险公司,安徽,,,网上交易,国寿养老险,2015-12-24,寿险团险,安徽,合肥,肥东支公司
CL1000751428,张久荣,身份证,340121********9160,CL9020,福寿嘉年08期,"10,000.00","10,000.00","10,000.68",823369,养老险公司,安徽,34012179000001,,寿险团险,安徽,合肥,长丰支公司,养老险公司,总部,养老险公司,安徽,,,网上交易,国寿养老险,2015-12-24,寿险团险,安徽,合肥,长丰支公司
CL1000755268,黄晓洁,身份证,342301********1026,CL9020,福寿嘉年08期,"35,000.00","35,000.00","35,002.38",823369,养老险公司,安徽,34110179000020,,寿险团险,安徽,滁州,团拓,养老险公司,总部,养老险公司,安徽,,,网上交易,国寿养老险,2015-12-24,寿险团险,安徽,滁州,团拓
CL1000734830,张磊,身份证,340104********2517,CL9020,福寿嘉年08期,"18,000.00","18,000.00","18,001.23",823369,养老险公司,安徽,34240179000022,,寿险团险,安徽,六安,团拓,养老险公司,总部,养老险公司,安徽,,,网上交易,国寿养老险,2015-12-24,寿险团险,安徽,六安,团拓
CL1000734174,张文,户口本,342401********102X,CL9020,福寿嘉年08期,"200,000.00","200,000.00","200,015.56",823369,养老险公司,安徽,34240179000022,,寿险团险,安徽,六安,团拓,养老险公司,总部,养老险公司,安徽,,,网上交易,国寿养老险,2015-12-24,寿险团险,安徽,六安,团拓
CL1000747980,汤琼,身份证,341126********1529,CL9020,福寿嘉年08期,"60,000.00","60,000.00","60,004.67",823369,养老险公司,安徽,34112679000003,,寿险团险,安徽,滁州,凤阳,养老险公司,总部,养老险公司,安徽,,,网上交易,国寿养老险,2015-12-24,寿险团险,安徽,滁州,凤阳
CL1000249361,张静,身份证,342701********042X,CL9020,福寿嘉年08期,"10,000.00","10,000.00","10,000.58", ,,,34100279000003,,寿险团险,安徽,黄山,黄山市团拓部,养老险公司,总部,寿险团险,安徽,黄山,黄山市团拓部,网上交易,国寿养老险,2015-12-24,寿险团险,安徽,黄山,黄山市团拓部
CL1000756390,陈正玉,身份证,341182********0229,CL9020,福寿嘉年08期,"20,000.00","20,000.00","20,001.36",823369,养老险公司,安徽,34112779000019,,寿险团险,安徽,滁州,明光,养老险公司,总部,养老险公司,安徽,,,网上交易,国寿养老险,2015-12-24,寿险团险,安徽,滁州,明光
CL1000752438,何勇,身份证,340123********7112,CL9020,福寿嘉年08期,"50,000.00","50,000.00","50,003.40",823369,养老险公司,安徽,34012279000018,,寿险团险,安徽,合肥,肥东支公司,养老险公司,总部,养老险公司,安徽,,,网上交易,国寿养老险,2015-12-24,寿险团险,安徽,合肥,肥东支公司
CL1000752438,何勇,身份证,340123********7112,CL9020,福寿嘉年08期,"50,000.00","50,000.00","50,003.40",823369,养老险公司,安徽,34012279000018,,寿险团险,安徽,合肥,肥东支公司,养老险公司,总部,养老险公司,安徽,,,网上交易,国寿养老险,2015-12-24,寿险团险,安徽,合肥,肥东支公司
CL1000677421,谢小露,身份证,342201********0043,CL9020,福寿嘉年08期,"80,000.00","80,000.00","80,005.44",823369,养老险公司,安徽,34011341000001,,寿险团险,安徽,合肥,团险拓展部,养老险公司,总部,养老险公司,安徽,,,网上交易,国寿养老险,2015-12-24,寿险团险,安徽,合肥,团险拓展部
CL1000677421,谢小露,身份证,342201********0043,CL9020,福寿嘉年08期,"108,000.00","108,000.00","108,007.35",823369,养老险公司,安徽,34011341000001,,寿险团险,安徽,合肥,团险拓展部,养老险公司,总部,养老险公司,安徽,,,网上交易,国寿养老险,2015-12-24,寿险团险,安徽,合肥,团险拓展部
CL1000721557,纪宏,身份证,340123********0047,CL9020,福寿嘉年08期,"50,000.00","50,000.00","50,003.40",823369,养老险公司,安徽,34012279000002,,寿险团险,安徽,合肥,肥东支公司,养老险公司,总部,养老险公司,安徽,,,网上交易,国寿养老险,2015-12-24,寿险团险,安徽,合肥,肥东支公司
CL1000721557,纪宏,身份证,340123********0047,CL9020,福寿嘉年08期,"30,000.00","30,000.00","30,002.04",823369,养老险公司,安徽,34012279000002,,寿险团险,安徽,合肥,肥东支公司,养老险公司,总部,养老险公司,安徽,,,网上交易,国寿养老险,2015-12-24,寿险团险,安徽,合肥,肥东支公司
CL1000097992,陈军,身份证,342201********0810,CL9020,福寿嘉年08期,"20,000.00","20,000.00","20,001.36",823369,养老险公司,安徽,34220379000008,,寿险团险,安徽,宿州,团拓部,养老险公司,总部,养老险公司,安徽,,,网上交易,国寿养老险,2015-12-24,寿险团险,安徽,宿州,团拓部
CL1000097992,陈军,身份证,342201********0810,CL9020,福寿嘉年08期,"50,000.00","50,000.00","50,003.89",823369,养老险公司,安徽,34220379000008,,寿险团险,安徽,宿州,团拓部,养老险公司,总部,养老险公司,安徽,,,网上交易,国寿养老险,2015-12-24,寿险团险,安徽,宿州,团拓部
CL1000753182,张传美,身份证,342301********0621,CL9020,福寿嘉年08期,"50,000.00","50,000.00","50,003.40",823369,养老险公司,安徽,34110179000020,,寿险团险,安徽,滁州,团拓,养老险公司,总部,养老险公司,安徽,,,网上交易,国寿养老险,2015-12-24,寿险团险,安徽,滁州,团拓
CL1000753182,张传美,身份证,342301********0621,CL9020,福寿嘉年08期,"50,000.00","50,000.00","50,003.40",823369,养老险公司,安徽,34110179000020,,寿险团险,安徽,滁州,团拓,养老险公司,总部,养老险公司,安徽,,,网上交易,国寿养老险,2015-12-24,寿险团险,安徽,滁州,团拓
CL1000753526,王庆龙,身份证,342322********0095,CL9020,福寿嘉年08期,"20,000.00","20,000.00","20,001.36",823369,养老险公司,安徽,34112279000011,,寿险团险,安徽,滁州,来安,养老险公司,总部,养老险公司,安徽,,,网上交易,国寿养老险,2015-12-24,寿险团险,安徽,滁州,来安
CL1000007334,周艳,身份证,340111********1022,CL9020,福寿嘉年08期,"60,000.00","60,000.00","60,004.67",823369,养老险公司,安徽,34011371000001,,寿险团险,安徽,合肥,团险拓展部,养老险公司,总部,养老险公司,安徽,,,网上交易,国寿养老险,2015-12-24,寿险团险,安徽,合肥,团险拓展部
CL1000756367,朱广翠,身份证,341124********3065,CL9020,福寿嘉年08期,"20,000.00","20,000.00","20,001.36",823369,养老险公司,安徽, ,,,,,,养老险公司,总部,养老险公司,安徽,,,网上交易,国寿养老险,2015-12-24,养老险公司,安徽,,
CL1000753526,王庆龙,身份证,342322********0095,CL9020,福寿嘉年08期,"30,000.00","30,000.00","30,002.04",823369,养老险公司,安徽,34112279000011,,寿险团险,安徽,滁州,来安,养老险公司,总部,养老险公司,安徽,,,网上交易,国寿养老险,2015-12-24,寿险团险,安徽,滁州,来安
CL1000749522,吴萍,户口本,342326********0021,CL9020,福寿嘉年08期,"100,000.00","100,000.00","100,007.78",823369,养老险公司,安徽,34112679000003,,寿险团险,安徽,滁州,凤阳,养老险公司,总部,养老险公司,安徽,,,网上交易,国寿养老险,2015-12-24,寿险团险,安徽,滁州,凤阳
CL1000753860,靳晓华,身份证,341125********004X,CL9020,福寿嘉年08期,"10,000.00","10,000.00","10,000.68",823369,养老险公司,安徽,34112579000024,,寿险团险,安徽,滁州,定远,养老险公司,总部,养老险公司,安徽,,,网上交易,国寿养老险,2015-12-24,寿险团险,安徽,滁州,定远
CL1000731633,葛本桂,身份证,340122********0944,CL9020,福寿嘉年08期,"30,000.00","30,000.00","30,002.04",823369,养老险公司,安徽,34012379000009,,寿险团险,安徽,合肥,肥西支公司,养老险公司,总部,养老险公司,安徽,,,网上交易,国寿养老险,2015-12-24,寿险团险,安徽,合肥,肥西支公司
CL1000726852,李加明,身份证,342321********0017,CL9020,福寿嘉年08期,"10,000.00","10,000.00","10,000.78",823369,养老险公司,安徽,34118179000041,,寿险团险,安徽,滁州,天长,养老险公司,总部,养老险公司,安徽,,,网上交易,国寿养老险,2015-12-24,寿险团险,安徽,滁州,天长
CL1000755246,何海,身份证,341125********3857,CL9020,福寿嘉年08期,"10,000.00","10,000.00","10,000.68",823369,养老险公司,安徽,34112579000024,,寿险团险,安徽,滁州,定远,养老险公司,总部,养老险公司,安徽,,,网上交易,国寿养老险,2015-12-24,寿险团险,安徽,滁州,定远
CL1000244199,沈克玲,身份证,342421********3720,CL9020,福寿嘉年08期,"130,000.00","130,000.00","130,010.11",823369,养老险公司,安徽,34240179000022,,寿险团险,安徽,六安,团拓,养老险公司,总部,养老险公司,安徽,,,网上交易,国寿养老险,2015-12-24,寿险团险,安徽,六安,团拓
CL1000027529,鲍九华,身份证,342426********0041,CL9020,福寿嘉年08期,"50,000.00","50,000.00","50,003.40",823369,养老险公司,安徽,YL34000002,杨竞,养老险公司,安徽,,,养老险公司,总部,养老险公司,安徽,,,网上交易,国寿养老险,2015-12-24,养老险公司,安徽,,
CL1000027529,鲍九华,身份证,342426********0041,CL9020,福寿嘉年08期,"50,000.00","50,000.00","50,003.89",823369,养老险公司,安徽,YL34000002,杨竞,养老险公司,安徽,,,养老险公司,总部,养老险公司,安徽,,,网上交易,国寿养老险,2015-12-24,养老险公司,安徽,,
CL1000747179,张爱云,身份证,342321********0022,CL9020,福寿嘉年08期,"30,000.00","30,000.00","30,002.33",823369,养老险公司,安徽,34118179000041,,寿险团险,安徽,滁州,天长,养老险公司,总部,养老险公司,安徽,,,网上交易,国寿养老险,2015-12-24,寿险团险,安徽,滁州,天长
CL1000747179,张爱云,身份证,342321********0022,CL9020,福寿嘉年08期,"30,000.00","30,000.00","30,002.33",823369,养老险公司,安徽,34118179000041,,寿险团险,安徽,滁州,天长,养老险公司,总部,养老险公司,安徽,,,网上交易,国寿养老险,2015-12-24,寿险团险,安徽,滁州,天长
CL1000027529,鲍九华,身份证,342426********0041,CL9020,福寿嘉年08期,"50,000.00","50,000.00","50,003.89",823369,养老险公司,安徽, ,,,,,,养老险公司,总部,养老险公司,安徽,,,网上交易,国寿养老险,2015-12-24,养老险公司,安徽,,
CL1000755502,李敏,身份证,342224********0827,CL9020,福寿嘉年08期,"10,000.00","10,000.00","10,000.68",823369,养老险公司,安徽,34110179000020,,寿险团险,安徽,滁州,团拓,养老险公司,总部,养老险公司,安徽,,,网上交易,国寿养老险,2015-12-24,寿险团险,安徽,滁州,团拓
CL1000027529,鲍九华,身份证,342426********0041,CL9020,福寿嘉年08期,"50,000.00","50,000.00","50,003.89",823369,养老险公司,安徽,YL34000002,杨竞,养老险公司,安徽,,,养老险公司,总部,养老险公司,安徽,,,网上交易,国寿养老险,2015-12-24,养老险公司,安徽,,
CL1000027529,鲍九华,身份证,342426********0041,CL9020,福寿嘉年08期,"50,000.00","50,000.00","50,003.40",823369,养老险公司,安徽,YL34000002,杨竞,养老险公司,安徽,,,养老险公司,总部,养老险公司,安徽,,,网上交易,国寿养老险,2015-12-24,养老险公司,安徽,,
CL1000027529,鲍九华,身份证,342426********0041,CL9020,福寿嘉年08期,"50,000.00","50,000.00","50,003.40",823369,养老险公司,安徽,YL34000002,杨竞,养老险公司,安徽,,,养老险公司,总部,养老险公司,安徽,,,网上交易,国寿养老险,2015-12-24,养老险公司,安徽,,
CL1000027529,鲍九华,身份证,342426********0041,CL9020,福寿嘉年08期,"50,000.00","50,000.00","50,003.89",823369,养老险公司,安徽,YL34000002,杨竞,养老险公司,安徽,,,养老险公司,总部,养老险公司,安徽,,,网上交易,国寿养老险,2015-12-24,养老险公司,安徽,,
CL1000027529,鲍九华,身份证,342426********0041,CL9020,福寿嘉年08期,"50,000.00","50,000.00","50,003.89",823369,养老险公司,安徽,YL34000002,杨竞,养老险公司,安徽,,,养老险公司,总部,养老险公司,安徽,,,网上交易,国寿养老险,2015-12-24,养老险公司,安徽,,
CL1000027529,鲍九华,身份证,342426********0041,CL9020,福寿嘉年08期,"50,000.00","50,000.00","50,003.89",823369,养老险公司,安徽,YL34000002,杨竞,养老险公司,安徽,,,养老险公司,总部,养老险公司,安徽,,,网上交易,国寿养老险,2015-12-24,养老险公司,安徽,,
CL1000027529,鲍九华,身份证,342426********0041,CL9020,福寿嘉年08期,"50,000.00","50,000.00","50,003.89",823369,养老险公司,安徽,YL34000002,杨竞,养老险公司,安徽,,,养老险公司,总部,养老险公司,安徽,,,网上交易,国寿养老险,2015-12-24,养老险公司,安徽,,
CL1000027529,鲍九华,身份证,342426********0041,CL9020,福寿嘉年08期,"50,000.00","50,000.00","50,003.89",823369,养老险公司,安徽,YL34000002,杨竞,养老险公司,安徽,,,养老险公司,总部,养老险公司,安徽,,,网上交易,国寿养老险,2015-12-24,养老险公司,安徽,,
CL1000027529,鲍九华,身份证,342426********0041,CL9020,福寿嘉年08期,"50,000.00","50,000.00","50,003.40",823369,养老险公司,安徽,YL34000002,杨竞,养老险公司,安徽,,,养老险公司,总部,养老险公司,安徽,,,网上交易,国寿养老险,2015-12-24,养老险公司,安徽,,
CL1000027529,鲍九华,身份证,342426********0041,CL9020,福寿嘉年08期,"50,000.00","50,000.00","50,003.89",823369,养老险公司,安徽,YL34000002,杨竞,养老险公司,安徽,,,养老险公司,总部,养老险公司,安徽,,,网上交易,国寿养老险,2015-12-24,养老险公司,安徽,,
CL1000027529,鲍九华,身份证,342426********0041,CL9020,福寿嘉年08期,"50,000.00","50,000.00","50,003.40",823369,养老险公司,安徽,YL34000002,杨竞,养老险公司,安徽,,,养老险公司,总部,养老险公司,安徽,,,网上交易,国寿养老险,2015-12-24,养老险公司,安徽,,
CL1000027529,鲍九华,身份证,342426********0041,CL9020,福寿嘉年08期,"50,000.00","50,000.00","50,003.40",823369,养老险公司,安徽,YL34000002,杨竞,养老险公司,安徽,,,养老险公司,总部,养老险公司,安徽,,,网上交易,国寿养老险,2015-12-24,养老险公司,安徽,,
CL1000027529,鲍九华,身份证,342426********0041,CL9020,福寿嘉年08期,"50,000.00","50,000.00","50,003.40",823369,养老险公司,安徽,YL34000002,杨竞,养老险公司,安徽,,,养老险公司,总部,养老险公司,安徽,,,网上交易,国寿养老险,2015-12-24,养老险公司,安徽,,
CL1000753904,丁士翠,身份证,341122********5423,CL9020,福寿嘉年08期,"10,000.00","10,000.00","10,000.68",823369,养老险公司,安徽,34110179000023,,寿险团险,安徽,滁州,团拓,养老险公司,总部,养老险公司,安徽,,,网上交易,国寿养老险,2015-12-24,寿险团险,安徽,滁州,团拓
CL1000027529,鲍九华,身份证,342426********0041,CL9020,福寿嘉年08期,"50,000.00","50,000.00","50,003.40",823369,养老险公司,安徽,YL34000002,杨竞,养老险公司,安徽,,,养老险公司,总部,养老险公司,安徽,,,网上交易,国寿养老险,2015-12-24,养老险公司,安徽,,
CL1000027529,鲍九华,身份证,342426********0041,CL9020,福寿嘉年08期,"50,000.00","50,000.00","50,003.40",823369,养老险公司,安徽,YL34000002,杨竞,养老险公司,安徽,,,养老险公司,总部,养老险公司,安徽,,,网上交易,国寿养老险,2015-12-24,养老险公司,安徽,,
CL1000027529,鲍九华,身份证,342426********0041,CL9020,福寿嘉年08期,"50,000.00","50,000.00","50,003.89",823369,养老险公司,安徽,YL34000002,杨竞,养老险公司,安徽,,,养老险公司,总部,养老险公司,安徽,,,网上交易,国寿养老险,2015-12-24,养老险公司,安徽,,
CL1000027529,鲍九华,身份证,342426********0041,CL9020,福寿嘉年08期,"50,000.00","50,000.00","50,003.40",823369,养老险公司,安徽,YL34000002,杨竞,养老险公司,安徽,,,养老险公司,总部,养老险公司,安徽,,,网上交易,国寿养老险,2015-12-24,养老险公司,安徽,,
CL1000151693,李罗丽,身份证,342623********0028,CL9020,福寿嘉年08期,"49,000.00","49,000.00","49,003.81",823369,养老险公司,安徽,34020179000011,,寿险团险,安徽,芜湖,团拓,养老险公司,总部,养老险公司,安徽,,,网上交易,国寿养老险,2015-12-24,寿险团险,安徽,芜湖,团拓
CL1000151693,李罗丽,身份证,342623********0028,CL9020,福寿嘉年08期,"49,000.00","49,000.00","49,003.81",823369,养老险公司,安徽,34020179000011,,寿险团险,安徽,芜湖,团拓,养老险公司,总部,养老险公司,安徽,,,网上交易,国寿养老险,2015-12-24,寿险团险,安徽,芜湖,团拓
CL1000151693,李罗丽,身份证,342623********0028,CL9020,福寿嘉年08期,"49,000.00","49,000.00","49,003.81",823369,养老险公司,安徽,34020179000011,,寿险团险,安徽,芜湖,团拓,养老险公司,总部,养老险公司,安徽,,,网上交易,国寿养老险,2015-12-24,寿险团险,安徽,芜湖,团拓
CL1000748456,冯志东,身份证,342326********1014,CL9020,福寿嘉年08期,"80,000.00","80,000.00","80,005.44",823369,养老险公司,安徽,34112679000003,,寿险团险,安徽,滁州,凤阳,养老险公司,总部,养老险公司,安徽,,,网上交易,国寿养老险,2015-12-24,寿险团险,安徽,滁州,凤阳
CL1000029627,戴翠英,身份证,342701********0469,CL9020,福寿嘉年08期,"50,000.00","50,000.00","50,003.40",823369,养老险公司,安徽,34100279000003,,寿险团险,安徽,黄山,黄山市团拓部,养老险公司,总部,养老险公司,安徽,,,网上交易,国寿养老险,2015-12-24,寿险团险,安徽,黄山,黄山市团拓部
CL1000029627,戴翠英,身份证,342701********0469,CL9020,福寿嘉年08期,"50,000.00","50,000.00","50,003.40",823369,养老险公司,安徽,34100279000003,,寿险团险,安徽,黄山,黄山市团拓部,养老险公司,总部,养老险公司,安徽,,,网上交易,国寿养老险,2015-12-24,寿险团险,安徽,黄山,黄山市团拓部
CL1000753060,刘家明,身份证,342301********1039,CL9020,福寿嘉年08期,"20,000.00","20,000.00","20,001.36",823369,养老险公司,安徽, ,,,,,,养老险公司,总部,养老险公司,安徽,,,网上交易,国寿养老险,2015-12-24,养老险公司,安徽,,
CL1000029627,戴翠英,身份证,342701********0469,CL9020,福寿嘉年08期,"50,000.00","50,000.00","50,003.40",823369,养老险公司,安徽,34100279000003,,寿险团险,安徽,黄山,黄山市团拓部,养老险公司,总部,养老险公司,安徽,,,网上交易,国寿养老险,2015-12-24,寿险团险,安徽,黄山,黄山市团拓部
CL1000029627,戴翠英,身份证,342701********0469,CL9020,福寿嘉年08期,"50,000.00","50,000.00","50,003.40",823369,养老险公司,安徽,34100279000003,,寿险团险,安徽,黄山,黄山市团拓部,养老险公司,总部,养老险公司,安徽,,,网上交易,国寿养老险,2015-12-24,寿险团险,安徽,黄山,黄山市团拓部
CL1000029627,戴翠英,身份证,342701********0469,CL9020,福寿嘉年08期,"40,000.00","40,000.00","40,002.72",823369,养老险公司,安徽,34100279000003,,寿险团险,安徽,黄山,黄山市团拓部,养老险公司,总部,养老险公司,安徽,,,网上交易,国寿养老险,2015-12-24,寿险团险,安徽,黄山,黄山市团拓部
CL1000752705,陈桂贤,身份证,341124********2625,CL9020,福寿嘉年08期,"30,000.00","30,000.00","30,002.04",823369,养老险公司,安徽, ,,,,,,养老险公司,总部,养老险公司,安徽,,,网上交易,国寿养老险,2015-12-24,养老险公司,安徽,,
CL1000752705,陈桂贤,身份证,341124********2625,CL9020,福寿嘉年08期,"50,000.00","50,000.00","50,003.40",823369,养老险公司,安徽, ,,,,,,养老险公司,总部,养老险公司,安徽,,,网上交易,国寿养老险,2015-12-24,养老险公司,安徽,,
CL1000753115,胡钧,身份证,340104********2040,CL9020,福寿嘉年08期,"50,000.00","50,000.00","50,003.40",823369,养老险公司,安徽,34110179000020,,寿险团险,安徽,滁州,团拓,养老险公司,总部,养老险公司,安徽,,,网上交易,国寿养老险,2015-12-24,寿险团险,安徽,滁州,团拓
CL1000752605,武红艳,身份证,341125********0029,CL9020,福寿嘉年08期,"45,000.00","45,000.00","45,003.06",823369,养老险公司,安徽,34112579000024,,寿险团险,安徽,滁州,定远,养老险公司,总部,养老险公司,安徽,,,网上交易,国寿养老险,2015-12-24,寿险团险,安徽,滁州,定远
CL1000689349,赵芳,身份证,342301********0620,CL9020,福寿嘉年08期,"50,000.00","50,000.00","50,003.40",823369,养老险公司,安徽,34110179000023,,寿险团险,安徽,滁州,团拓,养老险公司,总部,养老险公司,安徽,,,网上交易,国寿养老险,2015-12-24,寿险团险,安徽,滁州,团拓
CL1000755335,周倩,身份证,341127********0445,CL9020,福寿嘉年08期,"70,000.00","70,000.00","70,004.76",823369,养老险公司,安徽,34112779000019,,寿险团险,安徽,滁州,明光,养老险公司,总部,养老险公司,安徽,,,网上交易,国寿养老险,2015-12-24,寿险团险,安徽,滁州,明光
CL1000030713,陈颖,身份证,340102********1546,CL9020,福寿嘉年08期,"10,000.00","10,000.00","10,000.68",823369,养老险公司,安徽,34220379000003,,寿险团险,安徽,宿州,团拓部,养老险公司,总部,养老险公司,安徽,,,网上交易,国寿养老险,2015-12-24,寿险团险,安徽,宿州,团拓部
CL1000595355,郭为民,身份证,340104********3027,CL9020,福寿嘉年08期,"10,000.00","10,000.00","10,000.68",823369,养老险公司,安徽,34011371000001,,寿险团险,安徽,合肥,团险拓展部,养老险公司,总部,养老险公司,安徽,,,网上交易,国寿养老险,2015-12-24,寿险团险,安徽,合肥,团险拓展部
CL1000249616,韦亚莉,身份证,340803********0042,CL9020,福寿嘉年08期,"10,000.00","10,000.00","10,000.78",823369,养老险公司,安徽,34080179000010,,寿险团险,安徽,安庆,城区团拓部,养老险公司,总部,养老险公司,安徽,,,网上交易,国寿养老险,2015-12-24,寿险团险,安徽,安庆,城区团拓部
CL1000249616,韦亚莉,身份证,340803********0042,CL9020,福寿嘉年08期,"10,000.00","10,000.00","10,000.58", ,,,34080179000010,,寿险团险,安徽,安庆,城区团拓部,养老险公司,总部,寿险团险,安徽,安庆,城区团拓部,网上交易,国寿养老险,2015-12-24,寿险团险,安徽,安庆,城区团拓部
CL1000690002,刘霞,身份证,342324********0028,CL9020,福寿嘉年08期,"50,000.00","50,000.00","50,003.89",823369,养老险公司,安徽,34110179000020,,寿险团险,安徽,滁州,团拓,养老险公司,总部,养老险公司,安徽,,,网上交易,国寿养老险,2015-12-24,寿险团险,安徽,滁州,团拓
CL1000112589,肖悦,身份证,340111********1021,CL9020,福寿嘉年08期,"20,000.00","20,000.00","20,001.56",823369,养老险公司,安徽,34011379000004,,寿险团险,安徽,合肥,团险拓展部,养老险公司,总部,养老险公司,安徽,,,网上交易,国寿养老险,2015-12-24,寿险团险,安徽,合肥,团险拓展部
CL1000755313,余模莉,身份证,342301********3822,CL9020,福寿嘉年08期,"20,000.00","20,000.00","20,001.36",823369,养老险公司,安徽,34110179000020,,寿险团险,安徽,滁州,团拓,养老险公司,总部,养老险公司,安徽,,,网上交易,国寿养老险,2015-12-24,寿险团险,安徽,滁州,团拓
CL1000674691,邵珠华,身份证,340403********1427,CL9020,福寿嘉年08期,"10,000.00","10,000.00","10,000.78",823369,养老险公司,安徽,34041179000019,,寿险团险,安徽,淮南,团拓部,养老险公司,总部,养老险公司,安徽,,,网上交易,国寿养老险,2015-12-24,寿险团险,安徽,淮南,团拓部
CL1000074100,侯艳苗,身份证,340603********1023,CL9020,福寿嘉年08期,"10,000.00","10,000.00","10,000.78",823369,养老险公司,安徽,34011371000001,,寿险团险,安徽,合肥,团险拓展部,养老险公司,总部,养老险公司,安徽,,,网上交易,国寿养老险,2015-12-24,寿险团险,安徽,合肥,团险拓展部
CL1000202999,盛丹丹,身份证,342601********0223,CL9020,福寿嘉年08期,"400,000.00","400,000.00","400,031.11",823369,养老险公司,安徽,34012679000001,,寿险团险,安徽,合肥,巢湖支公司,养老险公司,总部,养老险公司,安徽,,,网上交易,国寿养老险,2015-12-24,寿险团险,安徽,合肥,巢湖支公司
CL1000756256,刘英,身份证,342327********0225,CL9020,福寿嘉年08期,"20,000.00","20,000.00","20,001.36",823369,养老险公司,安徽,34112779000019,,寿险团险,安徽,滁州,明光,养老险公司,总部,养老险公司,安徽,,,网上交易,国寿养老险,2015-12-24,寿险团险,安徽,滁州,明光
CL1000754069,王芳,身份证,340321********500X,CL9020,福寿嘉年08期,"40,000.00","40,000.00","40,002.72",823369,养老险公司,安徽,34011379000004,,寿险团险,安徽,合肥,团险拓展部,养老险公司,总部,养老险公司,安徽,,,网上交易,国寿养老险,2015-12-24,寿险团险,安徽,合肥,团险拓展部
CL1000753037,刘芳,身份证,341102********082X,CL9020,福寿嘉年08期,"30,000.00","30,000.00","30,002.04",823369,养老险公司,安徽,34110179000020,,寿险团险,安徽,滁州,团拓,养老险公司,总部,养老险公司,安徽,,,网上交易,国寿养老险,2015-12-24,寿险团险,安徽,滁州,团拓
CL1000750718,巨秀丽,身份证,341126********754X,CL9020,福寿嘉年08期,"30,000.00","30,000.00","30,002.33",823369,养老险公司,安徽,34112679000003,,寿险团险,安徽,滁州,凤阳,养老险公司,总部,养老险公司,安徽,,,网上交易,国寿养老险,2015-12-24,寿险团险,安徽,滁州,凤阳
CL1000756490,陈国辉,身份证,341182********0414,CL9020,福寿嘉年08期,"10,000.00","10,000.00","10,000.68",823369,养老险公司,安徽,34112779000019,,寿险团险,安徽,滁州,明光,养老险公司,总部,养老险公司,安徽,,,网上交易,国寿养老险,2015-12-24,寿险团险,安徽,滁州,明光
CL1000021825,张彤,身份证,342401********0038,CL9020,福寿嘉年08期,"200,000.00","200,000.00","200,015.56",823369,养老险公司,安徽,34240179000022,,寿险团险,安徽,六安,团拓,养老险公司,总部,养老险公司,安徽,,,网上交易,国寿养老险,2015-12-24,寿险团险,安徽,六安,团拓
CL1000756512,蒋宗锦,身份证,341124********0061,CL9020,福寿嘉年08期,"60,000.00","60,000.00","60,004.08",823369,养老险公司,安徽, ,,,,,,养老险公司,总部,养老险公司,安徽,,,网上交易,国寿养老险,2015-12-24,养老险公司,安徽,,
CL1000751284,谢道胜,身份证,342301********5019,CL9020,福寿嘉年08期,"100,000.00","100,000.00","100,006.81",823369,养老险公司,安徽,34110179000020,,寿险团险,安徽,滁州,团拓,养老险公司,总部,养老险公司,安徽,,,网上交易,国寿养老险,2015-12-24,寿险团险,安徽,滁州,团拓
CL1000748778,王洪斌,身份证,342301********0412,CL9020,福寿嘉年08期,"65,000.00","65,000.00","65,005.06",823369,养老险公司,安徽,34110179000023,,寿险团险,安徽,滁州,团拓,养老险公司,总部,养老险公司,安徽,,,网上交易,国寿养老险,2015-12-24,寿险团险,安徽,滁州,团拓
CL1000752883,王羽璇,身份证,341125********0021,CL9020,福寿嘉年08期,"10,000.00","10,000.00","10,000.68",823369,养老险公司,安徽,34112579000024,,寿险团险,安徽,滁州,定远,养老险公司,总部,养老险公司,安徽,,,网上交易,国寿养老险,2015-12-24,寿险团险,安徽,滁州,定远
CL1000142983,司雯,身份证,342426********0026,CL9020,福寿嘉年08期,"50,000.00","50,000.00","50,003.89",823369,养老险公司,安徽,YL34000002,杨竞,养老险公司,安徽,,,养老险公司,总部,养老险公司,安徽,,,网上交易,国寿养老险,2015-12-24,养老险公司,安徽,,
CL1000752038,许从宽,身份证,342325********0019,CL9020,福寿嘉年08期,"50,000.00","50,000.00","50,003.40",823369,养老险公司,安徽,34112579000024,,寿险团险,安徽,滁州,定远,养老险公司,总部,养老险公司,安徽,,,网上交易,国寿养老险,2015-12-24,寿险团险,安徽,滁州,定远
CL1000752038,许从宽,身份证,342325********0019,CL9020,福寿嘉年08期,"50,000.00","50,000.00","50,003.40",823369,养老险公司,安徽,34112579000024,,寿险团险,安徽,滁州,定远,养老险公司,总部,养老险公司,安徽,,,网上交易,国寿养老险,2015-12-24,寿险团险,安徽,滁州,定远
CL1000756312,曾献功,身份证,342326********0319,CL9020,福寿嘉年08期,"100,000.00","100,000.00","100,006.81",823369,养老险公司,安徽,34110179000020,,寿险团险,安徽,滁州,团拓,养老险公司,总部,养老险公司,安徽,,,网上交易,国寿养老险,2015-12-24,寿险团险,安徽,滁州,团拓
CL1000756689,方红,身份证,342301********022X,CL9020,福寿嘉年08期,"50,000.00","50,000.00","50,003.40",823369,养老险公司,安徽,34110179000020,,寿险团险,安徽,滁州,团拓,养老险公司,总部,养老险公司,安徽,,,网上交易,国寿养老险,2015-12-24,寿险团险,安徽,滁州,团拓
CL1000005825,平欣丽,身份证,340302********0465,CL9020,福寿嘉年08期,"20,000.00","20,000.00","20,001.36",823369,养老险公司,安徽,YL34000009,平欣丽,养老险公司,安徽,,,养老险公司,总部,养老险公司,安徽,,,网上交易,国寿养老险,2015-12-24,养老险公司,安徽,,
CL1000005825,平欣丽,身份证,340302********0465,CL9020,福寿嘉年08期,"50,000.00","50,000.00","50,003.40",823369,养老险公司,安徽,YL34000009,平欣丽,养老险公司,安徽,,,养老险公司,总部,养老险公司,安徽,,,网上交易,国寿养老险,2015-12-24,养老险公司,安徽,,
CL1000756634,蔡保兰,身份证,341127********3220,CL9020,福寿嘉年08期,"10,000.00","10,000.00","10,000.68",823369,养老险公司,安徽,34112779000019,,寿险团险,安徽,滁州,明光,养老险公司,总部,养老险公司,安徽,,,网上交易,国寿养老险,2015-12-24,寿险团险,安徽,滁州,明光
CL1000755613,章剑云,身份证,341124********0220,CL9020,福寿嘉年08期,"30,000.00","30,000.00","30,002.04",823369,养老险公司,安徽, ,,,,,,养老险公司,总部,养老险公司,安徽,,,网上交易,国寿养老险,2015-12-24,养老险公司,安徽,,
CL1000674313,葛芸,身份证,341181********0020,CL9020,福寿嘉年08期,"20,000.00","20,000.00","20,001.56",823369,养老险公司,安徽,34118179000041,,寿险团险,安徽,滁州,天长,养老险公司,总部,养老险公司,安徽,,,网上交易,国寿养老险,2015-12-24,寿险团险,安徽,滁州,天长
CL1000224015,许旭梅,身份证,342501********0282,CL9020,福寿嘉年08期,"62,000.00","62,000.00","62,004.82",823369,养老险公司,安徽,34250179001007,,寿险团险,安徽,宣城,团拓,养老险公司,总部,养老险公司,安徽,,,网上交易,国寿养老险,2015-12-24,寿险团险,安徽,宣城,团拓
CL1000755002,储素玲,身份证,342324********0020,CL9020,福寿嘉年08期,"20,000.00","20,000.00","20,001.36",823369,养老险公司,安徽, ,,,,,,养老险公司,总部,养老险公司,安徽,,,网上交易,国寿养老险,2015-12-24,养老险公司,安徽,,
CL1000034875,张慧,身份证,341002********0028,CL9020,福寿嘉年08期,"45,000.00","45,000.00","45,003.50",823369,养老险公司,安徽,34100279000003,,寿险团险,安徽,黄山,黄山市团拓部,养老险公司,总部,养老险公司,安徽,,,网上交易,国寿养老险,2015-12-24,寿险团险,安徽,黄山,黄山市团拓部
CL1000233314,夏继林,身份证,342324********0016,CL9020,福寿嘉年08期,"20,000.00","20,000.00","20,001.36",823369,养老险公司,安徽,YL34000003,陈俊,养老险公司,安徽,,,养老险公司,总部,养老险公司,安徽,,,网上交易,国寿养老险,2015-12-24,养老险公司,安徽,,
CL1000090633,赵劲松,身份证,342401********0014,CL9020,福寿嘉年08期,"130,000.00","130,000.00","130,010.11",823369,养老险公司,安徽,34240179000022,,寿险团险,安徽,六安,团拓,养老险公司,总部,养老险公司,安徽,,,网上交易,国寿养老险,2015-12-24,寿险团险,安徽,六安,团拓
CL1000756234,朱丽,身份证,342301********6424,CL9020,福寿嘉年08期,"10,000.00","10,000.00","10,000.68",823369,养老险公司,安徽,34110179000020,,寿险团险,安徽,滁州,团拓,养老险公司,总部,养老险公司,安徽,,,网上交易,国寿养老险,2015-12-24,寿险团险,安徽,滁州,团拓
CL1000756234,朱丽,身份证,342301********6424,CL9020,福寿嘉年08期,"50,000.00","50,000.00","50,003.40",823369,养老险公司,安徽,34110179000020,,寿险团险,安徽,滁州,团拓,养老险公司,总部,养老险公司,安徽,,,网上交易,国寿养老险,2015-12-24,寿险团险,安徽,滁州,团拓
CL1000756656,汪守虎,身份证,341125********2891,CL9020,福寿嘉年08期,"10,000.00","10,000.00","10,000.68",823369,养老险公司,安徽,34112579000024,,寿险团险,安徽,滁州,定远,养老险公司,总部,养老险公司,安徽,,,网上交易,国寿养老险,2015-12-24,寿险团险,安徽,滁州,定远
CL1000753826,程善良,身份证,341004********0813,CL9020,福寿嘉年08期,"20,000.00","20,000.00","20,001.36",823369,养老险公司,安徽,34112579000024,,寿险团险,安徽,滁州,定远,养老险公司,总部,养老险公司,安徽,,,网上交易,国寿养老险,2015-12-24,寿险团险,安徽,滁州,定远
CL1000733831,邹德朝,身份证,342401********3418,CL9020,福寿嘉年08期,"50,000.00","50,000.00","50,003.89",823369,养老险公司,安徽,34240179000022,,寿险团险,安徽,六安,团拓,养老险公司,总部,养老险公司,安徽,,,网上交易,国寿养老险,2015-12-24,寿险团险,安徽,六安,团拓
CL1000752694,丁祖国,身份证,342327********0011,CL9020,福寿嘉年08期,"20,000.00","20,000.00","20,001.36",823369,养老险公司,安徽,34112779000019,,寿险团险,安徽,滁州,明光,养老险公司,总部,养老险公司,安徽,,,网上交易,国寿养老险,2015-12-24,寿险团险,安徽,滁州,明光
CL1000717731,王敏,身份证,341102********0020,CL9020,福寿嘉年08期,"20,000.00","20,000.00","20,001.56",823369,养老险公司,安徽,34110179000020,,寿险团险,安徽,滁州,团拓,养老险公司,总部,养老险公司,安徽,,,网上交易,国寿养老险,2015-12-24,寿险团险,安徽,滁州,团拓
CL1000096493,窦光飞,身份证,340123********1093,CL9020,福寿嘉年08期,"300,000.00","300,000.00","300,023.33",823369,养老险公司,安徽,34011371000001,,寿险团险,安徽,合肥,团险拓展部,养老险公司,总部,养老险公司,安徽,,,网上交易,国寿养老险,2015-12-24,寿险团险,安徽,合肥,团险拓展部
CL1000692488,刘艳,身份证,342301********104X,CL9020,福寿嘉年08期,"10,000.00","10,000.00","10,000.78",823369,养老险公司,安徽,34110179000020,,寿险团险,安徽,滁州,团拓,养老险公司,总部,养老险公司,安徽,,,网上交易,国寿养老险,2015-12-24,寿险团险,安徽,滁州,团拓
CL1000750363,高君,身份证,341126********562X,CL9020,福寿嘉年08期,"50,000.00","50,000.00","50,003.89",823369,养老险公司,安徽,34112679000003,,寿险团险,安徽,滁州,凤阳,养老险公司,总部,养老险公司,安徽,,,网上交易,国寿养老险,2015-12-24,寿险团险,安徽,滁州,凤阳
CL1000692488,刘艳,身份证,342301********104X,CL9020,福寿嘉年08期,"10,000.00","10,000.00","10,000.78",823369,养老险公司,安徽,34110179000020,,寿险团险,安徽,滁州,团拓,养老险公司,总部,养老险公司,安徽,,,网上交易,国寿养老险,2015-12-24,寿险团险,安徽,滁州,团拓
CL1000692488,刘艳,身份证,342301********104X,CL9020,福寿嘉年08期,"10,000.00","10,000.00","10,000.78",823369,养老险公司,安徽,34110179000020,,寿险团险,安徽,滁州,团拓,养老险公司,总部,养老险公司,安徽,,,网上交易,国寿养老险,2015-12-24,寿险团险,安徽,滁州,团拓
CL1000692488,刘艳,身份证,342301********104X,CL9020,福寿嘉年08期,"10,000.00","10,000.00","10,000.78",823369,养老险公司,安徽,34110179000020,,寿险团险,安徽,滁州,团拓,养老险公司,总部,养老险公司,安徽,,,网上交易,国寿养老险,2015-12-24,寿险团险,安徽,滁州,团拓
CL1000692488,刘艳,身份证,342301********104X,CL9020,福寿嘉年08期,"10,000.00","10,000.00","10,000.78",823369,养老险公司,安徽,34110179000020,,寿险团险,安徽,滁州,团拓,养老险公司,总部,养老险公司,安徽,,,网上交易,国寿养老险,2015-12-24,寿险团险,安徽,滁州,团拓
CL1000754747,肖珊,身份证,342301********0225,CL9020,福寿嘉年08期,"10,000.00","10,000.00","10,000.68",823369,养老险公司,安徽,34110179000020,,寿险团险,安徽,滁州,团拓,养老险公司,总部,养老险公司,安徽,,,网上交易,国寿养老险,2015-12-24,寿险团险,安徽,滁州,团拓
CL1000754747,肖珊,身份证,342301********0225,CL9020,福寿嘉年08期,"10,000.00","10,000.00","10,000.68",823369,养老险公司,安徽,34110179000020,,寿险团险,安徽,滁州,团拓,养老险公司,总部,养老险公司,安徽,,,网上交易,国寿养老险,2015-12-24,寿险团险,安徽,滁州,团拓
CL1000755902,郭长松,身份证,341103********3819,CL9020,福寿嘉年08期,"25,000.00","25,000.00","25,001.70",823369,养老险公司,安徽,34110179000020,,寿险团险,安徽,滁州,团拓,养老险公司,总部,养老险公司,安徽,,,网上交易,国寿养老险,2015-12-24,寿险团险,安徽,滁州,团拓
CL1000278522,周美凤,身份证,340702********1044,CL9020,福寿嘉年08期,"10,000.00","10,000.00","10,000.68",823369,养老险公司,安徽,34070379001002,,寿险团险,安徽,铜陵,团拓部（城区）,养老险公司,总部,养老险公司,安徽,,,网上交易,国寿养老险,2015-12-24,寿险团险,安徽,铜陵,团拓部（城区）
CL1000751484,刘晓玲,身份证,342301********0440,CL9020,福寿嘉年08期,"50,000.00","50,000.00","50,003.40",823369,养老险公司,安徽,34112579000024,,寿险团险,安徽,滁州,定远,养老险公司,总部,养老险公司,安徽,,,网上交易,国寿养老险,2015-12-24,寿险团险,安徽,滁州,定远
CL1000756278,王春兰,身份证,342324********0222,CL9020,福寿嘉年08期,"30,000.00","30,000.00","30,002.04",823369,养老险公司,安徽, ,,,,,,养老险公司,总部,养老险公司,安徽,,,网上交易,国寿养老险,2015-12-24,养老险公司,安徽,,
CL1000755513,刘伟,身份证,341124********0421,CL9020,福寿嘉年08期,"40,000.00","40,000.00","40,002.72",823369,养老险公司,安徽, ,,,,,,养老险公司,总部,养老险公司,安徽,,,网上交易,国寿养老险,2015-12-24,养老险公司,安徽,,
CL1000191895,徐安民,身份证,340803********2313,CL9020,福寿嘉年08期,"17,000.00","17,000.00","17,001.32",823369,养老险公司,安徽,34080179000010,,寿险团险,安徽,安庆,城区团拓部,养老险公司,总部,养老险公司,安徽,,,网上交易,国寿养老险,2015-12-24,寿险团险,安徽,安庆,城区团拓部
CL1000748312,钟家云,身份证,342326********5024,CL9020,福寿嘉年08期,"120,000.00","120,000.00","120,009.33",823369,养老险公司,安徽,34112679000003,,寿险团险,安徽,滁州,凤阳,养老险公司,总部,养老险公司,安徽,,,网上交易,国寿养老险,2015-12-24,寿险团险,安徽,滁州,凤阳
CL1000752683,王震,身份证,341125********3820,CL9020,福寿嘉年08期,"10,000.00","10,000.00","10,000.68",823369,养老险公司,安徽,34112579000024,,寿险团险,安徽,滁州,定远,养老险公司,总部,养老险公司,安徽,,,网上交易,国寿养老险,2015-12-24,寿险团险,安徽,滁州,定远
CL1000021714,巫国明,身份证,340102********3513,CL9020,福寿嘉年08期,"100,000.00","100,000.00","100,007.78",823369,养老险公司,安徽,34011371000001,,寿险团险,安徽,合肥,团险拓展部,养老险公司,总部,养老险公司,安徽,,,网上交易,国寿养老险,2015-12-24,寿险团险,安徽,合肥,团险拓展部
CL1000709408,姚燕,身份证,342301********0828,CL9020,福寿嘉年08期,"20,000.00","20,000.00","20,001.36",823369,养老险公司,安徽,34110179000017,,寿险团险,安徽,滁州,团拓,养老险公司,总部,养老险公司,安徽,,,网上交易,国寿养老险,2015-12-24,寿险团险,安徽,滁州,团拓
CL1000749822,叶晓鹏,身份证,340404********0825,CL9020,福寿嘉年08期,"18,000.00","18,000.00","18,001.40",823369,养老险公司,安徽,34040479000001,,寿险团险,安徽,淮南,谢家集支公司,养老险公司,总部,养老险公司,安徽,,,网上交易,国寿养老险,2015-12-24,寿险团险,安徽,淮南,谢家集支公司
CL1000756334,张朝梅,身份证,342327********0422,CL9020,福寿嘉年08期,"10,000.00","10,000.00","10,000.68",823369,养老险公司,安徽,34112779000019,,寿险团险,安徽,滁州,明光,养老险公司,总部,养老险公司,安徽,,,网上交易,国寿养老险,2015-12-24,寿险团险,安徽,滁州,明光
CL1000751006,章红,身份证,341126********0742,CL9020,福寿嘉年08期,"30,000.00","30,000.00","30,002.04",823369,养老险公司,安徽,34112679000003,,寿险团险,安徽,滁州,凤阳,养老险公司,总部,养老险公司,安徽,,,网上交易,国寿养老险,2015-12-24,寿险团险,安徽,滁州,凤阳
CL1000747657,陆秋生,身份证,342326********0225,CL9020,福寿嘉年08期,"100,000.00","100,000.00","100,007.78",823369,养老险公司,安徽,34112679000003,,寿险团险,安徽,滁州,凤阳,养老险公司,总部,养老险公司,安徽,,,网上交易,国寿养老险,2015-12-24,寿险团险,安徽,滁州,凤阳
CL1000751739,熊明祥,身份证,342301********1012,CL9020,福寿嘉年08期,"50,000.00","50,000.00","50,003.40",823369,养老险公司,安徽,34110179000020,,寿险团险,安徽,滁州,团拓,养老险公司,总部,养老险公司,安徽,,,网上交易,国寿养老险,2015-12-24,寿险团险,安徽,滁州,团拓
CL1000751739,熊明祥,身份证,342301********1012,CL9020,福寿嘉年08期,"50,000.00","50,000.00","50,003.40",823369,养老险公司,安徽,34110179000020,,寿险团险,安徽,滁州,团拓,养老险公司,总部,养老险公司,安徽,,,网上交易,国寿养老险,2015-12-24,寿险团险,安徽,滁州,团拓
CL1000752405,贺静雅,身份证,341125********0023,CL9020,福寿嘉年08期,"10,000.00","10,000.00","10,000.68",823369,养老险公司,安徽,34112579000024,,寿险团险,安徽,滁州,定远,养老险公司,总部,养老险公司,安徽,,,网上交易,国寿养老险,2015-12-24,寿险团险,安徽,滁州,定远

