﻿FUND_ACCT,CUST_NAME,CERT_TYPE,CERT_NO,FUND_CODE,FUND_NAME,APP_MONEY,ACK_MONEY,ACK_SHARE,INVITECODE,COMPANY_INVITE,BRANCH_INVITE_NEW,REFERID,CUSTNAME_REFER,COMPANY_REFER,BRANCH_REFER_NEW,CT_REFER,CR_REFER,COMPANY_ORG,ORGNAME,SALE_COMPANY_NAME_DTL,SALE_BRANCH_NAME,SALE_CT_NAME,SALE_CR_NAME,ACCEPT_METHOD,AGENCY_NAME,ACK_DATE,SALE_COMPANY_NAME_FEE,SALE_BRANCH_NAME_FEE1,SALE_CT_NAME_FEE,SALE_CR_NAME_FEE
CL1012332386,张世华,身份证,342425********0430,CL9165,福寿嘉年97期,"30,000.00","30,000.00","30,000.58", ,,,34242579000045,,寿险团险,安徽,六安,舒城,养老险公司,总部,寿险团险,安徽,六安,舒城,网上交易,国寿养老险,2018-05-30,寿险团险,安徽,六安,舒城
CL1003102623,肖俊玲,身份证,342623********0343,CL9165,福寿嘉年97期,"50,000.00","50,000.00","50,000.97", ,,,34021379000028,,寿险团险,安徽,芜湖,无为县支公司,养老险公司,总部,寿险团险,安徽,芜湖,无为县支公司,网上交易,国寿养老险,2018-05-30,寿险团险,安徽,芜湖,无为县支公司
CL1133302282,陈文静,身份证,340402********0224,CL9165,福寿嘉年97期,"20,000.00","20,000.00","20,000.39", ,,,34041079000001,,寿险团险,安徽,淮南,潘集支公司,养老险公司,总部,寿险团险,安徽,淮南,潘集支公司,网上交易,国寿养老险,2018-05-30,寿险团险,安徽,淮南,潘集支公司
CL1001212726,吴晶,身份证,342721********0225,CL9165,福寿嘉年97期,"10,000.00","10,000.00","10,000.19", ,,,34253179000013,,寿险团险,安徽,宣城,绩溪支公司,,,寿险团险,安徽,宣城,绩溪支公司,APP,国寿养老险,2018-05-30,寿险团险,安徽,宣城,绩溪支公司
CL1001212726,吴晶,身份证,342721********0225,CL9165,福寿嘉年97期,"20,000.00","20,000.00","20,000.39", ,,,34253179000013,,寿险团险,安徽,宣城,绩溪支公司,,,寿险团险,安徽,宣城,绩溪支公司,APP,国寿养老险,2018-05-30,寿险团险,安徽,宣城,绩溪支公司
CL1001212726,吴晶,身份证,342721********0225,CL9165,福寿嘉年97期,"20,000.00","20,000.00","20,000.39", ,,,34253179000013,,寿险团险,安徽,宣城,绩溪支公司,,,寿险团险,安徽,宣城,绩溪支公司,APP,国寿养老险,2018-05-30,寿险团险,安徽,宣城,绩溪支公司
CL1001212726,吴晶,身份证,342721********0225,CL9165,福寿嘉年97期,"20,000.00","20,000.00","20,000.39", ,,,34253179000013,,寿险团险,安徽,宣城,绩溪支公司,,,寿险团险,安徽,宣城,绩溪支公司,APP,国寿养老险,2018-05-30,寿险团险,安徽,宣城,绩溪支公司
CL1000499409,曹雪,身份证,612133********0963,CL9165,福寿嘉年97期,"20,000.00","20,000.00","20,000.39", ,,,34041079000001,,寿险团险,安徽,淮南,潘集支公司,养老险公司,总部,寿险团险,安徽,淮南,潘集支公司,网上交易,国寿养老险,2018-05-30,寿险团险,安徽,淮南,潘集支公司
CL1009594649,谢莹,身份证,342401********0628,CL9165,福寿嘉年97期,"20,000.00","20,000.00","20,000.39", ,,,34240179000022,,寿险团险,安徽,六安,团拓,养老险公司,总部,寿险团险,安徽,六安,团拓,网上交易,国寿养老险,2018-05-30,寿险团险,安徽,六安,团拓
CL1011343698,顾廷记,身份证,342425********1714,CL9165,福寿嘉年97期,"20,000.00","20,000.00","20,000.39", ,,,34242579000045,,寿险团险,安徽,六安,舒城,养老险公司,总部,寿险团险,安徽,六安,舒城,网上交易,国寿养老险,2018-05-30,寿险团险,安徽,六安,舒城
CL1011343698,顾廷记,身份证,342425********1714,CL9165,福寿嘉年97期,"20,000.00","20,000.00","20,000.39", ,,,34242579000045,,寿险团险,安徽,六安,舒城,养老险公司,总部,寿险团险,安徽,六安,舒城,网上交易,国寿养老险,2018-05-30,寿险团险,安徽,六安,舒城
CL1011343698,顾廷记,身份证,342425********1714,CL9165,福寿嘉年97期,"20,000.00","20,000.00","20,000.39", ,,,34242579000045,,寿险团险,安徽,六安,舒城,养老险公司,总部,寿险团险,安徽,六安,舒城,网上交易,国寿养老险,2018-05-30,寿险团险,安徽,六安,舒城
CL1011343698,顾廷记,身份证,342425********1714,CL9165,福寿嘉年97期,"20,000.00","20,000.00","20,000.39", ,,,34242579000045,,寿险团险,安徽,六安,舒城,养老险公司,总部,寿险团险,安徽,六安,舒城,网上交易,国寿养老险,2018-05-30,寿险团险,安徽,六安,舒城
CL1129731519,李公玲,身份证,342301********4020,CL9165,福寿嘉年97期,"20,000.00","20,000.00","20,000.39", ,,,34110179000051,,寿险团险,安徽,滁州,团拓,养老险公司,总部,寿险团险,安徽,滁州,团拓,网上交易,国寿养老险,2018-05-30,寿险团险,安徽,滁州,团拓
CL1129731519,李公玲,身份证,342301********4020,CL9165,福寿嘉年97期,"50,000.00","50,000.00","50,000.97", ,,,34110179000051,,寿险团险,安徽,滁州,团拓,养老险公司,总部,寿险团险,安徽,滁州,团拓,网上交易,国寿养老险,2018-05-30,寿险团险,安徽,滁州,团拓
CL1009359904,胡静,身份证,340603********0520,CL9165,福寿嘉年97期,"50,000.00","50,000.00","50,000.97", ,,,34060279000056,,寿险团险,安徽,淮北,团拓,养老险公司,总部,寿险团险,安徽,淮北,团拓,网上交易,国寿养老险,2018-05-30,寿险团险,安徽,淮北,团拓
CL1010716671,步云,身份证,340202********2522,CL9165,福寿嘉年97期,"20,000.00","20,000.00","20,000.39", ,,,34020179000078,,寿险团险,安徽,芜湖,团拓,,,寿险团险,安徽,芜湖,团拓,APP,国寿养老险,2018-05-30,寿险团险,安徽,芜湖,团拓
CL1087268371,鲍革英,身份证,342723********8381,CL9165,福寿嘉年97期,"50,000.00","50,000.00","50,000.97", ,,,34100279000014,,寿险团险,安徽,黄山,黄山市团拓部,,,寿险团险,安徽,黄山,黄山市团拓部,微信,国寿养老险,2018-05-30,寿险团险,安徽,黄山,黄山市团拓部
CL1133301372,张环宇,身份证,340603********1014,CL9165,福寿嘉年97期,"40,000.00","40,000.00","40,000.78", ,,,34060279000056,,寿险团险,安徽,淮北,团拓,养老险公司,总部,寿险团险,安徽,淮北,团拓,网上交易,国寿养老险,2018-05-30,寿险团险,安徽,淮北,团拓
CL1015528717,黄希甫,身份证,342422********0139,CL9165,福寿嘉年97期,"20,000.00","20,000.00","20,000.39", ,,,34042279000021,,寿险团险,安徽,淮南,寿县支公司,养老险公司,总部,寿险团险,安徽,淮南,寿县支公司,网上交易,国寿养老险,2018-05-30,寿险团险,安徽,淮南,寿县支公司
CL1015528717,黄希甫,身份证,342422********0139,CL9165,福寿嘉年97期,"20,000.00","20,000.00","20,000.39", ,,,34042279000021,,寿险团险,安徽,淮南,寿县支公司,养老险公司,总部,寿险团险,安徽,淮南,寿县支公司,网上交易,国寿养老险,2018-05-30,寿险团险,安徽,淮南,寿县支公司
CL1015528717,黄希甫,身份证,342422********0139,CL9165,福寿嘉年97期,"50,000.00","50,000.00","50,000.97", ,,,34042279000021,,寿险团险,安徽,淮南,寿县支公司,养老险公司,总部,寿险团险,安徽,淮南,寿县支公司,网上交易,国寿养老险,2018-05-30,寿险团险,安徽,淮南,寿县支公司
CL1015528717,黄希甫,身份证,342422********0139,CL9165,福寿嘉年97期,"10,000.00","10,000.00","10,000.19", ,,,34042279000021,,寿险团险,安徽,淮南,寿县支公司,养老险公司,总部,寿险团险,安徽,淮南,寿县支公司,网上交易,国寿养老险,2018-05-30,寿险团险,安徽,淮南,寿县支公司
CL1015528717,黄希甫,身份证,342422********0139,CL9165,福寿嘉年97期,"20,000.00","20,000.00","20,000.39", ,,,34042279000021,,寿险团险,安徽,淮南,寿县支公司,养老险公司,总部,寿险团险,安徽,淮南,寿县支公司,网上交易,国寿养老险,2018-05-30,寿险团险,安徽,淮南,寿县支公司
CL1015528717,黄希甫,身份证,342422********0139,CL9165,福寿嘉年97期,"20,000.00","20,000.00","20,000.39", ,,,34042279000021,,寿险团险,安徽,淮南,寿县支公司,养老险公司,总部,寿险团险,安徽,淮南,寿县支公司,网上交易,国寿养老险,2018-05-30,寿险团险,安徽,淮南,寿县支公司
CL1015528717,黄希甫,身份证,342422********0139,CL9165,福寿嘉年97期,"20,000.00","20,000.00","20,000.39", ,,,34042279000021,,寿险团险,安徽,淮南,寿县支公司,养老险公司,总部,寿险团险,安徽,淮南,寿县支公司,网上交易,国寿养老险,2018-05-30,寿险团险,安徽,淮南,寿县支公司
CL1015528717,黄希甫,身份证,342422********0139,CL9165,福寿嘉年97期,"20,000.00","20,000.00","20,000.39", ,,,34042279000021,,寿险团险,安徽,淮南,寿县支公司,养老险公司,总部,寿险团险,安徽,淮南,寿县支公司,网上交易,国寿养老险,2018-05-30,寿险团险,安徽,淮南,寿县支公司
CL1001067394,姚国玉,身份证,342321********1625,CL9165,福寿嘉年97期,"10,000.00","10,000.00","10,000.19", ,,,34118179000059,,寿险团险,安徽,滁州,天长,养老险公司,总部,寿险团险,安徽,滁州,天长,网上交易,国寿养老险,2018-05-30,寿险团险,安徽,滁州,天长
CL1001067394,姚国玉,身份证,342321********1625,CL9165,福寿嘉年97期,"20,000.00","20,000.00","20,000.39", ,,,34118179000059,,寿险团险,安徽,滁州,天长,养老险公司,总部,寿险团险,安徽,滁州,天长,网上交易,国寿养老险,2018-05-30,寿险团险,安徽,滁州,天长
CL1001067394,姚国玉,身份证,342321********1625,CL9165,福寿嘉年97期,"20,000.00","20,000.00","20,000.39", ,,,34118179000059,,寿险团险,安徽,滁州,天长,养老险公司,总部,寿险团险,安徽,滁州,天长,网上交易,国寿养老险,2018-05-30,寿险团险,安徽,滁州,天长
CL1001067394,姚国玉,身份证,342321********1625,CL9165,福寿嘉年97期,"20,000.00","20,000.00","20,000.39", ,,,34118179000059,,寿险团险,安徽,滁州,天长,养老险公司,总部,寿险团险,安徽,滁州,天长,网上交易,国寿养老险,2018-05-30,寿险团险,安徽,滁州,天长
CL1006357519,徐晨思,身份证,340503********0223,CL9165,福寿嘉年97期,"30,000.00","30,000.00","30,000.58", ,,,YL34000006,张子明,养老险公司,安徽,,,养老险公司,总部,养老险公司,安徽,,,网上交易,国寿养老险,2018-05-30,养老险公司,安徽,,
CL1000692255,茅晓鸥,身份证,340104********1541,CL9165,福寿嘉年97期,"20,000.00","20,000.00","20,000.39", ,,,34110179000051,,寿险团险,安徽,滁州,团拓,,,寿险团险,安徽,滁州,团拓,微信,国寿养老险,2018-05-30,寿险团险,安徽,滁州,团拓
CL1002080159,朱海燕,身份证,340403********1822,CL9165,福寿嘉年97期,"10,000.00","10,000.00","10,000.19", ,,,34041079000001,,寿险团险,安徽,淮南,潘集支公司,养老险公司,总部,寿险团险,安徽,淮南,潘集支公司,网上交易,国寿养老险,2018-05-30,寿险团险,安徽,淮南,潘集支公司
CL1002080159,朱海燕,身份证,340403********1822,CL9165,福寿嘉年97期,"20,000.00","20,000.00","20,000.39", ,,,34041079000001,,寿险团险,安徽,淮南,潘集支公司,养老险公司,总部,寿险团险,安徽,淮南,潘集支公司,网上交易,国寿养老险,2018-05-30,寿险团险,安徽,淮南,潘集支公司
CL1015406538,李树芝,身份证,310224********0416,CL9165,福寿嘉年97期,"50,000.00","50,000.00","50,000.97", ,,,34070379001002,,寿险团险,安徽,铜陵,团拓部（城区）,养老险公司,总部,寿险团险,安徽,铜陵,团拓部（城区）,网上交易,国寿养老险,2018-05-30,寿险团险,安徽,铜陵,团拓部（城区）
CL1015406538,李树芝,身份证,310224********0416,CL9165,福寿嘉年97期,"10,000.00","10,000.00","10,000.19", ,,,34070379001002,,寿险团险,安徽,铜陵,团拓部（城区）,养老险公司,总部,寿险团险,安徽,铜陵,团拓部（城区）,网上交易,国寿养老险,2018-05-30,寿险团险,安徽,铜陵,团拓部（城区）
CL1003941099,陈杏琴,身份证,340204********2621,CL9165,福寿嘉年97期,"20,000.00","20,000.00","20,000.39", ,,,34020179000036,,寿险团险,安徽,芜湖,团拓,养老险公司,总部,寿险团险,安徽,芜湖,团拓,网上交易,国寿养老险,2018-05-30,寿险团险,安徽,芜湖,团拓
CL1009169864,郑婕,身份证,340404********0642,CL9165,福寿嘉年97期,"30,000.00","30,000.00","30,000.58", ,,,34060279000056,,寿险团险,安徽,淮北,团拓,养老险公司,总部,寿险团险,安徽,淮北,团拓,网上交易,国寿养老险,2018-05-30,寿险团险,安徽,淮北,团拓
CL1009169864,郑婕,身份证,340404********0642,CL9165,福寿嘉年97期,"50,000.00","50,000.00","50,000.97", ,,,34060279000056,,寿险团险,安徽,淮北,团拓,养老险公司,总部,寿险团险,安徽,淮北,团拓,网上交易,国寿养老险,2018-05-30,寿险团险,安徽,淮北,团拓
CL1011119872,鲍亚敏,身份证,342623********0167,CL9165,福寿嘉年97期,"20,000.00","20,000.00","20,000.39", ,,,34021379000028,,寿险团险,安徽,芜湖,无为县支公司,养老险公司,总部,寿险团险,安徽,芜湖,无为县支公司,网上交易,国寿养老险,2018-05-30,寿险团险,安徽,芜湖,无为县支公司
CL1008632888,姜玉梅,身份证,340621********0326,CL9165,福寿嘉年97期,"50,000.00","50,000.00","50,000.97", ,,,34062179000030,,寿险团险,安徽,淮北,濉溪县公司,养老险公司,总部,寿险团险,安徽,淮北,濉溪县公司,网上交易,国寿养老险,2018-05-30,寿险团险,安徽,淮北,濉溪县公司
CL1133301538,冯先锋,身份证,342531********1720,CL9165,福寿嘉年97期,"50,000.00","50,000.00","50,000.97", ,,,34253179000016,,寿险团险,安徽,宣城,绩溪支公司,养老险公司,总部,寿险团险,安徽,宣城,绩溪支公司,网上交易,国寿养老险,2018-05-30,寿险团险,安徽,宣城,绩溪支公司
CL1131041248,张艳,身份证,340603********0063,CL9165,福寿嘉年97期,"50,000.00","50,000.00","50,000.97", ,,,34060279000036,,寿险团险,安徽,淮北,团拓,养老险公司,总部,寿险团险,安徽,淮北,团拓,网上交易,国寿养老险,2018-05-30,寿险团险,安徽,淮北,团拓
CL1131041248,张艳,身份证,340603********0063,CL9165,福寿嘉年97期,"20,000.00","20,000.00","20,000.39", ,,,34060279000036,,寿险团险,安徽,淮北,团拓,养老险公司,总部,寿险团险,安徽,淮北,团拓,网上交易,国寿养老险,2018-05-30,寿险团险,安徽,淮北,团拓
CL1131041248,张艳,身份证,340603********0063,CL9165,福寿嘉年97期,"50,000.00","50,000.00","50,000.97", ,,,34060279000036,,寿险团险,安徽,淮北,团拓,养老险公司,总部,寿险团险,安徽,淮北,团拓,网上交易,国寿养老险,2018-05-30,寿险团险,安徽,淮北,团拓
CL1131041248,张艳,身份证,340603********0063,CL9165,福寿嘉年97期,"50,000.00","50,000.00","50,000.97", ,,,34060279000036,,寿险团险,安徽,淮北,团拓,养老险公司,总部,寿险团险,安徽,淮北,团拓,网上交易,国寿养老险,2018-05-30,寿险团险,安徽,淮北,团拓
CL1000685598,郭金凤,身份证,340421********0243,CL9165,福寿嘉年97期,"10,000.00","10,000.00","10,000.19", ,,,34042179000003,,寿险团险,安徽,淮南,凤台县支公司,养老险公司,总部,寿险团险,安徽,淮南,凤台县支公司,网上交易,国寿养老险,2018-05-30,寿险团险,安徽,淮南,凤台县支公司
CL1000685598,郭金凤,身份证,340421********0243,CL9165,福寿嘉年97期,"20,000.00","20,000.00","20,000.39", ,,,34042179000003,,寿险团险,安徽,淮南,凤台县支公司,养老险公司,总部,寿险团险,安徽,淮南,凤台县支公司,网上交易,国寿养老险,2018-05-30,寿险团险,安徽,淮南,凤台县支公司
CL1000685598,郭金凤,身份证,340421********0243,CL9165,福寿嘉年97期,"20,000.00","20,000.00","20,000.39", ,,,34042179000003,,寿险团险,安徽,淮南,凤台县支公司,养老险公司,总部,寿险团险,安徽,淮南,凤台县支公司,网上交易,国寿养老险,2018-05-30,寿险团险,安徽,淮南,凤台县支公司
CL1003715520,李立斌,身份证,340603********043X,CL9165,福寿嘉年97期,"20,000.00","20,000.00","20,000.39", ,,,34060279000002,,寿险团险,安徽,淮北,团拓,养老险公司,总部,寿险团险,安徽,淮北,团拓,网上交易,国寿养老险,2018-05-30,寿险团险,安徽,淮北,团拓
CL1003715520,李立斌,身份证,340603********043X,CL9165,福寿嘉年97期,"50,000.00","50,000.00","50,000.97", ,,,34060279000002,,寿险团险,安徽,淮北,团拓,养老险公司,总部,寿险团险,安徽,淮北,团拓,网上交易,国寿养老险,2018-05-30,寿险团险,安徽,淮北,团拓
CL1133301416,王秀红,身份证,341223********1329,CL9165,福寿嘉年97期,"50,000.00","50,000.00","50,000.97", ,,,34213079001089,,寿险团险,安徽,亳州,利辛县公司,养老险公司,总部,寿险团险,安徽,亳州,利辛县公司,网上交易,国寿养老险,2018-05-30,寿险团险,安徽,亳州,利辛县公司
CL1005226191,夏晓妍,身份证,342531********2521,CL9165,福寿嘉年97期,"10,000.00","10,000.00","10,000.19", ,,,34253179000013,,寿险团险,安徽,宣城,绩溪支公司,,,寿险团险,安徽,宣城,绩溪支公司,APP,国寿养老险,2018-05-30,寿险团险,安徽,宣城,绩溪支公司
CL1005226191,夏晓妍,身份证,342531********2521,CL9165,福寿嘉年97期,"20,000.00","20,000.00","20,000.39", ,,,34253179000013,,寿险团险,安徽,宣城,绩溪支公司,,,寿险团险,安徽,宣城,绩溪支公司,APP,国寿养老险,2018-05-30,寿险团险,安徽,宣城,绩溪支公司
CL1108340914,石玉羚,身份证,342321********541X,CL9165,福寿嘉年97期,"10,000.00","10,000.00","10,000.19", ,,,34118179000059,,寿险团险,安徽,滁州,天长,养老险公司,总部,寿险团险,安徽,滁州,天长,网上交易,国寿养老险,2018-05-30,寿险团险,安徽,滁州,天长
CL1108340914,石玉羚,身份证,342321********541X,CL9165,福寿嘉年97期,"20,000.00","20,000.00","20,000.39", ,,,34118179000059,,寿险团险,安徽,滁州,天长,养老险公司,总部,寿险团险,安徽,滁州,天长,网上交易,国寿养老险,2018-05-30,寿险团险,安徽,滁州,天长
CL1108340914,石玉羚,身份证,342321********541X,CL9165,福寿嘉年97期,"20,000.00","20,000.00","20,000.39", ,,,34118179000059,,寿险团险,安徽,滁州,天长,养老险公司,总部,寿险团险,安徽,滁州,天长,网上交易,国寿养老险,2018-05-30,寿险团险,安徽,滁州,天长
CL1011070161,孙红梅,身份证,340323********4025,CL9165,福寿嘉年97期,"50,000.00","50,000.00","50,000.97", ,,,34032379000017,,寿险团险,安徽,蚌埠,固镇县支公司,养老险公司,总部,寿险团险,安徽,蚌埠,固镇县支公司,网上交易,国寿养老险,2018-05-30,寿险团险,安徽,蚌埠,固镇县支公司
CL1011432310,陈秀,身份证,342201********1822,CL9165,福寿嘉年97期,"50,000.00","50,000.00","50,000.97", ,,,34222179000022,,寿险团险,安徽,宿州,砀山县支公司,养老险公司,总部,寿险团险,安徽,宿州,砀山县支公司,网上交易,国寿养老险,2018-05-30,寿险团险,安徽,宿州,砀山县支公司
CL1000765177,胡金红,身份证,340802********0024,CL9165,福寿嘉年97期,"10,000.00","10,000.00","10,000.19", ,,,YL34000019,胡金红,养老险公司,安徽,,,养老险公司,总部,养老险公司,安徽,,,网上交易,国寿养老险,2018-05-30,养老险公司,安徽,,
CL1000021825,张彤,身份证,342401********0038,CL9165,福寿嘉年97期,"210,000.00","210,000.00","210,004.08", ,,,34240179000022,,寿险团险,安徽,六安,团拓,养老险公司,总部,寿险团险,安徽,六安,团拓,网上交易,国寿养老险,2018-05-30,寿险团险,安徽,六安,团拓
CL1133115127,李祥,身份证,342901********5836,CL9165,福寿嘉年97期,"20,000.00","20,000.00","20,000.39", ,,,34290179000078,,寿险团险,安徽,池州,城区团拓部,养老险公司,总部,寿险团险,安徽,池州,城区团拓部,网上交易,国寿养老险,2018-05-30,寿险团险,安徽,池州,城区团拓部
CL1133115127,李祥,身份证,342901********5836,CL9165,福寿嘉年97期,"20,000.00","20,000.00","20,000.39", ,,,34290179000078,,寿险团险,安徽,池州,城区团拓部,养老险公司,总部,寿险团险,安徽,池州,城区团拓部,网上交易,国寿养老险,2018-05-30,寿险团险,安徽,池州,城区团拓部
CL1133115127,李祥,身份证,342901********5836,CL9165,福寿嘉年97期,"20,000.00","20,000.00","20,000.39", ,,,34290179000078,,寿险团险,安徽,池州,城区团拓部,养老险公司,总部,寿险团险,安徽,池州,城区团拓部,网上交易,国寿养老险,2018-05-30,寿险团险,安徽,池州,城区团拓部
CL1133115127,李祥,身份证,342901********5836,CL9165,福寿嘉年97期,"20,000.00","20,000.00","20,000.39", ,,,34290179000078,,寿险团险,安徽,池州,城区团拓部,养老险公司,总部,寿险团险,安徽,池州,城区团拓部,网上交易,国寿养老险,2018-05-30,寿险团险,安徽,池州,城区团拓部
CL1133115127,李祥,身份证,342901********5836,CL9165,福寿嘉年97期,"20,000.00","20,000.00","20,000.39", ,,,34290179000078,,寿险团险,安徽,池州,城区团拓部,养老险公司,总部,寿险团险,安徽,池州,城区团拓部,网上交易,国寿养老险,2018-05-30,寿险团险,安徽,池州,城区团拓部
CL1009426655,孙天印,身份证,341221********1332,CL9165,福寿嘉年97期,"20,000.00","20,000.00","20,000.39", ,,,34212279000001,,寿险团险,安徽,阜阳,临泉支公司,养老险公司,总部,寿险团险,安徽,阜阳,临泉支公司,网上交易,国寿养老险,2018-05-30,寿险团险,安徽,阜阳,临泉支公司
CL1009426655,孙天印,身份证,341221********1332,CL9165,福寿嘉年97期,"20,000.00","20,000.00","20,000.39", ,,,34212279000001,,寿险团险,安徽,阜阳,临泉支公司,养老险公司,总部,寿险团险,安徽,阜阳,临泉支公司,网上交易,国寿养老险,2018-05-30,寿险团险,安徽,阜阳,临泉支公司
CL1009426655,孙天印,身份证,341221********1332,CL9165,福寿嘉年97期,"10,000.00","10,000.00","10,000.19", ,,,34212279000001,,寿险团险,安徽,阜阳,临泉支公司,养老险公司,总部,寿险团险,安徽,阜阳,临泉支公司,网上交易,国寿养老险,2018-05-30,寿险团险,安徽,阜阳,临泉支公司
CL1041819076,孙国亮,身份证,340901********0213,CL9165,福寿嘉年97期,"50,000.00","50,000.00","50,000.97", ,,,34100379000010,,寿险团险,安徽,黄山,黄山区支公司,,,寿险团险,安徽,黄山,黄山区支公司,微信,国寿养老险,2018-05-30,寿险团险,安徽,黄山,黄山区支公司
CL1041819076,孙国亮,身份证,340901********0213,CL9165,福寿嘉年97期,"50,000.00","50,000.00","50,000.97", ,,,34100379000010,,寿险团险,安徽,黄山,黄山区支公司,,,寿险团险,安徽,黄山,黄山区支公司,微信,国寿养老险,2018-05-30,寿险团险,安徽,黄山,黄山区支公司
CL1004429974,袁祖梅,身份证,340323********0023,CL9165,福寿嘉年97期,"50,000.00","50,000.00","50,000.97", ,,,34032379000017,,寿险团险,安徽,蚌埠,固镇县支公司,养老险公司,总部,寿险团险,安徽,蚌埠,固镇县支公司,网上交易,国寿养老险,2018-05-30,寿险团险,安徽,蚌埠,固镇县支公司
CL1133297926,叶宗霞,身份证,342426********0047,CL9165,福寿嘉年97期,"50,000.00","50,000.00","50,000.97", ,,,34242779000023,,寿险团险,安徽,六安,霍山,养老险公司,总部,寿险团险,安徽,六安,霍山,网上交易,国寿养老险,2018-05-30,寿险团险,安徽,六安,霍山
CL1000520554,汤毓兰,身份证,340721********0021,CL9165,福寿嘉年97期,"50,000.00","50,000.00","50,000.97", ,,,34070379001003,,寿险团险,安徽,铜陵,团拓部（城区）,养老险公司,总部,寿险团险,安徽,铜陵,团拓部（城区）,网上交易,国寿养老险,2018-05-30,寿险团险,安徽,铜陵,团拓部（城区）
CL1000502534,洪枫,身份证,342601********0227,CL9165,福寿嘉年97期,"20,000.00","20,000.00","20,000.39", ,,,YL34000024,张婷,养老险公司,安徽,,,,,养老险公司,安徽,,,APP,国寿养老险,2018-05-30,养老险公司,安徽,,
CL1132937609,宋玉芳,身份证,340602********1424,CL9165,福寿嘉年97期,"30,000.00","30,000.00","30,000.58", ,,,34060279000056,,寿险团险,安徽,淮北,团拓,养老险公司,总部,寿险团险,安徽,淮北,团拓,网上交易,国寿养老险,2018-05-30,寿险团险,安徽,淮北,团拓
CL1132937609,宋玉芳,身份证,340602********1424,CL9165,福寿嘉年97期,"50,000.00","50,000.00","50,000.97", ,,,34060279000056,,寿险团险,安徽,淮北,团拓,养老险公司,总部,寿险团险,安徽,淮北,团拓,网上交易,国寿养老险,2018-05-30,寿险团险,安徽,淮北,团拓
CL1132937609,宋玉芳,身份证,340602********1424,CL9165,福寿嘉年97期,"50,000.00","50,000.00","50,000.97", ,,,34060279000056,,寿险团险,安徽,淮北,团拓,养老险公司,总部,寿险团险,安徽,淮北,团拓,网上交易,国寿养老险,2018-05-30,寿险团险,安徽,淮北,团拓
CL1000855021,张安敏,身份证,342626********2219,CL9165,福寿嘉年97期,"100,000.00","100,000.00","100,001.94", ,,,34060279000036,,寿险团险,安徽,淮北,团拓,,,寿险团险,安徽,淮北,团拓,APP,国寿养老险,2018-05-30,寿险团险,安徽,淮北,团拓
CL1000959168,王俊,身份证,340204********2620,CL9165,福寿嘉年97期,"10,000.00","10,000.00","10,000.19", ,,,34020179000036,,寿险团险,安徽,芜湖,团拓,养老险公司,总部,寿险团险,安徽,芜湖,团拓,网上交易,国寿养老险,2018-05-30,寿险团险,安徽,芜湖,团拓
CL1002726976,朱友华,身份证,340206********0080,CL9165,福寿嘉年97期,"20,000.00","20,000.00","20,000.39", ,,,34020679000015,,寿险团险,安徽,芜湖,开发区支公司,养老险公司,总部,寿险团险,安徽,芜湖,开发区支公司,网上交易,国寿养老险,2018-05-30,寿险团险,安徽,芜湖,开发区支公司
CL1032812907,段桂英,身份证,342129********5528,CL9165,福寿嘉年97期,"50,000.00","50,000.00","50,000.97", ,,,34041079000001,,寿险团险,安徽,淮南,潘集支公司,养老险公司,总部,寿险团险,安徽,淮南,潘集支公司,网上交易,国寿养老险,2018-05-30,寿险团险,安徽,淮南,潘集支公司
CL1000158196,鄢云翠,身份证,340202********1029,CL9165,福寿嘉年97期,"20,000.00","20,000.00","20,000.39", ,,,34020179000036,,寿险团险,安徽,芜湖,团拓,养老险公司,总部,寿险团险,安徽,芜湖,团拓,网上交易,国寿养老险,2018-05-30,寿险团险,安徽,芜湖,团拓
CL1015531978,张彦丽,身份证,340602********2448,CL9165,福寿嘉年97期,"50,000.00","50,000.00","50,000.97", ,,,34060279000056,,寿险团险,安徽,淮北,团拓,养老险公司,总部,寿险团险,安徽,淮北,团拓,网上交易,国寿养老险,2018-05-30,寿险团险,安徽,淮北,团拓
CL1015474047,王金兰,身份证,340304********0027,CL9165,福寿嘉年97期,"13,000.00","13,000.00","13,000.25", ,,,34031079000023,,寿险团险,安徽,蚌埠,团拓,养老险公司,总部,寿险团险,安徽,蚌埠,团拓,网上交易,国寿养老险,2018-05-30,寿险团险,安徽,蚌埠,团拓
CL1067421469,洪秋华,身份证,342531********2524,CL9165,福寿嘉年97期,"26,000.00","26,000.00","26,000.51", ,,,34253179000013,,寿险团险,安徽,宣城,绩溪支公司,养老险公司,总部,寿险团险,安徽,宣城,绩溪支公司,网上交易,国寿养老险,2018-05-30,寿险团险,安徽,宣城,绩溪支公司
CL1015531978,张彦丽,身份证,340602********2448,CL9165,福寿嘉年97期,"50,000.00","50,000.00","50,000.97", ,,,34060279000056,,寿险团险,安徽,淮北,团拓,养老险公司,总部,寿险团险,安徽,淮北,团拓,网上交易,国寿养老险,2018-05-30,寿险团险,安徽,淮北,团拓
CL1015531978,张彦丽,身份证,340602********2448,CL9165,福寿嘉年97期,"50,000.00","50,000.00","50,000.97", ,,,34060279000056,,寿险团险,安徽,淮北,团拓,养老险公司,总部,寿险团险,安徽,淮北,团拓,网上交易,国寿养老险,2018-05-30,寿险团险,安徽,淮北,团拓
CL1015531978,张彦丽,身份证,340602********2448,CL9165,福寿嘉年97期,"30,000.00","30,000.00","30,000.58", ,,,34060279000056,,寿险团险,安徽,淮北,团拓,养老险公司,总部,寿险团险,安徽,淮北,团拓,网上交易,国寿养老险,2018-05-30,寿险团险,安徽,淮北,团拓
CL1128111715,张爱琴,身份证,342321********5248,CL9165,福寿嘉年97期,"20,000.00","20,000.00","20,000.39", ,,,34118179000059,,寿险团险,安徽,滁州,天长,养老险公司,总部,寿险团险,安徽,滁州,天长,网上交易,国寿养老险,2018-05-30,寿险团险,安徽,滁州,天长
CL1128111715,张爱琴,身份证,342321********5248,CL9165,福寿嘉年97期,"20,000.00","20,000.00","20,000.39", ,,,34118179000059,,寿险团险,安徽,滁州,天长,养老险公司,总部,寿险团险,安徽,滁州,天长,网上交易,国寿养老险,2018-05-30,寿险团险,安徽,滁州,天长
CL1128111715,张爱琴,身份证,342321********5248,CL9165,福寿嘉年97期,"10,000.00","10,000.00","10,000.19", ,,,34118179000059,,寿险团险,安徽,滁州,天长,养老险公司,总部,寿险团险,安徽,滁州,天长,网上交易,国寿养老险,2018-05-30,寿险团险,安徽,滁州,天长
CL1014080690,刘彩梅,身份证,341226********1023,CL9165,福寿嘉年97期,"10,000.00","10,000.00","10,000.19", ,,,34012179000031,,寿险团险,安徽,合肥,长丰支公司,养老险公司,总部,寿险团险,安徽,合肥,长丰支公司,网上交易,国寿养老险,2018-05-30,寿险团险,安徽,合肥,长丰支公司
CL1014080690,刘彩梅,身份证,341226********1023,CL9165,福寿嘉年97期,"20,000.00","20,000.00","20,000.39", ,,,34012179000031,,寿险团险,安徽,合肥,长丰支公司,养老险公司,总部,寿险团险,安徽,合肥,长丰支公司,网上交易,国寿养老险,2018-05-30,寿险团险,安徽,合肥,长丰支公司
CL1113344182,殷菊华,身份证,342301********042X,CL9165,福寿嘉年97期,"30,000.00","30,000.00","30,000.58", ,,,34110179000051,,寿险团险,安徽,滁州,团拓,养老险公司,总部,寿险团险,安徽,滁州,团拓,网上交易,国寿养老险,2018-05-30,寿险团险,安徽,滁州,团拓
CL1009466280,李永春,身份证,340221********002X,CL9165,福寿嘉年97期,"10,000.00","10,000.00","10,000.19", ,,,34020379000013,,寿险团险,安徽,芜湖,芜湖县支公司,养老险公司,总部,寿险团险,安徽,芜湖,芜湖县支公司,网上交易,国寿养老险,2018-05-30,寿险团险,安徽,芜湖,芜湖县支公司
CL1009466280,李永春,身份证,340221********002X,CL9165,福寿嘉年97期,"20,000.00","20,000.00","20,000.39", ,,,34020379000013,,寿险团险,安徽,芜湖,芜湖县支公司,养老险公司,总部,寿险团险,安徽,芜湖,芜湖县支公司,网上交易,国寿养老险,2018-05-30,寿险团险,安徽,芜湖,芜湖县支公司
CL1000979064,洪燕,身份证,341002********0421,CL9165,福寿嘉年97期,"50,000.00","50,000.00","50,000.97", ,,,34100379000010,,寿险团险,安徽,黄山,黄山区支公司,,,寿险团险,安徽,黄山,黄山区支公司,微信,国寿养老险,2018-05-30,寿险团险,安徽,黄山,黄山区支公司
CL1000979064,洪燕,身份证,341002********0421,CL9165,福寿嘉年97期,"13,000.00","13,000.00","13,000.25", ,,,34100379000010,,寿险团险,安徽,黄山,黄山区支公司,,,寿险团险,安徽,黄山,黄山区支公司,微信,国寿养老险,2018-05-30,寿险团险,安徽,黄山,黄山区支公司
CL1009219338,岳文玉,身份证,340421********2029,CL9165,福寿嘉年97期,"20,000.00","20,000.00","20,000.39", ,,,34042179000010,,寿险团险,安徽,淮南,凤台县支公司,养老险公司,总部,寿险团险,安徽,淮南,凤台县支公司,网上交易,国寿养老险,2018-05-30,寿险团险,安徽,淮南,凤台县支公司
CL1009219338,岳文玉,身份证,340421********2029,CL9165,福寿嘉年97期,"20,000.00","20,000.00","20,000.39", ,,,34042179000010,,寿险团险,安徽,淮南,凤台县支公司,养老险公司,总部,寿险团险,安徽,淮南,凤台县支公司,网上交易,国寿养老险,2018-05-30,寿险团险,安徽,淮南,凤台县支公司
CL1009219338,岳文玉,身份证,340421********2029,CL9165,福寿嘉年97期,"20,000.00","20,000.00","20,000.39", ,,,34042179000010,,寿险团险,安徽,淮南,凤台县支公司,养老险公司,总部,寿险团险,安徽,淮南,凤台县支公司,网上交易,国寿养老险,2018-05-30,寿险团险,安徽,淮南,凤台县支公司
CL1009219338,岳文玉,身份证,340421********2029,CL9165,福寿嘉年97期,"20,000.00","20,000.00","20,000.39", ,,,34042179000010,,寿险团险,安徽,淮南,凤台县支公司,养老险公司,总部,寿险团险,安徽,淮南,凤台县支公司,网上交易,国寿养老险,2018-05-30,寿险团险,安徽,淮南,凤台县支公司
CL1009219338,岳文玉,身份证,340421********2029,CL9165,福寿嘉年97期,"20,000.00","20,000.00","20,000.39", ,,,34042179000010,,寿险团险,安徽,淮南,凤台县支公司,养老险公司,总部,寿险团险,安徽,淮南,凤台县支公司,网上交易,国寿养老险,2018-05-30,寿险团险,安徽,淮南,凤台县支公司
CL1009219338,岳文玉,身份证,340421********2029,CL9165,福寿嘉年97期,"20,000.00","20,000.00","20,000.39", ,,,34042179000010,,寿险团险,安徽,淮南,凤台县支公司,养老险公司,总部,寿险团险,安徽,淮南,凤台县支公司,网上交易,国寿养老险,2018-05-30,寿险团险,安徽,淮南,凤台县支公司
CL1009219338,岳文玉,身份证,340421********2029,CL9165,福寿嘉年97期,"20,000.00","20,000.00","20,000.39", ,,,34042179000010,,寿险团险,安徽,淮南,凤台县支公司,养老险公司,总部,寿险团险,安徽,淮南,凤台县支公司,网上交易,国寿养老险,2018-05-30,寿险团险,安徽,淮南,凤台县支公司
CL1009219338,岳文玉,身份证,340421********2029,CL9165,福寿嘉年97期,"20,000.00","20,000.00","20,000.39", ,,,34042179000010,,寿险团险,安徽,淮南,凤台县支公司,养老险公司,总部,寿险团险,安徽,淮南,凤台县支公司,网上交易,国寿养老险,2018-05-30,寿险团险,安徽,淮南,凤台县支公司
CL1009219338,岳文玉,身份证,340421********2029,CL9165,福寿嘉年97期,"20,000.00","20,000.00","20,000.39", ,,,34042179000010,,寿险团险,安徽,淮南,凤台县支公司,养老险公司,总部,寿险团险,安徽,淮南,凤台县支公司,网上交易,国寿养老险,2018-05-30,寿险团险,安徽,淮南,凤台县支公司
CL1009219338,岳文玉,身份证,340421********2029,CL9165,福寿嘉年97期,"20,000.00","20,000.00","20,000.39", ,,,34042179000010,,寿险团险,安徽,淮南,凤台县支公司,养老险公司,总部,寿险团险,安徽,淮南,凤台县支公司,网上交易,国寿养老险,2018-05-30,寿险团险,安徽,淮南,凤台县支公司
CL1009219338,岳文玉,身份证,340421********2029,CL9165,福寿嘉年97期,"20,000.00","20,000.00","20,000.39", ,,,34042179000010,,寿险团险,安徽,淮南,凤台县支公司,养老险公司,总部,寿险团险,安徽,淮南,凤台县支公司,网上交易,国寿养老险,2018-05-30,寿险团险,安徽,淮南,凤台县支公司
CL1009219338,岳文玉,身份证,340421********2029,CL9165,福寿嘉年97期,"20,000.00","20,000.00","20,000.39", ,,,34042179000010,,寿险团险,安徽,淮南,凤台县支公司,养老险公司,总部,寿险团险,安徽,淮南,凤台县支公司,网上交易,国寿养老险,2018-05-30,寿险团险,安徽,淮南,凤台县支公司
CL1009219338,岳文玉,身份证,340421********2029,CL9165,福寿嘉年97期,"20,000.00","20,000.00","20,000.39", ,,,34042179000010,,寿险团险,安徽,淮南,凤台县支公司,养老险公司,总部,寿险团险,安徽,淮南,凤台县支公司,网上交易,国寿养老险,2018-05-30,寿险团险,安徽,淮南,凤台县支公司
CL1009219338,岳文玉,身份证,340421********2029,CL9165,福寿嘉年97期,"20,000.00","20,000.00","20,000.39", ,,,34042179000010,,寿险团险,安徽,淮南,凤台县支公司,养老险公司,总部,寿险团险,安徽,淮南,凤台县支公司,网上交易,国寿养老险,2018-05-30,寿险团险,安徽,淮南,凤台县支公司
CL1009219338,岳文玉,身份证,340421********2029,CL9165,福寿嘉年97期,"20,000.00","20,000.00","20,000.39", ,,,34042179000010,,寿险团险,安徽,淮南,凤台县支公司,养老险公司,总部,寿险团险,安徽,淮南,凤台县支公司,网上交易,国寿养老险,2018-05-30,寿险团险,安徽,淮南,凤台县支公司
CL1009219338,岳文玉,身份证,340421********2029,CL9165,福寿嘉年97期,"20,000.00","20,000.00","20,000.39", ,,,34042179000010,,寿险团险,安徽,淮南,凤台县支公司,养老险公司,总部,寿险团险,安徽,淮南,凤台县支公司,网上交易,国寿养老险,2018-05-30,寿险团险,安徽,淮南,凤台县支公司
CL1009219338,岳文玉,身份证,340421********2029,CL9165,福寿嘉年97期,"20,000.00","20,000.00","20,000.39", ,,,34042179000010,,寿险团险,安徽,淮南,凤台县支公司,养老险公司,总部,寿险团险,安徽,淮南,凤台县支公司,网上交易,国寿养老险,2018-05-30,寿险团险,安徽,淮南,凤台县支公司
CL1009219338,岳文玉,身份证,340421********2029,CL9165,福寿嘉年97期,"20,000.00","20,000.00","20,000.39", ,,,34042179000010,,寿险团险,安徽,淮南,凤台县支公司,养老险公司,总部,寿险团险,安徽,淮南,凤台县支公司,网上交易,国寿养老险,2018-05-30,寿险团险,安徽,淮南,凤台县支公司
CL1009219338,岳文玉,身份证,340421********2029,CL9165,福寿嘉年97期,"20,000.00","20,000.00","20,000.39", ,,,34042179000010,,寿险团险,安徽,淮南,凤台县支公司,养老险公司,总部,寿险团险,安徽,淮南,凤台县支公司,网上交易,国寿养老险,2018-05-30,寿险团险,安徽,淮南,凤台县支公司
CL1009219338,岳文玉,身份证,340421********2029,CL9165,福寿嘉年97期,"20,000.00","20,000.00","20,000.39", ,,,34042179000010,,寿险团险,安徽,淮南,凤台县支公司,养老险公司,总部,寿险团险,安徽,淮南,凤台县支公司,网上交易,国寿养老险,2018-05-30,寿险团险,安徽,淮南,凤台县支公司
CL1009219338,岳文玉,身份证,340421********2029,CL9165,福寿嘉年97期,"20,000.00","20,000.00","20,000.39", ,,,34042179000010,,寿险团险,安徽,淮南,凤台县支公司,养老险公司,总部,寿险团险,安徽,淮南,凤台县支公司,网上交易,国寿养老险,2018-05-30,寿险团险,安徽,淮南,凤台县支公司
CL1009219338,岳文玉,身份证,340421********2029,CL9165,福寿嘉年97期,"20,000.00","20,000.00","20,000.39", ,,,34042179000010,,寿险团险,安徽,淮南,凤台县支公司,养老险公司,总部,寿险团险,安徽,淮南,凤台县支公司,网上交易,国寿养老险,2018-05-30,寿险团险,安徽,淮南,凤台县支公司
CL1009219338,岳文玉,身份证,340421********2029,CL9165,福寿嘉年97期,"20,000.00","20,000.00","20,000.39", ,,,34042179000010,,寿险团险,安徽,淮南,凤台县支公司,养老险公司,总部,寿险团险,安徽,淮南,凤台县支公司,网上交易,国寿养老险,2018-05-30,寿险团险,安徽,淮南,凤台县支公司
CL1009219338,岳文玉,身份证,340421********2029,CL9165,福寿嘉年97期,"20,000.00","20,000.00","20,000.39", ,,,34042179000010,,寿险团险,安徽,淮南,凤台县支公司,养老险公司,总部,寿险团险,安徽,淮南,凤台县支公司,网上交易,国寿养老险,2018-05-30,寿险团险,安徽,淮南,凤台县支公司
CL1003062757,罗运哲,身份证,342427********0053,CL9165,福寿嘉年97期,"50,000.00","50,000.00","50,000.97", ,,,34242779000023,,寿险团险,安徽,六安,霍山,养老险公司,总部,寿险团险,安徽,六安,霍山,网上交易,国寿养老险,2018-05-30,寿险团险,安徽,六安,霍山
CL1003062757,罗运哲,身份证,342427********0053,CL9165,福寿嘉年97期,"50,000.00","50,000.00","50,000.97", ,,,34242779000023,,寿险团险,安徽,六安,霍山,养老险公司,总部,寿险团险,安徽,六安,霍山,网上交易,国寿养老险,2018-05-30,寿险团险,安徽,六安,霍山
CL1124539973,任翠贞,身份证,340621********4089,CL9165,福寿嘉年97期,"20,000.00","20,000.00","20,000.39", ,,,34212579001007,,寿险团险,安徽,亳州,蒙城县公司,养老险公司,总部,寿险团险,安徽,亳州,蒙城县公司,网上交易,国寿养老险,2018-05-30,寿险团险,安徽,亳州,蒙城县公司
CL1124539973,任翠贞,身份证,340621********4089,CL9165,福寿嘉年97期,"20,000.00","20,000.00","20,000.39", ,,,34212579001007,,寿险团险,安徽,亳州,蒙城县公司,养老险公司,总部,寿险团险,安徽,亳州,蒙城县公司,网上交易,国寿养老险,2018-05-30,寿险团险,安徽,亳州,蒙城县公司
CL1000120789,杨勇,身份证,341124********0031,CL9165,福寿嘉年97期,"50,000.00","50,000.00","50,000.97", ,,,YL34000006,张子明,养老险公司,安徽,,,养老险公司,总部,养老险公司,安徽,,,网上交易,国寿养老险,2018-05-30,养老险公司,安徽,,
CL1132364359,彭婉柱,身份证,341103********321X,CL9165,福寿嘉年97期,"50,000.00","50,000.00","50,000.97", ,,,34110179000050,,寿险团险,安徽,滁州,团拓,养老险公司,总部,寿险团险,安徽,滁州,团拓,网上交易,国寿养老险,2018-05-30,寿险团险,安徽,滁州,团拓
CL1000573995,陈杨,身份证,342201********0435,CL9165,福寿嘉年97期,"10,000.00","10,000.00","10,000.19", ,,,34222179000021,,寿险团险,安徽,宿州,砀山县支公司,养老险公司,总部,寿险团险,安徽,宿州,砀山县支公司,网上交易,国寿养老险,2018-05-30,寿险团险,安徽,宿州,砀山县支公司
CL1000573995,陈杨,身份证,342201********0435,CL9165,福寿嘉年97期,"20,000.00","20,000.00","20,000.39", ,,,34222179000021,,寿险团险,安徽,宿州,砀山县支公司,养老险公司,总部,寿险团险,安徽,宿州,砀山县支公司,网上交易,国寿养老险,2018-05-30,寿险团险,安徽,宿州,砀山县支公司
CL1013560137,李玲,身份证,340403********2028,CL9165,福寿嘉年97期,"21,000.00","21,000.00","21,000.41", ,,,34041079000001,,寿险团险,安徽,淮南,潘集支公司,养老险公司,总部,寿险团险,安徽,淮南,潘集支公司,网上交易,国寿养老险,2018-05-30,寿险团险,安徽,淮南,潘集支公司
CL1133115072,陈洪侠,身份证,342523********4020,CL9165,福寿嘉年97期,"50,000.00","50,000.00","50,000.97", ,,,34290179000078,,寿险团险,安徽,池州,城区团拓部,养老险公司,总部,寿险团险,安徽,池州,城区团拓部,网上交易,国寿养老险,2018-05-30,寿险团险,安徽,池州,城区团拓部
CL1133115072,陈洪侠,身份证,342523********4020,CL9165,福寿嘉年97期,"50,000.00","50,000.00","50,000.97", ,,,34290179000078,,寿险团险,安徽,池州,城区团拓部,养老险公司,总部,寿险团险,安徽,池州,城区团拓部,网上交易,国寿养老险,2018-05-30,寿险团险,安徽,池州,城区团拓部
CL1133115072,陈洪侠,身份证,342523********4020,CL9165,福寿嘉年97期,"40,000.00","40,000.00","40,000.78", ,,,34290179000078,,寿险团险,安徽,池州,城区团拓部,养老险公司,总部,寿险团险,安徽,池州,城区团拓部,网上交易,国寿养老险,2018-05-30,寿险团险,安徽,池州,城区团拓部
CL1133115072,陈洪侠,身份证,342523********4020,CL9165,福寿嘉年97期,"50,000.00","50,000.00","50,000.97", ,,,34290179000078,,寿险团险,安徽,池州,城区团拓部,养老险公司,总部,寿险团险,安徽,池州,城区团拓部,网上交易,国寿养老险,2018-05-30,寿险团险,安徽,池州,城区团拓部
CL1133115072,陈洪侠,身份证,342523********4020,CL9165,福寿嘉年97期,"50,000.00","50,000.00","50,000.97", ,,,34290179000078,,寿险团险,安徽,池州,城区团拓部,养老险公司,总部,寿险团险,安徽,池州,城区团拓部,网上交易,国寿养老险,2018-05-30,寿险团险,安徽,池州,城区团拓部
CL1133115072,陈洪侠,身份证,342523********4020,CL9165,福寿嘉年97期,"50,000.00","50,000.00","50,000.97", ,,,34290179000078,,寿险团险,安徽,池州,城区团拓部,养老险公司,总部,寿险团险,安徽,池州,城区团拓部,网上交易,国寿养老险,2018-05-30,寿险团险,安徽,池州,城区团拓部

