﻿FUND_ACCT,CUST_NAME,CERT_TYPE,CERT_NO,FUND_CODE,FUND_NAME,APP_MONEY,ACK_MONEY,ACK_SHARE,INVITECODE,COMPANY_INVITE,BRANCH_INVITE_NEW,REFERID,CUSTNAME_REFER,COMPANY_REFER,BRANCH_REFER_NEW,CT_REFER,CR_REFER,COMPANY_ORG,ORGNAME,SALE_COMPANY_NAME_DTL,SALE_BRANCH_NAME,SALE_CT_NAME,SALE_CR_NAME,ACCEPT_METHOD,AGENCY_NAME,ACK_DATE,SALE_COMPANY_NAME_FEE,SALE_BRANCH_NAME_FEE1,SALE_CT_NAME_FEE,SALE_CR_NAME_FEE
CL1132706691,张玉功,身份证,342223********1418,CL9166,福寿嘉年98期,"50,000.00","50,000.00","50,000.97", ,,,34220379001399,,寿险团险,安徽,宿州,团拓部,养老险公司,总部,寿险团险,安徽,宿州,团拓部,网上交易,国寿养老险,2018-05-30,寿险团险,安徽,宿州,团拓部
CL1000197477,夏玲敏,身份证,340802********0027,CL9166,福寿嘉年98期,"20,000.00","20,000.00","20,000.39", ,,,34080179000010,,寿险团险,安徽,安庆,城区团拓部,养老险公司,总部,寿险团险,安徽,安庆,城区团拓部,网上交易,国寿养老险,2018-05-30,寿险团险,安徽,安庆,城区团拓部
CL1000197477,夏玲敏,身份证,340802********0027,CL9166,福寿嘉年98期,"20,000.00","20,000.00","20,000.39", ,,,34080179000010,,寿险团险,安徽,安庆,城区团拓部,养老险公司,总部,寿险团险,安徽,安庆,城区团拓部,网上交易,国寿养老险,2018-05-30,寿险团险,安徽,安庆,城区团拓部
CL1000793017,张敏,身份证,342201********1229,CL9166,福寿嘉年98期,"10,000.00","10,000.00","10,000.19", ,,,34222179000021,,寿险团险,安徽,宿州,砀山县支公司,养老险公司,总部,寿险团险,安徽,宿州,砀山县支公司,网上交易,国寿养老险,2018-05-30,寿险团险,安徽,宿州,砀山县支公司
CL1000793017,张敏,身份证,342201********1229,CL9166,福寿嘉年98期,"20,000.00","20,000.00","20,000.39", ,,,34222179000021,,寿险团险,安徽,宿州,砀山县支公司,养老险公司,总部,寿险团险,安徽,宿州,砀山县支公司,网上交易,国寿养老险,2018-05-30,寿险团险,安徽,宿州,砀山县支公司
CL1000942212,侯彩虹,身份证,340603********0426,CL9166,福寿嘉年98期,"50,000.00","50,000.00","50,000.97", ,,,34060279000002,,寿险团险,安徽,淮北,团拓,养老险公司,总部,寿险团险,安徽,淮北,团拓,网上交易,国寿养老险,2018-05-30,寿险团险,安徽,淮北,团拓
CL1000765633,余红,身份证,342901********6022,CL9166,福寿嘉年98期,"50,000.00","50,000.00","50,000.97", ,,,34220379000008,,寿险团险,安徽,宿州,团拓部,养老险公司,总部,寿险团险,安徽,宿州,团拓部,网上交易,国寿养老险,2018-05-30,寿险团险,安徽,宿州,团拓部
CL1000765633,余红,身份证,342901********6022,CL9166,福寿嘉年98期,"50,000.00","50,000.00","50,000.97", ,,,34220379000008,,寿险团险,安徽,宿州,团拓部,养老险公司,总部,寿险团险,安徽,宿州,团拓部,网上交易,国寿养老险,2018-05-30,寿险团险,安徽,宿州,团拓部
CL1000765633,余红,身份证,342901********6022,CL9166,福寿嘉年98期,"50,000.00","50,000.00","50,000.97", ,,,34220379000008,,寿险团险,安徽,宿州,团拓部,养老险公司,总部,寿险团险,安徽,宿州,团拓部,网上交易,国寿养老险,2018-05-30,寿险团险,安徽,宿州,团拓部
CL1000765633,余红,身份证,342901********6022,CL9166,福寿嘉年98期,"50,000.00","50,000.00","50,000.97", ,,,34220379000008,,寿险团险,安徽,宿州,团拓部,养老险公司,总部,寿险团险,安徽,宿州,团拓部,网上交易,国寿养老险,2018-05-30,寿险团险,安徽,宿州,团拓部
CL1000765633,余红,身份证,342901********6022,CL9166,福寿嘉年98期,"50,000.00","50,000.00","50,000.97", ,,,34220379000008,,寿险团险,安徽,宿州,团拓部,养老险公司,总部,寿险团险,安徽,宿州,团拓部,网上交易,国寿养老险,2018-05-30,寿险团险,安徽,宿州,团拓部
CL1000765633,余红,身份证,342901********6022,CL9166,福寿嘉年98期,"50,000.00","50,000.00","50,000.97", ,,,34220379000008,,寿险团险,安徽,宿州,团拓部,养老险公司,总部,寿险团险,安徽,宿州,团拓部,网上交易,国寿养老险,2018-05-30,寿险团险,安徽,宿州,团拓部
CL1000152547,吕建伟,身份证,342201********0052,CL9166,福寿嘉年98期,"40,000.00","40,000.00","40,000.78", ,,,34220379000001,,寿险团险,安徽,宿州,团拓部,养老险公司,总部,寿险团险,安徽,宿州,团拓部,网上交易,国寿养老险,2018-05-30,寿险团险,安徽,宿州,团拓部
CL1000979197,胡利青,身份证,342701********0441,CL9166,福寿嘉年98期,"50,000.00","50,000.00","50,000.97", ,,,34102371000003,,寿险团险,安徽,黄山,黟县支公司,养老险公司,总部,寿险团险,安徽,黄山,黟县支公司,网上交易,国寿养老险,2018-05-30,寿险团险,安徽,黄山,黟县支公司
CL1001050882,高萍,身份证,340403********0507,CL9166,福寿嘉年98期,"50,000.00","50,000.00","50,000.97", ,,,34041079000001,,寿险团险,安徽,淮南,潘集支公司,养老险公司,总部,寿险团险,安徽,淮南,潘集支公司,网上交易,国寿养老险,2018-05-30,寿险团险,安徽,淮南,潘集支公司
CL1133115772,何希贵,身份证,342827********0511,CL9166,福寿嘉年98期,"17,000.00","17,000.00","17,000.33", ,,,34082779000003,,寿险团险,安徽,安庆,望江,养老险公司,总部,寿险团险,安徽,安庆,望江,网上交易,国寿养老险,2018-05-30,寿险团险,安徽,安庆,望江
CL1011254765,余少敏,身份证,341122********0222,CL9166,福寿嘉年98期,"50,000.00","50,000.00","50,000.97", ,,,34110179000050,,寿险团险,安徽,滁州,团拓,养老险公司,总部,寿险团险,安徽,滁州,团拓,网上交易,国寿养老险,2018-05-30,寿险团险,安徽,滁州,团拓
CL1046415916,陈方兵,身份证,340403********2417,CL9166,福寿嘉年98期,"10,000.00",0.00,0.00, ,,,34041079000001,,寿险团险,安徽,淮南,潘集支公司,养老险公司,总部,寿险团险,安徽,淮南,潘集支公司,网上交易,国寿养老险,2018-05-30,寿险团险,安徽,淮南,潘集支公司
CL1009187740,徐善会,身份证,340323********821X,CL9166,福寿嘉年98期,"20,000.00","20,000.00","20,000.39", ,,,34032379000017,,寿险团险,安徽,蚌埠,固镇县支公司,养老险公司,总部,寿险团险,安徽,蚌埠,固镇县支公司,网上交易,国寿养老险,2018-05-30,寿险团险,安徽,蚌埠,固镇县支公司
CL1009187740,徐善会,身份证,340323********821X,CL9166,福寿嘉年98期,"20,000.00","20,000.00","20,000.39", ,,,34032379000017,,寿险团险,安徽,蚌埠,固镇县支公司,养老险公司,总部,寿险团险,安徽,蚌埠,固镇县支公司,网上交易,国寿养老险,2018-05-30,寿险团险,安徽,蚌埠,固镇县支公司
CL1009187740,徐善会,身份证,340323********821X,CL9166,福寿嘉年98期,"17,000.00","17,000.00","17,000.33", ,,,34032379000017,,寿险团险,安徽,蚌埠,固镇县支公司,养老险公司,总部,寿险团险,安徽,蚌埠,固镇县支公司,网上交易,国寿养老险,2018-05-30,寿险团险,安徽,蚌埠,固镇县支公司
CL1002080159,朱海燕,身份证,340403********1822,CL9166,福寿嘉年98期,"30,000.00","30,000.00","30,000.58", ,,,34041079000001,,寿险团险,安徽,淮南,潘集支公司,养老险公司,总部,寿险团险,安徽,淮南,潘集支公司,网上交易,国寿养老险,2018-05-30,寿险团险,安徽,淮南,潘集支公司
CL1000757144,万群,身份证,340121********0025,CL9166,福寿嘉年98期,"50,000.00","50,000.00","50,000.97", ,,,34012179000038,,寿险团险,安徽,合肥,长丰支公司,养老险公司,总部,寿险团险,安徽,合肥,长丰支公司,网上交易,国寿养老险,2018-05-30,寿险团险,安徽,合肥,长丰支公司
CL1015530835,左永然,身份证,340323********6913,CL9166,福寿嘉年98期,"50,000.00","50,000.00","50,000.97", ,,,34032379000027,,寿险团险,安徽,蚌埠,固镇县支公司,养老险公司,总部,寿险团险,安徽,蚌埠,固镇县支公司,网上交易,国寿养老险,2018-05-30,寿险团险,安徽,蚌埠,固镇县支公司
CL1132368511,许民兰,身份证,340603********042X,CL9166,福寿嘉年98期,"20,000.00","20,000.00","20,000.39", ,,,34060279000036,,寿险团险,安徽,淮北,团拓,养老险公司,总部,寿险团险,安徽,淮北,团拓,网上交易,国寿养老险,2018-05-30,寿险团险,安徽,淮北,团拓
CL1132938419,胡守喜,身份证,340121********0035,CL9166,福寿嘉年98期,"50,000.00","50,000.00","50,000.97", ,,,34012179000038,,寿险团险,安徽,合肥,长丰支公司,养老险公司,总部,寿险团险,安徽,合肥,长丰支公司,网上交易,国寿养老险,2018-05-30,寿险团险,安徽,合肥,长丰支公司
CL1009647332,刘国海,身份证,320111********9510,CL9166,福寿嘉年98期,"50,000.00","50,000.00","50,000.97", ,,,34031079000023,,寿险团险,安徽,蚌埠,团拓,养老险公司,总部,寿险团险,安徽,蚌埠,团拓,网上交易,国寿养老险,2018-05-30,寿险团险,安徽,蚌埠,团拓
CL1000932670,任爱华,身份证,340603********0449,CL9166,福寿嘉年98期,"10,000.00","10,000.00","10,000.19", ,,,34060279000002,,寿险团险,安徽,淮北,团拓,养老险公司,总部,寿险团险,安徽,淮北,团拓,网上交易,国寿养老险,2018-05-30,寿险团险,安徽,淮北,团拓
CL1000932670,任爱华,身份证,340603********0449,CL9166,福寿嘉年98期,"50,000.00","50,000.00","50,000.97", ,,,34060279000002,,寿险团险,安徽,淮北,团拓,养老险公司,总部,寿险团险,安徽,淮北,团拓,网上交易,国寿养老险,2018-05-30,寿险团险,安徽,淮北,团拓
CL1000932670,任爱华,身份证,340603********0449,CL9166,福寿嘉年98期,"50,000.00","50,000.00","50,000.97", ,,,34060279000002,,寿险团险,安徽,淮北,团拓,养老险公司,总部,寿险团险,安徽,淮北,团拓,网上交易,国寿养老险,2018-05-30,寿险团险,安徽,淮北,团拓
CL1000932670,任爱华,身份证,340603********0449,CL9166,福寿嘉年98期,"50,000.00","50,000.00","50,000.97", ,,,34060279000002,,寿险团险,安徽,淮北,团拓,养老险公司,总部,寿险团险,安徽,淮北,团拓,网上交易,国寿养老险,2018-05-30,寿险团险,安徽,淮北,团拓
CL1014163965,华爱红,身份证,340221********0022,CL9166,福寿嘉年98期,"20,000.00","20,000.00","20,000.39", ,,,34020379000023,,寿险团险,安徽,芜湖,芜湖县支公司,养老险公司,总部,寿险团险,安徽,芜湖,芜湖县支公司,网上交易,国寿养老险,2018-05-30,寿险团险,安徽,芜湖,芜湖县支公司
CL1014163965,华爱红,身份证,340221********0022,CL9166,福寿嘉年98期,"20,000.00","20,000.00","20,000.39", ,,,34020379000023,,寿险团险,安徽,芜湖,芜湖县支公司,养老险公司,总部,寿险团险,安徽,芜湖,芜湖县支公司,网上交易,国寿养老险,2018-05-30,寿险团险,安徽,芜湖,芜湖县支公司
CL1014163965,华爱红,身份证,340221********0022,CL9166,福寿嘉年98期,"20,000.00","20,000.00","20,000.39", ,,,34020379000023,,寿险团险,安徽,芜湖,芜湖县支公司,养老险公司,总部,寿险团险,安徽,芜湖,芜湖县支公司,网上交易,国寿养老险,2018-05-30,寿险团险,安徽,芜湖,芜湖县支公司
CL1132706802,李红岩,身份证,342201********7942,CL9166,福寿嘉年98期,"50,000.00","50,000.00","50,000.97", ,,,34220379001399,,寿险团险,安徽,宿州,团拓部,养老险公司,总部,寿险团险,安徽,宿州,团拓部,网上交易,国寿养老险,2018-05-30,寿险团险,安徽,宿州,团拓部
CL1000685598,郭金凤,身份证,340421********0243,CL9166,福寿嘉年98期,"20,000.00","20,000.00","20,000.39", ,,,34042179000003,,寿险团险,安徽,淮南,凤台县支公司,养老险公司,总部,寿险团险,安徽,淮南,凤台县支公司,网上交易,国寿养老险,2018-05-30,寿险团险,安徽,淮南,凤台县支公司
CL1000685598,郭金凤,身份证,340421********0243,CL9166,福寿嘉年98期,"20,000.00","20,000.00","20,000.39", ,,,34042179000003,,寿险团险,安徽,淮南,凤台县支公司,养老险公司,总部,寿险团险,安徽,淮南,凤台县支公司,网上交易,国寿养老险,2018-05-30,寿险团险,安徽,淮南,凤台县支公司
CL1000685598,郭金凤,身份证,340421********0243,CL9166,福寿嘉年98期,"20,000.00","20,000.00","20,000.39", ,,,34042179000003,,寿险团险,安徽,淮南,凤台县支公司,养老险公司,总部,寿险团险,安徽,淮南,凤台县支公司,网上交易,国寿养老险,2018-05-30,寿险团险,安徽,淮南,凤台县支公司
CL1000685598,郭金凤,身份证,340421********0243,CL9166,福寿嘉年98期,"20,000.00","20,000.00","20,000.39", ,,,34042179000003,,寿险团险,安徽,淮南,凤台县支公司,养老险公司,总部,寿险团险,安徽,淮南,凤台县支公司,网上交易,国寿养老险,2018-05-30,寿险团险,安徽,淮南,凤台县支公司
CL1002794718,贺玉琴,身份证,340211********1022,CL9166,福寿嘉年98期,"20,000.00","20,000.00","20,000.39", ,,,34020179000036,,寿险团险,安徽,芜湖,团拓,养老险公司,总部,寿险团险,安徽,芜湖,团拓,网上交易,国寿养老险,2018-05-30,寿险团险,安徽,芜湖,团拓
CL1000964772,罗巧云,身份证,342529********0023,CL9166,福寿嘉年98期,"50,000.00","50,000.00","50,000.97", ,,,34252979000011,,寿险团险,安徽,宣城,泾县支公司,养老险公司,总部,寿险团险,安徽,宣城,泾县支公司,网上交易,国寿养老险,2018-05-30,寿险团险,安徽,宣城,泾县支公司
CL1000671350,张莉,身份证,342201********0029,CL9166,福寿嘉年98期,"50,000.00","50,000.00","50,000.97", ,,,34222179000021,,寿险团险,安徽,宿州,砀山县支公司,养老险公司,总部,寿险团险,安徽,宿州,砀山县支公司,网上交易,国寿养老险,2018-05-30,寿险团险,安徽,宿州,砀山县支公司
CL1000671350,张莉,身份证,342201********0029,CL9166,福寿嘉年98期,"50,000.00","50,000.00","50,000.97", ,,,34222179000021,,寿险团险,安徽,宿州,砀山县支公司,养老险公司,总部,寿险团险,安徽,宿州,砀山县支公司,网上交易,国寿养老险,2018-05-30,寿险团险,安徽,宿州,砀山县支公司
CL1000671350,张莉,身份证,342201********0029,CL9166,福寿嘉年98期,"10,000.00","10,000.00","10,000.19", ,,,34222179000021,,寿险团险,安徽,宿州,砀山县支公司,养老险公司,总部,寿险团险,安徽,宿州,砀山县支公司,网上交易,国寿养老险,2018-05-30,寿险团险,安徽,宿州,砀山县支公司
CL1000671350,张莉,身份证,342201********0029,CL9166,福寿嘉年98期,"50,000.00","50,000.00","50,000.97", ,,,34222179000021,,寿险团险,安徽,宿州,砀山县支公司,养老险公司,总部,寿险团险,安徽,宿州,砀山县支公司,网上交易,国寿养老险,2018-05-30,寿险团险,安徽,宿州,砀山县支公司
CL1000671350,张莉,身份证,342201********0029,CL9166,福寿嘉年98期,"50,000.00","50,000.00","50,000.97", ,,,34222179000021,,寿险团险,安徽,宿州,砀山县支公司,养老险公司,总部,寿险团险,安徽,宿州,砀山县支公司,网上交易,国寿养老险,2018-05-30,寿险团险,安徽,宿州,砀山县支公司
CL1000956749,朱广荣,身份证,340603********044X,CL9166,福寿嘉年98期,"20,000.00","20,000.00","20,000.39", ,,,34060279000056,,寿险团险,安徽,淮北,团拓,养老险公司,总部,寿险团险,安徽,淮北,团拓,网上交易,国寿养老险,2018-05-30,寿险团险,安徽,淮北,团拓
CL1000956749,朱广荣,身份证,340603********044X,CL9166,福寿嘉年98期,"10,000.00","10,000.00","10,000.19", ,,,34060279000056,,寿险团险,安徽,淮北,团拓,养老险公司,总部,寿险团险,安徽,淮北,团拓,网上交易,国寿养老险,2018-05-30,寿险团险,安徽,淮北,团拓
CL1000956749,朱广荣,身份证,340603********044X,CL9166,福寿嘉年98期,"20,000.00","20,000.00","20,000.39", ,,,34060279000056,,寿险团险,安徽,淮北,团拓,养老险公司,总部,寿险团险,安徽,淮北,团拓,网上交易,国寿养老险,2018-05-30,寿险团险,安徽,淮北,团拓
CL1108343244,刘娟,身份证,340323********1926,CL9166,福寿嘉年98期,"26,000.00","26,000.00","26,000.51", ,,,34032379000017,,寿险团险,安徽,蚌埠,固镇县支公司,养老险公司,总部,寿险团险,安徽,蚌埠,固镇县支公司,网上交易,国寿养老险,2018-05-30,寿险团险,安徽,蚌埠,固镇县支公司
CL1009715337,朱书香,身份证,340621********3305,CL9166,福寿嘉年98期,"17,000.00","17,000.00","17,000.33", ,,,34060279000036,,寿险团险,安徽,淮北,团拓,养老险公司,总部,寿险团险,安徽,淮北,团拓,网上交易,国寿养老险,2018-05-30,寿险团险,安徽,淮北,团拓
CL1009715337,朱书香,身份证,340621********3305,CL9166,福寿嘉年98期,"10,000.00","10,000.00","10,000.19", ,,,34060279000036,,寿险团险,安徽,淮北,团拓,养老险公司,总部,寿险团险,安徽,淮北,团拓,网上交易,国寿养老险,2018-05-30,寿险团险,安徽,淮北,团拓
CL1001919406,刘黄华,身份证,340111********5580,CL9166,福寿嘉年98期,"300,000.00","300,000.00","300,005.83", ,,,34012179000038,,寿险团险,安徽,合肥,长丰支公司,养老险公司,总部,寿险团险,安徽,合肥,长丰支公司,网上交易,国寿养老险,2018-05-30,寿险团险,安徽,合肥,长丰支公司
CL1133299502,张爱学,身份证,342724********1723,CL9166,福寿嘉年98期,"45,000.00","45,000.00","45,000.88", ,,,34100279000003,,寿险团险,安徽,黄山,黄山市团拓部,养老险公司,总部,寿险团险,安徽,黄山,黄山市团拓部,网上交易,国寿养老险,2018-05-30,寿险团险,安徽,黄山,黄山市团拓部
CL1132937854,余波,身份证,342427********5217,CL9166,福寿嘉年98期,"50,000.00","50,000.00","50,000.97", ,,,34242779000023,,寿险团险,安徽,六安,霍山,养老险公司,总部,寿险团险,安徽,六安,霍山,网上交易,国寿养老险,2018-05-30,寿险团险,安徽,六安,霍山
CL1078021662,陈应香,身份证,342701********0621,CL9166,福寿嘉年98期,"23,000.00","23,000.00","23,000.45", ,,,34100279000003,,寿险团险,安徽,黄山,黄山市团拓部,养老险公司,总部,寿险团险,安徽,黄山,黄山市团拓部,网上交易,国寿养老险,2018-05-30,寿险团险,安徽,黄山,黄山市团拓部
CL1078021662,陈应香,身份证,342701********0621,CL9166,福寿嘉年98期,"50,000.00","50,000.00","50,000.97", ,,,34100279000003,,寿险团险,安徽,黄山,黄山市团拓部,养老险公司,总部,寿险团险,安徽,黄山,黄山市团拓部,网上交易,国寿养老险,2018-05-30,寿险团险,安徽,黄山,黄山市团拓部
CL1078021662,陈应香,身份证,342701********0621,CL9166,福寿嘉年98期,"50,000.00","50,000.00","50,000.97", ,,,34100279000003,,寿险团险,安徽,黄山,黄山市团拓部,养老险公司,总部,寿险团险,安徽,黄山,黄山市团拓部,网上交易,国寿养老险,2018-05-30,寿险团险,安徽,黄山,黄山市团拓部
CL1000872075,王婉玲,身份证,342201********0420,CL9166,福寿嘉年98期,"20,000.00","20,000.00","20,000.39", ,,,34222179000022,,寿险团险,安徽,宿州,砀山县支公司,养老险公司,总部,寿险团险,安徽,宿州,砀山县支公司,网上交易,国寿养老险,2018-05-30,寿险团险,安徽,宿州,砀山县支公司
CL1000872075,王婉玲,身份证,342201********0420,CL9166,福寿嘉年98期,"20,000.00","20,000.00","20,000.39", ,,,34222179000022,,寿险团险,安徽,宿州,砀山县支公司,养老险公司,总部,寿险团险,安徽,宿州,砀山县支公司,网上交易,国寿养老险,2018-05-30,寿险团险,安徽,宿州,砀山县支公司
CL1000872075,王婉玲,身份证,342201********0420,CL9166,福寿嘉年98期,"20,000.00","20,000.00","20,000.39", ,,,34222179000022,,寿险团险,安徽,宿州,砀山县支公司,养老险公司,总部,寿险团险,安徽,宿州,砀山县支公司,网上交易,国寿养老险,2018-05-30,寿险团险,安徽,宿州,砀山县支公司
CL1000872075,王婉玲,身份证,342201********0420,CL9166,福寿嘉年98期,"50,000.00","50,000.00","50,000.97", ,,,34222179000022,,寿险团险,安徽,宿州,砀山县支公司,养老险公司,总部,寿险团险,安徽,宿州,砀山县支公司,网上交易,国寿养老险,2018-05-30,寿险团险,安徽,宿州,砀山县支公司
CL1000872075,王婉玲,身份证,342201********0420,CL9166,福寿嘉年98期,"20,000.00","20,000.00","20,000.39", ,,,34222179000022,,寿险团险,安徽,宿州,砀山县支公司,养老险公司,总部,寿险团险,安徽,宿州,砀山县支公司,网上交易,国寿养老险,2018-05-30,寿险团险,安徽,宿州,砀山县支公司
CL1000872075,王婉玲,身份证,342201********0420,CL9166,福寿嘉年98期,"20,000.00","20,000.00","20,000.39", ,,,34222179000022,,寿险团险,安徽,宿州,砀山县支公司,养老险公司,总部,寿险团险,安徽,宿州,砀山县支公司,网上交易,国寿养老险,2018-05-30,寿险团险,安徽,宿州,砀山县支公司
CL1002635478,黄芳,身份证,340211********1621,CL9166,福寿嘉年98期,"10,000.00","10,000.00","10,000.19", ,,,34020179000036,,寿险团险,安徽,芜湖,团拓,养老险公司,总部,寿险团险,安徽,芜湖,团拓,网上交易,国寿养老险,2018-05-30,寿险团险,安徽,芜湖,团拓
CL1002635478,黄芳,身份证,340211********1621,CL9166,福寿嘉年98期,"190,000.00","190,000.00","190,003.69", ,,,34020179000036,,寿险团险,安徽,芜湖,团拓,养老险公司,总部,寿险团险,安徽,芜湖,团拓,网上交易,国寿养老险,2018-05-30,寿险团险,安徽,芜湖,团拓
CL1041819076,孙国亮,身份证,340901********0213,CL9166,福寿嘉年98期,"50,000.00","50,000.00","50,000.97", ,,,34100379000010,,寿险团险,安徽,黄山,黄山区支公司,,,寿险团险,安徽,黄山,黄山区支公司,微信,国寿养老险,2018-05-30,寿险团险,安徽,黄山,黄山区支公司
CL1041819076,孙国亮,身份证,340901********0213,CL9166,福寿嘉年98期,"50,000.00","50,000.00","50,000.97", ,,,34100379000010,,寿险团险,安徽,黄山,黄山区支公司,,,寿险团险,安徽,黄山,黄山区支公司,微信,国寿养老险,2018-05-30,寿险团险,安徽,黄山,黄山区支公司
CL1000984345,徐敏,身份证,340602********0060,CL9166,福寿嘉年98期,"50,000.00","50,000.00","50,000.97", ,,,34060279000089,,寿险团险,安徽,淮北,团拓,养老险公司,总部,寿险团险,安徽,淮北,团拓,网上交易,国寿养老险,2018-05-30,寿险团险,安徽,淮北,团拓
CL1002797004,陈培,身份证,342224********2109,CL9166,福寿嘉年98期,"50,000.00","50,000.00","50,000.97", ,,,34222479002415,,寿险团险,安徽,宿州,灵璧县支公司,养老险公司,总部,寿险团险,安徽,宿州,灵璧县支公司,网上交易,国寿养老险,2018-05-30,寿险团险,安徽,宿州,灵璧县支公司
CL1011252323,王凯,身份证,342222********0011,CL9166,福寿嘉年98期,"50,000.00","50,000.00","50,000.97", ,,,34222279000006,,寿险团险,安徽,宿州,萧县支公司,养老险公司,总部,寿险团险,安徽,宿州,萧县支公司,网上交易,国寿养老险,2018-05-30,寿险团险,安徽,宿州,萧县支公司
CL1011252323,王凯,身份证,342222********0011,CL9166,福寿嘉年98期,"50,000.00","50,000.00","50,000.97", ,,,34222279000006,,寿险团险,安徽,宿州,萧县支公司,养老险公司,总部,寿险团险,安徽,宿州,萧县支公司,网上交易,国寿养老险,2018-05-30,寿险团险,安徽,宿州,萧县支公司
CL1000855021,张安敏,身份证,342626********2219,CL9166,福寿嘉年98期,"50,000.00","50,000.00","50,000.97", ,,,34060279000036,,寿险团险,安徽,淮北,团拓,养老险公司,总部,寿险团险,安徽,淮北,团拓,网上交易,国寿养老险,2018-05-30,寿险团险,安徽,淮北,团拓
CL1000855021,张安敏,身份证,342626********2219,CL9166,福寿嘉年98期,"50,000.00","50,000.00","50,000.97", ,,,34060279000036,,寿险团险,安徽,淮北,团拓,养老险公司,总部,寿险团险,安徽,淮北,团拓,网上交易,国寿养老险,2018-05-30,寿险团险,安徽,淮北,团拓
CL1074459184,王祝,身份证,340421********6022,CL9166,福寿嘉年98期,"20,000.00","20,000.00","20,000.39", ,,,34042179000043,,寿险团险,安徽,淮南,凤台县支公司,养老险公司,总部,寿险团险,安徽,淮南,凤台县支公司,网上交易,国寿养老险,2018-05-30,寿险团险,安徽,淮南,凤台县支公司
CL1074459184,王祝,身份证,340421********6022,CL9166,福寿嘉年98期,"50,000.00","50,000.00","50,000.97", ,,,34042179000043,,寿险团险,安徽,淮南,凤台县支公司,养老险公司,总部,寿险团险,安徽,淮南,凤台县支公司,网上交易,国寿养老险,2018-05-30,寿险团险,安徽,淮南,凤台县支公司
CL1000063092,张婷,身份证,341002********0427,CL9166,福寿嘉年98期,"50,000.00","50,000.00","50,000.97", ,,,34100279000003,,寿险团险,安徽,黄山,黄山市团拓部,养老险公司,总部,寿险团险,安徽,黄山,黄山市团拓部,网上交易,国寿养老险,2018-05-30,寿险团险,安徽,黄山,黄山市团拓部
CL1000063092,张婷,身份证,341002********0427,CL9166,福寿嘉年98期,"50,000.00","50,000.00","50,000.97", ,,,34100279000003,,寿险团险,安徽,黄山,黄山市团拓部,养老险公司,总部,寿险团险,安徽,黄山,黄山市团拓部,网上交易,国寿养老险,2018-05-30,寿险团险,安徽,黄山,黄山市团拓部
CL1000063092,张婷,身份证,341002********0427,CL9166,福寿嘉年98期,"20,000.00","20,000.00","20,000.39", ,,,34100279000003,,寿险团险,安徽,黄山,黄山市团拓部,养老险公司,总部,寿险团险,安徽,黄山,黄山市团拓部,网上交易,国寿养老险,2018-05-30,寿险团险,安徽,黄山,黄山市团拓部
CL1002794718,贺玉琴,身份证,340211********1022,CL9166,福寿嘉年98期,"20,000.00","20,000.00","20,000.39", ,,,34020179000036,,寿险团险,安徽,芜湖,团拓,养老险公司,总部,寿险团险,安徽,芜湖,团拓,网上交易,国寿养老险,2018-05-30,寿险团险,安徽,芜湖,团拓
CL1030829306,李多兰,身份证,340403********1229,CL9166,福寿嘉年98期,"50,000.00","50,000.00","50,000.97", ,,,34041079000001,,寿险团险,安徽,淮南,潘集支公司,养老险公司,总部,寿险团险,安徽,淮南,潘集支公司,网上交易,国寿养老险,2018-05-30,寿险团险,安徽,淮南,潘集支公司
CL1000087749,黄遵羲,身份证,342426********1611,CL9166,福寿嘉年98期,"50,000.00",0.00,0.00, ,,,34242779000023,,寿险团险,安徽,六安,霍山,养老险公司,总部,寿险团险,安徽,六安,霍山,网上交易,国寿养老险,2018-05-30,寿险团险,安徽,六安,霍山
CL1013187716,阙烨,身份证,340403********1226,CL9166,福寿嘉年98期,"50,000.00","50,000.00","50,000.97", ,,,34041079000001,,寿险团险,安徽,淮南,潘集支公司,养老险公司,总部,寿险团险,安徽,淮南,潘集支公司,网上交易,国寿养老险,2018-05-30,寿险团险,安徽,淮南,潘集支公司
CL1000158196,鄢云翠,身份证,340202********1029,CL9166,福寿嘉年98期,"80,000.00","80,000.00","80,001.56", ,,,34020179000036,,寿险团险,安徽,芜湖,团拓,养老险公司,总部,寿险团险,安徽,芜湖,团拓,网上交易,国寿养老险,2018-05-30,寿险团险,安徽,芜湖,团拓
CL1000891605,陈仁江,身份证,342423********0010,CL9166,福寿嘉年98期,"50,000.00","50,000.00","50,000.97", ,,,34242379000046,,寿险团险,安徽,六安,霍邱,养老险公司,总部,寿险团险,安徽,六安,霍邱,网上交易,国寿养老险,2018-05-30,寿险团险,安徽,六安,霍邱
CL1015531978,张彦丽,身份证,340602********2448,CL9166,福寿嘉年98期,"50,000.00","50,000.00","50,000.97", ,,,34060279000056,,寿险团险,安徽,淮北,团拓,养老险公司,总部,寿险团险,安徽,淮北,团拓,网上交易,国寿养老险,2018-05-30,寿险团险,安徽,淮北,团拓
CL1008563151,史传华,身份证,340121********0408,CL9166,福寿嘉年98期,"20,000.00","20,000.00","20,000.39", ,,,34012179000038,,寿险团险,安徽,合肥,长丰支公司,养老险公司,总部,寿险团险,安徽,合肥,长丰支公司,网上交易,国寿养老险,2018-05-30,寿险团险,安徽,合肥,长丰支公司
CL1008563151,史传华,身份证,340121********0408,CL9166,福寿嘉年98期,"20,000.00","20,000.00","20,000.39", ,,,34012179000038,,寿险团险,安徽,合肥,长丰支公司,养老险公司,总部,寿险团险,安徽,合肥,长丰支公司,网上交易,国寿养老险,2018-05-30,寿险团险,安徽,合肥,长丰支公司
CL1000010039,陈建英,身份证,340121********0067,CL9166,福寿嘉年98期,"40,000.00","40,000.00","40,000.78", ,,,34012179000005,,寿险团险,安徽,合肥,长丰支公司,养老险公司,总部,寿险团险,安徽,合肥,长丰支公司,网上交易,国寿养老险,2018-05-30,寿险团险,安徽,合肥,长丰支公司
CL1132937909,刘萍,身份证,340603********0624,CL9166,福寿嘉年98期,"50,000.00","50,000.00","50,000.97", ,,,34060279000036,,寿险团险,安徽,淮北,团拓,养老险公司,总部,寿险团险,安徽,淮北,团拓,网上交易,国寿养老险,2018-05-30,寿险团险,安徽,淮北,团拓
CL1132937909,刘萍,身份证,340603********0624,CL9166,福寿嘉年98期,"50,000.00","50,000.00","50,000.97", ,,,34060279000036,,寿险团险,安徽,淮北,团拓,养老险公司,总部,寿险团险,安徽,淮北,团拓,网上交易,国寿养老险,2018-05-30,寿险团险,安徽,淮北,团拓
CL1132937909,刘萍,身份证,340603********0624,CL9166,福寿嘉年98期,"50,000.00","50,000.00","50,000.97", ,,,34060279000036,,寿险团险,安徽,淮北,团拓,养老险公司,总部,寿险团险,安徽,淮北,团拓,网上交易,国寿养老险,2018-05-30,寿险团险,安徽,淮北,团拓
CL1132937909,刘萍,身份证,340603********0624,CL9166,福寿嘉年98期,"50,000.00","50,000.00","50,000.97", ,,,34060279000036,,寿险团险,安徽,淮北,团拓,养老险公司,总部,寿险团险,安徽,淮北,团拓,网上交易,国寿养老险,2018-05-30,寿险团险,安徽,淮北,团拓
CL1011122855,钱其梅,身份证,342427********4420,CL9166,福寿嘉年98期,"50,000.00","50,000.00","50,000.97", ,,,34242779000023,,寿险团险,安徽,六安,霍山,养老险公司,总部,寿险团险,安徽,六安,霍山,网上交易,国寿养老险,2018-05-30,寿险团险,安徽,六安,霍山
CL1011122855,钱其梅,身份证,342427********4420,CL9166,福寿嘉年98期,"50,000.00","50,000.00","50,000.97", ,,,34242779000023,,寿险团险,安徽,六安,霍山,养老险公司,总部,寿险团险,安徽,六安,霍山,网上交易,国寿养老险,2018-05-30,寿险团险,安徽,六安,霍山
CL1011122855,钱其梅,身份证,342427********4420,CL9166,福寿嘉年98期,"50,000.00","50,000.00","50,000.97", ,,,34242779000023,,寿险团险,安徽,六安,霍山,养老险公司,总部,寿险团险,安徽,六安,霍山,网上交易,国寿养老险,2018-05-30,寿险团险,安徽,六安,霍山
CL1011122855,钱其梅,身份证,342427********4420,CL9166,福寿嘉年98期,"50,000.00","50,000.00","50,000.97", ,,,34242779000023,,寿险团险,安徽,六安,霍山,养老险公司,总部,寿险团险,安徽,六安,霍山,网上交易,国寿养老险,2018-05-30,寿险团险,安徽,六安,霍山
CL1000678631,朱传全,身份证,340104********051X,CL9166,福寿嘉年98期,"20,000.00","20,000.00","20,000.39", ,,,34010579000029,,寿险团险,安徽,合肥,团险支公司,养老险公司,总部,寿险团险,安徽,合肥,团险支公司,网上交易,国寿养老险,2018-05-30,寿险团险,安徽,合肥,团险支公司
CL1133299335,章天峰,身份证,342723********003X,CL9166,福寿嘉年98期,"10,000.00","10,000.00","10,000.19", ,,,34100279000003,,寿险团险,安徽,黄山,黄山市团拓部,,,寿险团险,安徽,黄山,黄山市团拓部,微信,国寿养老险,2018-05-30,寿险团险,安徽,黄山,黄山市团拓部
CL1133299335,章天峰,身份证,342723********003X,CL9166,福寿嘉年98期,"50,000.00","50,000.00","50,000.97", ,,,34100279000003,,寿险团险,安徽,黄山,黄山市团拓部,,,寿险团险,安徽,黄山,黄山市团拓部,微信,国寿养老险,2018-05-30,寿险团险,安徽,黄山,黄山市团拓部
CL1014005813,周莉亚,身份证,342201********182X,CL9166,福寿嘉年98期,"50,000.00","50,000.00","50,000.97", ,,,34222179000021,,寿险团险,安徽,宿州,砀山县支公司,养老险公司,总部,寿险团险,安徽,宿州,砀山县支公司,网上交易,国寿养老险,2018-05-30,寿险团险,安徽,宿州,砀山县支公司
CL1030832212,陈保侠,身份证,342224********0106,CL9166,福寿嘉年98期,"14,000.00","14,000.00","14,000.27", ,,,34222479002415,,寿险团险,安徽,宿州,灵璧县支公司,养老险公司,总部,寿险团险,安徽,宿州,灵璧县支公司,网上交易,国寿养老险,2018-05-30,寿险团险,安徽,宿州,灵璧县支公司
CL1005609967,耿广武,身份证,340121********7336,CL9166,福寿嘉年98期,"20,000.00","20,000.00","20,000.39", ,,,34012179000005,,寿险团险,安徽,合肥,长丰支公司,养老险公司,总部,寿险团险,安徽,合肥,长丰支公司,网上交易,国寿养老险,2018-05-30,寿险团险,安徽,合肥,长丰支公司
CL1005609967,耿广武,身份证,340121********7336,CL9166,福寿嘉年98期,"20,000.00","20,000.00","20,000.39", ,,,34012179000005,,寿险团险,安徽,合肥,长丰支公司,养老险公司,总部,寿险团险,安徽,合肥,长丰支公司,网上交易,国寿养老险,2018-05-30,寿险团险,安徽,合肥,长丰支公司
CL1005609967,耿广武,身份证,340121********7336,CL9166,福寿嘉年98期,"20,000.00","20,000.00","20,000.39", ,,,34012179000005,,寿险团险,安徽,合肥,长丰支公司,养老险公司,总部,寿险团险,安徽,合肥,长丰支公司,网上交易,国寿养老险,2018-05-30,寿险团险,安徽,合肥,长丰支公司
CL1005609967,耿广武,身份证,340121********7336,CL9166,福寿嘉年98期,"20,000.00","20,000.00","20,000.39", ,,,34012179000005,,寿险团险,安徽,合肥,长丰支公司,养老险公司,总部,寿险团险,安徽,合肥,长丰支公司,网上交易,国寿养老险,2018-05-30,寿险团险,安徽,合肥,长丰支公司
CL1077206025,翟付英,身份证,342623********712X,CL9166,福寿嘉年98期,"50,000.00","50,000.00","50,000.97", ,,,34021379000028,,寿险团险,安徽,芜湖,无为县支公司,养老险公司,总部,寿险团险,安徽,芜湖,无为县支公司,网上交易,国寿养老险,2018-05-30,寿险团险,安徽,芜湖,无为县支公司
CL1010399618,田黄生,身份证,340900********0018,CL9166,福寿嘉年98期,"50,000.00","50,000.00","50,000.97", ,,,34100379000010,,寿险团险,安徽,黄山,黄山区支公司,,,寿险团险,安徽,黄山,黄山区支公司,微信,国寿养老险,2018-05-30,寿险团险,安徽,黄山,黄山区支公司
CL1010399618,田黄生,身份证,340900********0018,CL9166,福寿嘉年98期,"50,000.00","50,000.00","50,000.97", ,,,34100379000010,,寿险团险,安徽,黄山,黄山区支公司,,,寿险团险,安徽,黄山,黄山区支公司,微信,国寿养老险,2018-05-30,寿险团险,安徽,黄山,黄山区支公司
CL1010399618,田黄生,身份证,340900********0018,CL9166,福寿嘉年98期,"50,000.00","50,000.00","50,000.97", ,,,34100379000010,,寿险团险,安徽,黄山,黄山区支公司,,,寿险团险,安徽,黄山,黄山区支公司,微信,国寿养老险,2018-05-30,寿险团险,安徽,黄山,黄山区支公司
CL1010399618,田黄生,身份证,340900********0018,CL9166,福寿嘉年98期,"50,000.00","50,000.00","50,000.97", ,,,34100379000010,,寿险团险,安徽,黄山,黄山区支公司,,,寿险团险,安徽,黄山,黄山区支公司,微信,国寿养老险,2018-05-30,寿险团险,安徽,黄山,黄山区支公司
CL1002797659,阮桂兰,身份证,340121********9129,CL9166,福寿嘉年98期,"20,000.00","20,000.00","20,000.39", ,,,34012179000005,,寿险团险,安徽,合肥,长丰支公司,养老险公司,总部,寿险团险,安徽,合肥,长丰支公司,网上交易,国寿养老险,2018-05-30,寿险团险,安徽,合肥,长丰支公司
CL1002797659,阮桂兰,身份证,340121********9129,CL9166,福寿嘉年98期,"20,000.00","20,000.00","20,000.39", ,,,34012179000005,,寿险团险,安徽,合肥,长丰支公司,养老险公司,总部,寿险团险,安徽,合肥,长丰支公司,网上交易,国寿养老险,2018-05-30,寿险团险,安徽,合肥,长丰支公司
CL1002797659,阮桂兰,身份证,340121********9129,CL9166,福寿嘉年98期,"20,000.00","20,000.00","20,000.39", ,,,34012179000005,,寿险团险,安徽,合肥,长丰支公司,养老险公司,总部,寿险团险,安徽,合肥,长丰支公司,网上交易,国寿养老险,2018-05-30,寿险团险,安徽,合肥,长丰支公司
CL1002797659,阮桂兰,身份证,340121********9129,CL9166,福寿嘉年98期,"20,000.00","20,000.00","20,000.39", ,,,34012179000005,,寿险团险,安徽,合肥,长丰支公司,养老险公司,总部,寿险团险,安徽,合肥,长丰支公司,网上交易,国寿养老险,2018-05-30,寿险团险,安徽,合肥,长丰支公司
CL1002797659,阮桂兰,身份证,340121********9129,CL9166,福寿嘉年98期,"20,000.00","20,000.00","20,000.39", ,,,34012179000005,,寿险团险,安徽,合肥,长丰支公司,养老险公司,总部,寿险团险,安徽,合肥,长丰支公司,网上交易,国寿养老险,2018-05-30,寿险团险,安徽,合肥,长丰支公司

