﻿FUND_ACCT,CUST_NAME,CERT_TYPE,CERT_NO,FUND_CODE,FUND_NAME,APP_MONEY,ACK_MONEY,ACK_SHARE,INVITECODE,COMPANY_INVITE,BRANCH_INVITE_NEW,REFERID,CUSTNAME_REFER,COMPANY_REFER,BRANCH_REFER_NEW,CT_REFER,CR_REFER,COMPANY_ORG,ORGNAME,SALE_COMPANY_NAME_DTL,SALE_BRANCH_NAME,SALE_CT_NAME,SALE_CR_NAME,ACCEPT_METHOD,AGENCY_NAME,ACK_DATE,SALE_COMPANY_NAME_FEE,SALE_BRANCH_NAME_FEE1,SALE_CT_NAME_FEE,SALE_CR_NAME_FEE
CL1007566030,王建亚,身份证,342201********0226,CL9167,福寿嘉年99期,"50,000.00","50,000.00","50,000.97", ,,,34060279000027,,寿险团险,安徽,淮北,团拓,养老险公司,总部,寿险团险,安徽,淮北,团拓,网上交易,国寿养老险,2018-06-08,寿险团险,安徽,淮北,团拓
CL1125503793,陈根姐,身份证,340222********052X,CL9167,福寿嘉年99期,"20,000.00","20,000.00","20,000.39", ,,,34020479000044,,寿险团险,安徽,芜湖,繁昌支公司,养老险公司,总部,寿险团险,安徽,芜湖,繁昌支公司,网上交易,国寿养老险,2018-06-08,寿险团险,安徽,芜湖,繁昌支公司
CL1132367389,韩志青,身份证,341122********581X,CL9167,福寿嘉年99期,"20,000.00","20,000.00","20,000.39", ,,,34112279000011,,寿险团险,安徽,滁州,来安,养老险公司,总部,寿险团险,安徽,滁州,来安,网上交易,国寿养老险,2018-06-08,寿险团险,安徽,滁州,来安
CL1132367389,韩志青,身份证,341122********581X,CL9167,福寿嘉年99期,"20,000.00","20,000.00","20,000.39", ,,,34112279000011,,寿险团险,安徽,滁州,来安,养老险公司,总部,寿险团险,安徽,滁州,来安,网上交易,国寿养老险,2018-06-08,寿险团险,安徽,滁州,来安
CL1132367389,韩志青,身份证,341122********581X,CL9167,福寿嘉年99期,"20,000.00","20,000.00","20,000.39", ,,,34112279000011,,寿险团险,安徽,滁州,来安,养老险公司,总部,寿险团险,安徽,滁州,来安,网上交易,国寿养老险,2018-06-08,寿险团险,安徽,滁州,来安
CL1132367389,韩志青,身份证,341122********581X,CL9167,福寿嘉年99期,"20,000.00","20,000.00","20,000.39", ,,,34112279000011,,寿险团险,安徽,滁州,来安,养老险公司,总部,寿险团险,安徽,滁州,来安,网上交易,国寿养老险,2018-06-08,寿险团险,安徽,滁州,来安
CL1132367389,韩志青,身份证,341122********581X,CL9167,福寿嘉年99期,"20,000.00","20,000.00","20,000.39", ,,,34112279000011,,寿险团险,安徽,滁州,来安,养老险公司,总部,寿险团险,安徽,滁州,来安,网上交易,国寿养老险,2018-06-08,寿险团险,安徽,滁州,来安
CL1132367389,韩志青,身份证,341122********581X,CL9167,福寿嘉年99期,"20,000.00","20,000.00","20,000.39", ,,,34112279000011,,寿险团险,安徽,滁州,来安,养老险公司,总部,寿险团险,安徽,滁州,来安,网上交易,国寿养老险,2018-06-08,寿险团险,安徽,滁州,来安
CL1030832189,年荣,身份证,342125********0244,CL9167,福寿嘉年99期,"50,000.00","50,000.00","50,000.97", ,,,34212579001007,,寿险团险,安徽,亳州,蒙城县公司,养老险公司,总部,寿险团险,安徽,亳州,蒙城县公司,网上交易,国寿养老险,2018-06-08,寿险团险,安徽,亳州,蒙城县公司
CL1135120877,韩平,身份证,342401********1549,CL9167,福寿嘉年99期,"50,000.00","50,000.00","50,000.97", ,,,34240179000073,,寿险团险,安徽,六安,团拓,养老险公司,总部,寿险团险,安徽,六安,团拓,网上交易,国寿养老险,2018-06-08,寿险团险,安徽,六安,团拓
CL1135120877,韩平,身份证,342401********1549,CL9167,福寿嘉年99期,"50,000.00","50,000.00","50,000.97", ,,,34240179000073,,寿险团险,安徽,六安,团拓,养老险公司,总部,寿险团险,安徽,六安,团拓,网上交易,国寿养老险,2018-06-08,寿险团险,安徽,六安,团拓
CL1135120877,韩平,身份证,342401********1549,CL9167,福寿嘉年99期,"50,000.00","50,000.00","50,000.97", ,,,34240179000073,,寿险团险,安徽,六安,团拓,养老险公司,总部,寿险团险,安徽,六安,团拓,网上交易,国寿养老险,2018-06-08,寿险团险,安徽,六安,团拓
CL1135120877,韩平,身份证,342401********1549,CL9167,福寿嘉年99期,"50,000.00","50,000.00","50,000.97", ,,,34240179000073,,寿险团险,安徽,六安,团拓,养老险公司,总部,寿险团险,安徽,六安,团拓,网上交易,国寿养老险,2018-06-08,寿险团险,安徽,六安,团拓
CL1000920085,王云,身份证,342222********0024,CL9167,福寿嘉年99期,"50,000.00","50,000.00","50,000.97", ,,,34222279000006,,寿险团险,安徽,宿州,萧县支公司,养老险公司,总部,寿险团险,安徽,宿州,萧县支公司,网上交易,国寿养老险,2018-06-08,寿险团险,安徽,宿州,萧县支公司
CL1000920085,王云,身份证,342222********0024,CL9167,福寿嘉年99期,"20,000.00","20,000.00","20,000.39", ,,,34222279000006,,寿险团险,安徽,宿州,萧县支公司,养老险公司,总部,寿险团险,安徽,宿州,萧县支公司,网上交易,国寿养老险,2018-06-08,寿险团险,安徽,宿州,萧县支公司
CL1000920085,王云,身份证,342222********0024,CL9167,福寿嘉年99期,"20,000.00","20,000.00","20,000.39", ,,,34222279000006,,寿险团险,安徽,宿州,萧县支公司,养老险公司,总部,寿险团险,安徽,宿州,萧县支公司,网上交易,国寿养老险,2018-06-08,寿险团险,安徽,宿州,萧县支公司
CL1009594649,谢莹,身份证,342401********0628,CL9167,福寿嘉年99期,"20,000.00","20,000.00","20,000.39", ,,,34240179000022,,寿险团险,安徽,六安,团拓,养老险公司,总部,寿险团险,安徽,六安,团拓,网上交易,国寿养老险,2018-06-08,寿险团险,安徽,六安,团拓
CL1009594649,谢莹,身份证,342401********0628,CL9167,福寿嘉年99期,"20,000.00","20,000.00","20,000.39", ,,,34240179000022,,寿险团险,安徽,六安,团拓,养老险公司,总部,寿险团险,安徽,六安,团拓,网上交易,国寿养老险,2018-06-08,寿险团险,安徽,六安,团拓
CL1110785083,凌齐友,身份证,342723********1470,CL9167,福寿嘉年99期,"20,000.00","20,000.00","20,000.39", ,,,34100479000003,,寿险团险,安徽,黄山,徽州区支公司,,,寿险团险,安徽,黄山,徽州区支公司,微信,国寿养老险,2018-06-08,寿险团险,安徽,黄山,徽州区支公司
CL1015343158,刘开军,身份证,340302********0213,CL9167,福寿嘉年99期,"12,000.00","12,000.00","12,000.23", ,,,34031079000023,,寿险团险,安徽,蚌埠,团拓,养老险公司,总部,寿险团险,安徽,蚌埠,团拓,网上交易,国寿养老险,2018-06-08,寿险团险,安徽,蚌埠,团拓
CL1103687987,王道胜,身份证,340323********8517,CL9167,福寿嘉年99期,"20,000.00","20,000.00","20,000.39", ,,,34032379000027,,寿险团险,安徽,蚌埠,固镇县支公司,,,寿险团险,安徽,蚌埠,固镇县支公司,微信,国寿养老险,2018-06-08,寿险团险,安徽,蚌埠,固镇县支公司
CL1103687987,王道胜,身份证,340323********8517,CL9167,福寿嘉年99期,"20,000.00","20,000.00","20,000.39", ,,,34032379000027,,寿险团险,安徽,蚌埠,固镇县支公司,,,寿险团险,安徽,蚌埠,固镇县支公司,微信,国寿养老险,2018-06-08,寿险团险,安徽,蚌埠,固镇县支公司
CL1000982881,丁如意,身份证,340121********554X,CL9167,福寿嘉年99期,"10,000.00","10,000.00","10,000.19", ,,,34012379000004,,寿险团险,安徽,合肥,肥西支公司,养老险公司,总部,寿险团险,安徽,合肥,肥西支公司,网上交易,国寿养老险,2018-06-08,寿险团险,安徽,合肥,肥西支公司
CL1134746673,雷长明,身份证,342401********9136,CL9167,福寿嘉年99期,"20,000.00",0.00,0.00, ,,,34240179000073,,寿险团险,安徽,六安,团拓,养老险公司,总部,寿险团险,安徽,六安,团拓,网上交易,国寿养老险,2018-06-08,寿险团险,安徽,六安,团拓
CL1001068948,丁国芳,身份证,342321********1665,CL9167,福寿嘉年99期,"20,000.00","20,000.00","20,000.39", ,,,34118179000059,,寿险团险,安徽,滁州,天长,养老险公司,总部,寿险团险,安徽,滁州,天长,网上交易,国寿养老险,2018-06-08,寿险团险,安徽,滁州,天长
CL1133298858,夏启云,身份证,342423********0861,CL9167,福寿嘉年99期,"20,000.00","20,000.00","20,000.39", ,,,34290179000078,,寿险团险,安徽,池州,城区团拓部,养老险公司,总部,寿险团险,安徽,池州,城区团拓部,网上交易,国寿养老险,2018-06-08,寿险团险,安徽,池州,城区团拓部
CL1007112092,方健飞,身份证,341004********0029,CL9167,福寿嘉年99期,"20,000.00","20,000.00","20,000.39", ,,,34100479000003,,寿险团险,安徽,黄山,徽州区支公司,,,寿险团险,安徽,黄山,徽州区支公司,微信,国寿养老险,2018-06-08,寿险团险,安徽,黄山,徽州区支公司
CL1068071501,段光辉,身份证,342522********5416,CL9167,福寿嘉年99期,"20,000.00","20,000.00","20,000.39", ,,,34210379000025,,寿险团险,安徽,,,养老险公司,总部,寿险团险,安徽,,,网上交易,国寿养老险,2018-06-08,寿险团险,安徽,,
CL1046415916,陈方兵,身份证,340403********2417,CL9167,福寿嘉年99期,"10,000.00","10,000.00","10,000.19", ,,,34041079000001,,寿险团险,安徽,淮南,潘集支公司,养老险公司,总部,寿险团险,安徽,淮南,潘集支公司,网上交易,国寿养老险,2018-06-08,寿险团险,安徽,淮南,潘集支公司
CL1004259007,曹小玉,身份证,342530********0048,CL9167,福寿嘉年99期,"20,000.00","20,000.00","20,000.39", ,,,34253079006001,,寿险团险,安徽,宣城,旌德支公司,养老险公司,总部,寿险团险,安徽,宣城,旌德支公司,网上交易,国寿养老险,2018-06-08,寿险团险,安徽,宣城,旌德支公司
CL1004259007,曹小玉,身份证,342530********0048,CL9167,福寿嘉年99期,"20,000.00","20,000.00","20,000.39", ,,,34253079006001,,寿险团险,安徽,宣城,旌德支公司,养老险公司,总部,寿险团险,安徽,宣城,旌德支公司,网上交易,国寿养老险,2018-06-08,寿险团险,安徽,宣城,旌德支公司
CL1004259007,曹小玉,身份证,342530********0048,CL9167,福寿嘉年99期,"20,000.00",0.00,0.00, ,,,34253079006001,,寿险团险,安徽,宣城,旌德支公司,养老险公司,总部,寿险团险,安徽,宣城,旌德支公司,网上交易,国寿养老险,2018-06-08,寿险团险,安徽,宣城,旌德支公司
CL1004259007,曹小玉,身份证,342530********0048,CL9167,福寿嘉年99期,"20,000.00","20,000.00","20,000.39", ,,,34253079006001,,寿险团险,安徽,宣城,旌德支公司,养老险公司,总部,寿险团险,安徽,宣城,旌德支公司,网上交易,国寿养老险,2018-06-08,寿险团险,安徽,宣城,旌德支公司
CL1004259007,曹小玉,身份证,342530********0048,CL9167,福寿嘉年99期,"20,000.00","20,000.00","20,000.39", ,,,34253079006001,,寿险团险,安徽,宣城,旌德支公司,养老险公司,总部,寿险团险,安徽,宣城,旌德支公司,网上交易,国寿养老险,2018-06-08,寿险团险,安徽,宣城,旌德支公司
CL1009270080,郭传芳,身份证,340322********0042,CL9167,福寿嘉年99期,"20,000.00","20,000.00","20,000.39", ,,,34032279000021,,寿险团险,安徽,蚌埠,五河县支公司,养老险公司,总部,寿险团险,安徽,蚌埠,五河县支公司,网上交易,国寿养老险,2018-06-08,寿险团险,安徽,蚌埠,五河县支公司
CL1009270080,郭传芳,身份证,340322********0042,CL9167,福寿嘉年99期,"20,000.00","20,000.00","20,000.39", ,,,34032279000021,,寿险团险,安徽,蚌埠,五河县支公司,养老险公司,总部,寿险团险,安徽,蚌埠,五河县支公司,网上交易,国寿养老险,2018-06-08,寿险团险,安徽,蚌埠,五河县支公司
CL1009270080,郭传芳,身份证,340322********0042,CL9167,福寿嘉年99期,"20,000.00","20,000.00","20,000.39", ,,,34032279000021,,寿险团险,安徽,蚌埠,五河县支公司,养老险公司,总部,寿险团险,安徽,蚌埠,五河县支公司,网上交易,国寿养老险,2018-06-08,寿险团险,安徽,蚌埠,五河县支公司
CL1009270080,郭传芳,身份证,340322********0042,CL9167,福寿嘉年99期,"20,000.00",0.00,0.00, ,,,34032279000021,,寿险团险,安徽,蚌埠,五河县支公司,养老险公司,总部,寿险团险,安徽,蚌埠,五河县支公司,网上交易,国寿养老险,2018-06-08,寿险团险,安徽,蚌埠,五河县支公司
CL1009270080,郭传芳,身份证,340322********0042,CL9167,福寿嘉年99期,"20,000.00","20,000.00","20,000.39", ,,,34032279000021,,寿险团险,安徽,蚌埠,五河县支公司,养老险公司,总部,寿险团险,安徽,蚌埠,五河县支公司,网上交易,国寿养老险,2018-06-08,寿险团险,安徽,蚌埠,五河县支公司
CL1009270080,郭传芳,身份证,340322********0042,CL9167,福寿嘉年99期,"20,000.00","20,000.00","20,000.39", ,,,34032279000021,,寿险团险,安徽,蚌埠,五河县支公司,养老险公司,总部,寿险团险,安徽,蚌埠,五河县支公司,网上交易,国寿养老险,2018-06-08,寿险团险,安徽,蚌埠,五河县支公司
CL1009270080,郭传芳,身份证,340322********0042,CL9167,福寿嘉年99期,"50,000.00","50,000.00","50,000.97", ,,,34032279000021,,寿险团险,安徽,蚌埠,五河县支公司,养老险公司,总部,寿险团险,安徽,蚌埠,五河县支公司,网上交易,国寿养老险,2018-06-08,寿险团险,安徽,蚌埠,五河县支公司
CL1009270080,郭传芳,身份证,340322********0042,CL9167,福寿嘉年99期,"20,000.00","20,000.00","20,000.39", ,,,34032279000021,,寿险团险,安徽,蚌埠,五河县支公司,养老险公司,总部,寿险团险,安徽,蚌埠,五河县支公司,网上交易,国寿养老险,2018-06-08,寿险团险,安徽,蚌埠,五河县支公司
CL1009270080,郭传芳,身份证,340322********0042,CL9167,福寿嘉年99期,"20,000.00","20,000.00","20,000.39", ,,,34032279000021,,寿险团险,安徽,蚌埠,五河县支公司,养老险公司,总部,寿险团险,安徽,蚌埠,五河县支公司,网上交易,国寿养老险,2018-06-08,寿险团险,安徽,蚌埠,五河县支公司
CL1000692255,茅晓鸥,身份证,340104********1541,CL9167,福寿嘉年99期,"50,000.00",0.00,0.00, ,,,34110179000051,,寿险团险,安徽,滁州,团拓,,,寿险团险,安徽,滁州,团拓,微信,国寿养老险,2018-06-08,寿险团险,安徽,滁州,团拓
CL1015530835,左永然,身份证,340323********6913,CL9167,福寿嘉年99期,"10,000.00","10,000.00","10,000.19", ,,,34032379000004,,寿险团险,安徽,蚌埠,固镇县支公司,,,寿险团险,安徽,蚌埠,固镇县支公司,微信,国寿养老险,2018-06-08,寿险团险,安徽,蚌埠,固镇县支公司
CL1000720536,高文娇,身份证,342625********0024,CL9167,福寿嘉年99期,"35,000.00","35,000.00","35,000.68", ,,,34050579000014,,寿险团险,安徽,马鞍山市,含山县团险部,养老险公司,总部,寿险团险,安徽,马鞍山市,含山县团险部,网上交易,国寿养老险,2018-06-08,寿险团险,安徽,马鞍山市,含山县团险部
CL1001354578,刘有香,身份证,340224********1223,CL9167,福寿嘉年99期,"50,000.00","50,000.00","50,000.97", ,,,34292313401493,,寿险团险,安徽,池州,青阳支公司,养老险公司,总部,寿险团险,安徽,池州,青阳支公司,网上交易,国寿养老险,2018-06-08,寿险团险,安徽,池州,青阳支公司
CL1001354578,刘有香,身份证,340224********1223,CL9167,福寿嘉年99期,"50,000.00","50,000.00","50,000.97", ,,,34292313401493,,寿险团险,安徽,池州,青阳支公司,养老险公司,总部,寿险团险,安徽,池州,青阳支公司,网上交易,国寿养老险,2018-06-08,寿险团险,安徽,池州,青阳支公司
CL1008598972,王小玲,身份证,340504********1025,CL9167,福寿嘉年99期,"50,000.00","50,000.00","50,000.97", ,,,34050279000007,,寿险团险,安徽,马鞍山市,马鞍山市团拓部,养老险公司,总部,寿险团险,安徽,马鞍山市,马鞍山市团拓部,网上交易,国寿养老险,2018-06-08,寿险团险,安徽,马鞍山市,马鞍山市团拓部
CL1008598972,王小玲,身份证,340504********1025,CL9167,福寿嘉年99期,"50,000.00",0.00,0.00, ,,,34050279000007,,寿险团险,安徽,马鞍山市,马鞍山市团拓部,养老险公司,总部,寿险团险,安徽,马鞍山市,马鞍山市团拓部,网上交易,国寿养老险,2018-06-08,寿险团险,安徽,马鞍山市,马鞍山市团拓部
CL1110785072,徐开梅,身份证,341181********0041,CL9167,福寿嘉年99期,"30,000.00","30,000.00","30,000.58", ,,,34118179000059,,寿险团险,安徽,滁州,天长,养老险公司,总部,寿险团险,安徽,滁州,天长,网上交易,国寿养老险,2018-06-08,寿险团险,安徽,滁州,天长
CL1133461822,欧林明,身份证,342222********0051,CL9167,福寿嘉年99期,"20,000.00","20,000.00","20,000.39", ,,,34222279000006,,寿险团险,安徽,宿州,萧县支公司,养老险公司,总部,寿险团险,安徽,宿州,萧县支公司,网上交易,国寿养老险,2018-06-08,寿险团险,安徽,宿州,萧县支公司
CL1133461822,欧林明,身份证,342222********0051,CL9167,福寿嘉年99期,"20,000.00","20,000.00","20,000.39", ,,,34222279000006,,寿险团险,安徽,宿州,萧县支公司,养老险公司,总部,寿险团险,安徽,宿州,萧县支公司,网上交易,国寿养老险,2018-06-08,寿险团险,安徽,宿州,萧县支公司
CL1133461822,欧林明,身份证,342222********0051,CL9167,福寿嘉年99期,"20,000.00","20,000.00","20,000.39", ,,,34222279000006,,寿险团险,安徽,宿州,萧县支公司,养老险公司,总部,寿险团险,安徽,宿州,萧县支公司,网上交易,国寿养老险,2018-06-08,寿险团险,安徽,宿州,萧县支公司
CL1133461822,欧林明,身份证,342222********0051,CL9167,福寿嘉年99期,"20,000.00",0.00,0.00, ,,,34222279000006,,寿险团险,安徽,宿州,萧县支公司,养老险公司,总部,寿险团险,安徽,宿州,萧县支公司,网上交易,国寿养老险,2018-06-08,寿险团险,安徽,宿州,萧县支公司
CL1133461822,欧林明,身份证,342222********0051,CL9167,福寿嘉年99期,"20,000.00","20,000.00","20,000.39", ,,,34222279000006,,寿险团险,安徽,宿州,萧县支公司,养老险公司,总部,寿险团险,安徽,宿州,萧县支公司,网上交易,国寿养老险,2018-06-08,寿险团险,安徽,宿州,萧县支公司
CL1108337297,陈旭,身份证,340604********2252,CL9167,福寿嘉年99期,"50,000.00","50,000.00","50,000.97", ,,,34060279000036,,寿险团险,安徽,淮北,团拓,养老险公司,总部,寿险团险,安徽,淮北,团拓,网上交易,国寿养老险,2018-06-08,寿险团险,安徽,淮北,团拓
CL1000964772,罗巧云,身份证,342529********0023,CL9167,福寿嘉年99期,"50,000.00","50,000.00","50,000.97", ,,,34252979000011,,寿险团险,安徽,宣城,泾县支公司,养老险公司,总部,寿险团险,安徽,宣城,泾县支公司,网上交易,国寿养老险,2018-06-08,寿险团险,安徽,宣城,泾县支公司
CL1013415891,崔玉香,身份证,340521********0524,CL9167,福寿嘉年99期,"50,000.00","50,000.00","50,000.97", ,,,34052179000028,,寿险团险,安徽,马鞍山市,当涂县团险部,养老险公司,总部,寿险团险,安徽,马鞍山市,当涂县团险部,网上交易,国寿养老险,2018-06-08,寿险团险,安徽,马鞍山市,当涂县团险部
CL1009462695,罗可先,身份证,342529********0019,CL9167,福寿嘉年99期,"40,000.00","40,000.00","40,000.78", ,,,34252979000011,,寿险团险,安徽,宣城,泾县支公司,养老险公司,总部,寿险团险,安徽,宣城,泾县支公司,网上交易,国寿养老险,2018-06-08,寿险团险,安徽,宣城,泾县支公司
CL1009462695,罗可先,身份证,342529********0019,CL9167,福寿嘉年99期,"50,000.00","50,000.00","50,000.97", ,,,34252979000011,,寿险团险,安徽,宣城,泾县支公司,养老险公司,总部,寿险团险,安徽,宣城,泾县支公司,网上交易,国寿养老险,2018-06-08,寿险团险,安徽,宣城,泾县支公司
CL1134608350,董凤霞,身份证,340502********0421,CL9167,福寿嘉年99期,"37,000.00","37,000.00","37,000.72", ,,,34050279000030,,寿险团险,安徽,马鞍山市,马鞍山市团拓部,养老险公司,总部,寿险团险,安徽,马鞍山市,马鞍山市团拓部,网上交易,国寿养老险,2018-06-08,寿险团险,安徽,马鞍山市,马鞍山市团拓部
CL1051895368,丰秋霞,身份证,342700********0021,CL9167,福寿嘉年99期,"20,000.00","20,000.00","20,000.39", ,,,34100479000003,,寿险团险,安徽,黄山,徽州区支公司,,,寿险团险,安徽,黄山,徽州区支公司,微信,国寿养老险,2018-06-08,寿险团险,安徽,黄山,徽州区支公司
CL1051895368,丰秋霞,身份证,342700********0021,CL9167,福寿嘉年99期,"20,000.00","20,000.00","20,000.39", ,,,34100479000003,,寿险团险,安徽,黄山,徽州区支公司,,,寿险团险,安徽,黄山,徽州区支公司,微信,国寿养老险,2018-06-08,寿险团险,安徽,黄山,徽州区支公司
CL1051895368,丰秋霞,身份证,342700********0021,CL9167,福寿嘉年99期,"20,000.00","20,000.00","20,000.39", ,,,34100479000003,,寿险团险,安徽,黄山,徽州区支公司,,,寿险团险,安徽,黄山,徽州区支公司,微信,国寿养老险,2018-06-08,寿险团险,安徽,黄山,徽州区支公司
CL1051895368,丰秋霞,身份证,342700********0021,CL9167,福寿嘉年99期,"20,000.00","20,000.00","20,000.39", ,,,34100479000003,,寿险团险,安徽,黄山,徽州区支公司,,,寿险团险,安徽,黄山,徽州区支公司,微信,国寿养老险,2018-06-08,寿险团险,安徽,黄山,徽州区支公司
CL1051895368,丰秋霞,身份证,342700********0021,CL9167,福寿嘉年99期,"20,000.00","20,000.00","20,000.39", ,,,34100479000003,,寿险团险,安徽,黄山,徽州区支公司,,,寿险团险,安徽,黄山,徽州区支公司,微信,国寿养老险,2018-06-08,寿险团险,安徽,黄山,徽州区支公司
CL1001072320,盛燕,身份证,340402********0022,CL9167,福寿嘉年99期,"20,000.00",0.00,0.00, ,,,34041079000001,,寿险团险,安徽,淮南,潘集支公司,养老险公司,总部,寿险团险,安徽,淮南,潘集支公司,网上交易,国寿养老险,2018-06-08,寿险团险,安徽,淮南,潘集支公司
CL1000021825,张彤,身份证,342401********0038,CL9167,福寿嘉年99期,"250,000.00","250,000.00","250,004.86", ,,,34240179000022,,寿险团险,安徽,六安,团拓,养老险公司,总部,寿险团险,安徽,六安,团拓,网上交易,国寿养老险,2018-06-08,寿险团险,安徽,六安,团拓
CL1127765495,陈翠华,身份证,340221********1841,CL9167,福寿嘉年99期,"10,000.00","10,000.00","10,000.19", ,,,34020379000032,,寿险团险,安徽,芜湖,芜湖县支公司,养老险公司,总部,寿险团险,安徽,芜湖,芜湖县支公司,网上交易,国寿养老险,2018-06-08,寿险团险,安徽,芜湖,芜湖县支公司
CL1008595131,李晓梅,身份证,340121********9129,CL9167,福寿嘉年99期,"30,000.00","30,000.00","30,000.58", ,,,34012179000038,,寿险团险,安徽,合肥,长丰支公司,养老险公司,总部,寿险团险,安徽,合肥,长丰支公司,网上交易,国寿养老险,2018-06-08,寿险团险,安徽,合肥,长丰支公司
CL1000984345,徐敏,身份证,340602********0060,CL9167,福寿嘉年99期,"50,000.00","50,000.00","50,000.97", ,,,34060279000089,,寿险团险,安徽,淮北,团拓,养老险公司,总部,寿险团险,安徽,淮北,团拓,网上交易,国寿养老险,2018-06-08,寿险团险,安徽,淮北,团拓
CL1134745252,李让荣,身份证,340222********0541,CL9167,福寿嘉年99期,"50,000.00","50,000.00","50,000.97", ,,,34020479000044,,寿险团险,安徽,芜湖,繁昌支公司,养老险公司,总部,寿险团险,安徽,芜湖,繁昌支公司,网上交易,国寿养老险,2018-06-08,寿险团险,安徽,芜湖,繁昌支公司
CL1014164019,张丽,身份证,340621********3626,CL9167,福寿嘉年99期,"20,000.00",0.00,0.00, ,,,34062179000030,,寿险团险,安徽,淮北,濉溪县公司,养老险公司,总部,寿险团险,安徽,淮北,濉溪县公司,网上交易,国寿养老险,2018-06-08,寿险团险,安徽,淮北,濉溪县公司
CL1014164019,张丽,身份证,340621********3626,CL9167,福寿嘉年99期,"20,000.00","20,000.00","20,000.39", ,,,34062179000030,,寿险团险,安徽,淮北,濉溪县公司,养老险公司,总部,寿险团险,安徽,淮北,濉溪县公司,网上交易,国寿养老险,2018-06-08,寿险团险,安徽,淮北,濉溪县公司
CL1014164019,张丽,身份证,340621********3626,CL9167,福寿嘉年99期,"20,000.00","20,000.00","20,000.39", ,,,34062179000030,,寿险团险,安徽,淮北,濉溪县公司,养老险公司,总部,寿险团险,安徽,淮北,濉溪县公司,网上交易,国寿养老险,2018-06-08,寿险团险,安徽,淮北,濉溪县公司
CL1005490642,夏黎明,身份证,342623********0035,CL9167,福寿嘉年99期,"50,000.00","50,000.00","50,000.97", ,,,34021379000028,,寿险团险,安徽,芜湖,无为县支公司,养老险公司,总部,寿险团险,安徽,芜湖,无为县支公司,网上交易,国寿养老险,2018-06-08,寿险团险,安徽,芜湖,无为县支公司
CL1005490642,夏黎明,身份证,342623********0035,CL9167,福寿嘉年99期,"50,000.00","50,000.00","50,000.97", ,,,34021379000028,,寿险团险,安徽,芜湖,无为县支公司,养老险公司,总部,寿险团险,安徽,芜湖,无为县支公司,网上交易,国寿养老险,2018-06-08,寿险团险,安徽,芜湖,无为县支公司
CL1003857672,成应峰,身份证,340221********2852,CL9167,福寿嘉年99期,"40,000.00","40,000.00","40,000.78", ,,,34020379000023,,寿险团险,安徽,芜湖,芜湖县支公司,养老险公司,总部,寿险团险,安徽,芜湖,芜湖县支公司,网上交易,国寿养老险,2018-06-08,寿险团险,安徽,芜湖,芜湖县支公司
CL1130767163,李点,身份证,340602********1685,CL9167,福寿嘉年99期,"50,000.00","50,000.00","50,000.97", ,,,34060279000056,,寿险团险,安徽,淮北,团拓,养老险公司,总部,寿险团险,安徽,淮北,团拓,网上交易,国寿养老险,2018-06-08,寿险团险,安徽,淮北,团拓
CL1134744375,钱素素,身份证,340322********1225,CL9167,福寿嘉年99期,"20,000.00","20,000.00","20,000.39", ,,,34032279000047,,寿险团险,安徽,蚌埠,五河县支公司,养老险公司,总部,寿险团险,安徽,蚌埠,五河县支公司,网上交易,国寿养老险,2018-06-08,寿险团险,安徽,蚌埠,五河县支公司
CL1001204826,王爱学,身份证,340104********2033,CL9167,福寿嘉年99期,"50,000.00",0.00,0.00, ,,,YL34000008,李娟娟,养老险公司,安徽,,,养老险公司,总部,养老险公司,安徽,,,网上交易,国寿养老险,2018-06-08,养老险公司,安徽,,
CL1001204826,王爱学,身份证,340104********2033,CL9167,福寿嘉年99期,"50,000.00","50,000.00","50,000.97", ,,,YL34000008,李娟娟,养老险公司,安徽,,,养老险公司,总部,养老险公司,安徽,,,网上交易,国寿养老险,2018-06-08,养老险公司,安徽,,
CL1010413539,李广定,身份证,340122********619X,CL9167,福寿嘉年99期,"20,000.00","20,000.00","20,000.39", ,,,34010579000037,,寿险团险,安徽,合肥,团险支公司,养老险公司,总部,寿险团险,安徽,合肥,团险支公司,网上交易,国寿养老险,2018-06-08,寿险团险,安徽,合肥,团险支公司
CL1000025910,程松友,身份证,342723********097X,CL9167,福寿嘉年99期,"40,000.00","40,000.00","40,000.78", ,,,34100279000014,,寿险团险,安徽,黄山,黄山市团拓部,养老险公司,总部,寿险团险,安徽,黄山,黄山市团拓部,网上交易,国寿养老险,2018-06-08,寿险团险,安徽,黄山,黄山市团拓部
CL1043178090,嵇成伟,身份证,320831********1418,CL9167,福寿嘉年99期,"50,000.00","50,000.00","50,000.97", ,,,34118179000059,,寿险团险,安徽,滁州,天长,养老险公司,总部,寿险团险,安徽,滁州,天长,网上交易,国寿养老险,2018-06-08,寿险团险,安徽,滁州,天长
CL1043178090,嵇成伟,身份证,320831********1418,CL9167,福寿嘉年99期,"50,000.00","50,000.00","50,000.97", ,,,34118179000059,,寿险团险,安徽,滁州,天长,养老险公司,总部,寿险团险,安徽,滁州,天长,网上交易,国寿养老险,2018-06-08,寿险团险,安徽,滁州,天长
CL1043178090,嵇成伟,身份证,320831********1418,CL9167,福寿嘉年99期,"50,000.00","50,000.00","50,000.97", ,,,34118179000059,,寿险团险,安徽,滁州,天长,养老险公司,总部,寿险团险,安徽,滁州,天长,网上交易,国寿养老险,2018-06-08,寿险团险,安徽,滁州,天长
CL1134744220,杨吉美,身份证,340121********0403,CL9167,福寿嘉年99期,"30,000.00","30,000.00","30,000.58", ,,,34012179000038,,寿险团险,安徽,合肥,长丰支公司,养老险公司,总部,寿险团险,安徽,合肥,长丰支公司,网上交易,国寿养老险,2018-06-08,寿险团险,安徽,合肥,长丰支公司
CL1000087749,黄遵羲,身份证,342426********1611,CL9167,福寿嘉年99期,"50,000.00","50,000.00","50,000.97", ,,,34242779000023,,寿险团险,安徽,六安,霍山,养老险公司,总部,寿险团险,安徽,六安,霍山,网上交易,国寿养老险,2018-06-08,寿险团险,安徽,六安,霍山
CL1068988161,杨昌秀,身份证,342625********0021,CL9167,福寿嘉年99期,"30,000.00","30,000.00","30,000.58", ,,,34050579000019,,寿险团险,安徽,马鞍山市,含山县团险部,养老险公司,总部,寿险团险,安徽,马鞍山市,含山县团险部,网上交易,国寿养老险,2018-06-08,寿险团险,安徽,马鞍山市,含山县团险部
CL1012331076,邵玉云,身份证,342224********202X,CL9167,福寿嘉年99期,"20,000.00","20,000.00","20,000.39", ,,,34222479002415,,寿险团险,安徽,宿州,灵璧县支公司,养老险公司,总部,寿险团险,安徽,宿州,灵璧县支公司,网上交易,国寿养老险,2018-06-08,寿险团险,安徽,宿州,灵璧县支公司
CL1012331076,邵玉云,身份证,342224********202X,CL9167,福寿嘉年99期,"20,000.00",0.00,0.00, ,,,34222479002415,,寿险团险,安徽,宿州,灵璧县支公司,养老险公司,总部,寿险团险,安徽,宿州,灵璧县支公司,网上交易,国寿养老险,2018-06-08,寿险团险,安徽,宿州,灵璧县支公司
CL1004260159,时斌,身份证,340322********0037,CL9167,福寿嘉年99期,"20,000.00","20,000.00","20,000.39", ,,,34032279000021,,寿险团险,安徽,蚌埠,五河县支公司,,,寿险团险,安徽,蚌埠,五河县支公司,微信,国寿养老险,2018-06-08,寿险团险,安徽,蚌埠,五河县支公司
CL1014080190,王卫,身份证,342401********0012,CL9167,福寿嘉年99期,"50,000.00","50,000.00","50,000.97", ,,,34240179000022,,寿险团险,安徽,六安,团拓,养老险公司,总部,寿险团险,安徽,六安,团拓,网上交易,国寿养老险,2018-06-08,寿险团险,安徽,六安,团拓
CL1008459938,常青,身份证,342422********0183,CL9167,福寿嘉年99期,"50,000.00","50,000.00","50,000.97", ,,,34040479000030,,寿险团险,安徽,淮南,谢家集支公司,养老险公司,总部,寿险团险,安徽,淮南,谢家集支公司,网上交易,国寿养老险,2018-06-08,寿险团险,安徽,淮南,谢家集支公司
CL1008459938,常青,身份证,342422********0183,CL9167,福寿嘉年99期,"50,000.00","50,000.00","50,000.97", ,,,34040479000030,,寿险团险,安徽,淮南,谢家集支公司,养老险公司,总部,寿险团险,安徽,淮南,谢家集支公司,网上交易,国寿养老险,2018-06-08,寿险团险,安徽,淮南,谢家集支公司
CL1118520795,陈新,身份证,340602********0426,CL9167,福寿嘉年99期,"10,000.00","10,000.00","10,000.19", ,,,34060279000036,,寿险团险,安徽,淮北,团拓,养老险公司,总部,寿险团险,安徽,淮北,团拓,网上交易,国寿养老险,2018-06-08,寿险团险,安徽,淮北,团拓
CL1118520795,陈新,身份证,340602********0426,CL9167,福寿嘉年99期,"40,000.00","40,000.00","40,000.78", ,,,34060279000036,,寿险团险,安徽,淮北,团拓,养老险公司,总部,寿险团险,安徽,淮北,团拓,网上交易,国寿养老险,2018-06-08,寿险团险,安徽,淮北,团拓
CL1118520795,陈新,身份证,340602********0426,CL9167,福寿嘉年99期,"20,000.00","20,000.00","20,000.39", ,,,34060279000036,,寿险团险,安徽,淮北,团拓,养老险公司,总部,寿险团险,安徽,淮北,团拓,网上交易,国寿养老险,2018-06-08,寿险团险,安徽,淮北,团拓
CL1003098077,桂祥梅,身份证,340702********0024,CL9167,福寿嘉年99期,"10,000.00",0.00,0.00, ,,,34070379001002,,寿险团险,安徽,铜陵,团拓部（城区）,养老险公司,总部,寿险团险,安徽,铜陵,团拓部（城区）,网上交易,国寿养老险,2018-06-08,寿险团险,安徽,铜陵,团拓部（城区）
CL1003098077,桂祥梅,身份证,340702********0024,CL9167,福寿嘉年99期,"30,000.00","30,000.00","30,000.58", ,,,34070379001003,,寿险团险,安徽,铜陵,团拓部（城区）,养老险公司,总部,寿险团险,安徽,铜陵,团拓部（城区）,网上交易,国寿养老险,2018-06-08,寿险团险,安徽,铜陵,团拓部（城区）
CL1003101746,樊立田,身份证,340322********3429,CL9167,福寿嘉年99期,"50,000.00","50,000.00","50,000.97", ,,,34032279000021,,寿险团险,安徽,蚌埠,五河县支公司,养老险公司,总部,寿险团险,安徽,蚌埠,五河县支公司,网上交易,国寿养老险,2018-06-08,寿险团险,安徽,蚌埠,五河县支公司
CL1009462773,陈源,身份证,342401********1034,CL9167,福寿嘉年99期,"50,000.00","50,000.00","50,000.97", ,,,34240179000022,,寿险团险,安徽,六安,团拓,养老险公司,总部,寿险团险,安徽,六安,团拓,网上交易,国寿养老险,2018-06-08,寿险团险,安徽,六安,团拓
CL1052388413,张先翠,身份证,342623********0940,CL9167,福寿嘉年99期,"50,000.00","50,000.00","50,000.97", ,,,34020179000036,,寿险团险,安徽,芜湖,团拓,养老险公司,总部,寿险团险,安徽,芜湖,团拓,网上交易,国寿养老险,2018-06-08,寿险团险,安徽,芜湖,团拓
CL1098475800,张俊伟,身份证,342224********152X,CL9167,福寿嘉年99期,"40,000.00","40,000.00","40,000.78", ,,,34032379000027,,寿险团险,安徽,蚌埠,固镇县支公司,,,寿险团险,安徽,蚌埠,固镇县支公司,微信,国寿养老险,2018-06-08,寿险团险,安徽,蚌埠,固镇县支公司
CL1134746862,刘桃梅,身份证,340821********2740,CL9167,福寿嘉年99期,"50,000.00","50,000.00","50,000.97", ,,,34052179000028,,寿险团险,安徽,马鞍山市,当涂县团险部,养老险公司,总部,寿险团险,安徽,马鞍山市,当涂县团险部,网上交易,国寿养老险,2018-06-08,寿险团险,安徽,马鞍山市,当涂县团险部
CL1134746862,刘桃梅,身份证,340821********2740,CL9167,福寿嘉年99期,"50,000.00","50,000.00","50,000.97", ,,,34052179000028,,寿险团险,安徽,马鞍山市,当涂县团险部,养老险公司,总部,寿险团险,安徽,马鞍山市,当涂县团险部,网上交易,国寿养老险,2018-06-08,寿险团险,安徽,马鞍山市,当涂县团险部
CL1134746862,刘桃梅,身份证,340821********2740,CL9167,福寿嘉年99期,"50,000.00","50,000.00","50,000.97", ,,,34052179000028,,寿险团险,安徽,马鞍山市,当涂县团险部,养老险公司,总部,寿险团险,安徽,马鞍山市,当涂县团险部,网上交易,国寿养老险,2018-06-08,寿险团险,安徽,马鞍山市,当涂县团险部
CL1134746862,刘桃梅,身份证,340821********2740,CL9167,福寿嘉年99期,"50,000.00",0.00,0.00, ,,,34052179000028,,寿险团险,安徽,马鞍山市,当涂县团险部,养老险公司,总部,寿险团险,安徽,马鞍山市,当涂县团险部,网上交易,国寿养老险,2018-06-08,寿险团险,安徽,马鞍山市,当涂县团险部
CL1134746862,刘桃梅,身份证,340821********2740,CL9167,福寿嘉年99期,"50,000.00","50,000.00","50,000.97", ,,,34052179000028,,寿险团险,安徽,马鞍山市,当涂县团险部,养老险公司,总部,寿险团险,安徽,马鞍山市,当涂县团险部,网上交易,国寿养老险,2018-06-08,寿险团险,安徽,马鞍山市,当涂县团险部
CL1133298858,夏启云,身份证,342423********0861,CL9167,福寿嘉年99期,"20,000.00","20,000.00","20,000.39", ,,,34290179000078,,寿险团险,安徽,池州,城区团拓部,养老险公司,总部,寿险团险,安徽,池州,城区团拓部,网上交易,国寿养老险,2018-06-08,寿险团险,安徽,池州,城区团拓部
CL1133298858,夏启云,身份证,342423********0861,CL9167,福寿嘉年99期,"20,000.00","20,000.00","20,000.39", ,,,34290179000078,,寿险团险,安徽,池州,城区团拓部,养老险公司,总部,寿险团险,安徽,池州,城区团拓部,网上交易,国寿养老险,2018-06-08,寿险团险,安徽,池州,城区团拓部
CL1133298858,夏启云,身份证,342423********0861,CL9167,福寿嘉年99期,"20,000.00","20,000.00","20,000.39", ,,,34290179000078,,寿险团险,安徽,池州,城区团拓部,养老险公司,总部,寿险团险,安徽,池州,城区团拓部,网上交易,国寿养老险,2018-06-08,寿险团险,安徽,池州,城区团拓部
CL1133298858,夏启云,身份证,342423********0861,CL9167,福寿嘉年99期,"20,000.00",0.00,0.00, ,,,34290179000078,,寿险团险,安徽,池州,城区团拓部,养老险公司,总部,寿险团险,安徽,池州,城区团拓部,网上交易,国寿养老险,2018-06-08,寿险团险,安徽,池州,城区团拓部
CL1000940369,李冬云,身份证,340403********1228,CL9167,福寿嘉年99期,"10,000.00","10,000.00","10,000.19", ,,,34041079000001,,寿险团险,安徽,淮南,潘集支公司,养老险公司,总部,寿险团险,安徽,淮南,潘集支公司,网上交易,国寿养老险,2018-06-08,寿险团险,安徽,淮南,潘集支公司
CL1011256718,刘红桃,身份证,340222********6920,CL9167,福寿嘉年99期,"50,000.00","50,000.00","50,000.97", ,,,34020479000044,,寿险团险,安徽,芜湖,繁昌支公司,养老险公司,总部,寿险团险,安徽,芜湖,繁昌支公司,网上交易,国寿养老险,2018-06-08,寿险团险,安徽,芜湖,繁昌支公司
CL1130766220,肖连,身份证,340504********0226,CL9167,福寿嘉年99期,"50,000.00","50,000.00","50,000.97", ,,,34050279000030,,寿险团险,安徽,马鞍山市,马鞍山市团拓部,养老险公司,总部,寿险团险,安徽,马鞍山市,马鞍山市团拓部,网上交易,国寿养老险,2018-06-08,寿险团险,安徽,马鞍山市,马鞍山市团拓部
CL1130766220,肖连,身份证,340504********0226,CL9167,福寿嘉年99期,"50,000.00","50,000.00","50,000.97", ,,,34050279000030,,寿险团险,安徽,马鞍山市,马鞍山市团拓部,养老险公司,总部,寿险团险,安徽,马鞍山市,马鞍山市团拓部,网上交易,国寿养老险,2018-06-08,寿险团险,安徽,马鞍山市,马鞍山市团拓部
CL1130766220,肖连,身份证,340504********0226,CL9167,福寿嘉年99期,"20,000.00","20,000.00","20,000.39", ,,,34050279000030,,寿险团险,安徽,马鞍山市,马鞍山市团拓部,养老险公司,总部,寿险团险,安徽,马鞍山市,马鞍山市团拓部,网上交易,国寿养老险,2018-06-08,寿险团险,安徽,马鞍山市,马鞍山市团拓部
CL1130766220,肖连,身份证,340504********0226,CL9167,福寿嘉年99期,"50,000.00","50,000.00","50,000.97", ,,,34050279000030,,寿险团险,安徽,马鞍山市,马鞍山市团拓部,养老险公司,总部,寿险团险,安徽,马鞍山市,马鞍山市团拓部,网上交易,国寿养老险,2018-06-08,寿险团险,安徽,马鞍山市,马鞍山市团拓部
CL1134744153,高治礼,身份证,342127********3115,CL9167,福寿嘉年99期,"50,000.00","50,000.00","50,000.97", ,,,34212779000011,,寿险团险,安徽,阜阳,阜南支公司,养老险公司,总部,寿险团险,安徽,阜阳,阜南支公司,网上交易,国寿养老险,2018-06-08,寿险团险,安徽,阜阳,阜南支公司
CL1011252745,孟淑英,身份证,340603********0466,CL9167,福寿嘉年99期,"50,000.00","50,000.00","50,000.97", ,,,34060279000056,,寿险团险,安徽,淮北,团拓,养老险公司,总部,寿险团险,安徽,淮北,团拓,网上交易,国寿养老险,2018-06-08,寿险团险,安徽,淮北,团拓
CL1000724465,麻安柱,身份证,340204********1536,CL9167,福寿嘉年99期,"30,000.00",0.00,0.00, ,,,34020179000036,,寿险团险,安徽,芜湖,团拓,养老险公司,总部,寿险团险,安徽,芜湖,团拓,网上交易,国寿养老险,2018-06-08,寿险团险,安徽,芜湖,团拓
CL1000724465,麻安柱,身份证,340204********1536,CL9167,福寿嘉年99期,"50,000.00","50,000.00","50,000.97", ,,,34020179000036,,寿险团险,安徽,芜湖,团拓,养老险公司,总部,寿险团险,安徽,芜湖,团拓,网上交易,国寿养老险,2018-06-08,寿险团险,安徽,芜湖,团拓
CL1078684758,熊道成,身份证,340824********2019,CL9167,福寿嘉年99期,"10,000.00","10,000.00","10,000.19", ,,,34082479000001,,寿险团险,安徽,安庆,潜山,养老险公司,总部,寿险团险,安徽,安庆,潜山,网上交易,国寿养老险,2018-06-08,寿险团险,安徽,安庆,潜山
CL1078684758,熊道成,身份证,340824********2019,CL9167,福寿嘉年99期,"20,000.00","20,000.00","20,000.39", ,,,34082479000001,,寿险团险,安徽,安庆,潜山,养老险公司,总部,寿险团险,安徽,安庆,潜山,网上交易,国寿养老险,2018-06-08,寿险团险,安徽,安庆,潜山
CL1078684758,熊道成,身份证,340824********2019,CL9167,福寿嘉年99期,"20,000.00","20,000.00","20,000.39", ,,,34082479000001,,寿险团险,安徽,安庆,潜山,养老险公司,总部,寿险团险,安徽,安庆,潜山,网上交易,国寿养老险,2018-06-08,寿险团险,安徽,安庆,潜山

