﻿FUND_ACCT,CUST_NAME,CERT_TYPE,CERT_NO,FUND_CODE,FUND_NAME,APP_MONEY,ACK_MONEY,ACK_SHARE,INVITECODE,COMPANY_INVITE,BRANCH_INVITE_NEW,REFERID,CUSTNAME_REFER,COMPANY_REFER,BRANCH_REFER_NEW,CT_REFER,CR_REFER,COMPANY_ORG,ORGNAME,SALE_COMPANY_NAME_DTL,SALE_BRANCH_NAME,SALE_CT_NAME,SALE_CR_NAME,ACCEPT_METHOD,APP_SOURCE_NAME,AGENCY_NAME,ACK_DATE,SALE_COMPANY_NAME_FEE,SALE_BRANCH_NAME_FEE1,SALE_CT_NAME_FEE,SALE_CR_NAME_FEE
CL1013297099,毕永梅,身份证,340503********0323,CL9114,互联网专享26期,"50,000.00","50,000.00","50,000.49",,,,,,,,,,,, ,安徽,,, ,-,徽商银行,2017-05-10,,安徽,,
CL1007277136,陈宜旺,身份证,342827********0011,CL9114,互联网专享26期,"30,000.00","30,000.00","30,000.29",,,,,,,,,,,, ,安徽,,, ,-,徽商银行,2017-05-10,,安徽,,
CL1006387880,赵云,身份证,340502********0024,CL9114,互联网专享26期,"50,000.00","50,000.00","50,000.49",,,,,,,,,,,, ,安徽,,, ,-,徽商银行,2017-05-10,,安徽,,
CL1007273574,汪月琴,身份证,340104********2560,CL9114,互联网专享26期,"20,000.00","20,000.00","20,000.19",,,,,,,,,,,, ,安徽,,, ,-,徽商银行,2017-05-10,,安徽,,
CL1007630340,郭健,身份证,342426********0028,CL9114,互联网专享26期,"100,000.00","100,000.00","100,000.97",,,,,,,,,,,, ,安徽,,, ,-,徽商银行,2017-05-10,,安徽,,
CL1013297100,金竹,身份证,342901********2618,CL9114,互联网专享26期,"10,000.00","10,000.00","10,000.10",,,,,,,,,,,, ,安徽,,, ,-,徽商银行,2017-05-10,,安徽,,
CL1007273418,闻瑞,身份证,340823********4023,CL9114,互联网专享26期,"150,000.00","150,000.00","150,001.46",,,,,,,,,,,, ,安徽,,, ,-,徽商银行,2017-05-10,,安徽,,
CL1007274940,汪志娟,身份证,342601********0641,CL9114,互联网专享26期,"10,000.00","10,000.00","10,000.10",,,,,,,,,,,, ,安徽,,, ,-,徽商银行,2017-05-10,,安徽,,
CL1009677392,唐玲玲,身份证,342823********4920,CL9114,互联网专享26期,"80,000.00","80,000.00","80,000.78",,,,,,,,,,,, ,安徽,,, ,-,徽商银行,2017-05-10,,安徽,,

