﻿FUND_ACCT,CUST_NAME,CERT_TYPE,CERT_NO,FUND_CODE,FUND_NAME,APP_MONEY,ACK_MONEY,ACK_SHARE,INVITECODE,COMPANY_INVITE,BRANCH_INVITE_NEW,REFERID,CUSTNAME_REFER,COMPANY_REFER,BRANCH_REFER_NEW,CT_REFER,CR_REFER,COMPANY_ORG,ORGNAME,SALE_COMPANY_NAME_DTL,SALE_BRANCH_NAME,SALE_CT_NAME,SALE_CR_NAME,ACCEPT_METHOD,AGENCY_NAME,ACK_DATE,SALE_COMPANY_NAME_FEE,SALE_BRANCH_NAME_FEE1,SALE_CT_NAME_FEE,SALE_CR_NAME_FEE
CL1074971716,吴忠明,身份证,342425********0516,CL9158,互联网专享43期,"60,000.00","60,000.00","60,000.00",,,,,,,,,,,, ,安徽,,, ,徽商银行,2018-01-29,,安徽,,
CL1059291513,贾雯,身份证,342601********0620,CL9158,互联网专享43期,"10,000.00","10,000.00","10,000.00",,,,,,,,,,,, ,安徽,,, ,徽商银行,2018-01-29,,安徽,,
CL1009673730,金宁,身份证,342422********0208,CL9158,互联网专享43期,"20,000.00","20,000.00","20,000.00",,,,,,,,,,,, ,安徽,,, ,徽商银行,2018-01-29,,安徽,,
CL1074971661,吴耀雯,身份证,340303********0649,CL9158,互联网专享43期,"20,000.00","20,000.00","20,000.00",,,,,,,,,,,, ,安徽,,, ,徽商银行,2018-01-29,,安徽,,
CL1074971694,陈平霞,身份证,342921********2624,CL9158,互联网专享43期,"10,000.00","10,000.00","10,000.00",,,,,,,,,,,, ,安徽,,, ,徽商银行,2018-01-29,,安徽,,
CL1074971705,赵云芝,身份证,340402********0623,CL9158,互联网专享43期,"20,000.00","20,000.00","20,000.00",,,,,,,,,,,, ,安徽,,, ,徽商银行,2018-01-29,,安徽,,
CL1007628944,王留琴,身份证,342502********1523,CL9158,互联网专享43期,"30,000.00","30,000.00","30,000.00",,,,,,,,,,,, ,安徽,,, ,徽商银行,2018-01-29,,安徽,,
CL1074971683,贺文华,身份证,340802********0620,CL9158,互联网专享43期,"100,000.00","100,000.00","100,000.00",,,,,,,,,,,, ,安徽,,, ,徽商银行,2018-01-29,,安徽,,
CL1007273729,秦杰,身份证,340203********0226,CL9158,互联网专享43期,"10,000.00","10,000.00","10,000.00",,,,,,,,,,,, ,安徽,,, ,徽商银行,2018-01-29,,安徽,,
CL1007631005,张婷,身份证,341225********0049,CL9158,互联网专享43期,"20,000.00","20,000.00","20,000.00",,,,,,,,,,,, ,安徽,,, ,徽商银行,2018-01-29,,安徽,,
CL1074971672,吕萍,身份证,340603********0220,CL9158,互联网专享43期,"10,000.00","10,000.00","10,000.00",,,,,,,,,,,, ,安徽,,, ,徽商银行,2018-01-29,,安徽,,
CL1074971727,陈玉福,身份证,342126********231X,CL9158,互联网专享43期,"190,000.00","190,000.00","190,000.00",,,,,,,,,,,, ,安徽,,, ,徽商银行,2018-01-29,,安徽,,

